,0
това,3993
след,3470
като,3272
жена,2853
насилие,2699
във,2698
той,2491
още,2253
има,2179
които,2179
който,1919
години,1899
последвайте,1848
при,1809
жената,1806
беше,1755
която,1677
към,1643
което,1618
няма,1493
много,1459
мъж,1445
през,1411
може,1403
полицията,1380
пред,1379
бъде,1341
според,1276
домашно,1271
каза,1225
вече,1191
била,1166
майка,1129
преди,1103
часа,1101
най,1100
година,1076
със,1041
или,1019
жени,1019
случая,1019
срещу,998
детето,994
защото,967
само,953
годишната,952
тази,950
новини,945
когато,938
трябва,930
тук,924
facebook,907
над,903
нея,901
бил,896
прокуратурата,887
момиче,886
този,884
мъжът,879
него,877
всички,870
българия,868
под,867
съд,861
съм,856
btvnovinite,851
задържан,849
обаче,847
майката,844
повече,840
убийство,838
време,832
един,826
една,822
софия,820
помощ,793
дома,793
убийството,788
тях,784
прокуратура,780
около,776
ако,766
nova,760
без,759
където,755
две,737
ден,732
instagram,731
били,729
така,725
мвр,721
село,721
момичето,706
деца,692
днес,690
хора,680
момента,674
годишна,671
живота,670
какво,662
заяви,662
дъщеря,661
заради,658
годишен,649
както,641
няколко,622
как,620
смъртта,614
болница,613
тялото,610
дни,610
казва,604
жертвата,598
жените,597
сигнал,579
децата,571
между,571
семейството,564
обясни,547
все,543
дали,537
дете,533
било,531
нас,524
престъпление,524
съда,519
прокурор,518
данни,514
производство,513
бъдат,512
хората,509
баща,509
двамата,507
място,506
тези,504
там,502
съобщиха,493
защита,493
btv,488
домашното,486
също,482
три,481
думите,480
извършено,476
късно,465
информация,458
едно,457
човек,455
затвор,455
news,453
мен,452
разказа,451
бяха,450
начин,450
път,447
малко,446
последните,445
делото,441
новините,439
разказва,439
насилието,438
годишният,437
нещо,435
мярка,435
състояние,431
ареста,428
google,426
лева,422
страницата,421
всеки,421
съпругата,420
главата,418
става,417
случай,417
разследването,416
престъплението,416
побой,415
месеца,414
харесайте,412
жертва,410
всичко,410
пострадалата,407
двете,405
работи,401
коментира,400
вчера,399
георги,397
два,396
срок,395
тъй,388
пловдив,388
досъдебно,384
дори,378
тогава,377
viber,377
годишно,375
нож,371
докато,366
други,366
близките,365
част,363
задържане,361
имало,361
бнт,358
баба,356
повреда,355
ясно,355
продължава,355
пари,354
жертвите,353
бащата,353
живее,351
сега,351
обвинение,349
могат,347
въпреки,347
мъжа,346
телесна,346
сме,345
работа,345
видеото,344
съдът,342
свобода,342
болницата,341
опасност,336
стража,334
града,333
родителите,332
заедно,331
тежко,327
закона,326
showcase,321
нищо,319
нито,318
мария,316
училище,315
неотклонение,315
твърди,315
варна,314
живот,311
край,311
годишния,309
ние,308
страна,306
действия,305
обвиняемият,305
образувано,301
стара,301
пъти,299
бургас,299
отново,298
често,297
загора,295
сте,294
спрямо,290
къщата,290
защо,290
връзка,290
стана,289
предстои,284
гледайте,284
доказателства,283
tiktok,283
мъже,280
върху,280
квартал,278
социалните,278
началото,275
веднага,274
полиция,273
близки,272
миналата,271
света,270
добре,269
удари,269
започва,268
смърт,268
имат,267
деня,267
момичета,265
инцидента,265
сред,264
лицето,264
месец,263
момент,262
съпруга,261
затова,260
център,259
видео,254
първи,252
тормоз,250
сина,249
искане,249
жертви,249
съобщи,249
допълни,249
друго,248
души,247
случаи,246
множество,245
всяка,244
наказание,243
лица,243
никой,243
причината,242
лице,242
youtube,240
свидетели,240
опит,239
такива,239
близо,239
годишното,238
остава,238
нанесъл,238
телефон,237
иска,237
центъра,236
иван,236
експертиза,235
освен,235
условията,234
двама,233
друг,233
канала,232
мерки,231
мога,231
просто,230
случаите,229
говори,229
района,229
края,228
обвинен,228
колата,227
чуйте,227
посочи,226
актуални,226
никога,226
присъда,225
чрез,225
случилото,225
дирекция,225
перник,225
задържани,225
министър,224
екип,224
син,223
януари,223
умишлено,223
подкрепа,221
направи,220
служители,220
арест,218
кой,218
страната,217
следете,217
разследващите,217
изключително,217
проверка,217
лишаване,217
промени,216
управление,215
първо,215
надежда,215
селото,213
въпрос,213
следи,213
споделя,212
лечение,212
семейство,211
прави,210
лекарите,210
скандал,209
снимки,209
особено,209
алкохол,208
получи,208
заведение,208
март,207
подаден,207
когото,207
пирогов,206
областта,206
агресия,206
седмица,205
начала,204
работата,204
възрастната,203
семейни,203
град,201
сама,200
починала,200
момче,199
синът,199
възраст,199
жилището,198
спешна,197
открито,196
сигнали,196
толкова,196
състоянието,195
вероятно,195
вижте,194
група,194
мястото,193
различни,193
столичния,193
установено,193
сутрин,192
русе,192
решение,192
знам,192
районна,192
минути,192
цялата,192
проблем,191
сутринта,190
искам,190
димитър,189
окръжната,189
право,188
извършителят,188
лека,187
адвокат,187
къде,186
пътя,185
започна,185
сигналът,184
отговорност,184
точно,184
поиска,183
случаят,183
заповед,183
своя,182
оглед,182
случва,181
зад,179
мрежи,179
телефона,179
рано,179
криминално,178
рани,177
инцидентът,177
проблеми,177
причина,177
протест,176
някой,176
обвинения,176
снощи,175
автомобил,175
мъжете,175
час,174
себе,174
къща,174
знае,173
възрастна,173
директор,172
съпругът,172
темата,172
николай,171
целия,171
вечерта,171
разследване,171
трудно,170
вижда,170
деянието,170
вкъщи,169
станал,168
убита,168
почина,167
имаше,166
цел,166
лекар,166
съдебната,165
друга,165
училището,165
води,164
медицинска,164
работят,163
неща,163
велико,163
случи,163
стане,163
акт,162
винаги,162
казват,161
престъпления,161
пострадалите,160
остави,159
обвиняемия,159
парите,159
февруари,159
казаха,158
закрила,158
полицаи,158
полицаите,158
директорът,158
дело,158
резултат,158
постоянно,158
нападението,158
нощта,157
приятел,157
цялото,157
търново,157
бях,157
голяма,157
георгиев,157
документи,156
държавата,156
благоевград,156
сподели,155
сестра,155
доживотен,155
telegram,154
бързо,154
дом,154
решението,154
twitter,153
присъдата,153
оръжие,153
даде,153
извърши,152
открити,152
полицейски,152
станало,151
часове,151
септември,151
търси,151
очаква,151
съдебно,150
общо,150
направил,150
димитров,150
съседи,150
приятели,150
отношение,150
пак,150
фондация,148
грижи,148
отделение,148
именно,148
предвижда,147
момчето,147
български,147
институциите,146
после,146
едва,145
пострадали,145
времето,145
автомобила,145
органите,145
приятелката,145
страх,145
юли,145
община,144
заплахи,144
окръжна,144
приятелка,143
млада,143
трима,143
наранявания,143
такова,143
август,142
пише,142
издирване,142
затвора,142
сила,142
осъждан,141
областната,141
случило,141
обществото,141
врата,141
имала,141
окръжен,140
такъв,140
убитата,140
апартамента,140
съобщават,139
вечер,139
полицай,139
открита,138
обвиняем,138
имаме,138
пазарджик,138
уби,137
ноември,137
смята,137
обвинението,137
реда,137
някои,137
достатъчно,137
май,137
извършени,136
инцидент,135
искат,135
такава,135
жилище,135
борба,135
октомври,135
кажа,134
пък,134
хиляди,134
предаде,133
имам,133
младата,133
съвет,133
виновен,133
подобни,132
задържаха,132
колко,132
тяло,131
родители,131
нова,130
среща,130
извършител,130
враца,130
извършителя,130
настанена,130
кодекс,130
същия,129
извършителите,129
кола,129
същото,129
експертизи,128
почти,127
районен,127
възможно,127
места,127
какви,126
дава,126
четири,126
дойде,124
излезе,124
декември,124
живеят,124
намира,123
нови,123
мярката,123
адвокатът,123
остане,123
разговор,123
юни,122
приложение,122
пребита,122
физическо,122
наркотици,122
районната,122
бта,122
починалата,122
наказателна,121
повдигнато,121
новото,121
правата,121
домашен,121
имал,120
продължават,120
тежкото,120
софийската,120
вследствие,120
сдвр,120
операция,120
добави,119
първата,119
събота,119
превенция,119
твърдят,119
апартамент,119
пет,118
институции,118
законът,118
нейната,118
гледате,118
тежката,117
подчерта,117
търсят,116
думи,116
окръжният,116
продължи,116
наказателния,115
младеж,115
кметът,115
показва,114
шумен,114
ръка,114
нужда,114
името,114
скоро,114
тежка,113
ефира,113
средства,113
стая,113
нямат,112
организации,112
очите,112
доста,112
жалба,112
пребил,112
своята,112
нощ,112
дума,112
поне,111
действията,111
момичетата,111
годината,111
ревност,111
евро,111
нов,111
включително,111
побоя,111
постановление,111
оказва,111
видях,111
сливен,110
намерено,110
тежки,110
агресията,110
съседите,110
добро,110
заседание,110
незабавно,110
трябвало,110
данните,109
намерена,109
първите,109
установи,109
живеела,109
грабеж,109
блок,109
граждани,109
димитрова,108
средна,108
жесток,108
апелативен,108
жестоко,108
поради,108
продължение,108
трагедията,107
детска,107
ръце,107
психически,107
ловеч,106
нещата,106
сметка,106
април,106
убил,106
подала,106
сигнала,106
права,106
утре,105
екипи,105
привлечен,105
хода,105
разбира,105
психолог,105
мъртва,105
възможност,105
внимание,105
петък,104
комисар,104
самопризнания,104
петър,104
брат,104
намерете,104
улицата,104
неделя,104
земята,103
настояват,103
здравей,103
помогне,103
имали,103
историята,103
своите,103
петров,103
министерството,102
рамките,102
двора,102
ios,102
съпруг,102
гледа,102
другите,102
голям,102
неговата,102
android,102
показват,102
причиняване,101
научавате,101
изтеглете,101
apple,101
вратата,101
получава,101
репортер,100
история,100
градски,100
жестокост,100
многократно,100
ръководството,100
система,100
можем,99
закон,99
категорична,99
първоначално,99
пистолет,99
бабата,99
михайлов,99
задържана,99
каква,99
бившата,99
дъщерята,99
арестуван,99
нямаше,99
потърпевшата,98
чужбина,98
правят,98
борислав,98
христо,98
живеел,98
извършил,98
насилника,97
роднини,97
ръцете,97
шок,97
призна,97
софийска,97
разпитани,97
дебора,97
първия,96
обжалване,96
васил,96
реши,96
отношения,96
сградата,96
укрие,96
мъчителен,95
получен,95
постоянен,95
измама,95
подлежи,95
плевен,95
проблема,95
присъди,94
стига,94
началник,94
агенция,94
диана,94
етап,94
всъщност,94
показания,94
приета,94
изнасилване,94
остават,94
удар,94
единият,94
понеделник,94
улица,93
важно,93
вземе,93
поведение,93
против,93
каже,93
получила,93
седмици,93
пострадалото,93
кръв,93
групата,93
физически,92
общината,92
медицински,92
внесе,92
контрол,92
наистина,92
пресцентъра,92
заболяване,92
повод,92
причините,92
втори,92
нападателят,91
казал,91
задържаният,91
районното,91
идва,91
германия,91
преби,91
травма,91
наказанието,91
свързани,91
категорично,91
версия,90
едната,90
монтана,90
свидетел,90
причинил,90
сам,90
обяви,90
герб,89
медиите,89
досега,89
георгиева,89
мисля,89
жестокото,89
върне,89
справедливост,89
правосъдието,88
последно,88
нямам,88
социално,88
другата,88
събраните,87
последната,87
успяла,87
проявен,87
въпроси,87
бременна,87
петрова,87
промените,87
иванов,87
обяснява,87
шест,87
бившия,87
отиде,86
повечето,86
снимка,86
лекари,86
анимус,86
ударил,86
лично,86
районно,86
вината,85
засега,85
сума,85
сочат,85
липсата,85
първото,85
защитата,85
мартин,85
зам,85
впоследствие,85
близост,85
казах,85
извън,85
станала,85
зала,85
период,85
останалите,84
установили,84
отговори,84
следващия,84
състав,84
бивш,84
положение,84
целта,84
борисов,84
аутопсия,84
органи,84
следва,84
първият,84
уточни,84
наложи,84
трафик,84
софийския,83
област,83
иванова,83
дела,83
половина,83
бившият,83
осъден,83
заявиха,83
услуги,83
влезе,83
установени,83
юмруци,82
ситуация,82
екипът,82
предаването,82
центрове,82
самата,82
гергана,82
валентин,82
съжаление,82
видин,82
нанасяне,82
корема,81
крака,81
голямата,81
отива,81
травми,81
прояви,81
губи,81
палата,81
допълва,81
открит,81
стефан,81
подробности,81
столицата,80
стоянов,80
вместо,80
софийски,80
социални,80
момчета,80
извършеното,80
съдебна,80
разказват,80
добрич,80
министерство,80
някаква,80
свят,79
ани,79
междувременно,79
семеен,79
отговор,79
започнал,79
заповеди,79
убие,79
искането,79
особена,79
сексуално,78
александър,78
служител,78
убити,78
първа,78
оказа,78
нейните,78
някакъв,78
започнала,78
хасково,78
сериозни,78
разследва,78
даная,78
режим,78
възрастни,77
ивайло,77
магистратите,77
висока,77
сряда,77
причини,77
дават,77
криминални,77
представители,77
абсолютно,77
камерата,77
телесни,77
горна,77
клас,77
трябваше,77
повреди,77
ново,76
конвенция,76
живеели,76
макар,76
служителите,76
мрежа,76
рана,76
риск,76
увреждания,76
дълго,76
заподозрян,76
добри,76
носи,76
вземане,76
одмвр,76
признава,76
отказа,76
силно,76
сами,75
заместник,75
предполага,75
ученичка,75
пламен,75
елена,75
задържането,75
подпомагане,75
нападение,75
системно,75
взел,75
мбал,75
знаят,75
издирва,75
намери,75
дейност,75
лечението,75
вземат,75
аутопсията,75
чувства,75
брак,74
избяга,74
събраха,74
градина,74
линия,74
вътре,74
василев,74
кражби,74
комисия,74
нейното,73
вина,73
спешния,73
съдебен,73
процес,73
жалби,73
николова,73
всяко,73
промяна,73
българския,73
замяна,73
сигурност,73
научи,73
опитал,73
младежи,73
никакъв,73
министърът,73
обясниха,73
емил,73
постоянна,73
умбал,72
започват,72
никакви,72
добър,72
категоричен,72
сектор,72
ритъма,72
изпускайте,72
сумата,72
употреба,72
удря,72
проблемът,72
нейни,72
любов,71
свои,71
спомня,71
ямбол,71
линейка,71
партньор,71
започнали,71
асоциация,71
кога,71
конфликт,71
обстоятелства,71
съвсем,71
лични,71
кюстендил,71
контакт,71
припомняме,71
безплатно,71
неизвестност,71
предвид,70
месеци,70
говорителят,70
катя,70
отговаря,70
вие,70
окончателно,70
програма,70
нормално,70
сили,70
стигне,70
писмо,70
непълнолетни,70
явно,70
интернет,70
пореден,70
нападната,70
етаж,70
кмет,69
посочва,69
версии,69
подаде,69
полицейско,69
държава,69
определението,69
види,69
човека,69
оттам,69
резултатите,69
спре,69
appgallery,69
тодоров,69
говорят,69
следствие,69
издирването,69
huawei,69
гърба,68
напълно,68
блока,68
агенцията,68
държавното,68
влиза,68
второ,68
разград,68
следобед,68
шофьор,68
опита,68
съдия,68
ходи,68
истината,68
ред,68
наблюдаващ,68
откриха,68
национална,68
габриела,68
вода,68
психолози,68
закана,68
ръст,68
социална,68
десислава,68
наред,67
задържа,67
извършва,67
самоличността,67
животът,67
шофьорът,67
ваня,67
важните,67
решава,67
мотивите,67
деяние,67
десетки,67
борбата,67
получат,67
привлече,67
психично,67
тримата,67
посочват,67
самият,66
събрани,66
фонд,66
наблюдаващият,66
големи,66
поща,66
досъдебното,66
парламента,66
паднала,66
отказва,66
вторник,66
реакция,66
направят,66
социалната,66
насилникът,66
излиза,66
техните,66
районният,66
извършване,66
възникнал,65
същата,65
статистика,65
мозъчна,65
вещи,65
подобно,65
четирима,65
катастрофа,65
столичната,65
налице,65
нямаме,65
статистиката,65
стоянова,65
малката,65
име,64
европа,64
млади,64
роднините,64
момиченцето,64
нашата,64
протеста,64
вероника,64
помага,64
момиченце,64
полицейска,64
моята,64
дал,64
българските,64
смятат,64
камери,63
ситуацията,63
николов,63
националната,63
киселина,63
територията,63
входа,63
линейката,63
бгнес,63
условия,63
ръката,63
съобщава,63
ученици,63
марина,63
четвъртък,63
шествие,63
илиев,63
градска,63
екипа,63
проблемите,63
председателят,62
истанбулската,62
covid,62
ето,62
неговото,62
заканил,62
автор,62
едното,62
каквото,62
другия,62
калоян,62
потвърди,62
искаме,62
насилниците,62
подават,62
метра,62
направени,62
коментар,62
самоубийство,61
задържания,61
даниела,61
директора,61
магазин,61
единствено,61
човекът,61
помогнат,61
тип,61
искал,61
убития,61
станали,61
софийският,61
парк,61
извършена,61
йорданова,61
шанс,61
производства,61
приключи,61
периода,61
позиция,61
размер,61
оряховица,61
адреса,61
оръжието,60
степен,60
сигналите,60
наказания,60
някакви,60
системата,60
освободен,60
живо,60
виктория,60
преглед,60
желание,60
настъпила,60
обади,60
подава,60
безпомощно,60
йордан,60
цял,60
поясни,60
нашите,60
загина,60
извършен,60
тодор,60
хулигански,60
личен,60
общество,60
бърза,59
посегателство,59
обвиняемата,59
нападнал,59
правителството,59
намерени,59
нейна,59
пол,59
трите,59
бой,59
катастрофата,59
всичките,59
учителката,59
въпроса,59
трупа,59
евгения,59
бюлетин,59
съдействие,59
кампанията,59
поведението,59
информационния,59
тел,59
адрес,59
вид,59
казанлък,59
проверката,59
повдигнати,59
надявам,59
косата,58
остана,58
закани,58
иззети,58
внесено,58
веднъж,58
атанас,58
милена,58
протести,58
проф,58
пуснат,58
бие,58
свой,58
стойчева,58
власти,58
телефонна,58
успя,58
виолета,58
гърдите,58
румяна,58
организация,58
моя,58
председател,58
надзора,58
касае,58
протестиращите,58
даже,58
проведе,57
категорични,57
пълни,57
потвърдиха,57
определи,57
бсп,57
стои,57
процедура,57
незаконно,57
малка,57
електронната,57
основните,57
никола,57
бита,57
лечебното,57
колегите,57
съсед,57
дядо,57
турция,57
събрание,57
обвинени,57
орлин,57
дрехи,56
групи,56
депутатите,56
абонирайте,56
кампания,56
видял,56
обяд,56
молба,56
назначена,56
започне,56
получавате,56
нападателите,56
главният,56
кома,56
направена,56
обявена,56
шията,56
понякога,56
местопроизшествието,56
източници,56
жива,56
нейния,56
стават,56
потърси,56
успява,56
колкото,56
добра,56
втория,56
здравето,55
подали,55
ограничителна,55
какъв,55
движение,55
районния,55
вика,55
трети,55
национален,55
студиото,55
отдел,55
нарушения,55
форма,55
означава,55
умира,55
нанесени,55
нейният,55
признат,55
денят,55
образование,55
росен,55
идеята,55
чака,55
другият,54
документ,54
липса,54
александров,54
семейства,54
посока,54
нанесен,54
уточниха,54
цветанов,54
съобщение,54
намерен,54
незабавна,54
никого,54
личния,54
седем,54
сериозно,54
попова,54
спор,54
причинена,54
младост,54
правна,54
участие,54
колеги,54
дарина,53
клиника,53
брифинг,53
постанови,53
здраве,53
призова,53
соколов,53
кирил,53
отказаха,53
предизвика,53
вас,53
казала,53
настаняване,53
младежът,53
фирма,53
получават,53
поискаха,53
настанени,53
коли,53
изпратени,53
някъде,53
временно,53
отидох,53
тепърва,53
заплашил,53
деница,53
обект,53
лошо,53
направила,53
пациентката,53
относно,53
информацията,53
акция,52
минало,52
рак,52
психическо,52
изобщо,52
започнало,52
българското,52
насилник,52
заболявания,52
видя,52
благодарение,52
блудство,52
известно,52
дадат,52
искала,52
нека,52
малкото,52
инстанция,52
определяне,52
българската,52
номер,51
памет,51
характер,51
осем,51
удара,51
удрял,51
върна,51
страшно,51
медицинската,51
редица,51
онлайн,51
говорим,51
първоначален,51
отделението,51
скандали,51
стаята,51
човешки,51
неправителствени,51
опасен,51
местната,51
тяхната,51
моето,50
екатерина,50
властите,50
теб,50
можеше,50
лесно,50
среда,50
криминалисти,50
отбеляза,50
акцията,50
стрелбата,50
открили,50
служба,50
жители,50
трета,50
разпити,50
избягал,50
полунощ,50
получил,50
млад,50
подобен,50
факти,50
обяснения,50
подсъдимия,50
връща,50
починал,50
власт,50
маринов,50
лицата,50
главен,50
съседка,49
двата,49
кадри,49
налага,49
пеев,49
участниците,49
голямо,49
страни,49
разпит,49
другото,49
българи,49
коментари,49
камера,49
родител,49
медицина,49
гражданин,49
събития,49
възможността,49
сериозен,49
спешно,49
стоян,49
симона,49
смолян,49
съществува,49
малките,49
окръжния,49
измами,49
планината,49
кризисен,49
обвинителен,49
едни,49
служби,48
река,48
следите,48
казвам,48
радослав,48
съпричастност,48
болка,48
правото,48
изясняване,48
ударите,48
образованието,48
началникът,48
помощта,48
момчетата,48
кристина,48
опитва,48
изследване,48
бул,48
дейности,48
таня,48
строг,48
исках,48
христина,48
пострадала,48
неговите,48
обвиняеми,48
срещата,48
транспортирана,48
престъпна,48
близък,48
прободни,48
петков,48
очакваме,48
грешка,48
отишъл,48
крак,48
убийства,48
документите,48
чак,48
краката,48
местните,47
карта,47
доц,47
подал,47
старши,47
постъпил,47
смятам,47
установена,47
броят,47
франция,47
приемат,47
красимира,47
експерти,47
обвинена,47
малки,47
известен,47
тръгва,47
обявиха,47
експертите,47
брой,47
приятеля,47
адвокатите,47
синини,47
очи,47
вярвам,47
половин,47
счупени,47
оставя,47
павел,47
вълна,47
поискал,47
помагат,47
братя,47
бойко,47
единственото,47
телата,46
изследвания,46
забрана,46
бяхме,46
откарана,46
дроб,46
вътрешните,46
тема,46
полицейските,46
кърджали,46
операции,46
обществена,46
единственият,46
йорданка,46
приети,46
интервю,46
частен,46
цяла,46
загуби,46
мотив,46
обувки,46
повдигна,46
събират,46
назначени,46
организаторите,46
изгаряния,46
говорител,46
обвиняемите,46
надзор,46
албена,46
подбуди,46
установяване,46
навън,46
прокурорът,46
починало,46
стреля,46
механизъм,45
пушка,45
реална,45
наблюдение,45
наблюдаващия,45
нападателя,45
христов,45
квартала,45
фаталния,45
създава,45
извършители,45
отношенията,45
започнаха,45
гимназия,45
накрая,45
системен,45
обжалва,45
взети,45
споделят,45
спира,45
отвличане,45
прие,45
българка,45
кмета,45
приема,45
пола,45
версията,45
възрастен,45
усилия,44
стигна,44
убия,44
националния,44
тече,44
влязъл,44
обезщетение,44
бебето,44
наложена,44
втора,44
буквално,44
ахмед,44
разговори,44
европейския,44
сияна,44
четете,44
адекватно,44
самото,44
рецидивист,44
съзнание,44
прецени,44
гърция,44
иванка,44
животни,44
ангел,44
заподозреният,44
шева,44
щастие,44
успял,44
иво,44
установява,44
настанен,44
спешното,44
мост,44
обичам,44
направили,44
кремена,44
организацията,44
зорница,44
мирослав,44
илиян,44
анна,43
михайлова,43
специално,43
разбрах,43
простреляна,43
никол,43
никаква,43
предмет,43
разследват,43
благодаря,43
изяснява,43
роднина,43
улиците,43
лекарства,43
практика,43
политика,43
показанията,43
мерките,43
негови,43
случката,43
учи,43
тежък,43
веселин,43
настоява,43
любовта,43
пейо,43
венцислав,43
успели,43
програми,43
основната,43
красимир,43
последния,43
грижа,42
левски,42
сестрата,42
криминалистите,42
живяла,42
бих,42
необходимо,42
кризисни,42
брутално,42
дупница,42
битов,42
четвърта,42
взе,42
установен,42
решили,42
кого,42
виждат,42
дала,42
обяснение,42
мотивът,42
последният,42
подавала,42
главния,42
отрече,42
своето,42
клиниката,42
взема,42
труп,42
връзката,42
пострада,42
дължи,42
предположение,42
възрастните,42
шамар,42
надя,42
учител,42
йорданов,42
заплашвал,42
ролята,42
уточняват,42
готови,42
пациенти,41
хил,41
пенсията,41
предлага,41
италия,41
цветя,41
диагноза,41
дневен,41
провежда,41
леки,41
специалисти,41
щеше,41
пита,41
търговище,41
ралица,41
порезни,41
увеличават,41
потърсят,41
фокус,41
направен,41
обиди,41
знаем,41
чува,41
прието,41
използва,41
делата,41
факт,41
теодора,41
любомир,41
новите,41
проверки,41
бъда,41
пандемията,41
страда,41
следващите,41
денонощие,41
хубаво,41
убиецът,41
пълна,41
наказателно,41
съжалява,41
полицейското,41
необходими,41
идват,41
агресивно,41
скорост,41
стигнало,41
стотици,41
активно,40
мнение,40
апелативния,40
видяла,40
познават,40
компания,40
международния,40
отказват,40
петкова,40
свърже,40
хотел,40
работници,40
бял,40
региона,40
младежите,40
телефонни,40
изчезването,40
случайно,40
макетен,40
непознат,40
правосъдие,40
наскоро,40
предишни,40
тръгна,40
журналисти,40
нападна,40
емилия,40
заведението,40
умъртвил,40
партньори,40
присъствие,40
издадени,40
липсва,40
някакво,40
останали,40
народното,40
учителите,40
задържаните,40
познавали,40
части,40
разказаха,40
приет,40
разполага,40
инспектор,40
спаси,40
договор,40
принуда,40
адвоката,40
загубила,40
изцяло,40
разбере,40
илиева,40
калина,40
движението,40
медицинско,40
обвиненията,39
правила,39
социален,39
неин,39
отбраната,39
магазина,39
фейсбук,39
опитват,39
рпу,39
лек,39
обвиненият,39
тоест,39
черепно,39
виждала,39
психиатрична,39
следствени,39
починалото,39
спокойно,39
ученичката,39
върнат,39
потърсили,39
ангелов,39
учителка,39
бори,39
организирана,39
мирослава,39
сравнение,39
теми,39
глоба,39
детската,39
бива,39
разговаря,39
познавам,39
публично,39
втората,39
подсъдимият,39
гражданите,39
пример,39
първоначални,39
радев,39
основно,39
жалбата,39
психологът,39
процесуално,39
вещества,39
докаже,39
автомобили,39
моите,39
ученик,39
маргарита,39
новата,39
загиналата,39
психологическа,39
камерите,39
съюз,39
храна,39
гаранция,39
отишла,39
напрежение,39
начина,39
кадрите,39
лежи,38
кореспондентът,38
жителите,38
спортните,38
болната,38
виновни,38
стрелял,38
татяна,38
познава,38
пожела,38
действие,38
намерили,38
медици,38
обикновено,38
срам,38
даниел,38
илияна,38
заключението,38
гръб,38
свети,38
годините,38
съжителство,38
университет,38
болки,38
струва,38
реанимация,38
биха,38
качеството,38
близка,38
попита,38
прибира,38
напусне,38
цветелина,38
медиците,38
обича,38
влизат,38
прякото,38
приятелят,38
изрази,38
политически,38
участвали,38
материали,38
показа,38
силен,38
подобна,38
пострадалия,38
владимиров,38
глас,38
настанено,38
съучениците,38
рядко,38
побоят,38
убитото,38
форми,38
изпълнение,38
осъди,38
секретар,38
заседанието,38
българска,38
делчев,38
загубили,38
агресивен,38
извършването,38
познат,37
шофьора,37
ток,37
сарафов,37
очакват,37
физическа,37
държавната,37
процеса,37
деян,37
продължил,37
видели,37
глава,37
инициативата,37
намерят,37
признал,37
критично,37
проверява,37
близнаците,37
терзиев,37
щом,37
десет,37
официално,37
имах,37
единия,37
сдс,37
крайна,37
оттогава,37
излязоха,37
обявен,37
общ,37
голямото,37
леглото,37
цветан,37
вярва,37
определени,37
излизат,37
студентка,37
люлин,37
искаше,37
кара,37
преживели,37
извършват,37
отказала,37
разказ,37
морето,37
подписка,37
кабинета,37
регистрирани,37
достъп,37
милен,37
страхува,37
отдавна,37
василева,37
включване,37
операцията,37
коронавирус,37
стабилно,37
негов,37
включва,36
инициали,36
излязъл,36
моля,36
упражнено,36
написа,36
например,36
непотвърдена,36
хулиганство,36
убиец,36
изясняват,36
значение,36
залата,36
ръководител,36
сандански,36
чантата,36
твърде,36
предприети,36
негова,36
единствената,36
шествието,36
витоша,36
неговия,36
консултации,36
точка,36
викторио,36
филмите,36
взето,36
габрово,36
силна,36
интимна,36
бряг,36
булевард,36
миналото,36
счупен,36
заплаха,36
обаждане,36
слънчев,36
знаех,36
момченцето,36
задължения,36
труда,35
виктор,35
издирват,35
премиерът,35
ефективна,35
кризисния,35
схема,35
насилници,35
държави,35
развитие,35
самите,35
говоря,35
версиите,35
всякакви,35
бебе,35
регистрация,35
знак,35
въобще,35
държи,35
цели,35
гората,35
лявата,35
убиеца,35
моят,35
второто,35
подадени,35
произход,35
гледай,35
плати,35
актрисата,35
съдебни,35
вътрешният,35
собственост,35
досъдебни,35
четене,35
доказателствата,35
записи,35
цар,35
днк,35
българите,35
клуб,35
македония,35
намират,35
пребитата,35
истина,35
участници,35
чието,35
чисто,35
дата,35
сърцето,35
николаев,35
калушев,35
наложило,35
покаже,35
фирмата,35
бият,35
сексуална,35
допълват,35
вкс,35
изпрати,35
божанов,34
можеш,34
изчезнала,34
представя,34
карат,34
допълнително,34
клипа,34
мълчание,34
твърденията,34
район,34
нашето,34
намеса,34
саморазправа,34
разглеждане,34
виждам,34
ритници,34
съмнения,34
чули,34
гдбоп,34
тормози,34
петко,34
ботев,34
проведени,34
пострадалият,34
рецидив,34
вашите,34
изтъкна,34
поредната,34
недопустимо,34
познати,34
напуснала,34
доверие,34
европейската,34
малък,34
съдебномедицинска,34
мартеници,34
материалите,34
нямало,34
лидия,34
заведения,34
бяла,34
пада,34
борят,34
определен,34
животните,34
счупена,34
телефонът,34
спешен,34
ефективно,34
взела,34
въпросът,34
общински,34
присъствието,34
лятото,34
навсякъде,34
моменти,34
проба,34
следващата,34
значи,34
средата,34
взета,34
готова,34
опити,34
правя,34
радостина,33
касационен,33
мъртво,33
последното,33
гости,33
сексуален,33
изведнъж,33
експлоатация,33
обстоятелствата,33
член,33
експертизата,33
реално,33
лична,33
кръг,33
огнестрелно,33
необходимите,33
ангелова,33
дейността,33
влезли,33
снимката,33
приятелите,33
живея,33
сграда,33
населени,33
носят,33
реагира,33
отрича,33
език,33
пристигнали,33
гоце,33
поставя,33
тръгне,33
детски,33
техни,33
педагогическа,33
отколкото,33
тука,33
можете,33
получили,33
заявил,33
обосновано,33
боя,33
незабавни,33
крие,33
наталия,33
финансови,33
бутилка,33
трето,33
редовно,33
основата,33
оон,33
съгласие,32
завърши,32
регистрации,32
димитровград,32
интерес,32
блъсна,32
издадена,32
държал,32
правилата,32
юмрук,32
откри,32
стълбите,32
броя,32
новия,32
автомобилът,32
правим,32
болна,32
решават,32
пребиха,32
проект,32
трупът,32
коментираха,32
натиск,32
силни,32
решения,32
телевизия,32
връх,32
първоначалния,32
партия,32
кратко,32
съдебните,32
позицията,32
кои,32
комитет,32
сочи,32
пусна,32
излязла,32
водят,32
жилищен,32
нарушение,32
мобилен,32
рашков,32
съдбата,32
битка,32
входната,32
пловдивското,32
завършва,32
половината,32
тест,32
велизара,32
тенденция,32
независимо,32
поредния,32
процедурата,32
допълнителни,32
процента,32
христова,32
доброволци,32
чакат,32
експерт,31
мисли,31
страхуват,31
поставени,31
трагедия,31
отчитат,31
същият,31
могъл,31
червен,31
кражба,31
малинов,31
проституция,31
обвинителния,31
биляна,31
факта,31
поредна,31
доведе,31
румен,31
самоубие,31
дошли,31
областния,31
установила,31
убива,31
зле,31
заявява,31
нар,31
виждали,31
негово,31
век,31
общодържавно,31
обадил,31
непълнолетен,31
загуба,31
коронавируса,31
казали,31
дойдоха,31
славова,31
описват,31
съответните,31
върнала,31
пътека,31
непредпазливост,31
спешни,31
телефони,31
протестите,31
болници,31
видими,31
първоначална,31
неофициална,31
черни,31
процесът,31
населението,31
разстройство,31
текст,31
битката,31
обществено,31
тръгнала,31
сгп,31
адвокати,31
пазар,31
непрекъснато,31
пещера,31
филм,31
съгласно,31
фондацията,31
уведомена,31
обърна,31
създаване,31
вярно,31
адекватна,31
километра,31
приеме,30
стойност,30
веществени,30
бнр,30
миналия,30
причинени,30
спасители,30
изглежда,30
малолетно,30
представител,30
разрешение,30
увеличение,30
собственик,30
защити,30
опитала,30
условно,30
директорката,30
организира,30
ударена,30
казваше,30
ниво,30
основано,30
отказал,30
настоящия,30
официална,30
покрай,30
основание,30
собствената,30
шефът,30
обърне,30
ножче,30
намушка,30
изнасилил,30
пространство,30
леля,30
учениците,30
простреля,30
малолетни,30
деяния,30
истински,30
обръща,30
плаща,30
развод,30
доброволно,30
пристига,30
отвори,30
тяхното,30
цветков,30
направя,30
партията,30
отправил,30
непълнолетно,30
съобщения,30
откъдето,30
отидат,30
гледам,30
училища,30
прибере,30
разлог,30
видимо,30
съмнение,30
очевидци,30
съпрузи,30
галина,30
намушкана,30
надеждата,30
пострадал,30
здравеопазването,30
живял,30
огромна,30
дърво,30
определя,30
криминална,30
заплашва,30
свързан,30
лясковец,30
захариева,30
специалистите,29
нейно,29
посочиха,29
болестта,29
усилията,29
потърсила,29
чувство,29
партньора,29
раждането,29
престъпленията,29
жител,29
чух,29
установяват,29
белия,29
лом,29
измамници,29
регистър,29
бизнес,29
схемата,29
събитието,29
могла,29
потърпевшите,29
местност,29
работното,29
случвало,29
общественото,29
грижат,29
звъни,29
добавя,29
чиято,29
залята,29
движи,29
обществен,29
макетно,29
банка,29
предлагат,29
асенова,29
златков,29
прибрала,29
силвия,29
разкри,29
взима,29
петрохан,29
нанася,29
устата,29
роля,29
шарков,29
участието,29
издирвателни,29
вяра,29
братята,29
големите,29
започнах,29
непознати,29
омбудсманът,29
застреля,29
метрото,29
съответно,29
приемането,29
разиграла,29
ромски,29
счупване,29
заподозрения,29
случват,29
младият,29
администрация,29
количество,29
къщи,29
местността,29
арестувани,29
чудо,29
инциденти,29
кризисните,29
изход,29
асистент,29
ясна,29
запази,29
успяват,29
охрана,29
нуждае,29
дпс,29
появи,29
внучка,29
изпратен,29
липсват,29
починали,29
сериозна,29
важна,29
интимни,29
галя,29
българско,29
отказ,29
законодателство,28
бизюрев,28
пълно,28
чанта,28
орлов,28
база,28
разбрала,28
апелативният,28
дежурен,28
неговият,28
констатирали,28
празник,28
комисията,28
забележка,28
репортаж,28
волята,28
институцията,28
нараняванията,28
предава,28
истории,28
процедури,28
институция,28
коментират,28
млн,28
самоубил,28
работила,28
привлечени,28
освободена,28
метри,28
стефанова,28
излязат,28
испания,28
оставиха,28
кръвонасядания,28
доклада,28
направиха,28
столичното,28
работим,28
събуди,28
тежките,28
справяне,28
налагане,28
удушена,28
бисер,28
пръв,28
атанасов,28
бруталното,28
решила,28
зона,28
кръвозагуба,28
отишли,28
кост,28
анализ,28
оценка,28
приятелки,28
основа,28
минава,28
комплекс,28
притеснява,28
застане,28
заповедта,28
клип,28
реших,28
компанията,28
тереза,28
ребра,28
мозъка,28
огледа,28
твърдения,28
ковачева,28
кажат,28
погребението,28
насила,28
църква,28
охлузвания,28
войната,28
сложи,28
изстрел,28
ясни,28
екипите,28
скандала,28
желанието,28
бързи,28
попов,28
назад,28
посред,28
напрежението,27
ударила,27
оставка,27
интересува,27
упражнявал,27
прибрал,27
женски,27
юлия,27
важното,27
личната,27
специални,27
взех,27
открива,27
столичен,27
съдебното,27
кръвта,27
оставката,27
имахме,27
сякаш,27
леко,27
лекарска,27
заплахите,27
метална,27
довели,27
невена,27
специализирани,27
резултати,27
внучката,27
младото,27
побои,27
президента,27
успешно,27
останал,27
кръстева,27
фаталната,27
самия,27
пробация,27
дядото,27
пост,27
мнението,27
хирургия,27
вниманието,27
емоционално,27
участък,27
стела,27
университетската,27
сдружение,27
естествено,27
разкаже,27
високо,27
откъде,27
махала,27
финансиране,27
гледат,27
лекарят,27
спешност,27
рангел,27
семейното,27
ученички,27
здравното,27
премина,27
знаете,27
участват,27
участвал,27
ирина,27
българският,27
певицата,27
производството,27
известни,27
чувствам,27
останат,27
покажем,27
председателя,27
скарали,27
посещава,27
някого,27
преследване,27
текстове,27
братът,27
предложения,27
притежава,27
варненския,27
представил,27
доживотна,27
записите,27
доктор,27
вера,27
съветник,27
оръжия,27
кабинет,27
виждал,27
предвиждат,27
конфликти,27
ножа,27
надява,27
болен,27
установил,26
откарано,26
кръстовище,26
контакти,26
чийто,26
стари,26
сигурно,26
тото,26
подкрепят,26
обучение,26
отвлечена,26
директно,26
боеприпаси,26
имота,26
задължително,26
врачанското,26
промяната,26
разлика,26
основният,26
живеем,26
нападнати,26
мая,26
намушкал,26
градове,26
наша,26
спи,26
закрити,26
организират,26
оплаквания,26
ремонт,26
начало,26
убит,26
боряна,26
ръководство,26
работник,26
виновна,26
принцип,26
призовават,26
извадил,26
прокурора,26
прегледана,26
разпространено,26
скандалът,26
отговорността,26
направим,26
поставена,26
силистра,26
откаран,26
експеримент,26
деянията,26
проекта,26
румъния,26
напред,26
ограбена,26
прозореца,26
александра,26
изписана,26
тия,26
наблюдава,26
изпитателен,26
срещна,26
развива,26
нели,26
обяснил,26
помощи,26
комуникация,26
бракове,26
понеже,26
селата,26
исул,26
отбелязва,26
стрелецът,26
стоят,26
президент,26
покажат,26
имената,26
домовете,26
министъра,26
антония,26
пропуски,26
намесата,26
техен,26
пролетта,26
строги,26
марта,26
поставят,26
кучета,26
връзки,26
взели,26
сащ,26
ранните,26
помогнете,26
мой,26
крайно,26
медии,26
участва,26
обратно,26
орган,26
изток,26
работна,26
ало,26
обаждания,26
подадат,26
марковски,26
предимно,26
профила,26
стрелба,26
посягал,25
разпореди,25
променят,25
увреждане,25
създаде,25
бакалова,25
предварително,25
премиера,25
русия,25
мина,25
съберат,25
тръгнали,25
довело,25
крайниците,25
мероприятия,25
транспорт,25
карал,25
стената,25
камък,25
пътищата,25
снимките,25
болест,25
провери,25
направо,25
сестри,25
дамите,25
надслов,25
безплатна,25
ход,25
сексуални,25
върнал,25
маринова,25
опасна,25
предмети,25
чувството,25
оказана,25
рзи,25
загинали,25
публикува,25
конкретни,25
вторият,25
наши,25
книгата,25
съжалявам,25
петя,25
променя,25
фатален,25
видят,25
оставена,25
потресе,25
младите,25
следват,25
терапия,25
свързано,25
заплати,25
същите,25
потърпевши,25
училищата,25
живели,25
продължителност,25
известна,25
пазят,25
подкрепя,25
лазаров,25
ами,25
напуснал,25
девет,25
установят,25
минков,25
стайкова,25
обвини,25
подложени,25
майки,25
последствие,25
намерила,25
посегателството,25
останала,25
шум,25
тервел,25
частна,25
грижите,25
самоуби,25
наказва,25
подкрепата,25
оперативно,25
михаил,25
видим,25
управител,25
внук,25
министерския,25
изисква,25
имот,25
началника,25
представи,25
добрев,25
различна,25
вещите,25
дъщерите,25
бяга,25
събира,25
сотиря,25
болести,25
дрехите,25
помня,25
цалапица,25
джендър,25
наказанията,25
младо,25
пристигналите,25
различен,25
третия,25
престъпност,25
принудително,25
стефка,25
коса,25
описва,25
координатор,24
https,24
ама,24
превенцията,24
текстовете,24
цветкова,24
прокурори,24
разговора,24
иначе,24
новината,24
получиха,24
тяхна,24
сълзи,24
подсъдим,24
трансплантация,24
висок,24
извънредното,24
яна,24
законно,24
донева,24
смяна,24
арестуваха,24
взимат,24
спокойствие,24
светла,24
отида,24
услуга,24
симеонов,24
документа,24
трифонова,24
ужас,24
съди,24
водите,24
мене,24
шестима,24
пешеходна,24
антоанета,24
щерк,24
очевидно,24
информирайте,24
криза,24
каквато,24
искания,24
военна,24
възмущение,24
справедливо,24
европейски,24
психолозите,24
обед,24
мездра,24
преследва,24
намерил,24
коя,24
разпитите,24
можех,24
призовава,24
средната,24
дошъл,24
съпружески,24
виждаме,24
свързва,24
споделила,24
униформените,24
йоана,24
сигурна,24
членове,24
мама,24
уведомени,24
асоциацията,24
общност,24
централната,24
стаж,24
мобилния,24
труд,24
проверяват,24
ктб,24
напуска,24
местопрестъплението,24
справка,24
легло,24
заплашвана,24
такси,24
законодателството,24
безопасност,24
купи,24
баня,24
бременни,24
заплащане,24
зависимост,24
главна,24
кметството,24
отнема,24
решил,24
дошла,24
риска,24
средно,24
домът,24
травмите,24
съобщил,24
обвинява,24
помни,24
парламент,24
освободи,24
реанимацията,24
столична,24
люба,24
впечатление,24
справи,24
минават,24
помогна,24
вреди,24
гражданка,24
помещение,24
милион,24
срещат,24
възстановяване,24
искате,24
маса,24
семействата,24
книжка,24
конвенцията,24
изпълнението,24
бъдеще,24
предприемат,24
ситуации,24
чували,24
справят,24
гражданство,24
тръгнал,24
деси,24
кръвоизлив,24
въздушна,23
изнасилена,23
атанаска,23
личност,23
доклад,23
минута,23
качил,23
мон,23
алена,23
харесва,23
образувани,23
целият,23
мариана,23
нетрезво,23
полицаят,23
дясната,23
банята,23
психични,23
включват,23
хляб,23
работя,23
камион,23
нападнат,23
здравната,23
владимир,23
половете,23
губят,23
благодари,23
кучето,23
стоилова,23
bnt,23
падна,23
свързана,23
разказахме,23
лидерът,23
оставила,23
пенсия,23
паметта,23
сто,23
свидетелите,23
ранен,23
годишни,23
законопроекта,23
данаилов,23
полза,23
европейска,23
щастлив,23
големият,23
брадва,23
насочени,23
зонта,23
страните,23
пиян,23
викове,23
първоначалната,23
увеличаване,23
кухненски,23
вицепремиерът,23
инициатива,23
програмата,23
получени,23
опасно,23
мъртъв,23
жилища,23
обезобразеното,23
опитали,23
посегнал,23
международен,23
материал,23
нпо,23
близкото,23
резултатът,23
разделени,23
обяснила,23
синовете,23
предаден,23
тормозът,23
играе,23
снимат,23
песен,23
собственикът,23
грабежа,23
реакцията,23
габриел,23
възможности,23
срещи,23
пристигането,23
нататък,23
видиш,23
поискат,23
загубата,23
кръстовището,23
снима,23
задържали,23
върви,23
дена,23
изпратил,23
труден,23
разкрива,23
представа,23
охранител,23
видеонаблюдение,23
разказала,23
коледа,23
русенското,23
детайли,23
варненският,23
реакции,23
психическото,23
евентуално,23
блудствени,23
миг,23
изчезналата,23
влязат,23
публикации,23
владимирова,23
указания,23
никакво,23
смелост,23
фиш,23
високи,23
заявила,23
нашия,23
спешната,23
пребито,23
храни,23
репортажа,23
разберат,23
съученичка,23
превръща,23
куче,23
собствения,23
съдебния,23
попитах,23
прострелял,23
иран,23
рязко,23
позволява,23
фактическо,23
щаб,22
издаване,22
ива,22
жалбите,22
вариант,22
пострадало,22
притесняват,22
блъска,22
пистолета,22
самосезира,22
четиримата,22
видяхме,22
предала,22
започнато,22
късмет,22
смъртоносно,22
политическа,22
работел,22
министерска,22
доказано,22
грабежи,22
съдилища,22
извършили,22
усложнения,22
местен,22
онези,22
съдията,22
земя,22
течност,22
мариян,22
завод,22
зависи,22
полицая,22
депутат,22
заловен,22
тодорова,22
продължила,22
напусна,22
признават,22
претърсване,22
доколкото,22
номера,22
пътува,22
горе,22
траур,22
искаш,22
бивша,22
напада,22
игра,22
разпознават,22
евстатиев,22
нанесла,22
могло,22
hpv,22
разбрали,22
колева,22
телевизията,22
цитирани,22
страха,22
загиналите,22
извади,22
бъдем,22
масата,22
iban,22
окаже,22
знаели,22
продължат,22
писмото,22
правил,22
фона,22
фрактура,22
спирка,22
изстрела,22
витро,22
миглена,22
жив,22
расте,22
защитава,22
някога,22
изминалата,22
военен,22
средствата,22
показала,22
блъснал,22
осигури,22
решетките,22
кат,22
болни,22
престъпната,22
занимава,22
стрелеца,22
сърдечна,22
площадка,22
представлява,22
викам,22
затворени,22
взрив,22
пациентка,22
държана,22
големия,22
защитник,22
двойката,22
фактите,22
обажданията,22
внукът,22
протестира,22
бавно,22
свищов,22
въпросите,22
терасата,22
сигнализират,22
съвместно,22
проби,22
използвани,22
обжалвано,22
остра,22
полицейския,22
вероятност,22
изгубила,22
лечебно,22
чула,22
съдържание,22
недостатъчност,22
въпросната,22
желае,22
златни,22
явор,22
ограничителни,22
сигнализира,22
пълен,22
гарата,22
тротоара,22
влязла,22
росица,22
северна,22
поискала,22
уточнява,22
газов,22
специален,22
важни,22
пожар,22
неадекватно,22
провеждат,22
девойката,22
костов,22
съученици,22
парична,21
високата,21
йоанна,21
емили,21
защитят,21
върховния,21
парка,21
травматични,21
доближава,21
секунди,21
дарик,21
осъдиха,21
разбрал,21
техният,21
бекирска,21
обръщат,21
правилно,21
имена,21
българки,21
срокът,21
доброто,21
ясен,21
тормоза,21
дерменджиева,21
алексиева,21
знаеш,21
гърлото,21
бог,21
постъпили,21
започнат,21
чул,21
усмивка,21
анелия,21
отиват,21
постоянното,21
обясняват,21
воля,21
пилот,21
проведен,21
изведена,21
загиналия,21
проектът,21
болката,21
избор,21
вътрешна,21
държавни,21
повдигнаха,21
дам,21
издаде,21
дишане,21
взрива,21
кирилова,21
днешното,21
върнали,21
връщат,21
бели,21
двойно,21
самотна,21
деменция,21
сайта,21
позната,21
седмицата,21
преживяла,21
вярата,21
пишат,21
свърши,21
изчезна,21
бременната,21
милиона,21
куфар,21
атанасова,21
трайно,21
същество,21
пожарната,21
получено,21
проява,21
телефонен,21
законодателни,21
загинаха,21
температура,21
спря,21
съобщено,21
условна,21
оправи,21
оказват,21
първоначалните,21
информира,21
нападател,21
посещават,21
личните,21
намериха,21
уважи,21
определено,21
съдебният,21
минала,21
раждане,21
продължаваме,21
семейния,21
предложение,21
дъщери,21
радева,21
изборите,21
спрат,21
работил,21
спига,21
рита,21
ивет,21
реката,21
търсене,21
разпореждане,21
разпитана,21
насилствено,21
сътресение,21
детското,21
квартирата,21
мамо,21
специализирана,21
план,21
силата,21
бизнесмен,21
събиране,21
народните,21
определят,21
пребит,21
образуваното,21
откриват,21
съобщила,20
запали,20
нанесли,20
спасиха,20
мъртви,20
бъдеш,20
изразява,20
предложенията,20
агресивна,20
средство,20
пеевски,20
хелзинкски,20
проучване,20
изоставена,20
изстрели,20
шамари,20
дол,20
обажда,20
малкия,20
появява,20
недоволство,20
тела,20
забелязал,20
площад,20
щастлива,20
споразумение,20
психологически,20
кристиян,20
потресени,20
прокурорския,20
експертизите,20
пациент,20
болнично,20
дара,20
различните,20
декларация,20
области,20
боли,20
поводът,20
намерение,20
плевенско,20
радка,20
отвън,20
станаха,20
далеч,20
долара,20
александровска,20
знаела,20
убито,20
сведения,20
dariknews,20
спасят,20
пристигнал,20
положението,20
външните,20
подложена,20
елисавета,20
радио,20
надолу,20
станислава,20
изкара,20
обясня,20
ходя,20
телефоните,20
границата,20
исканията,20
постъпила,20
случващото,20
надяват,20
могли,20
насилствена,20
стойчо,20
василка,20
насрочено,20
спрял,20
андрей,20
автобус,20
изясни,20
алекс,20
нали,20
защитени,20
дора,20
свидетелски,20
наркотични,20
върховният,20
палка,20
спомени,20
нарушил,20
република,20
пие,20
споделяла,20
наложено,20
посегателства,20
становище,20
камиона,20
шеф,20
смисъл,20
каквито,20
адекватни,20
украйна,20
ходят,20
промила,20
използват,20
петима,20
цигари,20
основен,20
отвличането,20
помежду,20
доказва,20
знаел,20
класната,20
дами,20
сърце,20
паднало,20
лекува,20
алексиев,20
получих,20
сметки,20
отпуск,20
веселина,20
употребил,20
изисквания,20
разпитан,20
онова,20
нужно,20
семерджиев,20
конфликта,20
толерантност,20
заключение,20
министерски,20
изгубили,20
наличието,20
боян,20
напротив,20
помоли,20
съседът,20
значително,20
митко,20
клиенти,20
наличие,20
обжалвана,20
красота,20
станат,20
пътят,20
околчица,20
серия,20
смъртен,20
останаха,20
божилов,20
студентката,20
качва,20
километър,20
настъпването,20
техния,20
своевременно,20
нападения,19
моли,19
пусне,19
апелативна,19
наложил,19
кирилов,19
багажа,19
заминава,19
младежа,19
населеното,19
лежал,19
залял,19
отнел,19
бензин,19
людмила,19
роза,19
оказал,19
паспорт,19
тръба,19
пази,19
срп,19
задържала,19
трафика,19
тежкия,19
изчезва,19
наказан,19
овча,19
възрастта,19
пламена,19
куршума,19
подозира,19
хоро,19
фаза,19
кое,19
правосъдният,19
блъсната,19
признае,19
правната,19
уважение,19
притеснени,19
боят,19
последвали,19
цвета,19
наказани,19
квалификация,19
майчин,19
отричат,19
мине,19
притеснена,19
личността,19
зимата,19
дискриминация,19
драма,19
имоти,19
управлението,19
апелативната,19
запис,19
граждански,19
цената,19
отговарят,19
потвърждава,19
изтърпи,19
отстранен,19
броени,19
обадили,19
репортерът,19
цяло,19
костадин,19
чуе,19
събрали,19
третата,19
изготвена,19
рангелов,19
телк,19
мечтата,19
преживява,19
бюро,19
приемната,19
припомни,19
предстоят,19
нива,19
журналист,19
никъде,19
изпратиха,19
соу,19
приеха,19
заболяването,19
бременност,19
дял,19
санкции,19
война,19
съседката,19
ръководи,19
оставил,19
раните,19
мечка,19
доказана,19
дървета,19
потвърдена,19
квартира,19
последва,19
двор,19
прегледа,19
радомир,19
душата,19
картина,19
проекти,19
дама,19
ужаса,19
консултация,19
атака,19
убитите,19
стаите,19
попада,19
твоят,19
професия,19
здравков,19
казуса,19
заведе,19
новина,19
въздействието,19
довела,19
бивши,19
потвърждават,19
съученик,19
непосредствена,19
валери,19
герой,19
информационна,19
парламентът,19
белица,19
книги,19
стрес,19
граница,19
костенец,19
водата,19
координационен,19
пода,19
семейна,19
павлов,19
спасителна,19
употребата,19
онзи,19
салон,19
градския,19
официален,19
финансова,19
скоростта,19
имате,19
асен,19
платформата,19
послание,19
пожара,18
щети,18
срещне,18
съобщението,18
кооперация,18
преживяното,18
съгласни,18
родителски,18
водач,18
янева,18
оставят,18
здравеопазване,18
имаха,18
инфраструктура,18
следващото,18
гарантира,18
изолация,18
отправял,18
хижа,18
оградата,18
безсъзнание,18
подаване,18
курс,18
терен,18
насочи,18
вътрешния,18
проведено,18
продава,18
великден,18
упражнява,18
интимен,18
животи,18
заключи,18
тая,18
идея,18
модел,18
лозенец,18
извършената,18
банкова,18
осъществява,18
ромската,18
разказал,18
четирите,18
вида,18
склонни,18
гласуват,18
проведените,18
изследването,18
важен,18
природата,18
дадоха,18
спомням,18
людмил,18
ставало,18
следа,18
конституцията,18
съветва,18
регистриран,18
падане,18
малкият,18
конаре,18
токчета,18
чакам,18
наблизо,18
обвиниха,18
оттук,18
зверски,18
гимназията,18
дните,18
ориентация,18
политиците,18
задържат,18
поддържа,18
инстанции,18
основното,18
охранителна,18
намерим,18
внесъл,18
изключителна,18
влияние,18
канал,18
полк,18
демерджиев,18
хвърли,18
престой,18
досие,18
задържано,18
получаване,18
купел,18
тръгват,18
следствения,18
нанасял,18
възраждане,18
андонова,18
показатели,18
молби,18
пожарникари,18
гнева,18
огъня,18
кошмар,18
видите,18
момченце,18
щяла,18
нотариус,18
пето,18
подобрява,18
обществения,18
нос,18
рожден,18
следовател,18
мобилни,18
нотариуса,18
спомен,18
починалите,18
димитрина,18
гласност,18
мартеницата,18
нападателката,18
гешев,18
последствия,18
издава,18
фактът,18
кажем,18
ранени,18
прераснал,18
студенти,18
влошава,18
бургаския,18
убедена,18
нямали,18
елиминиране,18
генов,18
заключена,18
денонощия,18
свиленград,18
образува,18
отговорни,18
динко,18
финансово,18
стефани,18
разходи,18
пътували,18
казано,18
майор,18
разбрахме,18
статут,18
правосъдното,18
принудена,18
барбара,18
влизане,18
проявени,18
помогнем,18
постъпката,18
изнасилването,18
бухалка,18
настоя,18
пристигнала,18
предадени,18
подслон,18
джипа,18
срещаме,18
мигранти,18
самоличност,18
планински,18
застрелял,18
предоставят,18
антон,18
коридора,18
титуляр,18
символ,18
нулева,18
международната,18
издадените,18
разкрити,18
простреляната,18
агресивното,18
ужасно,18
запознати,18
стигат,18
протестът,18
ескалира,18
защитникът,18
комуникацията,18
дунав,18
координация,18
вярват,18
нагоре,18
плачеше,18
митева,18
гара,18
съучастие,18
кожухаров,18
вирус,18
работела,18
инфекция,18
учители,18
мотива,18
закони,17
длъжност,17
покрива,17
увеличава,17
открил,17
затворен,17
сърбия,17
персонала,17
еспч,17
печели,17
правителство,17
студент,17
освобождаване,17
загубил,17
огромно,17
обществени,17
колега,17
какъвто,17
марихуана,17
филма,17
поредният,17
манолова,17
ежедневието,17
семейно,17
удряна,17
подадените,17
активни,17
дадени,17
регистратурата,17
плоча,17
актове,17
административен,17
извика,17
книга,17
провадия,17
фон,17
юристи,17
наем,17
помогнал,17
медицинските,17
искра,17
найденова,17
четвърти,17
облечена,17
актриса,17
царево,17
спречкване,17
съвета,17
държавна,17
искър,17
фаредин,17
инсулт,17
учат,17
париж,17
затворник,17
забелязали,17
дежурните,17
двойното,17
странно,17
волана,17
плюс,17
ефективни,17
говореше,17
радост,17
бременността,17
записано,17
практиката,17
юрист,17
новогодишната,17
оказало,17
психологическо,17
спрели,17
счупил,17
създаването,17
срокове,17
извини,17
марио,17
падането,17
криминалният,17
яснота,17
молбата,17
избира,17
ангелина,17
последствията,17
трифонов,17
съпрузите,17
отправени,17
енчев,17
милка,17
отрицателна,17
пуснаха,17
тридневен,17
започнахме,17
тоя,17
разбират,17
охранителят,17
вземем,17
трагичния,17
заем,17
изправи,17
прибирала,17
успяло,17
маточната,17
камъни,17
спечели,17
специализираната,17
въз,17
избори,17
съпротива,17
записа,17
постъпи,17
вдига,17
пълномощно,17
открила,17
балкона,17
палеж,17
висши,17
ограбиха,17
окончателна,17
признаци,17
подготвен,17
избягала,17
определена,17
замесени,17
разкриване,17
проговори,17
армията,17
завинаги,17
невъзможно,17
изразиха,17
дълги,17
нанесените,17
направихме,17
изяснено,17
опитите,17
справедлива,17
събитие,17
многобройни,17
лазар,17
свободно,17
организиран,17
поредица,17
дари,17
човешките,17
диляна,17
разпитват,17
стигнат,17
колев,17
преминава,17
фонда,17
действа,17
делян,17
включи,17
обединени,17
лекарствата,17
мозъчно,17
непълнолетната,17
платно,17
отправи,17
източник,17
убият,17
извънредно,17
гориста,17
изпаднала,17
дарения,17
паднал,17
националното,17
отговорните,17
народни,17
николета,17
гледна,17
днешна,17
отидохме,17
родния,17
пробол,17
вършец,17
рилски,17
водеща,17
неправителствения,17
внезапно,17
близката,17
калин,17
извършения,17
страхът,17
предал,17
методи,17
денонощно,17
оперативна,17
българин,17
изменение,17
дарителска,17
реабилитиран,17
кауза,17
съседа,17
проведена,17
потърсихме,17
минали,17
носа,16
измамата,16
чуват,16
съучастник,16
включиха,16
частни,16
съболезнования,16
навреме,16
института,16
пети,16
изпратена,16
разгледа,16
разбра,16
съдии,16
лъжа,16
намалява,16
капацитет,16
призоваха,16
клавдия,16
датата,16
настояване,16
камелия,16
събере,16
избухнал,16
точната,16
изнудване,16
пациентите,16
поискали,16
завела,16
заработи,16
включат,16
документация,16
позволи,16
песента,16
ботевград,16
откарани,16
бобов,16
реагират,16
крум,16
давам,16
семейната,16
припомня,16
появяват,16
предоставяне,16
русенската,16
отстрани,16
убиха,16
намаляване,16
бяло,16
равнопоставеност,16
цвете,16
транспортирано,16
разпространение,16
изпада,16
общото,16
денонощен,16
паркинг,16
увеличили,16
насочил,16
огън,16
документът,16
навръх,16
долу,16
цанков,16
застреляна,16
бел,16
помолила,16
нужни,16
интереси,16
дърпа,16
произнесе,16
социалното,16
наблюдението,16
сгради,16
карали,16
карантина,16
служебният,16
слезе,16
шийка,16
понесат,16
кооперацията,16
здравните,16
галин,16
нападнала,16
празниците,16
карти,16
държа,16
полагат,16
иск,16
маска,16
коментирам,16
издъхнала,16
имаш,16
направите,16
постави,16
яке,16
живко,16
валентина,16
омуртаг,16
начинът,16
светлина,16
експертът,16
пребили,16
избегне,16
пълнолетни,16
марин,16
останки,16
каузата,16
куртев,16
съседната,16
станислав,16
съпружеско,16
наркозависим,16
добрата,16
принудил,16
национално,16
психиатър,16
починалия,16
повтори,16
борим,16
близнаци,16
отнемат,16
поеме,16
данаил,16
отчита,16
инфаркт,16
засилено,16
мечтае,16
взаимоотношения,16
нарушаване,16
арестуваният,16
засяга,16
подготовката,16
прехвърли,16
порезна,16
статус,16
прозорците,16
районът,16
кутия,16
мечта,16
укривателство,16
живеещите,16
външни,16
количка,16
проверят,16
мисия,16
планирано,16
вероятната,16
йотова,16
отне,16
вчерашния,16
направих,16
законови,16
нападнаха,16
чувстват,16
ангажимент,16
сцена,16
пране,16
кръст,16
омбудсмана,16
умисъл,16
белозем,16
питат,16
градината,16
bic,16
нанесена,16
ангажирани,16
пенсионерката,16
пътна,16
нинова,16
техника,16
кариера,16
открие,16
преминала,16
завел,16
столични,16
интернешънъл,16
подавали,16
можело,16
специализирано,16
ограби,16
фрактури,16
избягат,16
александрова,16
изпълнителна,16
черен,16
страдат,16
предоставя,16
магдалена,16
уведомен,16
отбор,16
портмонето,16
горещата,16
издирван,16
търсила,16
посяга,16
интензивното,16
нешев,16
повдигнала,16
мила,16
божикова,16
действал,16
детско,16
разходка,16
доскоро,16
илия,16
гьонева,16
направено,16
непълнолетните,16
станка,16
ограничителната,16
забранява,15
диагнозата,15
подозрение,15
пострадаха,15
уницеф,15
средни,15
взеха,15
артерия,15
отговорен,15
треньор,15
действат,15
родината,15
огнестрелни,15
яви,15
съдебномедицинската,15
продажба,15
приближава,15
врати,15
свързват,15
укрива,15
ирена,15
лошото,15
забранено,15
паника,15
съдействието,15
стандарти,15
спокойна,15
убеди,15
съдържанието,15
роди,15
нямал,15
очаквайте,15
поредното,15
лилия,15
марангозова,15
съществуват,15
евтимова,15
представят,15
констатирани,15
месечно,15
пуснала,15
отрицателни,15
ведомството,15
влязоха,15
чакаме,15
пробите,15
опасни,15
корнелия,15
контролира,15
трудностите,15
класа,15
ограничаване,15
живеещи,15
градини,15
бояна,15
изразяваща,15
светофар,15
идваше,15
патрул,15
застана,15
живееш,15
ценности,15
разкрито,15
смъртния,15
актьорът,15
припомнят,15
почивка,15
персонал,15
съдиите,15
минувачи,15
емоционална,15
коалиция,15
вътрешни,15
осъдена,15
здравословно,15
каймакчийски,15
надяваме,15
подарък,15
подавани,15
велинград,15
муса,15
поемат,15
гласи,15
остро,15
прозорец,15
посегне,15
информират,15
гери,15
маскирани,15
изследванията,15
посещение,15
интервенция,15
обърнат,15
адекватен,15
здравословното,15
линии,15
цинизъм,15
здравна,15
процент,15
успех,15
десетина,15
граф,15
число,15
пловдивският,15
писмени,15
доказване,15
размери,15
багаж,15
нормален,15
интервюто,15
непълнолетния,15
специална,15
мехмед,15
остър,15
разкази,15
хотела,15
увери,15
шарково,15
наложени,15
велев,15
психолога,15
асеновград,15
максимално,15
случаен,15
кубрат,15
страсбург,15
кристиан,15
радва,15
арсенал,15
обявено,15
имотна,15
забелязано,15
преслава,15
противодействие,15
борис,15
връщане,15
пропуск,15
разликата,15
излизане,15
забавяне,15
оцелява,15
пътен,15
детството,15
славяново,15
минимум,15
телефонните,15
собственичката,15
имущество,15
днешен,15
мебели,15
обиск,15
успяхме,15
потърпевша,15
полет,15
екимова,15
медицинския,15
родителят,15
историите,15
разкриха,15
търся,15
решат,15
извършила,15
спомените,15
получените,15
необходимостта,15
бюджет,15
образувала,15
неврохирургия,15
апартаментът,15
момчилград,15
изведени,15
максимална,15
държеше,15
приключване,15
врачанско,15
прободна,15
ухото,15
поставен,15
справедлив,15
прокурорите,15
различно,15
организираха,15
третият,15
депутатът,15
сферата,15
сигурността,15
метален,15
здравният,15
дежурната,15
работещи,15
огледи,15
сунгарска,15
успяха,15
пловдивския,15
нашият,15
слава,15
необходима,15
забелязва,15
накити,15
наблюдават,15
възстановява,15
разследващ,15
фатално,15
поли,15
тайна,15
забраната,15
събитията,15
шофьори,15
територия,15
обичаше,15
спряла,15
ниска,15
инсулин,15
външната,15
свидетелства,15
законопроект,15
стените,15
мислех,15
неимуществени,15
ефект,15
предварителна,15
предприеме,15
мисълта,15
ботунец,15
отклонения,15
убийствата,15
недоволството,15
пътната,15
заплаши,15
ужасяващи,15
решиха,15
стар,15
преценка,15
студено,15
дарят,15
отскоро,15
произвел,15
взлом,15
дълбоко,15
подробно,15
завършила,15
мозъчен,15
появиха,15
постройка,15
загиналото,15
изпитва,15
успее,15
въвежда,15
свържат,15
фактор,15
чирков,15
викат,15
зъби,15
отказали,15
прати,14
протокол,14
осъзнава,14
асансьор,14
желязков,14
тихомир,14
марица,14
легенда,14
самотно,14
симптоми,14
издаден,14
търговския,14
стаи,14
необходимост,14
созопол,14
пребива,14
здраво,14
видеоклип,14
претърпяла,14
донка,14
височина,14
допуска,14
навътре,14
изнасили,14
изрично,14
чиито,14
галиче,14
сигнализирала,14
дрогиран,14
тракия,14
ана,14
обижда,14
публикация,14
собственика,14
притежание,14
изготвен,14
смени,14
дойдат,14
русенско,14
свидетелство,14
стартира,14
пирин,14
бизнеса,14
преминал,14
кино,14
правиш,14
следното,14
казусът,14
родена,14
търсенето,14
президентът,14
идването,14
малтретирано,14
реплики,14
действително,14
кузев,14
твоята,14
дай,14
традиция,14
вдигна,14
дух,14
справя,14
божидар,14
калинка,14
искаха,14
одит,14
белезници,14
посланието,14
следствен,14
америка,14
подпише,14
търпи,14
слатина,14
развръзка,14
издъхва,14
функции,14
получавала,14
багажник,14
пазара,14
продължило,14
клипове,14
отхвърли,14
изтърпяване,14
битото,14
извършат,14
монтанското,14
стъпка,14
противозаконно,14
конфликтът,14
открият,14
човешкия,14
детските,14
денис,14
чухме,14
конкретния,14
специалист,14
покушението,14
собствениците,14
грубо,14
покрив,14
възстанови,14
политиката,14
върнати,14
завършил,14
изнесе,14
следствена,14
равнопоставеността,14
безопасността,14
интензивно,14
куцева,14
шофиране,14
държавен,14
предната,14
дълъг,14
депутати,14
обвиняват,14
половинката,14
запалил,14
анета,14
константин,14
кръвна,14
кристин,14
пряко,14
ограничение,14
бруталната,14
укрил,14
ражда,14
тенденцията,14
профил,14
съвети,14
скенер,14
обърнал,14
кръстев,14
побоища,14
михаела,14
последна,14
служебния,14
достатъчни,14
въоръжен,14
отправя,14
защитено,14
миризма,14
широк,14
станишев,14
нямала,14
напомнят,14
търпят,14
съветват,14
костинброд,14
затворена,14
собствените,14
международна,14
трудна,14
световна,14
случайни,14
обадих,14
награда,14
малтретирана,14
проверките,14
изпълнител,14
жестоки,14
педагогически,14
старите,14
предупреждение,14
съдейства,14
хартия,14
възниква,14
лекарка,14
внасяне,14
съдят,14
звезди,14
срс,14
вма,14
честно,14
контактна,14
пешеходната,14
използването,14
внесла,14
разходите,14
столично,14
физическата,14
отцепен,14
крачка,14
следвало,14
изписано,14
цитиран,14
физическото,14
печалба,14
ценово,14
весела,14
ритал,14
колегата,14
ниски,14
панайотов,14
бъбреците,14
нямах,14
гняв,14
скрита,14
акта,14
луиза,14
мълчат,14
нападнали,14
гранична,14
примерно,14
забрадки,14
задушаване,14
отнет,14
уплашени,14
изпращат,14
социалния,14
каса,14
подчертава,14
ваксината,14
последвал,14
николина,14
стефанов,14
сливенската,14
стъпки,14
животното,14
държавите,14
младен,14
стефанка,14
градуса,14
докладвани,14
затваря,14
определиха,14
изменения,14
моментът,14
жителка,14
специализираните,14
постепенно,14
рисковете,14
шефа,14
равни,14
използвал,14
раздели,14
паметника,14
икономическо,14
обсъждане,14
кампании,14
предложи,14
заема,14
удрят,14
намирала,14
съкратеното,14
динкови,14
премине,14
шизофрения,14
държавните,14
качи,14
москова,14
прости,14
неосъждан,14
изнасилено,14
гледала,14
университета,14
паоло,14
разбирам,14
публичното,14
сигнализирали,14
психиатрично,14
присъдите,14
администрацията,14
сцената,14
интересно,14
опитвала,14
народ,14
рашидов,14
нахлули,14
убийци,14
приел,14
цвят,14
жанета,14
загинал,14
анка,14
лоши,14
отзвук,14
лист,14
повярвам,14
внучето,14
сидеров,14
хвърлил,14
потърсил,13
насочено,13
усещането,13
разпространен,13
постъпва,13
рехабилитация,13
болно,13
политици,13
рангелова,13
изчезнали,13
вируса,13
заплащането,13
поредно,13
образователни,13
прегледи,13
господ,13
рени,13
помислих,13
коклюш,13
спирката,13
безжизнено,13
разправията,13
развитието,13
лента,13
краде,13
искахме,13
курорта,13
охраната,13
икономически,13
осигурени,13
членовете,13
ключ,13
костадинов,13
компетентност,13
възрастният,13
села,13
преписка,13
потребности,13
кожата,13
шока,13
цитирана,13
възможни,13
покойния,13
казус,13
обща,13
склоняване,13
оперирана,13
гроба,13
отложи,13
вестник,13
доверието,13
полага,13
живков,13
любомила,13
отваря,13
филип,13
цсмп,13
новият,13
сваля,13
търсим,13
австралия,13
сливенското,13
къщите,13
замесен,13
местонахождението,13
знаеше,13
разстояние,13
свое,13
полето,13
можа,13
присъства,13
затруднения,13
държат,13
управляван,13
мазето,13
кандидат,13
малолетната,13
членки,13
целите,13
мои,13
неправителствените,13
допуснати,13
хематоми,13
туристи,13
наследство,13
черната,13
подготовка,13
поста,13
подкрепи,13
видяха,13
съден,13
вратите,13
самолета,13
ева,13
любовна,13
забравя,13
тъмно,13
роден,13
въздуха,13
обретенова,13
съответния,13
обеща,13
принуждавани,13
топлофикация,13
дежурният,13
забрани,13
последен,13
окото,13
отсъствия,13
разговарял,13
предупреждават,13
любенов,13
англия,13
дружеството,13
издал,13
прибират,13
стореното,13
обикновен,13
диабет,13
предложението,13
гигов,13
великобритания,13
алкохола,13
запознали,13
смъртни,13
повдигне,13
кънев,13
царица,13
сезон,13
есента,13
черна,13
местното,13
минка,13
женския,13
отговориха,13
майките,13
кредит,13
братовчед,13
пробата,13
изготви,13
водачът,13
взаимодействие,13
обстановка,13
напоследък,13
накара,13
окажат,13
виновните,13
банишора,13
фалшиви,13
произшествие,13
разрешително,13
разтърси,13
мислят,13
обществеността,13
докарана,13
звънят,13
допълнителна,13
биел,13
криминален,13
изпълнява,13
инвалид,13
мира,13
убила,13
битови,13
шишкова,13
йончева,13
спокойни,13
звено,13
опитът,13
покойната,13
жестокия,13
близкия,13
повярва,13
работили,13
пенсионер,13
огромен,13
извикал,13
приказка,13
световната,13
пребори,13
центърът,13
банков,13
пневмония,13
хвана,13
родителя,13
суми,13
атаката,13
решихме,13
напомни,13
илков,13
съпричастността,13
извършвани,13
чук,13
барикадира,13
посети,13
елеонора,13
водещите,13
калканджиева,13
швейцария,13
капка,13
благодарим,13
предприетите,13
международният,13
показал,13
удостоверение,13
лекарката,13
изгаряне,13
моника,13
девойка,13
чужди,13
посочени,13
транспортирани,13
куршум,13
свидетелските,13
готов,13
наказателен,13
регистрираните,13
капана,13
невинен,13
бистра,13
съгласието,13
довел,13
неизвестен,13
реалност,13
играя,13
умират,13
извърви,13
обичайно,13
зов,13
благодарност,13
рубриката,13
дойда,13
осъдени,13
убивам,13
отнеме,13
нанесе,13
черепа,13
разбиране,13
керанова,13
дълга,13
задача,13
преминават,13
създават,13
седалка,13
нужна,13
пречи,13
видове,13
проявява,13
участваха,13
заведено,13
око,13
военно,13
търговски,13
лишени,13
обикалят,13
фалшив,13
грижела,13
хубав,13
комоцио,13
печалбата,13
научих,13
стамболийски,13
владислав,13
изследва,13
посветена,13
тройна,13
брака,13
доказателство,13
подсъдими,13
мечката,13
огнян,13
тийнейджър,13
армия,13
съберем,13
регионалното,13
антонова,13
кафе,13
силите,13
белези,13
студентите,13
емоции,13
възпитанието,13
заведени,13
щетите,13
откакто,13
мотиви,13
стоев,13
обекта,13
думата,13
донор,13
единствен,13
обезобрази,13
строго,13
дотогава,13
мартина,13
излезли,13
генерал,13
допълниха,13
значението,13
кредити,13
пристигналият,13
парични,13
самозащита,13
руп,13
лопата,13
управлява,13
партии,13
съзнанието,13
зет,13
включени,13
смисъла,13
раната,13
сняг,13
разказът,13
достойнство,13
основни,13
гореща,13
проверени,13
водача,13
пехливанян,13
професионалната,13
сбиване,13
петте,13
необходимата,13
разберем,13
банката,13
английски,13
изпраща,13
обадила,13
тихо,13
отзовали,13
избират,13
здравни,13
погледа,13
кръста,13
последици,13
същи,13
реформа,13
президентството,13
псс,13
христос,13
местни,13
прием,13
помогнали,13
отчетоха,13
насам,13
студентки,13
влака,13
разиграва,12
направило,12
назначаване,12
казвала,12
предаване,12
кокинов,12
даваме,12
пожелала,12
оставили,12
студентски,12
сметката,12
прикрие,12
дирекции,12
отглежда,12
ниско,12
извършените,12
обикаля,12
изразят,12
наследници,12
секцио,12
вик,12
техническа,12
загубих,12
истинска,12
диша,12
изоставен,12
даден,12
задължава,12
тежестта,12
отговорят,12
почна,12
медикаменти,12
преживения,12
психиатричната,12
планина,12
здравкова,12
храната,12
станева,12
станков,12
роли,12
осигуряване,12
оставени,12
савов,12
мирен,12
пейка,12
позовавайки,12
щастливи,12
обещал,12
любен,12
прекрасен,12
живеело,12
причинените,12
продукти,12
вършат,12
рамото,12
приключило,12
бус,12
отстраняване,12
оплакват,12
констатирано,12
пуска,12
айтос,12
бургаско,12
спорове,12
разделят,12
дамата,12
обявени,12
съобщили,12
изпълняват,12
околните,12
рождения,12
продължили,12
спасител,12
издържа,12
всс,12
заплашена,12
изчезналото,12
наричат,12
технически,12
престъпното,12
дългогодишен,12
отвлечено,12
преподавателката,12
консултативни,12
съобщенията,12
ценни,12
пункт,12
изплашена,12
опасността,12
общинско,12
осман,12
компетентните,12
законите,12
постъпило,12
съгласна,12
разпита,12
изпълнителната,12
очаквам,12
бити,12
факултета,12
предотврати,12
полов,12
сюлейманов,12
спасителите,12
мое,12
чете,12
незаконен,12
удушаване,12
строителство,12
стоянка,12
дървена,12
викаше,12
икономическия,12
отнемане,12
смели,12
брега,12
плода,12
тийнейджърката,12
ракови,12
парализа,12
възможностите,12
използване,12
оставки,12
дряново,12
повишаване,12
пеша,12
белезите,12
журналистите,12
обич,12
тежест,12
драгомир,12
основна,12
телесната,12
солидарност,12
севлиево,12
паралелно,12
известните,12
следствените,12
поглед,12
sos,12
лелята,12
знаци,12
настояваме,12
застанаха,12
използвали,12
филипов,12
метър,12
видима,12
предварителни,12
предсрочно,12
наяве,12
главната,12
синьо,12
добрева,12
ежедневно,12
танева,12
луковит,12
измамник,12
причинила,12
справим,12
ивета,12
стрелча,12
павлова,12
монтанско,12
удряла,12
посегателствата,12
сфери,12
организатор,12
напуснали,12
намираме,12
разкриването,12
мрежата,12
трудова,12
ексклузивно,12
ножът,12
предприемач,12
продаде,12
убеден,12
издирвания,12
отглеждат,12
годишните,12
понесе,12
сигурен,12
сгс,12
специализирания,12
обжалват,12
рила,12
задължението,12
аргументи,12
последвала,12
дясна,12
пътувала,12
биват,12
крадец,12
заявили,12
лиляна,12
шуманова,12
анонимност,12
бенатова,12
достъпът,12
признали,12
бездействие,12
пресконференция,12
сава,12
местата,12
нещастен,12
искали,12
пътуват,12
отбелязват,12
съпричастни,12
качулка,12
дързост,12
подаването,12
непосредствено,12
стигнала,12
зони,12
раковски,12
нина,12
изпратили,12
централните,12
обезобразена,12
дотук,12
напускане,12
познавал,12
съседния,12
провеждането,12
боклук,12
нпк,12
панагюрище,12
адв,12
постъпките,12
счита,12
преценят,12
литература,12
кратък,12
извадила,12
вдовица,12
издъхна,12
измамниците,12
направиш,12
русинова,12
дълбок,12
палевски,12
марияна,12
прилагане,12
благоева,12
интимната,12
скри,12
процедурите,12
помагала,12
миролюба,12
заповедите,12
банкя,12
мили,12
обадят,12
общи,12
разбера,12
брутален,12
динамика,12
скъпи,12
мълчанието,12
отвод,12
прострелян,12
генова,12
действала,12
ограбили,12
отвлече,12
внука,12
фризьорски,12
страдала,12
изтича,12
славка,12
очаквах,12
въздействие,12
прекалено,12
здрава,12
купува,12
видеата,12
страница,12
подадена,12
униформени,12
отбелязваме,12
активна,12
щръклево,12
спрян,12
двойка,12
зрението,12
заключенията,12
живееше,12
отчете,12
проституира,12
такса,12
галерия,12
афект,12
извикан,12
мъжки,12
отнася,12
отворен,12
изгуби,12
отведен,12
рода,12
спрях,12
текат,12
освидетелствана,12
дадено,12
вербално,12
прикриване,12
луканов,12
платформа,12
ходим,12
отзад,12
намушкаха,12
освобождаването,12
форум,12
бебета,12
противообществените,12
челюст,12
осъждани,12
стигнали,12
треньорът,12
изключен,12
свада,12
претенции,12
пътното,12
предполагаемият,12
насилвана,12
гражданска,12
елин,12
отговорите,12
пелин,12
напомня,12
бързата,12
банско,12
умъртви,12
призив,12
произшествието,12
бързия,12
провокира,12
нормална,12
помагал,12
наясно,12
лаборатория,12
съдба,12
оценки,12
касабов,12
загива,12
повикал,12
аборт,12
конче,12
носене,12
градовете,12
доказват,12
плен,12
съхранение,12
гора,12
топло,12
човешка,12
караянчева,12
умения,12
говорили,12
директорите,12
изготвени,11
документиране,11
дружба,11
радвам,11
свещи,11
дърва,11
простреляха,11
кръстанова,11
консултиране,11
психика,11
мис,11
вещество,11
приемно,11
найденов,11
собствено,11
птп,11
взриви,11
откуп,11
участвала,11
законопроектът,11
обстановката,11
късния,11
осъществено,11
напускат,11
прокурорско,11
арестуваните,11
изглеждат,11
наоколо,11
летище,11
събрала,11
пазарджишкото,11
икономическа,11
личности,11
следствието,11
любка,11
транспортиран,11
насрочи,11
бъдете,11
травмата,11
прибрало,11
кухнята,11
издание,11
бан,11
намали,11
услугата,11
опитах,11
смет,11
кладенец,11
процесуална,11
инициативи,11
подигравка,11
спешните,11
опитаха,11
бъдещето,11
слага,11
обадиха,11
щях,11
притеснение,11
хижата,11
нетърпимост,11
конец,11
участъка,11
хеликоптер,11
рискът,11
bgstsa,11
блокирано,11
колджиева,11
спират,11
тяхно,11
правни,11
улици,11
лидера,11
гинка,11
правосъдния,11
месо,11
клон,11
освободени,11
невнимание,11
цолов,11
притеснения,11
бургазлиев,11
приключва,11
длъжни,11
оток,11
апел,11
желев,11
лекарската,11
яйца,11
чувала,11
вътрешната,11
цветанка,11
изпитват,11
родната,11
протестно,11
злоупотреба,11
стабилизирано,11
грижата,11
разхождат,11
многопрофилна,11
поема,11
умъртвена,11
разговаряли,11
конкурс,11
верига,11
грип,11
ела,11
главно,11
денков,11
междучасие,11
ванеса,11
афганистан,11
решенията,11
апарат,11
бременните,11
внесен,11
правили,11
правени,11
контейнер,11
заложници,11
fyre,11
блокирани,11
епидемия,11
велики,11
публикувани,11
преслав,11
дьо,11
самоков,11
посетил,11
спорт,11
заснет,11
затруднено,11
море,11
педагогическия,11
възпитание,11
осъзнае,11
ежедневие,11
сърдечно,11
домашния,11
тъмната,11
готовност,11
издадено,11
оперативни,11
обувките,11
предизвикан,11
сутрешния,11
свършат,11
пребитото,11
минувач,11
родителските,11
въпросния,11
линейки,11
внесат,11
счупила,11
дончева,11
небрежност,11
хранене,11
боря,11
констатирал,11
светлин,11
играят,11
хирургично,11
административно,11
намирал,11
донесе,11
колите,11
колан,11
банкови,11
собственици,11
столица,11
удряше,11
сложен,11
ударих,11
държане,11
бедрото,11
питах,11
реалната,11
котките,11
желева,11
наредба,11
лежала,11
предприема,11
непълнолетното,11
катерина,11
хасан,11
министри,11
пожарна,11
стол,11
познавала,11
идеи,11
многото,11
наше,11
медал,11
психология,11
бонева,11
мило,11
обучението,11
кабаиванов,11
самолет,11
разказали,11
разпространени,11
малтретираното,11
преминали,11
крадците,11
предотвратяване,11
учението,11
базата,11
говорил,11
ранена,11
руо,11
доводите,11
изгрев,11
аспарухово,11
откритата,11
повдигнатото,11
осигурява,11
стъклото,11
научава,11
жилищна,11
нападатели,11
оставен,11
крият,11
видяна,11
кризисният,11
влошило,11
свободни,11
ударен,11
могили,11
свалят,11
внесени,11
охранителни,11
карина,11
шосе,11
въпросният,11
здравословни,11
сливница,11
намалена,11
алианс,11
апи,11
разследвания,11
пребивана,11
широко,11
обществената,11
организираната,11
бира,11
претърсвания,11
предполагам,11
заявяват,11
зайков,11
служебните,11
алтернативи,11
едногодишната,11
петия,11
контузия,11
предизвикаха,11
фентъм,11
хирург,11
измененията,11
камионът,11
дим,11
смъртност,11
прилага,11
калоянова,11
заподозрени,11
десислав,11
петрич,11
цацаров,11
бит,11
табели,11
жаклин,11
отведена,11
подписва,11
извадили,11
търсили,11
безнаказано,11
преписки,11
грижила,11
давид,11
спрем,11
белите,11
останало,11
живи,11
алексов,11
компании,11
конкретно,11
спестявания,11
катастрофи,11
шийката,11
множеството,11
разведе,11
ваканция,11
участник,11
изпитание,11
пряка,11
пътни,11
дадох,11
токсин,11
матката,11
нахлу,11
ранената,11
чета,11
пловдивска,11
женя,11
обещания,11
теза,11
служебен,11
прибрали,11
фирми,11
станимир,11
обективно,11
авторът,11
старата,11
излизам,11
музика,11
радина,11
балони,11
картината,11
откраднал,11
престъпник,11
дружество,11
заслужават,11
предишния,11
последвало,11
дискриминацията,11
измамена,11
пенсионерка,11
депресия,11
оказали,11
живееща,11
черно,11
продължителен,11
глобата,11
местопроизшествие,11
instagramследете,11
отворено,11
обем,11
лондон,11
укривал,11
медийни,11
внимателно,11
шокиращ,11
софийското,11
приемане,11
търговия,11
савова,11
виж,11
дъщеричката,11
занимават,11
местния,11
точки,11
придружен,11
подозират,11
получихме,11
правно,11
семейните,11
нараняване,11
неизпълнение,11
контингент,11
рудник,11
закъсняла,11
допускат,11
крясъци,11
фанка,11
дъщеричка,11
казваме,11
проституират,11
бургаска,11
съкратената,11
тонка,11
измъкне,11
детенцето,11
дебат,11
звена,11
признала,11
басейн,11
наместник,11
дребни,11
отнета,11
скопие,11
петьо,11
нападнато,11
игнатиево,11
демонстрацията,11
сепсис,11
ндк,11
задължение,11
очакване,11
страдание,11
ланге,11
придружаващи,11
кръгла,11
ввс,11
пътища,11
гъби,11
настояха,11
възползва,11
министерства,11
позволяват,11
обичат,11
изправя,11
синдел,11
желаят,11
избягали,11
благой,11
погребана,11
скочи,11
чест,11
планове,11
занимавала,11
тестван,11
отворена,11
обзор,11
поделение,11
небето,11
бастун,11
доходи,11
нарича,11
реални,11
влизането,11
разделили,11
михов,11
разглежда,11
неправилно,11
изкарва,11
създаден,10
националният,10
анита,10
засегнати,10
падат,10
съученички,10
шофирал,10
въздух,10
зачестяват,10
общините,10
отивам,10
отделения,10
марка,10
юридически,10
скала,10
назначи,10
ревността,10
проявявала,10
военни,10
мобилните,10
дълг,10
чувал,10
наложеното,10
изненадващо,10
обясненията,10
списание,10
руски,10
актьор,10
преминат,10
успеят,10
задната,10
тревожна,10
изпратила,10
лозен,10
легла,10
сексуалните,10
общия,10
виковете,10
чепеларе,10
извеждане,10
изписани,10
бъбречна,10
съгласил,10
курсове,10
гледали,10
съкратено,10
фани,10
трявна,10
страхотен,10
психичното,10
крадци,10
поискана,10
хоспитализирана,10
набиране,10
душене,10
галъп,10
прободно,10
звезда,10
енина,10
лекарско,10
включили,10
долни,10
подозрения,10
рачева,10
лидер,10
оплака,10
музиката,10
врагове,10
бюджета,10
дазд,10
обсъждат,10
видеа,10
украинка,10
премахване,10
коцев,10
извикана,10
демонстрация,10
танев,10
водещ,10
вътрешен,10
работели,10
държавно,10
публични,10
избран,10
подготвени,10
уволнение,10
издадената,10
гинеколог,10
завода,10
цеха,10
застават,10
кражбата,10
телесните,10
несъвместими,10
мащаб,10
тютюнопушене,10
гледане,10
приятно,10
русева,10
куртово,10
нападнатата,10
телиш,10
строгост,10
санитарката,10
независимост,10
невредими,10
превишена,10
лоша,10
приела,10
дебати,10
заканата,10
записът,10
психиката,10
разноски,10
изразяват,10
унижение,10
бдение,10
услугите,10
пръст,10
разбили,10
купон,10
едновременно,10
управления,10
евростат,10
ясмин,10
вила,10
изяснят,10
обидни,10
растат,10
саморазправата,10
чочо,10
кандидатства,10
ягода,10
виждайки,10
наново,10
сапунджиев,10
заснето,10
инспекция,10
мечки,10
подпалил,10
синя,10
преодоляване,10
огънят,10
маскиран,10
уведомили,10
сърдечен,10
начело,10
вървят,10
пияна,10
успях,10
нелеп,10
спазват,10
разпознава,10
заблуждение,10
пожелаха,10
бихме,10
музей,10
смятаме,10
видно,10
протоколи,10
подаръци,10
светът,10
стакевци,10
нападат,10
шишков,10
гледаше,10
плана,10
преследването,10
дълбоки,10
стрелец,10
обратното,10
предизвиква,10
скандалите,10
обещание,10
съставен,10
можела,10
щял,10
налични,10
дамянов,10
издирваният,10
поела,10
появата,10
усещане,10
еоод,10
нуждата,10
професионално,10
събра,10
предложил,10
арестът,10
златен,10
парацетамол,10
дамската,10
повръщане,10
качество,10
нуждаят,10
списъка,10
изчезнало,10
пеловска,10
откраднат,10
собственичка,10
геновева,10
съща,10
часова,10
пределите,10
чина,10
подало,10
отпреди,10
посочено,10
тотка,10
предоставени,10
ловна,10
южна,10
димова,10
възпитател,10
герев,10
вазов,10
пусната,10
оплакала,10
привличане,10
абсурдно,10
стоки,10
бежанците,10
изграждането,10
западна,10
синините,10
стигнал,10
правеше,10
дървен,10
тръгнаха,10
ранил,10
гечев,10
начини,10
веригата,10
осми,10
направените,10
достатъчен,10
паметник,10
манев,10
пребивал,10
готви,10
елизабет,10
бащи,10
психическият,10
разчита,10
крайности,10
прорезни,10
червено,10
обичаме,10
прегазил,10
асансьора,10
образувана,10
глоби,10
слънцето,10
пътуване,10
гражданско,10
стълб,10
джесика,10
задържи,10
икономиката,10
мартениците,10
полша,10
гласът,10
норвегия,10
откраднали,10
благовеста,10
влязох,10
отнели,10
добринка,10
високите,10
симеон,10
истинската,10
методика,10
цигара,10
цеца,10
земи,10
красиви,10
планинската,10
преценил,10
манастира,10
изхвърли,10
легенди,10
изненада,10
интерпол,10
белгия,10
своге,10
вярвали,10
предприемане,10
твърдението,10
ханът,10
учебното,10
критики,10
потвърдено,10
райкова,10
отгоре,10
мнозина,10
обучения,10
шофира,10
празника,10
потърсило,10
заподозрените,10
агресивни,10
затворници,10
нанасят,10
клипът,10
пръчка,10
тийнейджъри,10
димов,10
валя,10
скрит,10
списък,10
намеси,10
очаквал,10
прекратено,10
вълков,10
подписите,10
мъчения,10
ходила,10
заплашват,10
оплакване,10
свързала,10
намереното,10
пътувал,10
патриоти,10
свали,10
краят,10
мариам,10
управителят,10
подпис,10
пеева,10
откаже,10
павлина,10
предостави,10
заслужава,10
дежурния,10
церебрална,10
повторна,10
гена,10
театъра,10
великотърновската,10
стреляно,10
ритана,10
изходът,10
можах,10
изкуството,10
ползва,10
свински,10
придобиване,10
положителен,10
камен,10
публиката,10
здравословен,10
ходжа,10
цялостен,10
кош,10
изделия,10
измени,10
македонската,10
меден,10
никодимов,10
подписал,10
отразява,10
изостаналост,10
ванга,10
прегази,10
крещи,10
водещата,10
повторно,10
безсилие,10
терзийска,10
одобри,10
украински,10
поисках,10
реформи,10
следващият,10
четвърто,10
дефицит,10
майчинство,10
градският,10
златните,10
фирмите,10
денонощието,10
научат,10
оцелее,10
апартаменти,10
лев,10
качена,10
борисова,10
отнето,10
налагат,10
гурково,10
отрекоха,10
попадат,10
организирано,10
подписала,10
официалната,10
абсурд,10
свекърва,10
атв,10
сочен,10
туризъм,10
здрави,10
благодарна,10
обръщение,10
психологична,10
ботулинов,10
случат,10
продължиха,10
оцеляла,10
лош,10
племенник,10
животоспасяваща,10
предвидено,10
неприятна,10
конкретен,10
болезнена,10
получавал,10
образ,10
осмеляват,10
отворени,10
разбираме,10
недкова,10
въвеждат,10
приемна,10
разкрития,10
изискванията,10
разкажат,10
изпратено,10
берковица,10
магистрати,10
изготвянето,10
акцент,10
претърпели,10
попаднала,10
данс,10
проявите,10
информираха,10
несебър,10
въвеждане,10
тротинетка,10
предават,10
командир,10
хубави,10
безработни,10
следобедните,10
феминистки,10
вътрешно,10
ръкавици,10
кървавата,10
черния,10
али,10
станев,10
отгледала,10
предвиденото,10
звъня,10
академия,10
автобуса,10
душена,10
складовете,10
костадинка,10
яде,10
кръводарители,10
богато,10
годинка,10
предприели,10
умбалсм,10
наречената,10
насочена,10
възмездие,10
реджеп,10
зачестилите,10
безспорни,10
бежанци,10
гласува,10
строеж,10
цена,10
изгубил,10
живущите,10
инкриминиране,10
изстрелите,10
оплаквала,10
развиват,10
необяснимо,10
бензиностанция,10
адреси,10
районните,10
обир,10
причакал,10
математика,10
властта,10
капан,10
вади,10
провокирало,10
преминаха,10
лесна,10
гръцки,10
токов,10
човешко,10
съпричастен,10
лиценз,10
преместена,10
предумишлено,10
обезобразено,10
държани,9
добрена,9
насочват,9
ракът,9
драстично,9
механизми,9
вуйчо,9
случил,9
увереност,9
post,9
академията,9
привържениците,9
откраднати,9
избухна,9
пристигне,9
йова,9
християн,9
поставяне,9
намерението,9
отхвърлят,9
адриана,9
съдби,9
вежди,9
бито,9
убитият,9
лекарство,9
гледах,9
земеделието,9
госпожа,9
стоичков,9
самоотбрана,9
въздържа,9
гражданския,9
очаквала,9
вървяла,9
превърне,9
форума,9
обира,9
дания,9
домашните,9
фитнес,9
обиждал,9
обиски,9
демонстрации,9
обяснението,9
отвлякъл,9
съответната,9
институт,9
код,9
продължа,9
общинска,9
мъглиж,9
апартаментите,9
китай,9
разиграл,9
пламъците,9
областна,9
проучването,9
безуспешно,9
откраднатите,9
енергия,9
театър,9
изискани,9
сотир,9
болните,9
възпитателни,9
мара,9
необходимото,9
отидем,9
тестове,9
кметицата,9
спра,9
днешния,9
телефонно,9
израел,9
богомил,9
предоставена,9
shared,9
продължим,9
повлияе,9
наранил,9
легнал,9
покрайнините,9
чакали,9
героинята,9
административни,9
зрители,9
отзовал,9
emprove,9
неизвестни,9
спазва,9
тунел,9
професионален,9
косово,9
бъчварова,9
часът,9
катрин,9
способен,9
клиентът,9
работните,9
регионалната,9
добрия,9
сестрите,9
горите,9
кольо,9
широка,9
препоръките,9
златарица,9
андреа,9
домове,9
забележки,9
многократни,9
научил,9
магистрала,9
лерца,9
страшна,9
структури,9
зависимости,9
русенски,9
носела,9
чужда,9
запознават,9
домакинство,9
стадо,9
вятър,9
издаването,9
предходната,9
почит,9
изключи,9
привлечена,9
проведат,9
рецидивисти,9
предявено,9
следната,9
заплахата,9
обидите,9
представила,9
трудности,9
янев,9
славчо,9
купил,9
тоалетна,9
усеща,9
неведнъж,9
отвъд,9
защитена,9
баракова,9
обърнах,9
заразяване,9
върнах,9
създадена,9
младши,9
проучвания,9
видинската,9
намерих,9
протестиращи,9
подробностите,9
безпомощна,9
мъката,9
сербезова,9
разби,9
медицината,9
вашата,9
отнети,9
изпълнителен,9
постановил,9
отделя,9
цялостна,9
споделил,9
частните,9
лято,9
училищен,9
богровеца,9
комплексна,9
можахме,9
хваща,9
народно,9
обърнали,9
оня,9
сменя,9
оказване,9
дейностите,9
наказателното,9
ходили,9
цанкова,9
официалните,9
богдан,9
плановете,9
хвърля,9
цветелин,9
обществените,9
плакати,9
годинки,9
прякора,9
петорна,9
вход,9
разпознала,9
основателен,9
опашки,9
бащите,9
ваксините,9
предотвратят,9
логично,9
студа,9
свободна,9
дискусия,9
чакаха,9
терапевт,9
превозното,9
градът,9
психотерапевт,9
шуменско,9
шипка,9
твоя,9
bulgaria,9
изолацията,9
преподаватели,9
червения,9
огнестрелна,9
комбина,9
дефиниция,9
аспаруховите,9
спасение,9
социалният,9
пространството,9
гола,9
насрещното,9
мир,9
сметките,9
непълнолетна,9
научила,9
откажа,9
опитвал,9
отговорът,9
ревнив,9
продават,9
усетила,9
теньо,9
оправда,9
детелина,9
срещнали,9
снежана,9
таблетки,9
навърши,9
драмата,9
кремация,9
битова,9
щяхме,9
поколение,9
съседен,9
скрие,9
контактите,9
извикали,9
идвала,9
притеснен,9
желязо,9
постъпват,9
ползват,9
сдружението,9
бащинство,9
констатира,9
тате,9
управляващите,9
почине,9
кратки,9
страхил,9
изплува,9
медикът,9
начева,9
приберем,9
претърсването,9
прекрати,9
предполагаемия,9
предположи,9
нарушава,9
донорството,9
благоевградската,9
синдром,9
пътници,9
мотото,9
стори,9
марков,9
разпространява,9
зарков,9
ромския,9
ставаме,9
наби,9
многопрофилната,9
хълм,9
младежкия,9
повярват,9
зима,9
портмоне,9
удряли,9
озовала,9
чичо,9
влошени,9
духа,9
тежи,9
професор,9
костова,9
газова,9
установихме,9
дарение,9
спасяват,9
съгласила,9
получавали,9
някоя,9
обобщи,9
умъртвила,9
норма,9
скрил,9
отопление,9
екстрадиран,9
сечко,9
бареков,9
похитителите,9
движат,9
последиците,9
достигне,9
митев,9
възпитателят,9
благотворителен,9
базар,9
опитвам,9
пандемия,9
дихателна,9
неизвестна,9
осъществяване,9
нешка,9
умствена,9
пребити,9
престоя,9
запалена,9
рамо,9
представителят,9
условие,9
тавана,9
допусна,9
външния,9
засегнатите,9
топлото,9
оплаква,9
общинското,9
оливър,9
станция,9
международно,9
жест,9
трудни,9
вальо,9
жилищния,9
бургазлия,9
излежал,9
нисък,9
злоупотребявал,9
закача,9
намушкала,9
пристигна,9
написал,9
протестират,9
иззет,9
отдели,9
майчинството,9
ужасите,9
лъжат,9
интересуват,9
чат,9
андреева,9
евгени,9
твърдеше,9
порнографски,9
извършвал,9
медика,9
извикала,9
рака,9
казвал,9
упражнявано,9
облечен,9
съдействат,9
посолство,9
зелено,9
приоритет,9
тила,9
взехме,9
предишната,9
дадена,9
соченият,9
пиротехнически,9
отключи,9
плаче,9
йоан,9
прехраната,9
флетчър,9
съображения,9
славов,9
мпс,9
прага,9
амая,9
шествия,9
съседното,9
еврото,9
чили,9
службите,9
варненското,9
зздн,9
казанлъшкото,9
дубай,9
роми,9
уплашена,9
редки,9
помещението,9
набира,9
църквата,9
ескалация,9
дошло,9
препоръка,9
силния,9
никак,9
приобщени,9
конкретните,9
обсъди,9
неверни,9
международни,9
бижута,9
изведе,9
масивен,9
играта,9
таксито,9
срещите,9
чешма,9
костадинова,9
вряза,9
подготвя,9
бутилки,9
тегло,9
футболист,9
бърз,9
търпяла,9
блокадата,9
парче,9
лъже,9
психиатърът,9
използвана,9
психиатрични,9
газ,9
помещения,9
разговорът,9
битовата,9
реагирали,9
прокурорска,9
билет,9
информационни,9
мексико,9
книжката,9
успешни,9
завой,9
раждат,9
честата,9
днешната,9
общата,9
паднали,9
получена,9
шуменското,9
изтърпяно,9
чоков,9
посочена,9
сблъсък,9
хванал,9
тръмп,9
десетилетия,9
норми,9
неприемливо,9
собственото,9
подлагана,9
чанти,9
продължително,9
пуснати,9
твърд,9
свърза,9
обра,9
относително,9
сделка,9
рада,9
флечър,9
честите,9
неправителствената,9
юридическа,9
имотни,9
българката,9
финала,9
доколко,9
открадната,9
митов,9
прът,9
укриването,9
сезирана,9
съхраняват,9
модела,9
арестувана,9
сукнаров,9
пресслужбата,9
превод,9
разчитат,9
можел,9
сумер,9
възстановяването,9
лазарова,9
тея,9
хайредин,9
настоящи,9
носът,9
печката,9
оряхово,9
палежа,9
установило,9
потопа,9
планират,9
цекова,9
землището,9
написала,9
инспектори,9
описание,9
идвал,9
пенсии,9
шамара,9
бхк,9
маркова,9
луда,9
показали,9
усмихната,9
кучетата,9
знанието,9
павликени,9
делът,9
представени,9
прекара,9
влиянието,9
задълженията,9
избора,9
късен,9
санитарка,9
култура,9
изявление,9
мануела,9
състезание,9
скалите,9
предишните,9
осъденият,9
арогантно,9
дето,9
платени,9
човешкото,9
сурови,9
съюза,9
емоционален,9
отношението,9
работеше,9
спасов,9
изпълни,9
животоспасяващи,9
клуба,9
отряд,9
тина,9
светло,9
тишина,9
концерт,9
проведоха,9
свалени,9
изхвърлил,9
изключено,9
пушат,9
доктора,9
убийците,9
вилата,9
сбиването,9
дрога,9
очакванията,9
племенникът,9
провокирана,9
пътно,9
стъкла,9
съкратена,9
добрите,9
лили,9
спасени,9
ключови,9
тезата,9
бягство,9
хванат,9
доведена,9
минус,9
икономика,9
реализирани,9
милушева,9
някак,9
ранния,9
терена,9
културата,9
вносителите,9
гледано,9
присъстват,9
загинала,9
общинската,9
областен,9
отглеждането,9
съучастници,9
показаха,9
отведени,9
действието,9
военното,9
подписа,9
задържаната,9
изпадна,9
сръбската,9
хемодиализа,9
раздялата,9
внуче,9
раздяла,9
снаха,9
нощен,9
неправилна,9
оранжево,9
дамски,9
шепа,9
колежка,9
грешки,9
ивелина,9
докладът,9
остригал,9
трябват,9
уважено,9
разказало,9
регистъра,8
силните,8
непосилна,8
пълния,8
спасяване,8
приложени,8
вечеря,8
главите,8
временна,8
проведеното,8
причинява,8
отчет,8
портфейлът,8
дамла,8
предпоставка,8
хвостяне,8
голи,8
подсъдимата,8
оперативен,8
тормозени,8
възложено,8
допреди,8
болезнено,8
лекарски,8
правен,8
шестимата,8
нощем,8
централна,8
погледна,8
огромни,8
окървавени,8
веринян,8
биологичен,8
струмско,8
простреляно,8
опасните,8
огромната,8
воден,8
повтаря,8
пробуждането,8
търсил,8
паднах,8
хоспис,8
звънна,8
стъкло,8
известния,8
затвори,8
помагач,8
чолаков,8
алианса,8
намушкан,8
изчезват,8
рсм,8
планините,8
кариерата,8
транспортира,8
червени,8
коментарите,8
разпоредил,8
отговорно,8
описанието,8
собствена,8
слагат,8
медарова,8
маски,8
механизмът,8
опитат,8
докажат,8
връзвали,8
осемте,8
показател,8
спалнята,8
манипулации,8
украинска,8
димитринка,8
военната,8
движил,8
гуми,8
ходеше,8
певица,8
пръсти,8
абсолютна,8
скрити,8
красива,8
признание,8
караньотова,8
използвайки,8
скобелево,8
разбил,8
провеждане,8
нараства,8
лъчезар,8
станах,8
прегазената,8
потребителите,8
светослав,8
свадата,8
чисти,8
изложени,8
дочева,8
класния,8
появили,8
получило,8
отоци,8
поставянето,8
бебетата,8
дойдох,8
връстничка,8
пристигнаха,8
успешна,8
звучи,8
хранителен,8
рядка,8
ресурс,8
слаба,8
троян,8
училищния,8
екстрадиция,8
попитаха,8
адриан,8
стопанката,8
оператори,8
събралите,8
ужасяваща,8
попово,8
видяло,8
безпричинно,8
нося,8
срока,8
ресторант,8
разплака,8
вълчинов,8
явила,8
специалистът,8
счупи,8
андрю,8
смекчаващи,8
частите,8
влошаване,8
задължителна,8
заловиха,8
фамилия,8
световен,8
балканския,8
спася,8
ловешкия,8
изключване,8
свършва,8
янко,8
анастасов,8
позиции,8
отнесе,8
нарани,8
жана,8
магия,8
тата,8
спасена,8
бакърджиева,8
завежда,8
потърсиха,8
близко,8
хранителни,8
приемни,8
ферма,8
открихме,8
сайтове,8
българките,8
поморие,8
провинения,8
мирно,8
застанат,8
написани,8
трансплантации,8
настоящата,8
данаилова,8
стени,8
прегледани,8
арестували,8
укри,8
плащат,8
весел,8
полово,8
стражица,8
произшествия,8
упражняване,8
криминалната,8
горно,8
епидемията,8
изтегли,8
дотам,8
тока,8
допуснем,8
мечтите,8
извиках,8
наркотиците,8
кол,8
областните,8
публикацията,8
пловдивската,8
реакциите,8
извадени,8
юристът,8
разгледано,8
ръстът,8
успокои,8
мол,8
третото,8
яйчник,8
женските,8
молят,8
уведоми,8
следните,8
сравнително,8
изграждане,8
болничното,8
редно,8
храма,8
жандармерия,8
станалото,8
контузни,8
превръщат,8
кръгът,8
излизайки,8
борила,8
пенка,8
прегледал,8
подкрепиха,8
тричленен,8
пребиваване,8
пресконференцията,8
занимавал,8
огледалото,8
волен,8
наш,8
обявяват,8
иззета,8
единствения,8
райони,8
анонимна,8
евентуален,8
пациента,8
владимира,8
разпространи,8
доказа,8
трафикантите,8
клинична,8
изкуство,8
количества,8
стария,8
водоем,8
отправили,8
язов,8
джейлян,8
изправена,8
обикновена,8
държавния,8
горещите,8
ходил,8
максималната,8
приели,8
механджийска,8
удължен,8
положителна,8
инжекция,8
щастието,8
доби,8
извод,8
умре,8
косите,8
теофана,8
младенов,8
ковид,8
конференция,8
злато,8
аргументите,8
областите,8
изкачи,8
обръсна,8
дисциплинарно,8
паисий,8
бюрото,8
чакащи,8
сделката,8
бихте,8
осъществил,8
собствен,8
недялско,8
вещото,8
брутална,8
лора,8
взаимно,8
санкцията,8
гръдна,8
задачи,8
фестивал,8
минал,8
ограничи,8
глупости,8
настаняват,8
притеснявам,8
разпоредително,8
плодове,8
прилошало,8
сергей,8
работодател,8
пристигат,8
хюриет,8
вашето,8
лагера,8
животно,8
намаляват,8
решен,8
полицейската,8
изолирани,8
съответното,8
тротоар,8
сириец,8
качват,8
малтретирал,8
изоставила,8
гръдния,8
народа,8
разградското,8
физическият,8
ивана,8
представляват,8
анонимността,8
недостатъчни,8
министерският,8
получаваме,8
лекаря,8
изготвяне,8
артерии,8
отсреща,8
усъмнили,8
светлозар,8
нощна,8
гледаме,8
жандармерията,8
сблъсъка,8
патрони,8
секс,8
помолих,8
подложен,8
чупи,8
омраза,8
сливенско,8
тръгнах,8
състои,8
клиники,8
седяла,8
осъждане,8
пета,8
дефиницията,8
венета,8
върната,8
публикувано,8
причинили,8
тръгнахме,8
селфи,8
бъдещите,8
издърпал,8
тинка,8
спиране,8
прекратяване,8
насока,8
внесоха,8
прилагането,8
назначената,8
откарал,8
същ,8
железопътна,8
конституционния,8
заливане,8
намеря,8
личи,8
помисли,8
ген,8
държали,8
нахлуват,8
обхват,8
избити,8
ключовете,8
граници,8
демократична,8
удушил,8
бележка,8
специфични,8
докрай,8
процеси,8
запалиха,8
обявява,8
праща,8
подлежат,8
съгласен,8
срама,8
партньорка,8
върнем,8
неподвижна,8
братовчедка,8
разкриват,8
аптеки,8
бургаската,8
нси,8
прекарва,8
чувстваш,8
печене,8
картофа,8
механизма,8
цвръцаняк,8
хематологично,8
одобрение,8
григорова,8
текста,8
неизбежна,8
настоящ,8
испански,8
горски,8
дискусии,8
кореспондент,8
регистрира,8
обяснявам,8
старозагорско,8
въже,8
сирийски,8
разигра,8
формата,8
популярност,8
намесил,8
отрекъл,8
настоявал,8
гражданското,8
гостувала,8
изслушване,8
принуждавал,8
разрешението,8
успеха,8
турски,8
справедливи,8
излизането,8
претърпява,8
проявена,8
изпълнени,8
ламбо,8
канят,8
върнало,8
срив,8
приключила,8
основава,8
съпруги,8
унижението,8
регионалните,8
тъжно,8
прекарала,8
народен,8
издирвана,8
нужните,8
изчака,8
портфейл,8
употребили,8
пръста,8
забравяме,8
грънчарова,8
курса,8
намериш,8
пейкова,8
намерите,8
нарастване,8
поискан,8
бягството,8
гласа,8
мобилизации,8
килограма,8
татко,8
пейката,8
разследващия,8
изнасилвания,8
прегазена,8
вербална,8
брегов,8
гълъбова,8
снимал,8
натъртвания,8
профилът,8
бъбрека,8
преподавателят,8
подпомогне,8
реагираха,8
символи,8
унгария,8
обучени,8
природен,8
пилота,8
реалността,8
външно,8
челото,8
служителката,8
европейските,8
контролират,8
извадено,8
освидетелстван,8
мълчи,8
изолиран,8
обединените,8
подполковник,8
христиана,8
помагаме,8
домашни,8
кръвнина,8
викали,8
посланик,8
общности,8
тероризма,8
постъпвали,8
евентуална,8
изтезания,8
психическа,8
рамка,8
шесто,8
обичал,8
скандалния,8
довеждането,8
дървото,8
килограми,8
имейл,8
папазов,8
рибчева,8
безработна,8
подходяща,8
лява,8
госпожата,8
очевидец,8
освободител,8
ръба,8
изведено,8
режисьор,8
наполовина,8
мечти,8
роман,8
оправдават,8
янка,8
булеварда,8
претендира,8
ечемишка,8
параноидна,8
барикадирал,8
прескачат,8
отначало,8
емоционалното,8
криминалния,8
шефове,8
изгражда,8
санкция,8
демонстрантите,8
славейков,8
защитниците,8
обитава,8
дясното,8
професионална,8
предпази,8
извор,8
възмути,8
сираци,8
правомощия,8
включването,8
отряда,8
жестока,8
съгласи,8
учителят,8
краен,8
отпадъци,8
ножица,8
мюмюн,8
изгради,8
достоен,8
мъка,8
марийка,8
медицинският,8
границите,8
заключени,8
комуникации,8
погледне,8
грешката,8
събирането,8
проектила,8
кина,8
доза,8
дарк,8
болниците,8
извадих,8
околовръстното,8
калибър,8
военнослужещ,8
спорът,8
гледка,8
върши,8
намиращ,8
жици,8
виждате,8
заминават,8
напуснат,8
връстници,8
лъвов,8
грама,8
инвалидна,8
ганка,8
слиза,8
грози,8
изключителен,8
прогнози,8
пропуските,8
сопот,8
постъпка,8
хвърлят,8
крайната,8
пространствена,8
възмутени,8
ангажираност,8
безплатни,8
откровено,8
увеличи,8
спят,8
детенце,8
въпросното,8
вързани,8
емма,8
ограбил,8
малтретирани,8
свържем,8
драгичево,8
кабинетът,8
обаждат,8
безработен,8
осъществяват,8
показахме,8
бокс,8
предизвикал,8
приблизително,8
футбол,8
стандарт,8
отрицателен,8
величков,8
ефир,8
бременно,8
затворила,8
милан,8
подписали,8
пощата,8
крумова,8
фабрика,8
маша,8
забелязан,8
сигнализирал,8
брата,8
бездействието,8
смирненски,8
финансирането,8
контрола,8
смелостта,8
киров,8
достойнството,8
непълнолетният,8
сключили,8
бориславова,8
величко,8
прибра,8
тестът,8
емоциите,8
вярваме,8
прилича,8
берлин,8
двустранна,8
криминализиране,8
населено,8
чужд,8
обещават,8
затворено,8
пакет,8
нечовешко,8
раница,8
душа,8
обединиха,8
блъскал,8
предпочитат,8
всякакъв,8
заплашвала,8
светлана,8
можеха,8
тоалетната,8
информирани,8
провокация,8
грижел,8
шестия,8
скъпа,8
автомобилите,8
преместване,8
последваха,8
приятелски,8
квартали,8
кураж,8
стена,8
извадят,8
награди,8
запознаване,8
обиждала,8
спокоен,8
забелязана,8
счупвания,8
особен,8
говориха,8
матев,8
горната,8
увеличаването,8
зависима,8
скатов,8
дупката,8
двойки,8
нуждаещи,8
обаждането,8
разговарят,8
изтеглила,8
занимавам,8
вкара,8
командно,8
лошите,8
спектакъл,8
дисциплина,8
смолянската,8
цоков,8
девойки,8
видеокамери,8
геров,8
четвърт,8
печка,7
кротко,7
гледана,7
пешеходец,7
дъска,7
отворил,7
отведено,7
нещото,7
нахлуха,7
асенов,7
заплашени,7
мирчев,7
караме,7
съзнателно,7
заплашили,7
апелирам,7
цитира,7
посъветва,7
заговори,7
заканите,7
хематом,7
внуци,7
поправки,7
тийнейджърки,7
обсъжда,7
октай,7
стойчев,7
нагло,7
тир,7
застава,7
погледнах,7
преместено,7
заведат,7
столичните,7
изпратят,7
размяна,7
ученичките,7
предизвикателство,7
законова,7
огледите,7
бележи,7
променена,7
осветление,7
тормозено,7
отчел,7
образа,7
максималното,7
пастрокът,7
шофьорката,7
дневния,7
избягало,7
първоначалният,7
научили,7
засегнат,7
дъжд,7
беседа,7
ударили,7
алармират,7
нападки,7
управлявал,7
появила,7
психотерапевтът,7
поръчител,7
гонка,7
подсъдимите,7
изтърпява,7
родителска,7
паркинга,7
активен,7
планинските,7
опозицията,7
кажеш,7
съседна,7
окончателното,7
проданова,7
сачма,7
пребила,7
набират,7
квалифицирано,7
тръгнало,7
забавила,7
поискани,7
спъва,7
прибирали,7
споделиха,7
признаха,7
вързана,7
полуостров,7
завързана,7
пистата,7
трайков,7
спортист,7
оставено,7
допълнение,7
дамянова,7
проявявал,7
изпълнителният,7
нужната,7
предишна,7
молдова,7
задачата,7
лекуван,7
присъствали,7
предния,7
нормални,7
гладна,7
съседните,7
почувствах,7
опиша,7
снимали,7
нарушени,7
отключил,7
телефонната,7
гарантират,7
обявил,7
обедини,7
лекуват,7
карала,7
подведен,7
питаме,7
предприел,7
минат,7
притесненията,7
отказало,7
апаратура,7
балчик,7
мнимият,7
самотната,7
количката,7
въвеждането,7
настъпилата,7
седнала,7
излизала,7
принудени,7
поликлиниката,7
съжителствал,7
отглеждане,7
рампа,7
разменили,7
журналиста,7
проявили,7
психическия,7
електрически,7
държала,7
носиш,7
минавайки,7
признак,7
буря,7
развила,7
запитване,7
запазват,7
ставали,7
анонимни,7
пелагия,7
предупреди,7
изискване,7
юрий,7
лара,7
координатори,7
сигнализираха,7
народният,7
обиждат,7
заложник,7
предяви,7
приберат,7
лобното,7
малолетна,7
считано,7
придвижва,7
прибера,7
софронка,7
удуши,7
водим,7
предвидени,7
всякаква,7
плача,7
премиер,7
постоянния,7
род,7
спасили,7
военнослужещи,7
флорида,7
обяснят,7
футбола,7
убежище,7
изключва,7
лъжи,7
пряк,7
политики,7
носел,7
ядосал,7
подпали,7
счупено,7
твърдение,7
бактерия,7
тунела,7
водещи,7
сложа,7
десен,7
потвърдил,7
дупка,7
апелират,7
бдителни,7
цекулова,7
манчева,7
напреднала,7
показваме,7
обеци,7
дневно,7
тишината,7
посегнат,7
наследник,7
доходите,7
протестираха,7
харманли,7
употребявал,7
пернишко,7
акушер,7
разваляне,7
страхове,7
върнато,7
купуване,7
затруднение,7
индикации,7
уличен,7
океана,7
мислене,7
журналистът,7
ограда,7
изпаднали,7
нарязано,7
пъков,7
скубе,7
жестокостта,7
ръководителят,7
банковата,7
съученичката,7
доведат,7
сложила,7
неадекватна,7
негативните,7
обезобразяване,7
морално,7
сключила,7
новогодишно,7
настъпи,7
обвинител,7
подобри,7
невъзможност,7
отправяне,7
наранява,7
подбедрица,7
гендов,7
морални,7
кашлица,7
ваксинация,7
седи,7
карнобат,7
неделчева,7
морската,7
бъдещата,7
прибрах,7
канабис,7
отведе,7
резултата,7
изкарат,7
застрелян,7
разбраха,7
болния,7
страшната,7
изправени,7
течението,7
икономическата,7
празнува,7
цветомир,7
прераснала,7
възпитателно,7
осмокласничка,7
заключил,7
равенство,7
функциите,7
заемат,7
щерева,7
нанесения,7
мариела,7
описано,7
спомена,7
навършва,7
детство,7
таксиметров,7
достъпа,7
хоспитализирани,7
останах,7
отвътре,7
уверяват,7
влачи,7
насочила,7
ставала,7
заседания,7
срещнахме,7
прякор,7
марти,7
шофьорите,7
медикамент,7
строителството,7
отделно,7
отмъщение,7
определение,7
козлодуй,7
реанимационни,7
изпълнен,7
професионални,7
представена,7
градинка,7
уредба,7
оправя,7
навечерието,7
стотинки,7
казвали,7
шокирани,7
обвинените,7
http,7
считаме,7
живяло,7
теодор,7
съобщят,7
златна,7
законосъобразно,7
родното,7
путин,7
разхожда,7
ограничения,7
приморско,7
гребния,7
процесуални,7
чаша,7
мним,7
отложено,7
манипулирани,7
поддържала,7
преподавател,7
шокиращи,7
летището,7
щото,7
листа,7
лечебни,7
заседава,7
чуем,7
пловдивско,7
изхвърлила,7
епизод,7
почива,7
севда,7
представите,7
зрителите,7
коментарът,7
прилагат,7
приоритетно,7
направената,7
запита,7
дробове,7
хвърлила,7
вела,7
освободено,7
припада,7
осиновяване,7
грозят,7
възмущава,7
самопризнанията,7
ударило,7
въоръжени,7
издръжка,7
имотите,7
специалност,7
подрастващите,7
предизвикало,7
калинков,7
враждебна,7
гражданската,7
работни,7
прочете,7
кадър,7
влоши,7
хубавото,7
бургазлията,7
противоречиви,7
радостин,7
преживявания,7
комплекса,7
привличането,7
собствеността,7
възстановена,7
неадекватен,7
почивните,7
организаторът,7
нарушенията,7
помагам,7
битата,7
проявил,7
ползване,7
панов,7
заведа,7
зрение,7
помагали,7
родилка,7
закрито,7
договори,7
причинило,7
успокоителни,7
кръга,7
внимателни,7
военните,7
израснал,7
обичаят,7
квалифицира,7
билети,7
толстой,7
нежния,7
неизвестно,7
вълчев,7
инфекции,7
щастливо,7
дирекцията,7
тренира,7
нивото,7
чирица,7
преместен,7
изпити,7
мирела,7
бандата,7
кладенци,7
последни,7
извода,7
нахлул,7
прокурорският,7
носеха,7
приемен,7
метро,7
магазини,7
аня,7
достъпна,7
прекратен,7
крайници,7
джип,7
подадохме,7
качих,7
изхвърля,7
покажа,7
традиции,7
забелязват,7
преки,7
самостоятелно,7
лазаровден,7
централата,7
минавал,7
текстът,7
казахме,7
изтичане,7
алпиниста,7
настоявам,7
изяснена,7
изгубих,7
самоубива,7
посочен,7
клиент,7
градец,7
риташе,7
пашов,7
анастасия,7
водолази,7
пъдарско,7
фелдшер,7
зоната,7
квартири,7
хладнокръвно,7
информираност,7
спречкването,7
техниката,7
седна,7
богдана,7
сблъскват,7
изгоря,7
горанова,7
аргументът,7
възмутена,7
твърдо,7
подадения,7
великотърновския,7
съборил,7
пулс,7
припомниха,7
сценарий,7
студ,7
мадан,7
последвалите,7
еранухи,7
тийнейджърите,7
оператор,7
домакинството,7
позова,7
ребрата,7
приемем,7
банкера,7
намирали,7
нараняването,7
вучков,7
философия,7
годеницата,7
евентуални,7
съседно,7
разпитва,7
тон,7
цик,7
търсели,7
каракачанов,7
ресен,7
обл,7
победа,7
несъстоятелност,7
електричество,7
хоспитализация,7
стигало,7
наказателният,7
офис,7
считат,7
опрял,7
влак,7
времена,7
сзо,7
богданов,7
кислород,7
откритото,7
попаднали,7
партиите,7
цанко,7
поръчка,7
съществуването,7
фактори,7
цеков,7
соколова,7
превърна,7
еля,7
дишли,7
малолетното,7
насилвани,7
дърпал,7
вълната,7
страшното,7
осъзнах,7
пее,7
обстоятелство,7
пребития,7
партньорите,7
сидерова,7
сложат,7
продължавано,7
катуница,7
симеонова,7
синина,7
плик,7
бизнесмена,7
давай,7
преподавателите,7
салона,7
ярост,7
оцеля,7
ценко,7
репортерите,7
паднаха,7
общинския,7
пияни,7
благотворителни,7
незаконни,7
съседни,7
сярна,7
писаха,7
нелепо,7
срещнала,7
манипулация,7
безопасно,7
порожанов,7
доброволец,7
стадото,7
лепоев,7
връщам,7
контузии,7
подход,7
половинка,7
скок,7
гавра,7
увериха,7
описани,7
починалият,7
разведени,7
околностите,7
свалена,7
трудния,7
рецидивистът,7
съдийката,7
получаването,7
ники,7
узунова,7
алиев,7
москов,7
външен,7
призовавам,7
сейхан,7
професионалист,7
шуменската,7
доволен,7
отричал,7
днешно,7
одеяло,7
вътрешното,7
антонина,7
петкана,7
селимински,7
плаж,7
масих,7
морския,7
бъди,7
предписания,7
въведена,7
веско,7
танци,7
разпознат,7
комисии,7
шахта,7
разпространиха,7
разкайва,7
художествена,7
гднп,7
изводите,7
организмът,7
бара,7
нургюл,7
знаме,7
тениски,7
световния,7
брюксел,7
осъждания,7
панова,7
бягат,7
интубирана,7
организма,7
здравния,7
зъб,7
трамвай,7
отговорности,7
лети,7
съдържа,7
послания,7
разпознаване,7
световното,7
владо,7
акцентира,7
балкан,7
дяков,7
длъжна,7
ограничен,7
богу,7
предстоящите,7
добавки,7
сайт,7
протокола,7
издала,7
видеоклипове,7
предпоставки,7
транспортна,7
патрули,7
гласове,7
паспорта,7
найден,7
финансов,7
подадох,7
изкарват,7
дължат,7
устойчивост,7
внушения,7
запише,7
апелира,7
пръстите,7
кризата,7
темите,7
вмро,7
изпитвала,7
парламентарни,7
видеоклипа,7
мъжка,7
бабите,7
желаещи,7
изложбата,7
престъпникът,7
сватбата,7
емоционални,7
разговаряме,7
предложени,7
брифинга,7
коджейков,7
отделни,7
каустик,7
невиждана,7
седмаков,7
асистенти,7
арестува,7
обръсната,7
сода,7
предупреждава,7
гърло,7
констатирана,7
готвят,7
пушката,7
склероза,7
запалване,7
буди,7
отпред,7
човешката,7
долна,7
посвети,7
починаха,7
почита,7
татуировки,7
ваканцията,7
съвместен,7
начините,7
явява,7
клиповете,7
предадоха,7
отреже,7
женското,7
мислите,7
осъществяването,7
общини,7
стадиона,7
надявах,7
зеленчуци,7
връзвана,7
модна,7
череп,7
говорене,7
интересни,7
stsabgsf,7
асфалта,7
прасе,7
божия,7
недостойно,7
виновността,7
стоял,7
казало,7
наложената,7
ромските,7
кметски,7
сочения,7
маратонки,7
отказах,7
облечени,7
спора,7
бузовград,7
гълъбово,7
масаж,7
свилен,7
крещяла,7
притесних,7
напуснало,7
страници,7
садизъм,7
възбуди,7
ловни,7
лолита,7
претърпял,7
докторът,7
уврежданията,7
точна,7
заминал,7
виена,7
психолого,7
забравят,7
йохан,7
отговарям,7
мини,7
прекратила,7
виола,7
намалят,7
видеозаписи,7
иззето,7
крадецът,7
одп,7
проверим,7
баланс,7
похвали,7
господин,7
малтретира,7
позволя,7
функция,7
калоянов,7
скубана,7
робева,7
възможен,7
коритото,7
останеш,7
безспорно,7
достояние,7
досъдебните,7
изземване,7
джоба,7
коси,7
паркирани,7
единични,7
длъжностно,7
заснети,7
оттегли,7
изстрелът,7
съединените,7
виках,7
тошков,7
качила,7
лечебните,7
пребивава,7
уволнен,7
пълната,7
разговаряла,7
осигурят,7
нямаш,7
тъкмо,7
щати,7
кожа,7
картини,7
говорила,7
шабла,7
авторката,7
учим,7
местна,7
оправят,7
избухва,7
ограничителните,7
казино,7
обмисля,7
присъствал,7
обвинено,7
блудствал,7
тревожни,7
доклади,7
възпитателка,7
любимия,7
получавам,7
светльо,7
бон,7
нахлува,7
помагаше,7
късните,7
укрият,7
основания,7
депутата,7
потресена,7
попитала,7
авторите,7
прекарали,7
поляна,7
полковник,7
прободена,7
споделял,7
становището,7
пирдоп,7
запознала,7
преправена,7
излъчен,7
кети,7
следял,7
питам,7
нагласите,7
стиляна,7
връщането,7
спецакция,7
вики,7
бар,7
запалителна,7
писала,7
пожелавам,7
купя,7
гостите,7
отнела,7
негативни,7
нередно,7
писма,7
насилвал,7
трансфузионна,7
хематология,7
пътеки,7
непозната,7
ратификацията,7
скъпо,7
молим,7
химиотерапия,7
порнографско,7
шопов,7
бузова,7
любимата,7
репортери,7
разполагат,7
плевенската,7
управителя,7
допускала,7
наследниците,7
фреди,7
картофи,7
падне,7
състояния,7
семчиново,7
водени,7
изясняването,7
неуредени,7
библиотека,7
прешлен,7
толерира,7
сключване,7
индия,7
попитахме,6
учителя,6
оставям,6
прекрасно,6
негативен,6
иринка,6
донякъде,6
сцени,6
изяснени,6
заведена,6
ставал,6
платното,6
тържество,6
немарливо,6
пояснява,6
чернев,6
хиджаб,6
произнасянето,6
мирей,6
злоупотреби,6
infocenter,6
разпознаят,6
екшънът,6
партньорът,6
отказвала,6
подвижна,6
достига,6
предполагат,6
милева,6
септична,6
сърцата,6
защитеното,6
предадено,6
погребение,6
състезанието,6
полезен,6
мотивира,6
кабинетите,6
инфекцията,6
мисис,6
горещия,6
психиатричното,6
осъдителна,6
оправдан,6
почернената,6
защитават,6
изненадани,6
анкетираните,6
атаки,6
дачев,6
дееца,6
преценили,6
намерения,6
допусната,6
употребявала,6
патрулка,6
бояджиева,6
подпомага,6
дианабад,6
претекст,6
водел,6
униформа,6
командоса,6
дадем,6
махне,6
варненец,6
блъскана,6
оплакванията,6
запазиха,6
къмпинг,6
девойките,6
зелен,6
животозастрашаващо,6
заплашване,6
измие,6
сливенския,6
яма,6
чакала,6
изпита,6
ръководители,6
предлаганите,6
народна,6
уведомил,6
ефективен,6
кости,6
склад,6
хилендарски,6
метод,6
относителният,6
православна,6
развие,6
признаците,6
пазарджишко,6
дози,6
опитвали,6
локва,6
привлякла,6
дискотека,6
митрев,6
озовава,6
мишена,6
слуша,6
установиха,6
сметището,6
ангажименти,6
правилника,6
регламентира,6
пернишкия,6
бияч,6
еднакви,6
безспорен,6
авиобаза,6
клетки,6
болничен,6
балабанов,6
съставени,6
отменена,6
попитам,6
площадката,6
захариев,6
сираков,6
тайни,6
чатове,6
грижил,6
компютъра,6
изминала,6
страхувам,6
същевременно,6
влошено,6
пуснали,6
инфекциозна,6
покушение,6
класическа,6
демократичните,6
ползван,6
извинения,6
южен,6
неуспешен,6
вероятният,6
елка,6
странен,6
предотвратено,6
финансовата,6
ищван,6
лекия,6
лишил,6
откъсне,6
вчерашната,6
преговори,6
взривни,6
крещеше,6
спокойствието,6
товарен,6
встрани,6
пребивавали,6
москва,6
частично,6
майко,6
гневът,6
контактен,6
златка,6
изпаднах,6
закупят,6
тръгвам,6
летва,6
гледаш,6
битки,6
обръснал,6
седмокласничка,6
аспект,6
обида,6
sms,6
законодателят,6
добрият,6
клиента,6
машината,6
акции,6
тити,6
охранители,6
узунов,6
красивото,6
четенето,6
гилзи,6
настанили,6
намерените,6
шега,6
потвърдени,6
нощната,6
алексей,6
правосъден,6
долно,6
ортопедия,6
реагираме,6
назидание,6
слязъл,6
написано,6
скрито,6
външният,6
дияна,6
търпях,6
скарване,6
хакнат,6
решена,6
оперира,6
линията,6
гарантирана,6
нарязаното,6
изготвят,6
предприятия,6
запознава,6
инструкции,6
автогарата,6
служителят,6
оборище,6
температурите,6
врачанския,6
полицайката,6
мечките,6
свидетелят,6
религия,6
бележки,6
откриване,6
заключения,6
метални,6
имотната,6
източниците,6
румънски,6
отчаянието,6
настъпили,6
притежавана,6
сътрудник,6
влачене,6
подписани,6
пенева,6
обитавана,6
описа,6
полак,6
упражнят,6
неясни,6
пререкания,6
бърдо,6
докия,6
усмивката,6
столетницата,6
разреши,6
учебни,6
класна,6
пампорово,6
конкретната,6
нередности,6
червена,6
сълзите,6
усилие,6
пътният,6
анонимно,6
цветеслава,6
ардино,6
таван,6
ивайлова,6
невинни,6
невярно,6
висящи,6
драганова,6
свита,6
церемонията,6
статистически,6
превърнат,6
политическо,6
четем,6
пречки,6
ножове,6
игнатов,6
отнемането,6
влязло,6
пазете,6
следобяд,6
предполагала,6
осигуряват,6
жилищата,6
сформирани,6
бракоразводното,6
ото,6
масови,6
закара,6
излежи,6
пое,6
интеграция,6
завършили,6
осъдителни,6
помогнала,6
интересна,6
антонов,6
поредни,6
назначен,6
чакане,6
бута,6
фактура,6
платили,6
бога,6
оттегля,6
ритат,6
забрадка,6
заговаря,6
несериозно,6
образуване,6
назначаването,6
стоп,6
торбичка,6
обективната,6
дани,6
швеция,6
неадекватни,6
описана,6
отправят,6
прав,6
повдигнатите,6
наличните,6
укриване,6
причинител,6
призивът,6
мандат,6
папилома,6
профилактика,6
мюфтия,6
патриарх,6
евтимий,6
лена,6
подполк,6
нападнало,6
приемала,6
отмени,6
сплашване,6
хамас,6
изнесени,6
споразумението,6
гугушев,6
осмокласничката,6
занимавали,6
поискало,6
престъпно,6
изчезнал,6
пенчо,6
физическите,6
изградена,6
екимджиев,6
еднополовите,6
накажат,6
васко,6
африка,6
клиентите,6
помощник,6
банкомат,6
очаквахме,6
охранителните,6
пускат,6
баби,6
служебно,6
възлага,6
водена,6
инспектората,6
насилени,6
йочколовски,6
стадий,6
отиваме,6
привлекат,6
преодолеят,6
дано,6
актьора,6
захари,6
сушица,6
тормозели,6
педагози,6
прехвърлено,6
проститутка,6
величка,6
любимец,6
убиват,6
отключило,6
пристъпи,6
емоция,6
лошия,6
маркосян,6
емо,6
променил,6
сяда,6
подам,6
футболния,6
късо,6
пернишкото,6
възникнала,6
твърдял,6
райна,6
евродепутатът,6
клевета,6
предложиха,6
писмено,6
единичен,6
гурбет,6
любомира,6
сирия,6
пислар,6
стреса,6
принуди,6
приказката,6
хладно,6
любовни,6
срещнах,6
водеше,6
джипът,6
цецка,6
съмняват,6
класиране,6
повикан,6
безхаберие,6
божилова,6
струват,6
кажете,6
издържи,6
разкрият,6
разговарям,6
изписан,6
професията,6
певецът,6
брутални,6
чистото,6
окървавена,6
лампа,6
каменова,6
застрахователят,6
проникнал,6
дознание,6
непознатия,6
преборят,6
челюстта,6
насочили,6
коне,6
епилепсия,6
алцхаймер,6
смях,6
безучастно,6
смеят,6
критерии,6
изграден,6
предполагаеми,6
създадат,6
ума,6
куп,6
успеем,6
качихме,6
обезщетението,6
страхувала,6
опря,6
включено,6
ценова,6
дрон,6
ружа,6
камено,6
конкретна,6
симптомите,6
биологичната,6
изчезне,6
ванко,6
давал,6
холандия,6
фигура,6
верф,6
тангра,6
стелинг,6
запалят,6
избрали,6
янтра,6
възнамеряват,6
умишленото,6
безсмъртието,6
символизирала,6
лирата,6
кичел,6
орфей,6
символизирали,6
мистерии,6
пролетните,6
слагали,6
траките,6
посетили,6
поотделно,6
граничи,6
разрез,6
клиентка,6
повдига,6
терапията,6
присъстващите,6
обичай,6
положи,6
весело,6
наричана,6
ромите,6
разбиха,6
тома,6
съдържащи,6
зло,6
тъп,6
пожелава,6
прикована,6
стъпките,6
операциите,6
овчиците,6
константинов,6
подчинена,6
възпитаници,6
намесва,6
донесат,6
билка,6
стръкчето,6
tita,6
hrisistar,6
качиха,6
педагогическият,6
накаже,6
предам,6
следим,6
валута,6
хане,6
поети,6
потеглил,6
приведе,6
раздава,6
положителни,6
белово,6
конкуренцията,6
опериран,6
връзките,6
рокля,6
момиченца,6
развратни,6
трудов,6
население,6
свойството,6
вляза,6
партньорката,6
таза,6
установяването,6
елхово,6
неуспешни,6
стъклата,6
намирам,6
заразен,6
тунджай,6
теория,6
склонявани,6
осъждаме,6
ахелой,6
мюсюлманин,6
отрекла,6
културен,6
европейският,6
плажа,6
торса,6
равноправие,6
отивайки,6
крепост,6
повиквания,6
върбанова,6
начела,6
беседи,6
модели,6
никоя,6
излязох,6
неволно,6
състави,6
следователи,6
работната,6
пазарджишката,6
попаднало,6
считам,6
напитки,6
движения,6
древна,6
нервна,6
прекрасни,6
изляза,6
сводник,6
върбица,6
залети,6
ада,6
разговорите,6
даряват,6
заспал,6
пронизителната,6
шахтата,6
продавачка,6
докторите,6
медик,6
желаещите,6
стотинка,6
правило,6
дарява,6
стълба,6
поговорят,6
конфликтни,6
посегнах,6
пешеходци,6
дънки,6
html,6
гарабед,6
покана,6
чиркова,6
екстрадицията,6
отвежда,6
разпознае,6
франкфурт,6
бюджетът,6
спасяването,6
изпитах,6
помнят,6
придобива,6
белоградчик,6
употребява,6
брандийска,6
знаехте,6
тъкани,6
дълбока,6
пистолетът,6
кнсб,6
бедрена,6
общият,6
бедрената,6
травматология,6
арбитражен,6
конкурса,6
актовете,6
вярвайки,6
купуват,6
магии,6
силната,6
виждаш,6
изхода,6
противошокова,6
реализира,6
ходиш,6
горни,6
оттеглят,6
мислим,6
поредните,6
притежавано,6
тумор,6
разкъсан,6
инга,6
изчакат,6
питбул,6
плевенска,6
цачева,6
габи,6
околната,6
танцува,6
отказвал,6
делта,6
прошка,6
гаража,6
взело,6
поет,6
нанесло,6
любим,6
тачева,6
военният,6
махалата,6
черноморец,6
бойка,6
прекъснато,6
спасила,6
бурята,6
основния,6
критериите,6
изпълняващият,6
изискването,6
станчев,6
тотално,6
шамарите,6
застрашена,6
регистрирана,6
прецедент,6
последователно,6
носим,6
блуза,6
легнала,6
посочила,6
безкрайно,6
наум,6
повишава,6
виждах,6
нарязани,6
справиш,6
бедност,6
привлича,6
нарязана,6
ученикът,6
родила,6
парламентарната,6
трибуна,6
максимални,6
прецизира,6
посрещат,6
християнски,6
заден,6
търпение,6
радомирци,6
отворила,6
сеславци,6
зверството,6
нанасянето,6
двегодишната,6
призната,6
седмично,6
радосвета,6
чувствал,6
старт,6
михал,6
томов,6
разказваме,6
пресцентър,6
трогна,6
вентилация,6
газови,6
фалшиво,6
предсмъртно,6
подобряване,6
дялове,6
офшорни,6
банковите,6
блъскане,6
доверяват,6
любенова,6
значителен,6
тълпа,6
колене,6
желязкова,6
докладван,6
заснета,6
внася,6
преживяват,6
затруднява,6
бави,6
възприели,6
автомагистрала,6
даваше,6
арда,6
позволят,6
възползвал,6
отивала,6
създал,6
богати,6
командира,6
пропан,6
пламъци,6
илиан,6
венец,6
прегледано,6
намирало,6
легнали,6
семерджиева,6
варненско,6
пушачи,6
изпълнителят,6
портфейла,6
тотализатор,6
умишлен,6
пожарът,6
печеливш,6
полета,6
устройства,6
шанса,6
фолксваген,6
голф,6
василевски,6
постоянни,6
ямболската,6
долния,6
крайник,6
помислила,6
джамфер,6
уважил,6
съжителства,6
потърпевшия,6
диалог,6
похитителят,6
проявено,6
ненов,6
репортажи,6
темида,6
минева,6
маршрут,6
госпожо,6
тийнейджърка,6
френските,6
прегазено,6
трагичният,6
представял,6
заловена,6
указ,6
седемте,6
стопанисва,6
солун,6
бедните,6
ушите,6
чорбанова,6
попречи,6
съмненията,6
изготвили,6
грозната,6
индикация,6
гараж,6
хване,6
президентската,6
продължителността,6
разчленено,6
придвижване,6
ментални,6
нарушителите,6
реч,6
изгони,6
следят,6
пукната,6
сексуалното,6
припаднала,6
малолетните,6
явление,6
организирани,6
трагичната,6
сълза,6
моментално,6
идентифицират,6
косъм,6
длъжен,6
обръщам,6
крайният,6
променим,6
метростанция,6
искрени,6
районни,6
отделени,6
загинало,6
заседанията,6
школа,6
организациите,6
посрещна,6
измъчвана,6
изискана,6
мълчалив,6
преписката,6
появил,6
намерихме,6
вчерашното,6
югозападния,6
неврохирург,6
недоверие,6
доган,6
смяната,6
здравко,6
законодателите,6
мишо,6
усмихнати,6
латинка,6
нагласата,6
поискано,6
черноморие,6
подкуп,6
южното,6
ветеринарния,6
женската,6
дъното,6
пиар,6
публикуван,6
малтретираната,6
агресивните,6
изказване,6
разпоредено,6
мисленето,6
поръчителя,6
пили,6
надеждите,6
подкрепен,6
излезеш,6
сформирана,6
касаещи,6
квалификации,6
сериозните,6
врачанската,6
влачил,6
скенера,6
светлината,6
матева,6
нап,6
фургон,6
масов,6
спасява,6
симеоновград,6
огледало,6
посегна,6
дало,6
американския,6
чакърова,6
отвлекли,6
технологии,6
обхвата,6
съдове,6
отбора,6
високото,6
задействат,6
дневната,6
аллах,6
престъпността,6
мълчала,6
спорта,6
изплашени,6
тийнейджърът,6
разследван,6
верни,6
чавдар,6
фолио,6
натам,6
загубите,6
богата,6
кръвните,6
причинено,6
доход,6
уличеният,6
престижа,6
запознах,6
бурки,6
кметският,6
осъждано,6
маршрута,6
заливането,6
задигнали,6
сестричката,6
взимали,6
удобно,6
сантиметра,6
преводач,6
взаимоотношенията,6
методий,6
стомаха,6
прекарал,6
изминалите,6
съответствие,6
сложил,6
усещат,6
категория,6
звъннах,6
указанията,6
сънната,6
бронхопневмония,6
гаранции,6
изнасилвач,6
извадиха,6
разширява,6
подлага,6
достигнали,6
войнеговци,6
пациентът,6
прибирам,6
удоволствие,6
прочетох,6
филиповци,6
безнаказаност,6
патологична,6
ресурси,6
спирането,6
режисьорът,6
милиони,6
чуждестранни,6
нежелани,6
системи,6
искове,6
обърнете,6
шкаф,6
предадена,6
срамува,6
махали,6
предписание,6
разбита,6
видимите,6
салимова,6
синята,6
устна,6
youtubeвече,6
гражданските,6
трафопост,6
малтретиране,6
настъпване,6
пия,6
страшен,6
координационния,6
илинден,6
започване,6
приведена,6
повторен,6
адвокатска,6
полицейският,6
коканова,6
спечелила,6
подписката,6
възстановяват,6
преждевременно,6
седмия,6
женен,6
родени,6
нахвърлил,6
онкологични,6
спасен,6
кротък,6
проверя,6
джуджета,6
com,6
красотата,6
административна,6
охранителите,6
договора,6
ничия,6
смъртността,6
транспорта,6
месечна,6
възнамерява,6
обърнаха,6
пристъп,6
настанил,6
разкъсвания,6
издали,6
потърпевшият,6
умишлени,6
руен,6
отстранени,6
използвам,6
тръби,6
убийца,6
отлага,6
проблемно,6
офиса,6
изпратеният,6
инструмент,6
записва,6
модерно,6
засича,6
еднакво,6
посоката,6
усетих,6
гущеров,6
адвокатката,6
разпоредби,6
грозев,6
науката,6
заснемат,6
разпространението,6
ключова,6
понятието,6
калояна,6
поведенчески,6
пребие,6
ръжево,6
секунда,6
идвам,6
мохамед,6
подготвят,6
табу,6
последващи,6
биячите,6
пълноценен,6
дивана,6
апелативните,6
седмо,6
арестуват,6
брилска,6
русев,6
звънял,6
багажника,6
чудото,6
клинтън,6
недоумява,6
неда,6
седми,6
упойващи,6
вероятността,6
започвам,6
работодателите,6
журналистката,6
меко,6
успехи,6
отбрана,6
въжарова,6
дорина,6
заявление,6
изкоп,6
разпространените,6
картинг,6
високорискови,6
петно,6
петка,6
попитал,6
традицията,6
табачка,6
зададе,6
усъмнила,6
потвърдила,6
благоев,6
неясно,6
къмпинга,6
гръдната,6
косев,6
оперират,6
извинение,6
интересното,6
трудното,6
гледал,6
слепоочието,6
публична,6
радостта,6
константинова,6
международните,6
ченалова,6
единен,6
издържат,6
племенницата,6
дикова,6
военния,6
съдени,6
шампионка,6
потребители,6
свободата,6
прабаба,6
развали,6
изплаща,6
сложно,6
прибирал,6
омъжена,6
изчакал,6
беля,6
филми,6
избра,6
постигна,6
мин,6
галерията,6
спонтанно,6
хвърлени,6
произведен,6
гонят,6
убивани,6
домакиня,6
тайната,6
върнаха,6
афера,6
започнати,6
предпазва,6
качат,6
нарушена,6
тонове,6
метла,6
оправдава,6
янков,6
кабинети,6
шах,6
осигурителен,6
жал,6
празникът,6
талибаните,6
кипър,6
равен,6
ценков,6
раницата,6
гони,6
гробищата,6
хаджигенов,6
лидери,6
тениска,6
разпоредена,6
казваха,6
психиатрия,6
следващ,6
огрев,6
извършвали,6
започната,6
фамилията,6
турист,6
наранена,6
проси,6
запознахме,6
сали,6
въпросните,6
кошмарът,6
имунизациите,6
наречем,6
цска,5
зверства,5
работих,5
онкологично,5
рязана,5
тревожно,5
изразя,5
стабилизация,5
преживяно,5
неотложни,5
свекървата,5
прочетете,5
разградско,5
обявят,5
фотограф,5
свързал,5
регион,5
малина,5
университетска,5
разни,5
нарека,5
увеличат,5
системност,5
невидими,5
пука,5
европейско,5
гетов,5
коремна,5
оцелели,5
надбавки,5
иванчева,5
изправен,5
казвате,5
хола,5
областни,5
анестезиология,5
чести,5
опасното,5
ранна,5
черните,5
достатъчна,5
влюбени,5
научават,5
мобилно,5
състоя,5
куршумите,5
изразяваме,5
срещнат,5
правите,5
набирани,5
фатме,5
рискови,5
слушат,5
жалост,5
вакарел,5
улики,5
велика,5
придобие,5
ползваме,5
капитал,5
грозно,5
заразени,5
побоите,5
ваксина,5
пазим,5
придвижи,5
спецпрокуратурата,5
причинителя,5
измести,5
десета,5
патриаршия,5
получиш,5
казуси,5
изготвено,5
анкетирани,5
извадя,5
гугушева,5
транспортирането,5
халкалиева,5
бъбрек,5
разрешени,5
заплашиха,5
съдържат,5
сключат,5
личното,5
общежитие,5
позвънил,5
осъзнал,5
средното,5
излъгал,5
престоят,5
разделила,5
поръчал,5
начален,5
пенев,5
съвместните,5
разкъсно,5
подпалена,5
следенето,5
буен,5
цветана,5
опитваше,5
завръщането,5
счупили,5
запален,5
присъединиха,5
помисляла,5
доспат,5
научна,5
притесняваме,5
кръводаряване,5
обединена,5
регионалният,5
рисува,5
приложи,5
обвинената,5
имунизация,5
оцелял,5
приложените,5
изнасилени,5
батак,5
ваксинират,5
законодателните,5
пулев,5
откъснат,5
потресен,5
оперативната,5
нарязал,5
адски,5
микробус,5
ракитово,5
пожелае,5
специализираният,5
медовец,5
гложене,5
посегнала,5
братче,5
залавяне,5
маджаров,5
изключват,5
говорихме,5
прозорци,5
връзват,5
доктори,5
подмамена,5
разположение,5
вайбър,5
увеличен,5
работен,5
победата,5
страст,5
използваме,5
разхвърляни,5
изгорил,5
огнището,5
активност,5
старта,5
остров,5
дребен,5
динева,5
хванати,5
сложим,5
отвлечената,5
светица,5
самоубийството,5
раднево,5
мислил,5
опора,5
разстройства,5
културно,5
късмета,5
отхвърлена,5
бойно,5
амфетамин,5
ръководителя,5
песни,5
фасадата,5
опера,5
велино,5
помолил,5
заслуженото,5
юнеско,5
тормозят,5
оправим,5
операторът,5
изобилие,5
преход,5
завет,5
отделят,5
наела,5
балканите,5
обход,5
осъдения,5
мъртвата,5
схватката,5
завели,5
мащабите,5
книгите,5
босна,5
освободиха,5
часовата,5
знаехме,5
фигури,5
оранжев,5
сорта,5
засечен,5
интелигентно,5
добромир,5
отсъствие,5
отвлякоха,5
ампутация,5
убили,5
предявиха,5
медийна,5
особеностите,5
давали,5
готовността,5
политическото,5
отмъкнал,5
филмът,5
лилав,5
морала,5
гробището,5
свести,5
чичото,5
инж,5
отдадена,5
машина,5
тасков,5
удо,5
хосписа,5
дадените,5
регламентирана,5
изпращали,5
нощни,5
приживе,5
обявили,5
наблюдавана,5
отхвърля,5
черногорово,5
вътова,5
мизия,5
ганева,5
медико,5
ресторанта,5
упреци,5
усмихва,5
сексуалният,5
другаде,5
стационарен,5
присъствало,5
лампата,5
постановена,5
останките,5
доброволците,5
стойности,5
разочарован,5
юлиян,5
попечителство,5
синод,5
ташев,5
бенковски,5
осъжда,5
оплаче,5
чужденци,5
вълк,5
преживее,5
произнася,5
ужасяващата,5
ценно,5
ловец,5
ален,5
пиша,5
челопечене,5
дългове,5
полезно,5
кичури,5
премести,5
заключвал,5
потърсим,5
предходно,5
достигат,5
преодолее,5
заминали,5
мотика,5
мисъл,5
свърша,5
вещно,5
шаркова,5
заля,5
подкрепена,5
гордост,5
посочил,5
осигурена,5
израснала,5
служебни,5
портала,5
пациентки,5
настани,5
поставяла,5
запознал,5
обърнала,5
училищното,5
пенсионната,5
изборът,5
запазена,5
донесъл,5
имотът,5
отворих,5
манол,5
колебание,5
котки,5
биологична,5
поставила,5
портрет,5
дърветата,5
осигурил,5
морски,5
шестокласничката,5
атакува,5
елит,5
отрази,5
енке,5
притискал,5
действащ,5
заключва,5
настаняването,5
заживеят,5
добринище,5
тона,5
междучасието,5
писали,5
кръговото,5
пенсиите,5
забавянето,5
съдена,5
предизвикала,5
поставиха,5
заплашваше,5
спряно,5
боклука,5
нормалното,5
слязох,5
затварянето,5
отсечка,5
струма,5
тригодишното,5
предходни,5
юлияна,5
клипчета,5
книжа,5
ваксинирана,5
коледно,5
изнасилва,5
тормозена,5
физическия,5
глухи,5
близнаков,5
избягах,5
портал,5
сезира,5
керка,5
данъци,5
говориш,5
празници,5
пристигнат,5
инвестиции,5
контрера,5
гледачката,5
крачки,5
протестиращ,5
възможните,5
поддържат,5
боже,5
вицепрезидент,5
влошили,5
спим,5
сачми,5
насилвано,5
действителност,5
възприема,5
стъклена,5
криел,5
търновската,5
братовчеди,5
кръвно,5
чист,5
нелепи,5
управителката,5
концентрация,5
стереотипи,5
недостроена,5
издирваната,5
художник,5
честотата,5
задушница,5
руши,5
съвещание,5
подпомогнат,5
крещял,5
еленово,5
велчева,5
пътнотранспортно,5
изоставя,5
прострелва,5
велкова,5
намаление,5
превоз,5
контактно,5
прокуратури,5
офанзива,5
ракия,5
златев,5
фокусът,5
колежки,5
изплащат,5
сфера,5
посещавали,5
двайсет,5
бургаското,5
ядосала,5
cecb,5
облага,5
боклуци,5
жилищни,5
евтаназията,5
отвели,5
естествен,5
пиел,5
бурни,5
уязвими,5
обучават,5
джебчии,5
нахвърлили,5
съгласиха,5
каузи,5
закупи,5
тръгнат,5
фермата,5
десния,5
решителни,5
алкохолът,5
купим,5
погрижи,5
канна,5
моментите,5
лозан,5
славянка,5
немски,5
централния,5
температури,5
свалили,5
разбирала,5
днешният,5
образуваните,5
убедил,5
продажбата,5
зашита,5
ремонтът,5
продуктите,5
плащам,5
уличните,5
справки,5
организатори,5
самостоятелна,5
отправяни,5
възникване,5
неизяснени,5
жестоката,5
отговорил,5
кореспондента,5
поканени,5
допустимото,5
ключица,5
охранителя,5
отговорна,5
клони,5
независима,5
бившето,5
скитнически,5
връщала,5
магистралата,5
обещах,5
пресичат,5
нямате,5
отсъствието,5
мъжките,5
впечатления,5
финансира,5
поднася,5
изпит,5
необходимия,5
алтернатива,5
несигурност,5
прецизират,5
перитонит,5
андонов,5
хванала,5
отпечатък,5
прехвърля,5
положително,5
боравене,5
обсъдят,5
her,5
трудноподвижна,5
щяло,5
откраднала,5
отразено,5
великотърновско,5
криси,5
правомощията,5
продадена,5
виждало,5
ударът,5
видеозаписите,5
приведен,5
компетентната,5
краси,5
дискотеката,5
шокираща,5
точните,5
излязло,5
срещнем,5
великотърновското,5
стойна,5
живеещата,5
максим,5
гласовете,5
докара,5
лед,5
противен,5
подгонил,5
желаете,5
лишен,5
сумите,5
вдигнаха,5
ковачевци,5
уважава,5
палки,5
кантората,5
фишът,5
познато,5
адвокатка,5
божанова,5
завеждащ,5
варненската,5
проверяващите,5
писмена,5
беглеж,5
нееднократно,5
изнасилвал,5
навреди,5
домоуправителят,5
приключим,5
материални,5
ограничители,5
водено,5
празничните,5
задължен,5
буква,5
изпълнят,5
парти,5
изпод,5
връстник,5
веселинова,5
чудех,5
асена,5
язовир,5
драгоман,5
травматичен,5
досег,5
защитим,5
eon,5
външна,5
заповядал,5
дарителски,5
пернишката,5
кораба,5
осигурим,5
уникален,5
изглеждаше,5
подписи,5
унижения,5
снимам,5
дпа,5
стола,5
медийното,5
премахнат,5
служителка,5
спад,5
възприемат,5
иззели,5
бяхте,5
демокрацията,5
мечтая,5
попадне,5
пасионария,5
руската,5
горанка,5
фиша,5
рентгенова,5
променила,5
политическите,5
георг,5
наказателни,5
девин,5
пръстен,5
райко,5
неправомерно,5
трагичен,5
разваля,5
упражненото,5
заканвал,5
замина,5
системното,5
пневматичен,5
привечер,5
домашна,5
закъснял,5
нагласи,5
състава,5
невяна,5
замине,5
общежитието,5
случка,5
пенчева,5
кръвни,5
интервенции,5
листата,5
чифлик,5
палестински,5
петимата,5
добричкото,5
наглите,5
побойничката,5
израелски,5
русенския,5
проститутки,5
осъдят,5
прехвърлени,5
доживот,5
изслушани,5
дойдохме,5
неправителствена,5
желаещ,5
неприлични,5
препоръки,5
газа,5
организирали,5
дивата,5
горните,5
питали,5
paypal,5
предприе,5
длан,5
ратификация,5
признаване,5
трансплантацията,5
чобанова,5
разбираш,5
припомням,5
залови,5
саморазправят,5
телевизора,5
притежаван,5
хан,5
мисията,5
проявената,5
изваден,5
груби,5
забременях,5
забранила,5
велосипед,5
планира,5
наслов,5
църкви,5
класният,5
емисия,5
обясних,5
отчаяна,5
чути,5
подчертават,5
поправките,5
дискусията,5
информиран,5
признаят,5
общува,5
марсилия,5
фараонов,5
директори,5
предали,5
навременна,5
произвеждат,5
единния,5
денислав,5
публикуват,5
пуснал,5
нужди,5
контактни,5
кредита,5
заключила,5
висшия,5
застраховка,5
бончев,5
въведе,5
сливенският,5
добавят,5
чез,5
задава,5
протестиране,5
преместването,5
искрено,5
гъстата,5
наргиле,5
оцеляло,5
сериозността,5
директна,5
прогнозата,5
мигрантите,5
проверили,5
заловени,5
бай,5
поддръжката,5
потърпевш,5
желю,5
пътеката,5
практически,5
централен,5
съпроводено,5
директен,5
дъската,5
мнения,5
постановява,5
отговарял,5
антова,5
спасението,5
спорните,5
кръглата,5
идеология,5
изказа,5
организационни,5
пешеходците,5
принадлежност,5
ексхумация,5
невръстното,5
сянка,5
държавният,5
телевизионно,5
регистрирано,5
наблюдаваме,5
настояваха,5
качулки,5
бутнал,5
споделило,5
етническа,5
митаров,5
задължени,5
очила,5
иисус,5
щели,5
професорът,5
шофьорската,5
болеше,5
прерасна,5
разказите,5
алармира,5
фандъкова,5
омбудсман,5
важната,5
мислила,5
мутафчийски,5
изкуства,5
подлаган,5
пудрия,5
ежедневна,5
генерално,5
съседство,5
киното,5
повикване,5
автобусна,5
ескалирал,5
барманът,5
сирак,5
предстоеше,5
въвел,5
полски,5
мащабна,5
разкрит,5
попаднал,5
халиов,5
нарастват,5
предварителен,5
инспекторатът,5
вярваш,5
вярвала,5
предприета,5
пожарникарите,5
император,5
възглавница,5
литературата,5
работиха,5
хасанова,5
юмейхо,5
равнището,5
инфлуенсърката,5
познавате,5
осъдените,5
гласуване,5
посреща,5
предчувствие,5
продуцент,5
машинка,5
крим,5
тероризъм,5
факултет,5
пречат,5
неделчо,5
запад,5
засилва,5
вирусна,5
гадже,5
лихварство,5
подстригал,5
декларира,5
тийнейджърките,5
избере,5
левия,5
комуникира,5
разградската,5
бомби,5
платен,5
каменар,5
шоколад,5
запознае,5
пищи,5
ина,5
полфрийман,5
видеозапис,5
монов,5
обхваща,5
правилните,5
отключена,5
набил,5
отчетени,5
пускам,5
седял,5
ирония,5
правова,5
спасил,5
практики,5
гецово,5
саня,5
съжителството,5
вечно,5
княжево,5
димитрийка,5
срещнаха,5
далиа,5
безкрая,5
отключва,5
работите,5
следващо,5
гено,5
запознанства,5
наумова,5
посещавала,5
междуличностни,5
ананиев,5
очаквания,5
световно,5
опасения,5
обсъдиха,5
едните,5
величкова,5
колело,5
хванали,5
процентът,5
понастоящем,5
самота,5
първомай,5
отключила,5
епстийн,5
масово,5
пленарната,5
паметна,5
гей,5
етрополе,5
преглеждат,5
разгледани,5
отказът,5
виновният,5
случила,5
обмислено,5
езици,5
побягнал,5
поделението,5
козметични,5
изнасилвани,5
лаптоп,5
съчетанието,5
спасителната,5
създадени,5
бчк,5
характера,5
женят,5
оплакал,5
ядосан,5
регионални,5
изведат,5
изпълнявал,5
спрете,5
коридор,5
информационен,5
висшето,5
мнозинството,5
обличам,5
четат,5
гробищния,5
оцеляване,5
постовете,5
стажант,5
предишният,5
обстоятелството,5
осъждана,5
посъветвали,5
спала,5
тъжната,5
провокиран,5
слабо,5
достойни,5
надписи,5
възрастния,5
гаври,5
разправа,5
първична,5
гледани,5
познаваме,5
отравяне,5
игнатиев,5
трън,5
редовни,5
коронавирусът,5
буса,5
чувах,5
изключение,5
съвместни,5
кризи,5
изглеждало,5
кошмари,5
проследяване,5
самотни,5
каравелова,5
женско,5
причинен,5
красивата,5
отрядът,5
чувствах,5
изтече,5
забелязала,5
монети,5
силва,5
единствените,5
канада,5
колабирала,5
благоевградския,5
упражнявали,5
нашумя,5
клубове,5
възрастовата,5
гешева,5
намиращи,5
дружества,5
шофьорка,5
устната,5
папиломен,5
кабел,5
пропаганда,5
набирали,5
дебатът,5
прогресира,5
изпитателния,5
натоварени,5
ефекти,5
капацитетът,5
алея,5
босилеград,5
заплашвано,5
опитваме,5
констатират,5
маринков,5
позволил,5
рискове,5
организъм,5
претърсват,5
куздов,5
молеше,5
стреч,5
операционната,5
малтретираните,5
срамът,5
сватба,5
накараме,5
народния,5
безхаберието,5
съчетана,5
герои,5
темелков,5
нои,5
симова,5
празненство,5
чернодробна,5
откога,5
заколя,5
натравяне,5
носила,5
работодателят,5
полагала,5
обвиняема,5
започнем,5
моделът,5
кончината,5
цикъл,5
намираща,5
работодателя,5
масовите,5
съобразно,5
безжизненото,5
мариета,5
внуците,5
днешните,5
изказването,5
дона,5
стил,5
мишената,5
правилния,5
наблюдения,5
върха,5
болнични,5
склада,5
разпитвани,5
трайкова,5
лина,5
равносметката,5
излежава,5
сътрудничество,5
емоционалната,5
восък,5
пристъпил,5
упоритостта,5
булка,5
контактува,5
съставяне,5
подготвена,5
реагирал,5
обявяването,5
младия,5
миланова,5
строга,5
наблюдаващи,5
свекърът,5
взривове,5
цъфтят,5
програмите,5
минно,5
указано,5
назначените,5
обсъдим,5
независими,5
дичо,5
изпитания,5
маската,5
следене,5
насрочен,5
справям,5
жизнено,5
разрешава,5
пуши,5
преместени,5
ребро,5
птичките,5
решено,5
засегнато,5
управляват,5
граничните,5
стигнахме,5
биология,5
очакваните,5
хубинова,5
плевнелиев,5
наличната,5
взривовете,5
бригита,5
ния,5
идентичността,5
писал,5
въздейства,5
поставено,5
смяташ,5
приближил,5
красиво,5
разпитвана,5
тъмни,5
щъркел,5
официални,5
информирал,5
емпатия,5
давала,5
аднан,5
вярвания,5
текстови,5
молени,5
оборудването,5
събуждала,5
говорели,5
интелигентен,5
положат,5
работно,5
слънце,5
зла,5
изиска,5
варианта,5
готово,5
забавление,5
стабилна,5
караше,5
хали,5
албания,5
криминалното,5
благоевградско,5
предложените,5
гори,5
черво,5
вървеше,5
изключени,5
прегазеното,5
реалните,5
идваха,5
досиетата,5
овцете,5
йерархията,5
вербалната,5
ема,5
козите,5
варненка,5
отговоря,5
уговорка,5
писъци,5
ходихме,5
завързано,5
платят,5
бури,5
изпишат,5
потърпевшото,5
върхът,5
техники,5
запазва,5
размера,5
прерязано,5
преместила,5
сложни,5
отправена,5
обяснено,5
дарове,5
юрисконсулт,5
проникване,5
корупцията,5
благово,5
постигне,5
посетят,5
женска,5
бедро,5
кристо,5
неподчинение,5
излекува,5
кръвоизливи,5
стоилов,5
остри,5
зелена,5
скандалните,5
разследвани,5
дск,5
самосезирали,5
уличка,5
утрешния,5
посочения,5
гласуването,5
метода,5
бия,5
лодката,5
крачолов,5
капитан,5
картата,5
чувам,5
недостатъчно,5
превъзходство,5
вещо,5
истинските,5
инспекторите,5
огнянов,5
санкционирани,5
капитанът,5
скъса,5
защитника,5
леката,5
бахар,5
правилник,5
проявата,5
безпаричието,5
нивата,5
протече,5
природа,5
външното,5
унижава,5
побойникът,5
зарадва,5
проявеният,5
стрелбище,5
съгласих,5
зверското,5
посинена,5
санкциониран,5
христинка,5
сектора,5
употребявали,5
охранява,5
кухина,5
доживотни,5
поднесъл,5
дар,5
хирургичното,5
участъци,5
тита,5
ученика,5
повдигнат,5
помете,5
вапцаров,5
правел,5
аргумент,5
възстановят,5
аспекти,5
застрашават,5
задържал,5
сърница,5
информатика,5
pdt,5
папа,5
дрегер,5
автопатрул,5
оръжията,5
запалка,5
френски,5
неустановена,5
следния,5
зверско,5
декларации,5
разболява,5
дебело,5
помоля,5
реалния,5
неофициално,5
мигове,5
досието,5
курсант,5
поздрави,5
усетят,5
уведомление,5
ограничават,5
свързахме,5
човешкият,5
украинския,5
шокирана,5
реанимационен,5
анализира,5
емоционалните,5
корана,5
нанасяйки,5
етажа,5
математическата,5
намалено,5
решило,5
делон,5
навършени,5
подобрение,5
казваш,5
изтезание,5
самоизолацията,5
прецениха,5
събрахме,5
хематолог,5
уплаших,5
стресирана,5
кафяви,5
касата,5
изявления,5
сводничество,5
дечо,5
повика,5
фокуса,5
бригада,5
допуснат,5
дадеш,5
строежа,5
засилена,5
очаквали,5
повикат,5
съдилищата,5
изключения,5
присъдени,5
политиките,5
едногодишното,5
равна,5
бала,5
разменят,5
изминал,5
светофара,5
целял,5
борисовата,5
назначават,5
отправиха,5
поздрав,5
изненадан,5
тренирам,5
стереотипите,5
водачи,5
челен,5
оказано,5
янкова,5
поставил,5
разстроена,5
пререкание,5
откраднаха,5
твърдим,5
справедливостта,5
мода,5
водила,5
урок,5
сърбинска,5
ограничава,5
градската,5
строителен,5
консулството,5
хипотезата,5
френската,5
чашата,5
родопите,5
вързал,5
сън,5
облачно,5
аспарух,5
дати,5
зъба,5
алеко,5
дължимата,5
калта,5
консултативния,5
насилил,5
позволила,5
намерило,5
дежурна,5
звънях,5
приспаднато,5
разговарях,5
ходих,5
професионалисти,5
изчезналите,5
планирана,5
институционалната,5
здрав,5
системни,5
нанка,5
дръндарова,5
забрави,5
кака,5
авторството,5
мръсни,5
маневра,5
снахата,5
съпротивлява,5
усети,5
заловят,5
няголова,5
превантивни,5
мандата,5
избирателна,5
ранените,5
местан,5
самотните,5
пътуването,5
съзнавал,5
желания,5
чешмата,5
влизам,5
плочата,5
упор,5
заявявам,5
отдолу,5
изневяра,5
травмирана,5
нощи,5
бъкстон,5
обслужва,5
снега,5
гранични,5
излезем,5
проявила,5
настоящото,5
сходен,5
будителки,5
изборния,5
получа,5
детайлите,5
кавги,5
протича,5
разберете,5
финанси,5
александрина,5
соня,5
противоречия,5
слаби,5
алейда,5
разплитането,5
злополука,5
плазма,5
игри,5
господа,5
превърнало,5
бъркачево,5
лесово,5
постове,5
повикали,5
въведени,5
свързах,5
лампи,5
току,5
агресора,5
падала,5
взимане,5
лунгара,5
храните,5
оперирано,5
кротка,5
известният,5
тиха,5
научите,5
сходни,5
минчева,5
ефективното,5
налагало,5
педофилия,5
якето,5
придружител,5
излъчването,5
отпечатъци,5
лавина,5
търговци,5
изповед,5
обиколи,5
безработните,5
религиозни,5
непрекъсната,5
проявило,5
качили,5
периоди,5
ръководни,5
агресивната,5
кабели,5
чудя,5
острига,5
тазобедрената,5
китката,5
паскова,5
чуждо,5
залавянето,5
осъществена,5
вакльов,5
изява,5
златица,5
равенството,5
нкжи,5
кючуков,5
отказана,5
бежанец,5
релсите,5
нелгин,5
котоошу,5
ескалацията,5
инициатор,5
цени,5
марфа,5
медикамента,5
избягам,5
епикриза,5
vii,5
качени,5
целят,5
допуснато,5
аферата,5
страховете,5
психоложката,5
нападал,5
почивката,5
откриваме,5
възложени,5
твърдя,5
страдания,5
сечение,5
изводи,5
изходите,5
жеков,5
постановено,5
мозъкът,5
турнира,5
прозрачност,5
представете,5
макаров,5
оплакаха,5
отправяла,5
назначил,5
директива,5
абитуриенти,5
ключово,5
блокада,5
долната,5
апаратна,5
работещите,5
звездите,5
колебаят,5
автосервиз,5
предоставено,5
наложиха,5
пребият,5
копие,5
махамид,5
вилната,5
хаджидимово,5
жизненоважни,5
юридическите,5
австрия,5
престъпниците,5
преобръща,5
божи,5
медицинското,5
останалото,5
защитавал,5
притежавал,5
недка,5
диагностика,5
увеличил,5
чели,5
черпи,5
манова,5
кемпера,5
регистрират,5
странджа,5
лотария,5
изводът,5
турска,5
извикани,5
притесни,5
защитна,5
ямболското,5
илийца,5
множествена,5
антимафиотите,5
нула,5
отхвърлиха,5
изтърпял,5
авторитет,5
раменете,5
съществено,5
дянков,4
наета,4
техническо,4
куриерска,4
славкова,4
помита,4
договорът,4
севдалин,4
предприето,4
изградени,4
посетители,4
пешеходката,4
диагностицирана,4
измъкнат,4
белград,4
блъснати,4
софиянец,4
рекет,4
деветгодишно,4
направления,4
фотография,4
лихтенщайн,4
умен,4
кила,4
гаранцията,4
зачестили,4
отказано,4
прекършени,4
грешките,4
синджир,4
ползвал,4
невероятна,4
езика,4
ратифицирането,4
genova,4
купила,4
стратегии,4
търговско,4
трайчо,4
любчо,4
постановеният,4
възпрепятства,4
безучастни,4
специфичен,4
белослава,4
замесените,4
печалби,4
арнаудова,4
държанието,4
ускори,4
закуски,4
загадка,4
разменени,4
натоварен,4
изтезавал,4
ремонти,4
нощува,4
шоубизнеса,4
сръбският,4
абдикирала,4
poli,4
разстроен,4
познатия,4
сектори,4
казачево,4
написаха,4
приемаме,4
лакатник,4
поправи,4
печелят,4
унисон,4
естония,4
зелени,4
алкохолни,4
опитахме,4
заразата,4
нву,4
износа,4
догонил,4
влияе,4
скорчев,4
микаела,4
ведомствено,4
уроците,4
нюз,4
наранени,4
чолакова,4
покупки,4
насочен,4
закачват,4
отговарящи,4
влага,4
вражда,4
расим,4
разцъфнало,4
обезщетения,4
подписвала,4
вълканова,4
сестричка,4
дръвче,4
производители,4
кутията,4
балет,4
ръководителка,4
раненият,4
обичаите,4
дилов,4
затлъстяване,4
уроки,4
корем,4
станеш,4
лошотията,4
радостна,4
високият,4
учиш,4
удряно,4
милосърдието,4
откажат,4
русчева,4
обичан,4
нощните,4
лошотия,4
забранена,4
карантината,4
ориз,4
любими,4
ангажирана,4
учила,4
тъщата,4
обезщетенията,4
уролог,4
серафим,4
серечи,4
ялчън,4
приписвала,4
магическата,4
наранен,4
ритник,4
очилата,4
строгите,4
нервите,4
пълноценно,4
следови,4
степента,4
възпитава,4
включена,4
избрани,4
подготви,4
рецидивиста,4
козметика,4
боклуците,4
пиперков,4
ранено,4
срещнал,4
набила,4
изплати,4
лесен,4
прочела,4
светкавично,4
демокрация,4
деецът,4
тъмна,4
гръм,4
забравен,4
уши,4
издават,4
хирургията,4
светомира,4
ангажираха,4
закарал,4
скромна,4
челно,4
мокри,4
възниквали,4
мисии,4
чакащите,4
изгонването,4
злите,4
save,4
претърпени,4
палене,4
рискова,4
свършил,4
кръгово,4
сметта,4
нивите,4
жаравата,4
обретенов,4
станчева,4
педагожката,4
лекарският,4
мюсюлманите,4
тоалет,4
колона,4
зная,4
закарано,4
биполярно,4
кадиева,4
поели,4
длъжностни,4
довърши,4
дяловете,4
чиста,4
миланов,4
обвинители,4
настроение,4
правилна,4
избегнат,4
колената,4
законовите,4
анализът,4
предоставен,4
скубане,4
ухан,4
обещала,4
убедени,4
океан,4
ихтиман,4
чуваме,4
позитивна,4
родило,4
мил,4
глория,4
усъмни,4
доставчик,4
динка,4
рибар,4
известие,4
привлечено,4
детайл,4
насред,4
съветската,4
демократично,4
кюстендилско,4
емануела,4
всичкото,4
умно,4
изнасилят,4
освидетелстват,4
дизайн,4
ценна,4
маравиля,4
опечалените,4
биологичния,4
горнооряховското,4
бягала,4
биеха,4
груево,4
женени,4
общуват,4
моряците,4
адвокатски,4
окончателните,4
къса,4
изпило,4
застрахователя,4
преходна,4
мухово,4
барети,4
смятах,4
речи,4
цариградско,4
гърдата,4
споменава,4
извървяха,4
прах,4
случайност,4
кожухарова,4
диабетик,4
спусъка,4
сбиха,4
възпитатели,4
разложение,4
енергийни,4
историкът,4
титли,4
честна,4
ходенето,4
отдела,4
блс,4
купих,4
веселка,4
следствено,4
свършват,4
хапчета,4
неца,4
предишен,4
дългогодишната,4
проектозакон,4
закъснява,4
депозирал,4
улучил,4
приложението,4
постъпването,4
премиерата,4
чуя,4
изплатени,4
завлякъл,4
почувствало,4
ванев,4
обжалването,4
цветът,4
неравнопоставеност,4
осма,4
напреднал,4
спортната,4
назначила,4
разстрел,4
сменили,4
типа,4
марчева,4
питаха,4
тераса,4
анализират,4
натъкнали,4
нормативната,4
заявено,4
орехи,4
идентични,4
тревожната,4
сив,4
запазя,4
маги,4
законово,4
уговорката,4
дафинка,4
съученичките,4
монтаж,4
разделим,4
умъртвяване,4
рогачев,4
капака,4
взимаме,4
адресът,4
оперирал,4
отмъсти,4
зловещата,4
тунджа,4
бедността,4
хеморагичен,4
витанов,4
преценено,4
секция,4
росно,4
франциск,4
досиета,4
въжета,4
споделено,4
nov,4
радулова,4
мобилният,4
южния,4
левицата,4
скъп,4
каснаково,4
рисково,4
близкият,4
лагер,4
планетата,4
чумата,4
отсъди,4
казаното,4
ганчо,4
викайте,4
изпаднал,4
месечната,4
интересите,4
загубим,4
развода,4
превозва,4
писъците,4
баретата,4
бъбреци,4
продавача,4
малашевска,4
филъри,4
изнасилват,4
дукова,4
застанала,4
рашкова,4
минах,4
километри,4
подбудителя,4
злобни,4
нападенията,4
виновно,4
киркович,4
каспичан,4
безумно,4
корупция,4
уют,4
пълното,4
рахила,4
състезател,4
мърда,4
издебнал,4
опитало,4
изгарянията,4
прескочи,4
туй,4
вадят,4
несправедлива,4
репродуктивни,4
психотест,4
проследят,4
играеше,4
манов,4
няколкостотин,4
свещ,4
точен,4
раздават,4
предложена,4
изнесат,4
вино,4
жестовият,4
чакахме,4
веселинов,4
осъществили,4
оживява,4
скрили,4
наречения,4
помогнеш,4
костурков,4
бизнесът,4
хулиганско,4
чанев,4
отделът,4
пловдивски,4
материално,4
велева,4
сценарист,4
шосето,4
притеснителен,4
респект,4
непознатият,4
туберкулоза,4
сват,4
мизерия,4
притисната,4
кунчев,4
любимци,4
последвалото,4
сара,4
карлово,4
изслуша,4
променили,4
поел,4
нападани,4
комплексната,4
разпределени,4
старицата,4
старица,4
обличат,4
глезен,4
легендата,4
районите,4
мълния,4
закуска,4
засече,4
знание,4
изпуснала,4
измръзване,4
отнесена,4
слязла,4
нахлула,4
газовия,4
смело,4
цивилни,4
транспортни,4
чин,4
плевенското,4
застрашава,4
прекъсване,4
свободното,4
отскубне,4
местоживеене,4
дарени,4
тръстиково,4
въоръжена,4
стихията,4
жалко,4
приходите,4
родено,4
държиш,4
разписан,4
дечицата,4
ледена,4
губим,4
дреха,4
wwf,4
мечета,4
топка,4
процесуалния,4
продал,4
опише,4
камара,4
неофициални,4
венци,4
продължаващо,4
химическа,4
масите,4
предприела,4
събрана,4
намеренията,4
арестувания,4
липсвали,4
деянов,4
представените,4
решаване,4
произведение,4
вдъхновение,4
ходех,4
провинение,4
селската,4
пена,4
съселяните,4
фронт,4
гарантиране,4
заснела,4
морална,4
действали,4
кадиев,4
драстичен,4
незнание,4
недостатъчна,4
митрополия,4
тих,4
последователни,4
охранителната,4
върти,4
здравка,4
патрона,4
признавам,4
взимам,4
тригодишно,4
юлиан,4
елитни,4
съдействал,4
идентифицирана,4
арт,4
семинари,4
отпусната,4
безпомощност,4
исканата,4
съмишленици,4
самуил,4
чаушеску,4
потвърдили,4
полък,4
профили,4
ангажира,4
интубирано,4
възможна,4
мариан,4
максимум,4
оставим,4
гол,4
длъжността,4
пречка,4
гевара,4
оказаната,4
убеждения,4
деветия,4
топла,4
мъченици,4
спяла,4
идвали,4
следена,4
дежурството,4
хирургична,4
тренировки,4
оправдавам,4
тенис,4
изпратените,4
бабо,4
данъчни,4
болничната,4
записана,4
белева,4
обосновават,4
тормозел,4
христа,4
северозапада,4
лаконично,4
уволнена,4
липси,4
конкретният,4
клиентката,4
микробиологичната,4
засиленото,4
дафовски,4
денонощна,4
канев,4
излизаше,4
оберат,4
йотов,4
непрестанно,4
десетокласник,4
десетокласникът,4
предизвикателства,4
баретите,4
рейса,4
гардероба,4
предупредителни,4
командос,4
присъстваше,4
посрещнаха,4
драгнева,4
събран,4
страхотно,4
надеждност,4
смятал,4
разделя,4
силистар,4
бактерията,4
неволен,4
осмелила,4
болярино,4
наложили,4
едномесечния,4
габровска,4
открадна,4
вярващи,4
сблъсква,4
форумът,4
общувала,4
министрите,4
пендиков,4
обиколиха,4
работничка,4
мюсюлмани,4
неврохирургията,4
автобуси,4
троица,4
седмокласничката,4
притеснявала,4
кварталите,4
кметовете,4
изключвам,4
подкрепени,4
аптеките,4
ганчева,4
наркозависими,4
разделяли,4
пресече,4
замаскирана,4
разпространяват,4
динев,4
престрелката,4
варненчик,4
русенова,4
плътно,4
цонка,4
седнало,4
паниката,4
завършен,4
злоупотребявала,4
пеят,4
условието,4
хаджиев,4
йордана,4
държейки,4
потребител,4
накарали,4
мобилност,4
освободят,4
яница,4
побойничките,4
връхлита,4
дере,4
взимал,4
наемат,4
сийка,4
коства,4
подстригана,4
спречквания,4
информирали,4
вип,4
произхода,4
засили,4
дмитриева,4
обещаха,4
линкова,4
правителствената,4
изписва,4
обеси,4
принуждавали,4
авария,4
здравия,4
строгия,4
поправят,4
призиви,4
подозирала,4
заградителни,4
праг,4
пускането,4
притежаване,4
незаконосъобразно,4
повикала,4
слухове,4
покрита,4
вулгарни,4
възстановени,4
терор,4
предупредена,4
обезопасен,4
биеше,4
дуков,4
криле,4
ремонтни,4
религията,4
виновникът,4
потърсите,4
единодушно,4
храня,4
безлюдна,4
уплашено,4
компетентни,4
срути,4
разсъблечена,4
ищцата,4
деляна,4
позорно,4
колоните,4
зарази,4
десетокласничката,4
заекване,4
настанените,4
бояджиев,4
престъпници,4
търсете,4
имиджа,4
влязохме,4
наско,4
промениха,4
бойни,4
глави,4
гърди,4
побойника,4
задушава,4
записват,4
велинска,4
ранната,4
панталон,4
провериха,4
бмв,4
формират,4
хирурзи,4
гледането,4
респективно,4
алексова,4
красно,4
избрала,4
унизително,4
условната,4
оттеглянето,4
замисли,4
третиране,4
фаталният,4
изхвърлена,4
магистратът,4
запазят,4
свършили,4
чинтулов,4
предишното,4
омар,4
караангелова,4
мирзаи,4
обясняваме,4
информационната,4
изкажа,4
признанието,4
допускал,4
пам,4
велидис,4
заведенията,4
бежанка,4
снемат,4
докладвано,4
коментираме,4
видев,4
звяр,4
отидоха,4
геоложкия,4
коева,4
кооперативна,4
индивидуална,4
мачева,4
объркана,4
взривът,4
истанбул,4
престъпни,4
стволови,4
отзовалите,4
положените,4
злополучната,4
кръвната,4
пиротехника,4
докладчик,4
извежда,4
хиляда,4
поканиха,4
летателната,4
критиките,4
природни,4
чернева,4
острието,4
недоумяват,4
богров,4
агресивния,4
беда,4
накарал,4
западен,4
инсп,4
домоуправителя,4
подлагани,4
кражбите,4
изнасяла,4
срамно,4
законовата,4
продължаваше,4
растителност,4
ненков,4
кошмара,4
психопат,4
диков,4
изнасилванията,4
укроти,4
фермерки,4
оцеляването,4
биволи,4
стриктно,4
зоопарка,4
пони,4
висящо,4
ясла,4
допълнителен,4
герговски,4
борован,4
срязана,4
разкрие,4
ася,4
приоритетните,4
задочно,4
исляма,4
велина,4
пациентките,4
важат,4
застрахователите,4
руптурата,4
крадат,4
касационна,4
набавят,4
влезем,4
изпитанието,4
локализирани,4
учебния,4
присъединили,4
милчо,4
кпконпи,4
знамената,4
производител,4
санитар,4
двойна,4
наръгана,4
осъждането,4
изразим,4
фактическа,4
побойник,4
констатациите,4
нейн,4
изхвърлен,4
съдебнопсихиатрична,4
тича,4
безобразие,4
опазване,4
изненадана,4
ливан,4
балева,4
трапоклово,4
изглеждам,4
доволни,4
разрешено,4
направеното,4
заявка,4
домашната,4
обсъждането,4
поверено,4
вкарат,4
пресечна,4
късметът,4
купят,4
обяснили,4
опира,4
варненска,4
обещава,4
разплете,4
регулира,4
елемент,4
разминавания,4
опасния,4
хероин,4
потенциални,4
потеглили,4
нападателка,4
загриженост,4
вероятна,4
реплика,4
армутлиева,4
строгата,4
мълчим,4
лекувана,4
червеи,4
регламент,4
българина,4
нахвърлила,4
страхували,4
горичка,4
слана,4
аделина,4
предизвикали,4
пневмоторакс,4
блъснала,4
дежури,4
самосезираха,4
хаджи,4
сърдечната,4
надпис,4
съпричастна,4
убедят,4
заколи,4
палахански,4
усещах,4
далак,4
микрофоните,4
военнослужещите,4
записали,4
познания,4
законодателната,4
кратка,4
писането,4
оттегляла,4
смела,4
божанков,4
отглеждани,4
паркът,4
обединява,4
заловеният,4
великова,4
алфа,4
оздравяване,4
първанова,4
златко,4
общите,4
затваряме,4
красив,4
похищението,4
алек,4
крил,4
тати,4
дългите,4
присъстващи,4
аварийните,4
ниви,4
командировани,4
картите,4
отблизо,4
провинцията,4
умра,4
сабина,4
фокусира,4
преследват,4
проникнали,4
беззащитна,4
бедната,4
конституира,4
лаконични,4
докога,4
защитила,4
дамските,4
женствеността,4
ясното,4
играли,4
битовите,4
треньорка,4
преведена,4
разпределителна,4
разположени,4
качества,4
кардиологично,4
увредено,4
абланица,4
станкова,4
коронарография,4
настроения,4
преминаващи,4
минерални,4
рекламната,4
повишават,4
градинката,4
коляното,4
изпълнили,4
празни,4
образователната,4
техническата,4
обратен,4
лишена,4
пушки,4
написаното,4
товар,4
антибиотик,4
ценева,4
колектив,4
почувствала,4
таков,4
меган,4
задължителни,4
повторил,4
равновесие,4
останалата,4
будно,4
битува,4
нора,4
изградим,4
свързваме,4
шоу,4
слънчеви,4
едноименния,4
блоковете,4
храм,4
посветен,4
изтрил,4
дъбница,4
чорбанов,4
агресивният,4
променило,4
съборена,4
службата,4
стелияна,4
дръпна,4
журналистика,4
развило,4
райчо,4
докъде,4
договорили,4
пазарува,4
сериал,4
гърмен,4
почва,4
рязък,4
законосъобразна,4
свободи,4
обмислят,4
обсъдени,4
протеза,4
белодробна,4
преценяват,4
студена,4
кореспондентите,4
съществени,4
обслужване,4
ожени,4
редовна,4
съоръжението,4
успехът,4
отмъкнали,4
редактор,4
викаме,4
кажи,4
отсега,4
бухалки,4
николаева,4
малолетният,4
печелившият,4
демонстрациите,4
изпила,4
спортния,4
пощенската,4
оправдание,4
акад,4
срещано,4
ходеха,4
предполагаемата,4
стискане,4
стаменов,4
насетне,4
сетих,4
обитател,4
обясняваха,4
обстойни,4
одраскване,4
изплащането,4
спортен,4
ректор,4
изключена,4
отслабване,4
ревански,4
бургаските,4
описала,4
избутва,4
посещавал,4
толерират,4
разбият,4
спял,4
законен,4
шампион,4
чинев,4
прорезна,4
разтревожен,4
раздадени,4
питате,4
инцидентите,4
участваме,4
направление,4
заровил,4
дежурство,4
контузна,4
дамян,4
стопанство,4
евелин,4
туристическа,4
хасковско,4
преследвал,4
скален,4
егн,4
доведения,4
забил,4
топола,4
смъртна,4
помогнаха,4
аргументира,4
учебна,4
отговаряше,4
bgubbs,4
кандидатът,4
парички,4
запазим,4
подпишат,4
смелата,4
гробища,4
повежда,4
точни,4
коалицията,4
разказана,4
пенсиониране,4
отличен,4
структура,4
разпределя,4
урология,4
чистачка,4
вот,4
списъци,4
отличава,4
докосне,4
стоева,4
шокът,4
конструкция,4
наградите,4
обичали,4
проследил,4
издирваха,4
точилка,4
едноличен,4
проявения,4
движела,4
радомирското,4
възел,4
лицева,4
знаело,4
етажи,4
мислела,4
позволено,4
осъзнавал,4
пилотът,4
монреал,4
специалните,4
пилотска,4
бутан,4
цонева,4
дежурят,4
капацитета,4
запълнен,4
французин,4
пространства,4
предназначени,4
любослава,4
възпитаничка,4
пекарна,4
позвънила,4
ваш,4
иранската,4
кораб,4
превозни,4
порезните,4
патриотите,4
преподава,4
копират,4
числа,4
сондаж,4
катастрофирал,4
системите,4
алкохолната,4
умни,4
отвсякъде,4
телевизионен,4
принудили,4
християна,4
платила,4
странна,4
съжалявал,4
отпразнува,4
бизнесменът,4
появят,4
родствена,4
ясновидка,4
селище,4
магазините,4
сърца,4
тържества,4
националните,4
осмелява,4
нарушители,4
кестенява,4
ограничени,4
загине,4
билки,4
супермаркет,4
цонев,4
мненията,4
изиграе,4
фоайето,4
прибрахме,4
пес,4
ескалират,4
продукцията,4
превърнала,4
звездата,4
координати,4
драган,4
безвъзмездно,4
ратифицирали,4
еднополови,4
разбирате,4
навежда,4
отпада,4
светия,4
йовчо,4
храсти,4
прераства,4
търсиха,4
трудово,4
рискува,4
мед,4
разполагала,4
будна,4
прекратявани,4
издавал,4
обучен,4
снежина,4
срещала,4
наричаме,4
емануил,4
тиксо,4
стамен,4
разяснения,4
посъветвал,4
стрелбите,4
граничен,4
априлов,4
учение,4
проговориха,4
приключат,4
материала,4
интервенцията,4
читалището,4
златина,4
мирни,4
откази,4
скандален,4
крещейки,4
ислямската,4
иранския,4
защитен,4
стояха,4
ареа,4
часовете,4
преподавателка,4
таксиметровият,4
кюхова,4
туристка,4
свещеник,4
блокира,4
отишло,4
смятали,4
лулчева,4
колежката,4
вицепремиера,4
войници,4
допуснаха,4
нуждаещите,4
шофьорска,4
нарушават,4
цех,4
включен,4
регламентирано,4
легално,4
възраждането,4
качествено,4
контакта,4
обаждам,4
обърнем,4
чакаш,4
читател,4
търговищко,4
херцеговина,4
забави,4
разкрита,4
умирай,4
връстниците,4
колегия,4
брусарци,4
вдигната,4
припадък,4
резолюция,4
борили,4
накратко,4
буковец,4
афп,4
собствени,4
блокират,4
разрешителното,4
възлови,4
любимите,4
символично,4
намалели,4
актриси,4
гневни,4
партньорство,4
повишена,4
любовните,4
разхождайки,4
милиарда,4
срамуват,4
родих,4
осакатена,4
тричасов,4
молех,4
луд,4
рандева,4
търнавска,4
изложба,4
издръжката,4
писмен,4
ужасяващо,4
рентгенови,4
откарва,4
придвижвали,4
спреш,4
образували,4
цифрите,4
файад,4
миличин,4
стоичко,4
натали,4
тормозен,4
учебната,4
родственици,4
кандидатстване,4
отделните,4
агресор,4
намесила,4
основател,4
касаят,4
заплата,4
съвпадат,4
анаис,4
сигнализация,4
предлагаме,4
пенков,4
пирони,4
фиктивни,4
катето,4
желязно,4
шуранова,4
въздушно,4
преценява,4
допълненията,4
светъл,4
фалита,4
смъртните,4
пижамата,4
отец,4
бакалов,4
инфекциозната,4
неблагоприятни,4
предвидена,4
джеки,4
уикенда,4
използвала,4
недохранените,4
пращала,4
сформиран,4
ставаше,4
нервен,4
дечица,4
чужденец,4
обитавали,4
рязане,4
патаринска,4
адресна,4
димитрия,4
наказателната,4
скромно,4
забравила,4
отпадне,4
милков,4
монахинките,4
мма,4
подробни,4
финансиран,4
ползвала,4
ирен,4
очакваната,4
компенсира,4
разяснява,4
определянето,4
стабилизира,4
ухо,4
допълнения,4
вън,4
конгреса,4
денка,4
бурна,4
родили,4
осиновена,4
фалшива,4
единствена,4
предупредили,4
любовник,4
режисьора,4
полицайка,4
спасило,4
изработена,4
отстъпи,4
почернените,4
нападне,4
викаха,4
светли,4
осъществен,4
живеене,4
дихателните,4
обичайния,4
брадавици,4
честият,4
гласувани,4
неудобно,4
удариха,4
кула,4
християнка,4
контролиран,4
унизена,4
задълбочава,4
ненавършени,4
съветници,4
орлинов,4
стабилизирана,4
акушеро,4
източна,4
подадено,4
браниполе,4
смъртоносни,4
тревожен,4
получавах,4
скандалната,4
кандидатурата,4
тълкуване,4
джоунс,4
закрита,4
базирано,4
консенсус,4
актуална,4
станахме,4
правилното,4
бурната,4
общинските,4
внасят,4
манипулацията,4
блокирана,4
интензивни,4
примери,4
предприемачи,4
комисиите,4
пиянски,4
салони,4
неприкосновеност,4
гръмна,4
съчувствие,4
значителна,4
ръководителите,4
помислят,4
ляво,4
навършили,4
събудила,4
парцел,4
добричко,4
отвел,4
държано,4
вкуса,4
бялото,4
изпълнила,4
напускането,4
слабост,4
стоим,4
започваме,4
безумие,4
обадя,4
търсен,4
нападателките,4
свободен,4
лихвари,4
изпълнители,4
убеждение,4
интелект,4
притекъл,4
предполагаме,4
уведомява,4
набързо,4
дойнов,4
правиха,4
поява,4
лиз,4
поука,4
решени,4
реагирам,4
условни,4
обрат,4
критичното,4
запазил,4
изплащане,4
илона,4
лекарството,4
принципите,4
книжки,4
препратена,4
силовият,4
пълнолетният,4
нейкова,4
живееха,4
запознаем,4
спазване,4
дарители,4
продължавал,4
парично,4
построи,4
отвеждането,4
болезнените,4
възползват,4
арх,4
сменят,4
омагьосан,4
несправедливост,4
илко,4
отстраняването,4
горска,4
тегли,4
молбите,4
селските,4
обикновени,4
телевизор,4
термин,4
мануел,4
освидетелстване,4
добива,4
убило,4
заплашен,4
самоуправление,4
годно,4
единна,4
разходят,4
актът,4
излъчено,4
преводи,4
позволявал,4
кафене,4
гинекологичен,4
опазим,4
конкурси,4
стресирани,4
тъга,4
силният,4
комфорт,4
документацията,4
самотата,4
избрал,4
спя,4
земетресението,4
заетост,4
наранят,4
тепеликян,4
защитавам,4
публичен,4
подкрепим,4
премахнато,4
известната,4
личностно,4
ръководен,4
влизал,4
изградили,4
кантора,4
юристите,4
буркан,4
преведе,4
обобщава,4
отхвърлила,4
изключването,4
морален,4
политическата,4
анадолска,4
ужасните,4
посочените,4
възпитават,4
обява,4
преля,4
разведат,4
мъжкия,4
яростно,4
противното,4
предлагащи,4
търсещи,4
свиква,4
преобърна,4
седя,4
болногледач,4
заеме,4
липсваше,4
искало,4
любимият,4
подходящ,4
мениджър,4
плач,4
цвети,4
щяха,4
празен,4
състезания,4
задейства,4
изпълнителни,4
скула,4
отгледа,4
посетила,4
непристойни,4
петричкото,4
рилци,4
благоевградското,4
минимална,4
отвлеченото,4
подиграват,4
кварталния,4
влас,4
търговска,4
мустрак,4
балван,4
стационарния,4
горещи,4
оставяйки,4
кармен,4
служителя,4
вуйчото,4
изневерява,4
изкуствен,4
поискам,4
обитаване,4
кутии,4
садят,4
абсурдна,4
хвали,4
провел,4
картофите,4
япония,4
връстнички,4
паркове,4
обекти,4
идеите,4
свидетелката,4
говорителя,4
залее,4
транспортната,4
местно,4
представяла,4
значителни,4
разпределен,4
събраната,4
непознатата,4
предмета,4
кричим,4
изнася,4
блокираха,4
даването,4
купето,4
омерзена,4
продължителни,4
публичност,4
летят,4
голо,4
антибиотици,4
масла,4
чувствала,4
колиба,4
обичая,4
наказват,4
заличат,4
лаборатории,4
получавани,4
спирт,4
нареждане,4
осъществи,4
борева,4
белослав,4
чувствителността,4
ментор,4
саманта,4
коремната,4
минималната,4
болногледачката,4
мебелите,4
конструкцията,4
светата,4
измислица,4
изгонена,4
четвъртото,4
екстубирана,4
поставили,4
категоричната,4
сключил,4
повдигане,4
припадна,4
шокова,4
кръвното,4
шпората,4
самочувствие,4
заркова,4
кротки,4
войнов,4
демонстрира,4
имунитет,4
луксозни,4
продан,4
предварителния,4
недвижим,4
фиктивен,4
влагалището,4
нежелана,4
разглеждат,4
оставаме,4
шапка,4
съмнителни,4
влюбен,4
запаля,4
полял,4
кирова,4
примера,4
жеста,4
почетат,4
заживяват,4
достъпни,4
ушколова,4
кръвен,4
ремонта,4
неустойка,4
родственик,4
изпълнителния,4
насреща,4
упражнявала,4
разпоредбите,4
имуществото,4
правехме,4
изгоряла,4
предприятие,4
еднаква,4
планинско,4
останахме,4
измъчва,4
коляно,4
ата,4
паралелна,4
гинекологичното,4
бои,4
гаврил,4
крещят,4
етапи,4
хюсеин,4
мустафа,4
жулиета,4
стотиците,4
призовани,4
боса,4
електрическа,4
реаниматор,4
ромео,4
ковчег,4
подведена,4
частната,4
мола,4
глобите,4
тормозил,4
изхвърлени,4
оживена,4
настояването,4
щета,4
участвалите,4
реализирана,4
погребат,4
игрите,4
интервюта,4
риболов,4
началници,4
физкултура,4
категории,4
празнични,4
отлагане,4
ловешко,4
ритната,4
странни,4
паркиран,4
прохода,4
тетевенско,4
ястия,4
пастир,4
прочетено,4
намесят,4
планиран,4
киро,4
обработени,4
застреляха,4
брадвата,4
извели,4
митрева,4
вписва,4
тютюнопушенето,4
стопаните,4
свалил,4
синия,4
разкъсана,4
съвместна,4
реклама,4
привързан,4
изпълнил,4
докладват,4
видни,4
вест,4
вписан,4
бельото,4
контролът,4
питбулът,4
жан,4
знамена,4
върнахме,4
явил,4
тайно,4
финалната,4
ситово,4
калчев,4
уважаван,4
спасим,4
издържали,4
гост,4
бътън,4
видеоклипът,4
погреба,4
разбирал,4
гинекологът,4
допуснали,4
киберпрестъпност,4
наложила,4
трудните,4
плавно,4
особености,4
клеър,4
учебно,4
свидетелстват,4
хуманитарна,4
фондове,4
повярвала,4
стигнем,4
помещенията,4
плувен,4
разследващи,4
столипиново,4
конституционен,4
силистренско,4
табела,4
притежавани,4
прешлени,4
налагането,4
скрила,4
хипотеза,4
дарителската,4
навършват,4
обясняваше,4
разрешаването,4
защитените,4
ключът,4
поета,4
заеми,4
личният,4
хемус,4
отварят,4
закупуването,4
зачитане,4
преврат,4
носели,4
лифта,4
провокирала,4
недостиг,4
експлоатирани,4
посоки,4
отвориха,4
заблудил,4
независимостта,4
мащабен,4
доведоха,4
протестни,4
месечен,4
приоритетите,4
петата,4
намесват,4
бранимира,4
прекъсва,4
завързал,4
поле,4
шансът,4
присъствала,4
барселона,4
отделна,4
актьори,4
симов,4
кралство,4
свалиха,4
инициира,4
тренд,4
придружена,4
мъгла,4
меките,4
компетентността,4
поток,4
интелигентни,4
носенето,4
внимателен,4
имуществени,4
започваш,4
стоя,4
максималният,4
провокатор,4
ежедневните,4
пребивавала,4
касиерката,4
кемпер,4
излъчи,4
любо,4
звучат,4
приходи,4
цитирам,4
боен,4
токсикологията,4
региони,4
наричали,4
заплашвани,4
общността,4
отличник,4
психиатрията,4
благотворителност,4
карадакова,4
спасено,4
находки,4
сключен,4
изследвани,4
извеждат,4
създадем,4
травматична,4
тони,4
северния,4
първоинстанционния,4
подписват,4
секретарката,4
нападали,4
планирали,4
изминалото,4
заразяването,4
златарева,4
заключено,4
поддържане,4
прекъснал,4
капки,4
степ,4
определила,4
старини,4
загиват,4
незаконна,4
жълти,4
тенев,4
сигурни,4
педофил,4
упражнила,4
синдикален,4
ярко,4
отвърна,4
съвест,4
откриването,4
номерата,4
вземала,4
заплашвали,4
информационното,4
невероятно,4
сюжет,4
гринговците,4
поддържали,4
прегледан,4
обработена,4
дворец,4
талантлив,4
равнина,4
незаконното,4
прабългарите,4
рая,4
парчета,4
полезна,4
управлявания,4
превърнал,4
мултидисциплинарен,4
създателите,4
разследванията,4
ефективност,4
супер,4
шокиращо,4
крила,4
слави,4
отивали,4
извинил,4
подписано,4
папазова,4
случили,4
перфектен,4
сухата,4
притеснително,4
упражнения,4
запознаят,4
полетя,4
хронологията,4
благодат,4
крепи,4
обединеното,4
проследява,4
успявам,4
възникват,4
отправените,4
затвориха,4
предавани,4
победителките,4
отнело,4
стоеше,4
посоченото,4
движили,4
анализи,4
присъстваха,4
частния,4
синхрон,4
подавал,4
основани,4
предпочитам,4
възникна,4
вълев,4
контекста,4
убием,4
кръвопреливане,4
премазана,4
жизнените,4
доказали,4
бащина,4
съвкупление,4
кичур,4
алеята,4
ниската,4
закъснение,4
водещият,4
признания,4
постройки,4
стачка,4
изпращала,4
арести,4
снемане,4
движеща,4
вярвай,4
псуваше,4
стралджа,4
кардиолог,4
психологическото,4
размерът,4
нужен,4
викала,4
съществен,4
гетото,4
търсихме,4
богоров,4
птиците,4
строителни,4
живеещ,4
уверени,4
балабанова,4
икономическото,4
успехите,4
загубиш,4
водили,4
принципи,4
спешният,4
трудът,4
намушкало,4
ангажиментите,4
подробен,4
курортния,4
освобождението,4
петрана,4
предадат,4
позволим,4
позволяваше,4
дългосрочна,4
мнима,4
организираме,4
гребната,4
чуят,4
леден,4
хорото,4
псувни,4
целува,4
милета,4
американски,4
съвременния,4
родом,4
упражнил,4
подложено,4
касационната,4
срещали,4
патрулки,4
интимните,4
безсилието,4
вдъхновява,4
собственият,4
дрогирани,4
усилено,4
заслужено,4
правораздаване,4
фамилии,4
развили,4
триъгълник,4
институционално,4
откара,4
филипова,4
анкета,4
продължавам,4
анализите,4
шокира,4
новороденото,4
мери,4
имунизацията,4
старозагорския,4
уроци,4
тогавашния,4
бургазлийката,4
възникнало,4
давност,4
литва,4
делчева,4
кръвотечение,4
избягаха,4
бекриев,4
многобройните,4
полетяха,4
принудителен,4
погрома,4
летален,4
балистична,4
отправеното,4
разположена,4
ваксини,4
нощно,4
гумите,4
будителките,4
топлина,4
споделена,4
мними,4
лявото,4
цените,4
изпитвам,4
рапърът,4
регистри,4
внесеното,4
монасите,4
бистрица,4
наръга,4
gps,4
предупреждения,4
дърпане,4
аргумента,4
сборище,4
ежегодно,4
мотор,4
претърсени,4
годни,4
люпчо,4
близначки,3
озовали,3
преса,3
еротични,3
създавали,3
обезпокоена,3
ефектът,3
юнакова,3
бостанджиев,3
рутинна,3
безработицата,3
глад,3
лалов,3
алино,3
плачеш,3
катедра,3
чифта,3
убийцата,3
труднодостъпна,3
дизайнер,3
същността,3
божа,3
братчето,3
закрит,3
предполагаемите,3
инстаграм,3
договорка,3
носилка,3
яйчниковия,3
запрян,3
бараково,3
проституиращите,3
характеристиките,3
аварии,3
движел,3
истерия,3
съдя,3
глупост,3
отпусна,3
критични,3
поднесоха,3
бояджиу,3
прерасне,3
наркотично,3
пробождания,3
развръзката,3
породата,3
депозира,3
недоволните,3
атаките,3
тополи,3
еднолично,3
безотговорност,3
ваша,3
фойерверки,3
разхождал,3
провокирано,3
търговията,3
бедствия,3
раев,3
припознаят,3
богутлиева,3
неистински,3
обявяваме,3
предходния,3
наказван,3
изхвърлено,3
нейова,3
предприеха,3
квотата,3
оповестени,3
треньора,3
облекло,3
жекова,3
забелязах,3
поправка,3
обоснованото,3
розови,3
русенска,3
видяхте,3
продуцентът,3
общественици,3
ненавършило,3
резерв,3
vbox,3
виждане,3
артерията,3
изразили,3
пренесат,3
оставали,3
симитли,3
злоупотребява,3
линейките,3
оказаха,3
издирвателните,3
възпитаник,3
въртят,3
помогнало,3
правилната,3
ъгъла,3
файзе,3
ускоряват,3
съвкупност,3
съпредседателят,3
наел,3
събка,3
преправен,3
яла,3
съветникът,3
заявката,3
бургаски,3
пометени,3
игов,3
отчетност,3
емблематични,3
едвам,3
пакети,3
управляващи,3
пластични,3
хуманитарни,3
важният,3
наркомании,3
критика,3
естествени,3
насочвани,3
поддържахме,3
продала,3
педофила,3
запечатан,3
стигаме,3
смолянско,3
установим,3
хареса,3
квалификацията,3
умираш,3
прекъсне,3
предвидил,3
белодробен,3
движила,3
анорексия,3
видяли,3
вкарали,3
провокатори,3
мусева,3
разпитван,3
допуснал,3
тонев,3
динова,3
превантивно,3
определеното,3
поддържам,3
спортуваше,3
насрещно,3
раева,3
чума,3
застигната,3
пишело,3
забавена,3
получавало,3
българче,3
тръбата,3
тръбите,3
овце,3
актуалните,3
спряна,3
повдигането,3
принципна,3
мъртвите,3
незаконния,3
таванско,3
регистрирали,3
лавинообразно,3
каролин,3
социологът,3
вързала,3
крушаре,3
извършителката,3
янакиева,3
новинар,3
участничка,3
недоволни,3
движещ,3
напие,3
патриотичния,3
самолетът,3
изразила,3
получим,3
ужасен,3
спазени,3
вдовици,3
счетоводител,3
престраши,3
щастливата,3
интереса,3
уравнението,3
преквалифицирано,3
асеново,3
синове,3
оневини,3
майкъл,3
обаждах,3
дълбочина,3
функционира,3
лалев,3
преквалифицира,3
уплаши,3
правете,3
утилизация,3
убедили,3
разпра,3
забележат,3
хеликоптера,3
улична,3
мъчителни,3
претърпя,3
запечатват,3
харчат,3
бебешко,3
изгори,3
допълнителните,3
чакъров,3
снимано,3
пътувало,3
спортни,3
докажем,3
изкуствена,3
божан,3
безопасна,3
доволна,3
фрапиращ,3
хамид,3
изкарани,3
нормите,3
илиана,3
всестранно,3
бабичката,3
беседка,3
страшни,3
приетите,3
разработка,3
даденото,3
трап,3
балиста,3
инсценира,3
ниските,3
недоумение,3
жестове,3
чуха,3
салиф,3
стихия,3
памперси,3
наравно,3
развалена,3
тръгнеш,3
белене,3
мобилна,3
предприятието,3
примерите,3
тодорка,3
преценката,3
фотомодел,3
ранни,3
издавани,3
окачествени,3
правораздавателните,3
ускорява,3
вертекс,3
вкус,3
умъртвено,3
принудата,3
владее,3
излизаме,3
заминаването,3
жизнени,3
онази,3
хелзински,3
свържа,3
квалифицирани,3
съдимост,3
безобразно,3
турнето,3
плочките,3
взривиха,3
скорошна,3
чуваше,3
предявени,3
обезобразил,3
vesti,3
характеризира,3
изстреляни,3
честта,3
почерненото,3
чомарова,3
вземеш,3
преминало,3
описаните,3
отпуска,3
необяснима,3
смешно,3
издадат,3
прегледат,3
започналото,3
дирите,3
непокорната,3
пренася,3
театрална,3
тригодишната,3
религиозна,3
топли,3
изхвърчала,3
подписът,3
спестяванията,3
керемедчиев,3
консултативните,3
завещанието,3
усетили,3
бразилия,3
участнички,3
банките,3
емболия,3
предизвикани,3
пътничката,3
регистрирам,3
спас,3
енев,3
завещание,3
убиваш,3
велес,3
красна,3
далечната,3
вървя,3
македонските,3
насрочени,3
яденето,3
черепна,3
ивица,3
застанах,3
запишат,3
герова,3
състуденти,3
дамска,3
нуждите,3
изслушана,3
намушкване,3
планинска,3
прескочил,3
подчинение,3
неутрализиране,3
копия,3
стойността,3
виденов,3
поставяли,3
оглави,3
консултирани,3
гаджето,3
запознало,3
налагани,3
облякох,3
пътния,3
плачат,3
увреждането,3
постановлението,3
дрехата,3
тепетата,3
удобни,3
произтича,3
структурите,3
изведен,3
уточняване,3
дефинират,3
бриана,3
аврамова,3
припомним,3
статева,3
пешеходка,3
сваляме,3
предотвратиха,3
имайки,3
колеж,3
представителство,3
диабетици,3
обгорено,3
оплакало,3
панорка,3
недвижими,3
зоопарк,3
турлаков,3
професионалните,3
последващите,3
мащабната,3
прогони,3
трансплантирани,3
мехмедова,3
обирал,3
караджов,3
частта,3
спирал,3
изградил,3
подаван,3
анализа,3
непредпазливо,3
униформен,3
аварийно,3
исхемията,3
ежедневни,3
миналият,3
местоработата,3
срязал,3
отдих,3
бузата,3
душил,3
теста,3
имотен,3
продукция,3
земеделие,3
пенсионират,3
заминат,3
повърхностни,3
златолист,3
покривка,3
снежна,3
ахмедов,3
ескалирала,3
мъгливо,3
черното,3
видевски,3
кешишев,3
шеста,3
гьорчевска,3
минимални,3
катунци,3
езиковата,3
предсрочни,3
средец,3
блокиране,3
покойник,3
повикана,3
пишеше,3
хотелската,3
дует,3
бранша,3
заличени,3
закаран,3
прозорецът,3
майчина,3
димитриево,3
разположено,3
лихви,3
мюфтийството,3
приятелките,3
реинтеграция,3
антибиограма,3
подобните,3
характерно,3
институционални,3
залегнали,3
обработка,3
шуплев,3
сроковете,3
пресслужба,3
нзок,3
доказателствен,3
научни,3
вулнификус,3
вибрио,3
антибиотично,3
набелязани,3
вменена,3
консумативи,3
природо,3
последователи,3
трае,3
тикток,3
лайфстайл,3
врачани,3
поддържал,3
притеснявал,3
дайте,3
активните,3
рецепцията,3
клетката,3
пресни,3
налична,3
дългогодишна,3
крайни,3
спортна,3
еднократна,3
благоевградският,3
открием,3
благотворителна,3
научим,3
калчева,3
челопеч,3
незабравка,3
белгийски,3
наемателят,3
пещерите,3
навиците,3
закарана,3
отворят,3
рози,3
описан,3
преследвания,3
солена,3
надмощие,3
трудност,3
безработица,3
изписване,3
замаяна,3
комбинация,3
антибиотична,3
микробиологична,3
следващи,3
отлично,3
налагал,3
бързото,3
мехури,3
подува,3
кракът,3
представяйки,3
инфлуенсър,3
вреда,3
джамията,3
медиен,3
християнин,3
преразглеждане,3
устните,3
хиалуронова,3
интерпретации,3
минахме,3
попечители,3
агресорът,3
докарайте,3
кондиция,3
богатство,3
характеристики,3
агресорите,3
забравени,3
връчи,3
скриват,3
размахал,3
грижим,3
дамяница,3
отнемани,3
влизаме,3
имащи,3
метамфетамин,3
твърдяла,3
питейно,3
ритнал,3
kогато,3
отвърне,3
страшните,3
марко,3
златан,3
топ,3
правозащитни,3
срещан,3
способността,3
оцени,3
сводници,3
безпрецедентно,3
фалшивата,3
изречение,3
дулово,3
протестното,3
случайна,3
възстановим,3
почивен,3
постановяване,3
използвайте,3
издигнаха,3
обиските,3
дисциплинарни,3
обидена,3
авторитети,3
паник,3
нарече,3
тартор,3
коматево,3
нечовешките,3
стратегията,3
прикован,3
козметичния,3
биларев,3
божията,3
незрящата,3
изискват,3
дистрикт,3
стоях,3
атакуват,3
транспортно,3
прекаран,3
психологични,3
директни,3
законовия,3
улучена,3
изключим,3
засегнали,3
комплексни,3
минималното,3
кризисна,3
стояла,3
божков,3
смачкам,3
вероятен,3
бум,3
club,3
амфетамини,3
мъките,3
задължавани,3
екипаж,3
самоделно,3
поколението,3
правителствено,3
слуховете,3
парашут,3
заровили,3
военноморската,3
учебници,3
замислят,3
манипулирана,3
пренебрегване,3
ставка,3
изграждат,3
петолъчката,3
мокреш,3
дискутираха,3
повдигната,3
изхранва,3
пропада,3
отцепено,3
автогара,3
грим,3
чута,3
ванева,3
пехливанова,3
доброволен,3
рекърдс,3
вирджиния,3
заспали,3
тютюн,3
сексът,3
многостепенна,3
линчуват,3
образуваха,3
социалистите,3
мнозинство,3
държах,3
представям,3
данъчната,3
сириецът,3
тончева,3
единни,3
митка,3
грабежът,3
съребрена,3
избираш,3
каталог,3
паркира,3
причинно,3
мойсев,3
консултативен,3
екопарка,3
шатри,3
потърсилите,3
самоубийствени,3
служат,3
правораздаването,3
пребиване,3
разум,3
тревожност,3
насилена,3
опиати,3
езда,3
освидетелствани,3
спекулативно,3
смъртното,3
работело,3
смъртоносния,3
факс,3
подмамвани,3
уважават,3
изписаха,3
безброй,3
оставяйте,3
преживея,3
връщах,3
антиправителствените,3
мълчах,3
секти,3
минавали,3
първоначалното,3
поетесата,3
тъпи,3
облеклото,3
бал,3
изчакваха,3
пристройка,3
омразата,3
подезична,3
съдебномедицински,3
откритието,3
старческия,3
мобилното,3
викторова,3
анестезиологично,3
вземаха,3
задигнала,3
катастрофира,3
крокодилите,3
взаимодействието,3
разчитам,3
работлив,3
апендицит,3
добричката,3
създавал,3
прецизно,3
санчес,3
построен,3
провела,3
студентът,3
химия,3
крайпътно,3
очевидецът,3
свидетелството,3
нерегламентиран,3
ненужна,3
владимирово,3
гонката,3
щастливите,3
ловно,3
придружени,3
заседатели,3
ивомира,3
потрошено,3
хочкин,3
ваксинирани,3
откроява,3
заварва,3
свалянето,3
стихотворения,3
творчество,3
постъпиха,3
строежът,3
изгониха,3
писател,3
набирането,3
противоположните,3
звуков,3
прехода,3
дистанционно,3
оля,3
берачи,3
предложено,3
ловешкото,3
кметове,3
облаги,3
споменът,3
съблякла,3
ведомство,3
предложат,3
орландовци,3
предотвратени,3
натрупаните,3
безопасни,3
евентуалните,3
ваксинираните,3
порядък,3
обратната,3
хвърлена,3
болнична,3
мегаталант,3
лишава,3
ратифицират,3
пратил,3
мениджърка,3
пълнолетния,3
нахвърли,3
тезите,3
заблудила,3
разясни,3
разрушенията,3
минстър,3
посочената,3
съучастничество,3
последващото,3
фотоапарат,3
завръща,3
отбива,3
честванията,3
разкритикува,3
годеник,3
годеникът,3
пребивавал,3
внучета,3
петранова,3
феномен,3
вкарва,3
посолството,3
бкп,3
астма,3
правнучка,3
момиченцата,3
насаме,3
срещаният,3
отидете,3
газовата,3
sim,3
освобождава,3
пресичала,3
изправят,3
интернат,3
ламбев,3
шахмата,3
статистиките,3
свързали,3
марбея,3
забременява,3
спукан,3
продължаването,3
впечатли,3
врагът,3
прекият,3
отлагат,3
причиняват,3
обредни,3
зетят,3
манипулирали,3
настрани,3
делова,3
муле,3
гробно,3
скръбта,3
външнотърговска,3
нюргюл,3
хинков,3
огледът,3
каменов,3
стойнев,3
оправдаят,3
невидим,3
движа,3
гаврите,3
педиатри,3
документна,3
стартират,3
кардиомиопатия,3
посочили,3
общопрактикуващите,3
оставките,3
пилоти,3
създадоха,3
гинеколози,3
водели,3
предавана,3
образувания,3
прикрият,3
изземвания,3
хаджииванова,3
лекарските,3
първоинстационната,3
шуменският,3
родилката,3
шикова,3
румънското,3
контролна,3
сложност,3
преведете,3
избягалият,3
стигнаха,3
седнал,3
командирът,3
заключеното,3
хоум,3
парламентарно,3
кючук,3
отстранят,3
очаквате,3
висше,3
юношеската,3
шафике,3
осребри,3
твърдяло,3
интересът,3
обезопасяване,3
задачите,3
приемника,3
разкриваме,3
адвокатските,3
колегии,3
затворили,3
задълбочават,3
празна,3
тленните,3
урежда,3
тренират,3
записани,3
уреди,3
видеоконферентна,3
старо,3
отчети,3
плащала,3
почтеност,3
постигане,3
закуската,3
поставям,3
неизвестният,3
клинков,3
доказуем,3
novoseven,3
останем,3
овладяно,3
лекувано,3
подразнило,3
наети,3
нейнова,3
претенцията,3
есен,3
риба,3
танзания,3
боровец,3
служебното,3
скъсал,3
очакваше,3
отстрел,3
айше,3
магуфули,3
грешни,3
умело,3
разгледана,3
униформеният,3
криминализират,3
гаврят,3
управата,3
поздравления,3
мвнр,3
фрапиращи,3
поуки,3
прекратени,3
основателни,3
бащинството,3
йоаким,3
безкомпромисни,3
спорно,3
задържаното,3
изтичането,3
профилите,3
жестоките,3
притекли,3
съгласява,3
природния,3
грозден,3
пуснах,3
фотографията,3
калъм,3
старото,3
приетият,3
робинсън,3
стресът,3
авантюра,3
събирала,3
обърната,3
претърпяха,3
запазване,3
снимахме,3
нямахме,3
войводата,3
постигнахме,3
щат,3
приказки,3
целенасочена,3
полска,3
изпитите,3
зъбите,3
скубал,3
разбереш,3
специализация,3
хрисантов,3
кислородът,3
проявят,3
подбудителство,3
адресите,3
предразсъдъци,3
манева,3
разпространена,3
сунгурларе,3
амбициозна,3
калофер,3
предходните,3
попречило,3
забавят,3
рамбо,3
търсите,3
паркомясто,3
затворникът,3
вещ,3
проверявани,3
обраха,3
събудили,3
компетентен,3
делчо,3
гарантирано,3
милко,3
доблестната,3
бетоновозът,3
дарила,3
видинчанин,3
буковлък,3
видинския,3
ройдов,3
истинския,3
събирал,3
допуснала,3
драглище,3
ембака,3
илинов,3
велиев,3
чужденците,3
занесе,3
даваха,3
излизайте,3
любезно,3
кафето,3
лекувал,3
петото,3
цветница,3
гунев,3
генчев,3
застреляния,3
позициониран,3
любомиров,3
отнякъде,3
печелившия,3
пътните,3
верка,3
входовете,3
пристигнало,3
ислямска,3
показно,3
запор,3
изплатена,3
емран,3
шумът,3
отражение,3
почиват,3
посинено,3
правда,3
слабия,3
прикрили,3
изразяваше,3
изчезване,3
преживях,3
джебчийски,3
пластична,3
секционна,3
измишльотини,3
императорът,3
удушен,3
разрешил,3
извикахме,3
погребе,3
тревога,3
използван,3
уволнени,3
партидата,3
фактически,3
проповедникът,3
привикан,3
обожаваше,3
купили,3
скамейка,3
преместят,3
иззеха,3
карало,3
подигравките,3
създала,3
нейков,3
събличат,3
предшествано,3
аптеката,3
унижавала,3
близостта,3
немислимо,3
караджова,3
батут,3
палатка,3
избледняват,3
лалчева,3
паркиране,3
колена,3
тотото,3
федра,3
забрадките,3
обхванат,3
намушкано,3
раненото,3
пристигнахме,3
оперативните,3
локдаун,3
противоправно,3
следвана,3
хванаха,3
разбиранията,3
възпитани,3
джамия,3
лесли,3
ощетени,3
любящ,3
слушалки,3
опитвайки,3
тъща,3
противоречат,3
сик,3
репортера,3
ченге,3
органът,3
почнахме,3
наказвано,3
org,3
дивеков,3
разработва,3
наследен,3
вписани,3
гръбначния,3
записан,3
консул,3
вилма,3
координиран,3
осъждат,3
попълва,3
нарежда,3
скалния,3
начинаещи,3
етични,3
наследството,3
издирен,3
музикалния,3
криминализира,3
носейки,3
велин,3
предписана,3
електронна,3
страдаше,3
гривна,3
накарам,3
светите,3
каменна,3
гостува,3
наблюдавани,3
мъдрост,3
талант,3
прехвърлят,3
гласни,3
мотивация,3
извършило,3
пребиват,3
твърдейки,3
навлязъл,3
показващ,3
потенциално,3
небе,3
сбъдне,3
грижовен,3
джалева,3
брошури,3
карапанчева,3
третирана,3
прокурорка,3
посттравматичен,3
басейна,3
запуши,3
тишевица,3
отведат,3
хубава,3
етичната,3
споделяме,3
стъклени,3
партийна,3
централа,3
прехвърлянето,3
порутена,3
сини,3
живите,3
алинея,3
устройство,3
булфото,3
пристигане,3
фен,3
бориха,3
изпълнено,3
преследвана,3
махна,3
кофите,3
задушена,3
изхарчил,3
управляващата,3
претърсваха,3
огорчена,3
махнат,3
публикуваха,3
лентата,3
парламентарните,3
дунгарова,3
яворов,3
дунгаров,3
нерегламентирани,3
назаем,3
събори,3
разпитваха,3
истинският,3
нарушен,3
превързана,3
вагон,3
скъпата,3
иде,3
насочване,3
изградено,3
партийните,3
племенница,3
централи,3
решетки,3
поръчителят,3
приближих,3
показност,3
стряскаща,3
институционална,3
изборните,3
излизал,3
живущ,3
фактора,3
функциониране,3
меркел,3
наподобяващ,3
обвързана,3
извикам,3
декларацията,3
ищците,3
дупки,3
калашниците,3
месеците,3
русенецът,3
осъществявал,3
погълнала,3
системния,3
референдум,3
транспортирал,3
съобразени,3
мотрисата,3
запознанство,3
проповеди,3
букурещ,3
рухва,3
дулото,3
пренебрегват,3
кача,3
плаши,3
ангажират,3
преценя,3
селвие,3
дуловското,3
настанявана,3
наредил,3
поликлиника,3
телефонният,3
ковачев,3
чудеса,3
взет,3
безсилен,3
издигнат,3
виртуална,3
призове,3
редът,3
груев,3
радан,3
оплаквал,3
акцентът,3
домакини,3
ремарке,3
мото,3
агресират,3
запалени,3
задълбочаването,3
болното,3
настоящите,3
разчисти,3
пожари,3
уговорената,3
вървим,3
лесни,3
еурозак,3
спекулации,3
словакия,3
рисувам,3
тричкова,3
владислава,3
шествията,3
сблъсъци,3
дондуков,3
рекорден,3
студеното,3
найлонов,3
лекота,3
следвайки,3
документиран,3
събориха,3
дилян,3
титла,3
врачанският,3
писателката,3
успея,3
забавляват,3
лилаво,3
жълто,3
проваля,3
милтенов,3
гласят,3
диво,3
сблъсъците,3
ищци,3
ръжев,3
рибка,3
кьолн,3
извикат,3
тошев,3
попълни,3
консултирана,3
продължиш,3
електротранспорт,3
мотивацията,3
диманова,3
почнаха,3
пропадането,3
стъпала,3
велислава,3
бандити,3
съюзът,3
липсващия,3
необходим,3
банда,3
кривошиева,3
хваля,3
хирургичен,3
малолетен,3
цекина,3
чара,3
дон,3
жуан,3
изолира,3
славата,3
представиха,3
vod,3
пречупена,3
прегърна,3
ужасни,3
касиерка,3
тримесечен,3
димитра,3
коледен,3
основи,3
попълнил,3
работеща,3
изнасят,3
термина,3
подписване,3
колоездене,3
ladyzone,3
неразбиране,3
положени,3
влюбена,3
разбит,3
кремират,3
срещал,3
размажа,3
приятелство,3
килия,3
планирал,3
пик,3
нараснал,3
активистите,3
работния,3
pic,3
германското,3
куфара,3
съседски,3
местонахождение,3
марадона,3
устройството,3
клинични,3
доротея,3
тревожните,3
сити,3
колелото,3
медийния,3
флирт,3
опечалената,3
драскотина,3
науча,3
разписано,3
гради,3
методите,3
изтичах,3
зарева,3
обученията,3
герашченко,3
натфиз,3
разбирателство,3
интересувал,3
битово,3
лишения,3
апостола,3
журналистка,3
прекратят,3
доверя,3
артисти,3
специализант,3
училищна,3
ториното,3
мъжкар,3
хранила,3
покани,3
лукаров,3
духовете,3
козас,3
коста,3
второкласничката,3
протестирана,3
горещ,3
признато,3
овладее,3
шестмесечие,3
хумор,3
отивате,3
алия,3
изпращани,3
посиняла,3
класацията,3
дневник,3
погрижат,3
стоиш,3
безнаказани,3
провело,3
придружено,3
седнеш,3
законодателно,3
осъзнавах,3
възложил,3
безплатната,3
сашо,3
отпадане,3
наивност,3
наивно,3
призива,3
издъхне,3
цялостната,3
обичани,3
сценични,3
упорит,3
пресата,3
недко,3
разрешим,3
зомбори,3
плевнелиева,3
вменява,3
гушата,3
професионалния,3
канин,3
рожба,3
чиния,3
увеличиха,3
указателни,3
обръснати,3
позовава,3
доверила,3
стиснал,3
възпитана,3
измамите,3
смъртоносната,3
крия,3
малокалибрено,3
заснели,3
напил,3
домакинства,3
стреляла,3
отвличал,3
карбовски,3
всекидневно,3
посрещнат,3
играела,3
малокалибрена,3
боксьора,3
господина,3
превръщането,3
пандора,3
спечеля,3
обаждала,3
химн,3
предпазят,3
отстранете,3
новородени,3
рипчева,3
дневна,3
приближени,3
облекчение,3
призоваваме,3
знамето,3
длъжници,3
мангъров,3
петокласничката,3
представяща,3
взимането,3
враждата,3
белязаните,3
владимирови,3
традиционното,3
радиана,3
днеска,3
покачва,3
стабилни,3
запалими,3
ученият,3
паула,3
дадения,3
блажев,3
късметлия,3
простреляното,3
пренебрегната,3
терзийски,3
гордо,3
отърсят,3
спри,3
танцуват,3
аяров,3
надпреварата,3
издирваните,3
следвали,3
мляко,3
притискане,3
обитателите,3
схеми,3
уволни,3
институтът,3
достоверността,3
разрешения,3
вдигнати,3
съответни,3
препоръчват,3
руменова,3
хронично,3
унгарски,3
бойлерът,3
обадило,3
приравнява,3
брачното,3
противопостави,3
инкриминират,3
унижаващи,3
животоспасяващо,3
логопед,3
отхвърлен,3
показвало,3
равносилно,3
преглъща,3
повишено,3
наруши,3
виноград,3
разбирането,3
куфарът,3
повтаряше,3
излежаване,3
преценила,3
полетът,3
онкоболна,3
авиационната,3
антоний,3
смисълът,3
въздържане,3
поръчката,3
скара,3
прибягват,3
замени,3
кибертормоза,3
обесен,3
коментатори,3
скромен,3
варненци,3
изтекоха,3
засичали,3
случки,3
некомпетентност,3
председателите,3
асистентът,3
меламед,3
излезете,3
димо,3
коректно,3
борислава,3
потъна,3
учебен,3
бозвелийско,3
тренировките,3
мафията,3
колички,3
разтървава,3
шестте,3
филиала,3
кесарево,3
гимнастика,3
написах,3
пишем,3
дамаск,3
млрд,3
ритаха,3
цирк,3
арена,3
нехайство,3
рапър,3
вангелова,3
разтърве,3
пелети,3
тромбоцитите,3
екстремно,3
вкарана,3
овчарка,3
познах,3
насочва,3
изневерила,3
елфи,3
пратили,3
баскетбол,3
секундите,3
певеца,3
катеричка,3
подложи,3
спътника,3
спътникът,3
лавчева,3
психиатри,3
трансплантираните,3
заложна,3
психологическите,3
квадрата,3
ставрев,3
изменено,3
арктурус,3
бруталност,3
важността,3
стратегия,3
застреляни,3
брои,3
паулина,3
жукивская,3
притече,3
арестувала,3
заровен,3
начев,3
разпознал,3
обезобразяването,3
издирвано,3
измислена,3
обкръжение,3
рисков,3
цезарово,3
заживял,3
безсмислена,3
наръгал,3
интересен,3
разкъсване,3
пресичали,3
патология,3
излъжа,3
опровергават,3
зависим,3
алкохолно,3
заспи,3
последващ,3
теменно,3
настъпило,3
включващи,3
популяризиране,3
автентични,3
променян,3
забранен,3
разминават,3
приехме,3
евтимов,3
искано,3
подкрепяме,3
графичен,3
противоречива,3
осигурено,3
магистралните,3
биологични,3
породено,3
ужасна,3
животозастрашаващи,3
приключването,3
поп,3
бедствието,3
изглеждала,3
гимназии,3
чайка,3
господинов,3
избягват,3
посмъртно,3
изяснили,3
лудите,3
криминализирано,3
макариев,3
запазено,3
мечо,3
предоставила,3
наранила,3
агенции,3
изкарвал,3
протичането,3
пренасочени,3
смъртоносните,3
секциото,3
отнетата,3
издържала,3
маршрутът,3
чаршаф,3
инспекции,3
правела,3
извикаха,3
съединение,3
заболели,3
хижита,3
давани,3
положения,3
драматичната,3
демографска,3
евентуалния,3
увеличението,3
познайник,3
насърчаване,3
осуети,3
смесени,3
психическата,3
порочен,3
влияят,3
изключителни,3
фемицид,3
обере,3
саморазправи,3
мечетата,3
присъедини,3
периодично,3
приоритетни,3
средният,3
пункта,3
кошмарно,3
консултативният,3
територии,3
достигнал,3
одобрен,3
репресии,3
споменатите,3
вдигам,3
ряхово,3
събираха,3
протестна,3
оставете,3
изрисува,3
магистрали,3
кюстендилското,3
ориентира,3
предпочита,3
духовен,3
комитета,3
отворения,3
подаваме,3
избрах,3
помолихме,3
рентгеновата,3
черноглавци,3
комитетът,3
поднесе,3
преодоляването,3
талантливи,3
гуркова,3
изгладят,3
нотев,3
сърдита,3
усмихнатото,3
попинци,3
изслушан,3
пресрещната,3
стамболиев,3
запалването,3
невъзможни,3
послужи,3
предупреждаваше,3
противопоставиха,3
радко,3
захвърлено,3
жестов,3
рехабилитатор,3
консултант,3
григоров,3
безобидно,3
цифри,3
човещината,3
приближи,3
прибираме,3
конфликтите,3
твоите,3
лежа,3
заснеме,3
съгражданите,3
подходящата,3
наука,3
заставаме,3
суботинов,3
препоръча,3
ботуши,3
поговорихме,3
крис,3
навременната,3
мислеше,3
измамени,3
дължал,3
смъртоносен,3
ранното,3
максуда,3
крумов,3
нсо,3
глухите,3
призвание,3
констатацията,3
посрещнати,3
ядоса,3
упражняването,3
обединят,3
пенсионери,3
пръстена,3
самоличности,3
наследява,3
гладстон,3
осъзнавала,3
развилите,3
спирачки,3
компенсация,3
икономическите,3
глобят,3
нямаха,3
божиков,3
принципът,3
табло,3
излишно,3
повлечени,3
предмишница,3
оарил,3
висулка,3
кардиологична,3
удушено,3
снимана,3
аутизъм,3
спартан,3
административният,3
янчев,3
бумбарова,3
вражди,3
надеждна,3
берген,3
последвалата,3
минаваше,3
управители,3
кръчмаров,3
миланка,3
графата,3
древните,3
скулптор,3
частно,3
наводненията,3
сдружения,3
скърби,3
възпитан,3
даниелка,3
крещях,3
постижения,3
информирано,3
морал,3
местоположението,3
успокоят,3
прегазен,3
хванало,3
влаковете,3
любимото,3
малцинствени,3
фактологията,3
прикрива,3
нарушението,3
предвидят,3
каси,3
важи,3
свръхдоза,3
лъчезарна,3
лекувала,3
окажем,3
постигнали,3
сещаме,3
мислели,3
задушила,3
учебниците,3
тъмен,3
гледаха,3
нормативните,3
произвол,3
продиктувано,3
пороя,3
месокомбинат,3
куриер,3
аневризма,3
охранявал,3
пантелеймон,3
отстраниха,3
идентификация,3
стойка,3
пубертета,3
височината,3
закрие,3
взетите,3
образци,3
розалия,3
постигнат,3
заслужили,3
изкарахме,3
стряскащо,3
поискахме,3
координира,3
разписани,3
редовния,3
драганов,3
погрижиха,3
назначиха,3
неплатен,3
настойник,3
банк,3
андреев,3
поставената,3
мениджърът,3
възнаграждение,3
отделен,3
сръбски,3
стоманената,3
арабски,3
подобрило,3
предпазване,3
сръбска,3
монтирана,3
лампите,3
разпределение,3
трънчовица,3
навик,3
парашкевов,3
поход,3
езера,3
характеристични,3
натиска,3
изнесена,3
първомайското,3
виница,3
протезата,3
изплашила,3
вменяем,3
костта,3
чудно,3
предприело,3
ритано,3
продължението,3
безпрецедентни,3
уйно,3
кабелите,3
оттеглила,3
първенство,3
ахладова,3
зряла,3
спалня,3
класация,3
гагарин,3
констатираните,3
bgn,3
левове,3
босилеградско,3
дечев,3
асистирана,3
утеха,3
репродукция,3
способна,3
меглена,3
взимаше,3
търг,3
организиране,3
палеца,3
текущи,3
болногледачка,3
кадир,3
майска,3
дина,3
изразявам,3
редакторска,3
вдовицата,3
пускаше,3
скали,3
знаеха,3
дебелия,3
абсурден,3
ревизия,3
желаем,3
телевизионни,3
сдобил,3
смятате,3
атентата,3
ларингит,3
манерс,3
шахмат,3
живеех,3
подозирал,3
ядеше,3
горячкина,3
джаферович,3
разполагал,3
ремонтира,3
селим,3
истинското,3
репродуктивно,3
неуважение,3
недобро,3
климент,3
заснемането,3
ревизията,3
прехвърляне,3
сложна,3
представляващи,3
нотариусът,3
валерия,3
политикът,3
относими,3
придобити,3
вдигнал,3
съставено,3
нальот,3
изпращал,3
охлузни,3
патологоанатомична,3
изказва,3
встъпването,3
обичащ,3
охридски,3
забавил,3
заплашван,3
траен,3
имунната,3
сполетя,3
кушева,3
троянската,3
злати,3
полименов,3
любена,3
употребила,3
скарахме,3
магистрат,3
разбива,3
прилошава,3
обеля,3
спомнях,3
дрегера,3
опипва,3
федербал,3
повалил,3
драстични,3
молев,3
куража,3
ради,3
изпитвал,3
придружавала,3
тренировка,3
настоящият,3
подбор,3
изчисляват,3
мълча,3
принципно,3
константиново,3
обвинителният,3
кореспонденция,3
изхвърлят,3
богословът,3
обявената,3
военномедицинска,3
мистериозна,3
сплотено,3
изтръпнах,3
оповестено,3
часовник,3
активната,3
родопския,3
ковачица,3
реципиенти,3
бомба,3
православни,3
кавички,3
мощна,3
хапал,3
неспособен,3
търсени,3
червената,3
опитваха,3
бялата,3
гладен,3
погледнете,3
конете,3
стопанина,3
оживено,3
архиепископия,3
чувствата,3
даизвърши,3
убивали,3
нерядко,3
кладенеца,3
баир,3
трудовата,3
излизах,3
галена,3
седях,3
треньори,3
отпускане,3
бъбречни,3
изглеждаш,3
турникета,3
дсб,3
уиски,3
температурата,3
възпламеняване,3
извадена,3
преместил,3
пламнала,3
питала,3
търсените,3
дебитна,3
наранили,3
бедствие,3
блудства,3
уплашило,3
вълкова,3
безмер,3
оповести,3
бела,3
приюти,3
карагьозов,3
уред,3
булгуров,3
симо,3
търсеха,3
единици,3
играчки,3
славко,3
радват,3
апаратурата,3
надежди,3
въглероден,3
дишането,3
пълнене,3
притеснявали,3
изпускане,3
германската,3
защитя,3
сексробини,3
заведох,3
престояли,3
признаването,3
внезапен,3
пребитите,3
изверг,3
самочувствието,3
целим,3
несъответствия,3
популярните,3
зали,3
фелдшерът,3
касапин,3
решим,3
безпомощни,3
апарата,3
мач,3
удовлетворена,3
подбедриците,3
настъпва,3
феновете,3
простата,3
провеси,3
поводи,3
хирургични,3
мускули,3
оцелея,3
законния,3
балкон,3
стефаново,3
занапред,3
ръководна,3
контролните,3
испанските,3
нагла,3
среден,3
пазя,3
билд,3
покупко,3
щаба,3
погаси,3
пазач,3
блъскат,3
мига,3
юпер,3
янакиев,3
механик,3
спасова,3
приоритети,3
огнестрелното,3
селекция,3
педофили,3
съжителствали,3
чарли,3
помогни,3
настанят,3
тошево,3
третира,3
отмине,3
джони,3
наблюдател,3
трайково,3
поддръжка,3
хиджаба,3
въздържат,3
договорите,3
комплекси,3
мизерни,3
приличат,3
установяваме,3
стъпи,3
нереално,3
мъки,3
похитената,3
рогева,3
ключовите,3
тройната,3
газово,3
кацна,3
шумкова,3
хънтев,3
едър,3
дянов,3
избягва,3
задния,3
благ,3
хвостохранилище,3
премахнати,3
подчиненост,3
токсикология,3
опис,3
слабините,3
обвиняван,3
отворим,3
ръководните,3
формирование,3
предупредят,3
евтина,3
абрашев,3
пратя,3
софийско,3
фаталните,3
изготвил,3
radio,3
секретарят,3
възпитателката,3
евродепутат,3
осъзнават,3
подлагал,3
планиране,3
избие,3
ваньо,3
въззивната,3
нейнски,3
гайков,3
разграничи,3
подценила,3
световни,3
изтъква,3
салич,3
разкривани,3
възпиращо,3
чадър,3
кюркчиев,3
хюсейн,3
обвинил,3
представителите,3
сложило,3
сегашната,3
харесвала,3
уеб,3
мазе,3
разходката,3
деветокласничка,3
намушква,3
енчо,3
внезапната,3
стандартната,3
наказана,3
техеран,3
режима,3
одобрил,3
амини,3
махса,3
протестирано,3
ирански,3
съоръженията,3
засичане,3
причиняването,3
фучеджиев,3
сачанска,3
дончо,3
бившите,3
пепа,3
затисната,3
отрязани,3
импровизиран,3
одобрението,3
кардиограма,3
настинка,3
начинание,3
пижама,3
болкоуспокояващи,3
заживяла,3
подозирам,3
gmail,3
реализация,3
хипермаркет,3
рецепта,3
for,3
solution,3
fraxiparine,3
лекарствените,3
шуменска,3
нареждания,3
заменят,3
обичала,3
доживотната,3
дима,3
християни,3
чупрене,3
неминуемо,3
инжекции,3
аптека,3
anti,3
спонтанен,3
изписват,3
дъглас,3
годишнина,3
четвъртия,3
плачейки,3
нивелина,3
събирали,3
липсвало,3
женева,3
мала,3
малтретиран,3
стряскащи,3
вълчанов,3
injection,3
inn,3
лаптопа,3
стандартите,3
косьо,3
избухнаха,3
квалифициран,3
подавало,3
осветлението,3
автосалона,3
откраднатата,3
калайджийска,3
понасят,3
обещали,3
събирани,3
останете,3
налагаше,3
противодействието,3
нелова,3
nadroparin,3
спазвайте,3
дилова,3
glasnews,3
постигането,3
притекла,3
изискат,3
доставка,3
едро,3
уведомят,3
полякинята,3
усърдно,3
наблюдаващите,3
терапевтът,3
упорито,3
актьорска,3
хващат,3
акушерката,3
сигнализирано,3
обяснявал,3
тревожи,3
забравяйте,3
трайна,3
групировка,3
кръстовища,3
търпимост,3
независещи,3
емигранти,3
свестят,3
преобладават,3
крилчев,3
програмен,3
димчо,3
изнесоха,3
възкресение,3
вярвайте,3
местят,3
местоживеенето,3
сетне,3
съветът,3
образуването,3
осъзнала,3
погребалната,3
намираше,3
шляпашки,3
оставаше,3
химичен,3
налаганите,3
обитаваното,3
пристройката,3
цифра,3
слязат,3
периметъра,3
центровете,3
наречена,3
корените,3
пчелина,3
училищната,3
проверяващи,3
установените,3
топчета,3
енп,3
розелина,3
плод,3
страданията,3
родово,3
френска,3
запазени,3
повишен,3
изкараха,3
прибраха,3
припаднало,3
тарс,3
предупредиха,3
сиво,3
опашка,3
учудени,3
редуват,3
преките,3
последват,3
правеха,3
прекратяват,3
гъжварски,3
домашният,3
пунктове,3
неясна,3
студентките,3
премазано,3
двегодишното,3
разправии,3
спряха,3
компютърни,3
ранг,3
злоупотребяват,3
острие,3
трагедии,3
познатата,3
обедните,3
претърсва,3
новозагорското,3
цгм,3
опазването,3
присъединят,3
областното,3
пресцентърът,3
дерето,3
предположенията,3
спели,3
подножието,3
контрольори,3
паралелни,3
возят,3
терапевта,3
импланти,3
растеж,3
информирах,3
усложнение,3
спирана,3
спечелените,3
говорела,3
изтекъл,3
четените,3
гласуваха,3
произвело,3
гума,3
явяват,3
загубени,3
съответства,3
превишава,3
разкриваемостта,3
указание,3
инстинкт,3
доказал,3
повалят,3
тълпата,3
слушайте,3
издевателства,3
уверя,3
целенасочено,3
справките,3
меси,3
помагало,3
коледни,3
неморално,3
часовото,3
експертна,3
възнамерявам,3
кран,3
координационният,3
блокиран,3
знака,3
касиер,3
монтирани,3
сънувам,3
смс,3
маршрутка,3
преразгледа,3
асако,3
подпомагат,3
уронва,3
отрязал,3
молила,3
отпадъците,3
обръщала,3
работехме,3
сотирова,3
докосва,3
расоков,3
витае,3
причакали,3
течеше,3
безкомпромисна,3
простреляни,3
туристите,3
начална,3
хипотермия,3
бремен,3
оспорват,3
моторни,3
заблуди,3
удовлетворен,3
заменено,3
предстоящия,3
извънреден,3
активисти,3
смолянското,3
кандидатстват,3
разгледан,3
дадохте,3
ритуал,3
вярваше,3
българо,3
финансите,3
предприехме,3
нулев,3
милево,3
гюров,3
вселената,3
хавала,3
упрекват,3
предпазни,3
запознат,3
пилотни,3
сос,3
следваща,3
информираността,3
предвиден,3
създадената,3
яголник,3
инспекторат,3
сметище,3
съвещанието,3
посрещаха,3
подписаха,3
главчев,3
обещаните,3
бежански,3
превърнали,3
ловци,3
показани,3
разпознаването,3
отговорила,3
вносителката,3
италианските,3
възпитателите,3
китара,3
писмата,3
летял,3
стопанска,3
ббц,3
възкресението,3
авторитета,3
возила,3
санкционирана,3
консервативни,3
джапанки,3
музея,3
поясниха,3
нормативна,3
извършвано,3
производствата,3
качването,3
нормативни,3
съпротивлявал,3
правителствения,3
причака,3
нататъшното,3
принадлежи,3
ректората,3
европейското,3
повишаването,3
телефонния,3
стефанович,3
необичайно,3
мислих,3
законов,3
аортата,3
главоболие,3
бракът,3
объркване,3
безобиден,3
скандално,3
неочаквано,3
уговорили,3
обстоятелствената,3
ндсв,3
настоявала,3
ръководена,3
тричленният,3
дозата,3
говорих,3
енергетиката,3
навлезе,3
токсичните,3
неочаквана,3
свири,3
парацетамолът,3
браковете,3
унищожи,3
отглеждала,3
гледката,3
ударени,3
неустановен,3
изнасилвана,3
тролея,3
оборот,3
посланици,3
нбпп,3
виждаше,3
разрешила,3
процеп,3
изскочиха,3
минавах,3
парламентарна,3
гумата,3
мъдростта,3
дългият,3
незаконосъобразен,3
обути,3
подаряват,3
зашиване,3
потвърдят,3
застраховки,3
искрена,3
склонна,3
празнували,3
подарява,3
обител,3
пробва,3
хотелът,3
тетрахидроканабинол,3
бизнесдамата,3
гледахме,3
разпитано,3
сексуалния,3
истинско,3
подръчни,3
усмивки,3
батерията,3
покровителка,3
социалисти,3
елиана,3
революция,3
омагьосаният,3
радойчева,3
аксаково,3
окръжните,3
оставане,3
отбелязването,3
чества,3
пледира,3
цивилизована,3
вълканов,3
озова,3
строи,3
преминаващите,3
вейп,3
подкрепяла,3
проектозаконът,3
ефективността,3
килограм,3
органна,3
сложена,3
вярвал,3
почнах,3
митинги,3
обичаш,3
похитена,3
йорк,3
принуден,3
грешен,3
лекувани,3
разстроени,3
насрочване,3
жилищната,3
слънчице,3
почетоха,3
паша,3
извеждай,3
чакал,3
прекрасна,3
неглижирането,3
попасе,3
стоката,3
изтъкват,3
тревица,3
птички,3
огряло,3
летували,3
лесничеи,3
зер,3
кърпикожусите,3
подкарала,3
невеста,3
пъргава,3
прелитали,3
златно,3
блестяло,3
благата,3
простора,3
поразходят,3
стопляла,3
тревички,3
гадинки,3
погалвала,3
обратния,3
думал,3
снахо,3
братчета,3
надвиснали,3
вкаменена,3
ручея,3
ромонът,3
секнал,3
добрини,3
замлъкнали,3
сковала,3
люта,3
захванала,3
зашибал,3
набъбналата,3
безмилостно,3
забрулили,3
ветрове,3
облаци,3
напомнил,3
думат,3
посее,3
покори,3
домъчняла,3
дочула,3
подбрала,3
невестата,3
тейко,3
сваляй,3
кожухчето,3
връзване,3
прецъфти,3
лъжовно,3
старецът,3
усмихвала,3
прераснали,3
удряха,3
блеенето,3
растяла,3
билката,3
извисявали,3
шишове,3
заинтересовани,3
въртели,3
разнасяло,3
сниман,3
телетата,3
мученето,3
агнетата,3
толерираме,3
свикан,3
училищният,3
донесли,3
вземи,3
покровителство,3
предвиждаме,3
езически,3
омагьосани,3
ограбвал,3
дунавската,3
пожелание,3
окичват,3
набедиха,3
тригодишните,3
доцент,3
заключиха,3
решаваме,3
съвременната,3
толерирам,3
жертвените,3
повелявал,3
дедите,3
развържи,3
смолянска,3
ликувай,3
птичката,3
позовават,3
полетяла,3
птичка,3
чудната,3
нецензурни,3
моден,3
терасите,3
дружина,3
волга,3
пребием,3
завържи,3
отличие,3
среди,3
летях,3
ставрева,3
тъжи,3
заговорило,3
санкциите,3
птиче,3
кежева,3
фрайбург,3
пъстро,3
долетяло,3
могъщият,3
опечален,3
белчилов,3
англичанин,3
заека,3
кюмюрджиев,3
заличена,3
криптовалута,3
колабирало,3
арестуваната,3
изчисти,3
острови,3
горанов,3
ухапвания,3
заварил,3
коалиционните,3
разчистване,3
обезопасят,3
разрушена,3
ранила,3
кюстендилската,3
приведено,3
заводи,3
парадоксално,3
участвало,3
изживяла,3
написали,3
пречила,3
сексуалната,3
взривения,3
асеневци,3
плащане,3
инструктирани,3
благодарят,3
благословия,3
роднинска,3
върховните,3
забранени,3
дишаме,3
инжектира,3
зинка,3
непрекъснати,3
взривила,3
продължавало,3
загиналият,3
нелегално,3
отбележим,3
лагерите,3
ползвам,3
извършващи,3
застрашени,3
купиш,3
измъчват,3
контролни,3
фигурка,3
употребявало,3
сдобие,3
залят,3
получите,3
нормализиране,3
телеграф,3
електричеството,3
връхлетяла,3
странични,3
одежди,3
свикване,3
огнестрелните,3
спирайте,3
занималня,3
умряло,3
заболяванията,3
постоянната,3
сака,3
груб,3
мустафова,3
урумова,3
търговищкото,3
бойци,3
ганчев,3
задигнал,3
запазили,3
ходило,3
лицевата,3
слагаме,3
мирка,3
русинов,3
юмручни,3
американец,3
продължихме,3
нехайството,3
чанева,3
теглене,3
излетя,3
ожесточен,3
неописуемо,3
разумно,3
погледите,3
увеличило,3
предградие,3
представим,3
отличени,3
мюсюлманско,3
градините,3
дългогодишно,3
минчев,3
настоящето,3
гюнай,3
коренно,3
рисуването,3
американска,3
търпението,3
брендо,3
nra,3
оръжейния,3
банев,3
потърсено,3
ивицата,3
годност,3
медоу,3
почистване,3
подходящо,3
тропа,3
герена,3
издирваното,3
цветята,3
заминала,3
германския,3
белослатинското,3
лигъл,3
партнърс,3
примирието,3
психичноболен,3
констатираха,3
чакаше,3
заобиколена,3
ройтерс,3
консултациите,3
нелегални,3
връщаш,3
пешеходните,3
дкц,3
носеше,3
вървяха,3
наръгва,3
отглеждано,3
swift,3
минавала,3
разделял,3
балев,3
минавам,3
грешно,3
разпоредба,3
заглавия,3
намушкани,3
интелигентност,3
хоспитализиран,3
сондажът,3
подкаста,3
докаран,3
точния,3
индивидуално,3
обичта,3
уляна,3
повали,3
пожелали,3
влизала,3
храброст,3
перфектно,3
шаламанов,3
дотолкова,3
издърпва,3
буйства,3
панелна,3
изваждане,3
ролите,3
секундата,3
въвеждаме,3
музикант,3
меричлери,3
кондева,3
изследваните,3
станоев,3
pst,3
биологичният,3
тротинетки,3
психичноболната,3
еднозначни,3
желязко,3
подчинява,3
разочарованието,3
действащата,3
засилен,3
смирена,3
посетена,3
заместници,3
медикет,3
мъжко,3
образователното,3
модерна,3
дивеча,3
спонтанна,3
малцинство,3
eur,3
блудствените,3
прост,3
генерален,3
прободе,3
доживотно,3
екипировка,3
стависки,3
глоджево,3
маричков,3
горсова,3
наказуемо,3
завършват,3
усещаше,3
партида,3
влади,3
показното,3
заключвам,3
почерк,3
седмокласник,3
катерила,3
лъжите,3
повярваме,3
мальовица,3
клошар,3
посягаше,3
джобовете,3
слаб,3
ситуациите,3
bgrzbb,3
жоро,3
непосилни,3
автотехническа,3
ставам,3
приключено,3
лектор,3
призрак,3
помолен,3
белянова,3
изострянето,3
откритите,3
работливи,3
повиши,3
влязал,3
превозно,3
алтернативна,3
личало,3
познавах,3
специализиран,3
довечера,3
затворил,3
ядосана,3
редовните,3
употребен,3
простя,3
швейцарския,3
занимаващи,3
браво,3
точният,3
ботокс,3
скендеров,3
изпитвах,3
умора,3
тормозили,3
прозвучи,3
заявителски,3
докторката,3
писа,3
изразен,3
разправия,3
доближават,3
склонен,3
културни,3
куршумът,3
слуха,3
зоя,3
създали,3
часов,3
ралева,3
трапезата,3
великов,3
отключено,3
илина,3
лошата,3
нелегалната,3
ритна,3
спецполицаите,3
прострелването,3
джаксън,3
примитивно,3
професии,3
трогват,3
отчуждението,3
мустафов,3
вдъхновяващи,3
избиване,3
плуване,3
английският,3
посланикът,3
разминаването,3
летящо,3
лъв,3
зловещото,3
батко,3
мръсна,3
разстреляна,3
десетките,3
приз,3
огромните,3
гладни,3
предотвратила,3
свършило,3
подсъдима,3
паспорти,3
закупен,3
защитничката,3
избягаме,3
събор,3
потърсени,3
митинг,3
селски,3
заключват,3
формулирани,3
помните,3
гной,3
въоръжения,3
изчистени,3
вършим,3
палат,3
встъпи,3
диплома,3
посветени,3
обири,3
позволило,3
нарушавал,3
неприятен,3
разпознали,3
екшън,3
медийно,3
златния,3
глобален,3
столичанка,3
погребална,3
максимален,3
прегръдка,3
пръчки,3
кокичетата,3
прахообразно,3
реже,3
трупани,3
запомня,3
героиня,3
пребиваващ,3
мнимия,3
венелин,3
предотвратяването,3
чиновници,3
брестовене,3
товари,3
щатски,3
изострени,3
евелина,3
страстите,3
луксозен,3
справянето,3
лъжата,3
мускул,3
покъртителни,3
ваденето,3
предложили,3
естественото,3
миладинови,3
ресурсен,3
латвия,3
заби,3
преживяемост,3
предявяване,3
скочил,3
мелиса,3
нарушавана,3
разбие,3
служебна,3
молитва,3
обитаван,3
поеха,3
ком,3
завършване,3
казвах,3
бриз,3
стълбището,3
концепцията,3
свещеници,3
дворът,3
разказани,3
изявлението,3
вечери,3
пътнотранспортни,3
алеите,3
приют,3
надзирател,3
учене,3
попфолк,3
експлоатационен,3
сведение,3
спътничка,3
спецполицаи,3
ромска,3
лейтенант,3
реализират,3
щателен,3
автоимунно,3
гергьовден,3
игнатова,3
контактната,3
хладилник,3
изразил,3
уча,3
шперц,3
воденичарски,3
съблюдава,3
заживява,3
грабнал,3
психотерапевтична,3
изплуват,3
котелското,3
обезобразената,3
експертни,3
посещавало,3
отзовава,3
забрадена,3
масажа,3
хилядите,3
психологическата,3
разкъсал,3
доверява,3
вашия,3
извеждането,3
счупването,3
балканска,3
значими,3
поверието,3
пра,3
нотариалната,3
кнежа,3
подадоха,3
красимиров,3
неотложна,3
позвъни,3
попадна,3
докарано,3
унижават,3
шокиращото,3
забременеят,3
публичния,3
зачатие,3
машини,3
разминаване,3
заключваме,3
заключава,3
датите,3
работодатели,3
возили,3
детайлна,3
блъснат,3
любопитни,3
чудотворец,3
суха,3
медали,3
национални,3
основана,3
комшии,3
ангели,3
порасне,3
емигрира,3
джебел,3
враг,3
ходене,3
проследи,3
земетресение,3
разстроено,3
съпътстващи,3
разкритията,3
отговорих,3
повтарям,3
мащехата,3
навънка,3
гарантираме,3
вергов,3
унижи,3
половата,3
чуеш,3
димана,3
започнатото,3
превърнаха,3
годеч,3
предлагал,3
юмруците,3
дъбово,3
процесуален,3
чупят,3
рибарските,3
препречва,3
опасностите,3
притеснила,3
повлече,3
якимов,3
загубиха,3
йоурова,3
излезна,3
набиха,3
сесия,3
сас,3
искрен,3
етнически,3
сушата,3
харесваш,3
указанието,3
сезян,3
отчаяние,3
иваново,3
тетрадка,3
затварят,3
заплашителни,3
скайп,3
съпроводени,3
разрешават,3
заплашителен,3
отличи,3
контролно,3
концерта,3
разхождала,3
дошлите,3
обичаи,3
успокоя,3
стока,3
звън,3
набият,3
действаме,3
площ,3
симон,3
мечтала,3
спорят,3
компонент,3
наказателните,3
прекратява,3
иззетите,3
прекарани,3
задух,3
фатални,3
разбирания,3
овладяване,3
последван,3
осъзнаят,3
закарахме,3
тролейбусните,3
милчев,3
конкретика,3
организирал,3
повдигнал,3
отмъстителност,3
акцизни,3
таксата,3
седят,3
разговаряха,3
извънредна,3
елементи,3
площи,3
надлежно,3
генади,3
факторите,3
търсих,3
елате,3
представената,3
пренасянето,3
независим,3
вота,3
легна,3
мафия,3
събудил,3
посегнало,3
отнасят,3
алиби,3
училищни,3
променено,3
импулсивен,3
смея,3
нагласа,3
носил,3
черньово,3
превантивна,3
взетата,3
непълнолетието,3
неглижиране,3
ефективните,3
оперирали,3
мислиш,3
тръмбеш,3
съобразяваме,3
донев,3
триград,3
кацаров,3
реве,3
сприхав,3
влачено,3
пробвали,3
кокаляне,3
документален,3
инструкторите,3
гавраилово,3
провеждано,3
съдействали,3
ябълчево,3
оправдаха,3
изнудвала,2
приключен,2
пренебрегването,2
харесвам,2
непреклонни,2
вредно,2
консумация,2
стоименов,2
разправя,2
угасна,2
преводът,2
подкрепил,2
пило,2
пиано,2
публикувана,2
секторът,2
религии,2
имами,2
котел,2
психическите,2
оставял,2
мощите,2
изчаках,2
настоятелно,2
правих,2
задаваме,2
филмов,2
рискуват,2
древни,2
приемното,2
стоварим,2
бедни,2
урумов,2
дост,2
застанали,2
достигнала,2
бурките,2
внучетата,2
миткова,2
хронология,2
добродетели,2
парламентарен,2
посрещам,2
отсъствал,2
изпере,2
антиох,2
рокли,2
последователите,2
рим,2
бързаков,2
еврокомисар,2
съкращава,2
предадох,2
хипотези,2
ужасът,2
обучено,2
подсилят,2
спираш,2
компоненти,2
силистренското,2
придобиването,2
тегля,2
заслепен,2
последваща,2
утвърди,2
знанията,2
фризера,2
педагозите,2
наместникът,2
снет,2
противоречие,2
живей,2
заварват,2
начкова,2
слезем,2
показано,2
ветроходец,2
утихне,2
предходна,2
дългото,2
джени,2
реагирала,2
паспортното,2
извел,2
занеса,2
пъстри,2
докарала,2
цитат,2
показвате,2
борда,2
генчо,2
приемния,2
набучени,2
пбзн,2
погубени,2
готвеше,2
свика,2
слизане,2
пръсна,2
познатият,2
медия,2
изгубилата,2
наказвани,2
усетя,2
агресивност,2
кавга,2
уведомяване,2
показвал,2
мощно,2
порцелан,2
произнасяне,2
анти,2
източването,2
представеното,2
нетрадиционни,2
инцидентно,2
плещите,2
лютви,2
комунистическия,2
именниците,2
сипе,2
придържаше,2
извънматочна,2
догодина,2
чешнигирово,2
палазов,2
участваше,2
предпоследната,2
елзас,2
богоугодно,2
проклятието,2
членството,2
завих,2
премъдрост,2
подобаващо,2
рибари,2
причерня,2
раздаване,2
унищожен,2
богат,2
нато,2
изплатят,2
пориви,2
термини,2
вятъра,2
инструктаж,2
законни,2
пропускателен,2
кючек,2
руенското,2
луково,2
постъпилите,2
читалище,2
бахаров,2
авторка,2
безпрецедентен,2
забелязвам,2
биографията,2
стигнах,2
патологичната,2
тебе,2
наляво,2
love,2
съхранява,2
плесници,2
библиотеката,2
евентуалното,2
реша,2
посетител,2
комедия,2
покойника,2
боеприпас,2
влечаха,2
пекарната,2
диета,2
очистя,2
четеше,2
руския,2
традициите,2
изпусна,2
изпълва,2
употребена,2
разрешителни,2
рок,2
ужасени,2
метрова,2
свикна,2
туркменистан,2
отстреляна,2
запомнят,2
докосна,2
диети,2
конфликтна,2
медиатори,2
сменени,2
ракетата,2
гордеех,2
облекли,2
меркюри,2
клонки,2
офшорка,2
красят,2
познаем,2
вилияна,2
решително,2
анорексията,2
здравно,2
пробола,2
администраторката,2
нещастието,2
търсачи,2
усещания,2
богданова,2
покажете,2
пушачите,2
учил,2
зависими,2
черепът,2
върбови,2
увисваше,2
реалити,2
първенец,2
британски,2
изоставят,2
зачестиха,2
динамиката,2
симпатични,2
стоматология,2
постройката,2
дипломатите,2
заявленията,2
електрическо,2
излъже,2
наричал,2
украинката,2
разумен,2
управлявано,2
зия,2
ябълки,2
датират,2
законотворците,2
признателен,2
отмъщението,2
претърсят,2
благородка,2
благодетел,2
палмър,2
наложения,2
прегърнала,2
прецених,2
рспбзн,2
сключени,2
трасологична,2
нареждат,2
финес,2
захарна,2
отиване,2
купуването,2
бедно,2
заплащат,2
преброи,2
захарницата,2
защитите,2
феята,2
кодекса,2
книжарница,2
пълномощник,2
имен,2
осъжданият,2
справката,2
фигурки,2
подправено,2
шесторно,2
самосезирала,2
колекция,2
отговаряха,2
вкараме,2
рефлектира,2
велинов,2
еталон,2
свържете,2
психологическия,2
недялкова,2
самоотвод,2
пренесе,2
подходящото,2
обаждал,2
ядосани,2
предупреден,2
изпратения,2
сребърна,2
назначава,2
бегълците,2
късове,2
корици,2
клише,2
стадии,2
дякова,2
занятия,2
гонили,2
протоколите,2
мигрант,2
опряха,2
разрушаването,2
нетърпими,2
изхвърлили,2
гошо,2
новости,2
принадлежеше,2
използваното,2
представяме,2
териториите,2
изборната,2
възнагражденията,2
осигурителната,2
утро,2
установената,2
компаньонка,2
обирджии,2
бягаме,2
ненормалник,2
трудноподвижната,2
официалният,2
скочили,2
загубено,2
празничното,2
научихме,2
стреляха,2
джамиите,2
осъзная,2
рядкост,2
безплатните,2
подпален,2
селскостопанска,2
разнася,2
козметична,2
прикрито,2
подезичната,2
сканира,2
неусетно,2
компирът,2
норвежкия,2
посетителите,2
патентован,2
звънеше,2
контролирано,2
хранителния,2
гюзелев,2
засегнал,2
хазарт,2
шенгенската,2
разказвало,2
казвайки,2
украинци,2
последвалия,2
челебийска,2
уведомявала,2
опознава,2
абил,2
заплашваха,2
високоплатена,2
глобална,2
вдигат,2
предприемачество,2
ямката,2
съня,2
захапа,2
наблюдавал,2
успелият,2
гонки,2
торби,2
полските,2
залагат,2
сорт,2
крупна,2
бранков,2
янаки,2
озове,2
изготвило,2
видеоматериали,2
уважавана,2
администратор,2
планът,2
недялков,2
популярна,2
стихва,2
нападнатите,2
проучен,2
формализъм,2
витрините,2
нотариусите,2
моралните,2
паралелката,2
седма,2
субсидия,2
разпространил,2
металик,2
висшият,2
регистрационен,2
франсоа,2
дадената,2
блъскаха,2
скубаха,2
отвратително,2
доживотният,2
психодиспансер,2
първокласничката,2
продажбите,2
кирчев,2
разчитаме,2
финансовите,2
стопира,2
компенсации,2
боецът,2
алабин,2
автори,2
поповското,2
регистрирала,2
заравяме,2
съчетаване,2
недовършените,2
преустанови,2
тригодишния,2
дебитни,2
наситения,2
женствена,2
тактично,2
хуманното,2
сортът,2
показвайки,2
компир,2
укрепена,2
компютър,2
садула,2
фотоалбум,2
мултидисциплинарни,2
роналдо,2
тормозената,2
толерантни,2
прекарвали,2
подарявал,2
поработи,2
якова,2
яков,2
оставяне,2
прерязва,2
бутне,2
терапевтичен,2
живяхме,2
дарете,2
разболя,2
изживее,2
лекуваше,2
съвременното,2
травмира,2
разделено,2
предоставените,2
охранявали,2
колабирал,2
балове,2
стисна,2
коментирала,2
просене,2
рцз,2
аутопсии,2
ходожествена,2
гоня,2
ухапване,2
самичка,2
пловдивските,2
отверка,2
приказките,2
диапазон,2
двегодишно,2
одобрените,2
грудчицата,2
изключиха,2
противоречията,2
обринем,2
окопаем,2
поникне,2
мемоари,2
архитектура,2
подлеза,2
челебийски,2
злоба,2
воденото,2
изневерявала,2
соколовска,2
благодарни,2
определили,2
телеграма,2
докарат,2
недоносено,2
петракиев,2
зарадвах,2
класове,2
правнуци,2
пере,2
ограниченията,2
облечено,2
синината,2
надявала,2
превръзки,2
читатели,2
убиеш,2
найлони,2
борбен,2
пишели,2
мениджъри,2
меги,2
фермерката,2
щателна,2
имидж,2
прекарвало,2
основателно,2
формално,2
хлапе,2
технологичните,2
ислям,2
дагоново,2
съчетано,2
разрушен,2
произвеждане,2
деликатна,2
прочетат,2
отбелязване,2
отбелязано,2
изчезнат,2
пневматична,2
отхвърляне,2
чилингиров,2
абитуриентка,2
отсъствало,2
посветила,2
предела,2
тенчева,2
девета,2
диария,2
спасявали,2
ветеринарният,2
обещан,2
съдийка,2
ритала,2
отделенията,2
явяване,2
юрисконсултът,2
връчен,2
проверяван,2
санитарен,2
вливка,2
барут,2
ексхумират,2
питане,2
обуха,2
липсвал,2
посещения,2
обичана,2
резервни,2
упорита,2
разбирали,2
издъхнал,2
канарските,2
енергична,2
фризьори,2
електронни,2
неутрализирали,2
загърби,2
лятната,2
изчакали,2
учителки,2
книжарницата,2
авиоинцидента,2
солидарността,2
нормализира,2
скъсало,2
мистериозния,2
хоспитализираните,2
диаметър,2
покрито,2
формален,2
разпечатки,2
страдащата,2
снимаха,2
огледал,2
потресаващи,2
заснетия,2
помагаща,2
покрие,2
карцином,2
изразяващи,2
възпроизвел,2
осиновено,2
отвърнах,2
завръзката,2
необичайни,2
борбени,2
британското,2
турците,2
пловдивчанка,2
мостът,2
denkapopova,2
пейчев,2
ная,2
лаят,2
rzbbbgsf,2
неделю,2
тъгува,2
поклонението,2
завил,2
дилков,2
оставяха,2
надясно,2
трагична,2
паркирания,2
амбициозни,2
спомнят,2
корпус,2
dms,2
преминаваща,2
лидерски,2
отивал,2
герасим,2
гард,2
дръжка,2
факто,2
неконфликтно,2
тревогата,2
шефика,2
обозначителни,2
приятна,2
осиротялото,2
съчувстваме,2
площада,2
каролев,2
средностатистически,2
ядене,2
увита,2
бързаше,2
управленски,2
диев,2
аспирин,2
съдови,2
принципен,2
лоби,2
съобрази,2
технологичен,2
устни,2
химични,2
кобра,2
нотариуси,2
иззела,2
свален,2
чапанов,2
експлозия,2
пометена,2
привилегии,2
изпълнения,2
поемаш,2
въоръжение,2
издъхнали,2
електрическото,2
спокойния,2
оценени,2
петчленен,2
латиница,2
слизаше,2
лгбт,2
обезвредили,2
феим,2
group,2
безсмислено,2
виня,2
въоръжат,2
статуквото,2
колекцията,2
реаниматори,2
мадолев,2
степанчева,2
мантинелата,2
серийни,2
инстинктивно,2
лекуващи,2
чаках,2
тръгвай,2
мозъчни,2
блъскали,2
обявеното,2
екрана,2
ретро,2
забележителности,2
кюлчетата,2
авантюри,2
нахлуят,2
разкрием,2
обръщането,2
световните,2
подписан,2
телевизионната,2
изразено,2
изолирал,2
цензура,2
осветителните,2
самоубиеш,2
бюджетната,2
можели,2
дариха,2
цитирайки,2
равно,2
познанството,2
писта,2
боянски,2
нация,2
създавайки,2
любовната,2
специализира,2
разделението,2
преборим,2
амбицирана,2
убеждава,2
романът,2
спестя,2
евтино,2
анализирани,2
автобиографичната,2
престават,2
търговец,2
притежавания,2
мускулите,2
обходи,2
ценител,2
вигенин,2
врани,2
провеждана,2
боец,2
нахапвания,2
кенова,2
импулсивно,2
уверявал,2
газове,2
кардиохирургия,2
недопускане,2
конвоиран,2
разплаках,2
допусне,2
съвестта,2
неприкосновеността,2
отразяването,2
варненски,2
дисциплинарна,2
приноса,2
погребва,2
кататсрофа,2
италианската,2
питайте,2
минимален,2
решаващ,2
ленти,2
хващан,2
повредена,2
изнесените,2
елементарни,2
джипито,2
видеотека,2
богатата,2
корозия,2
погрешен,2
обобщена,2
годишнината,2
казанлиев,2
подстрекавани,2
звучеше,2
улесниш,2
интерната,2
боксьор,2
вменил,2
увеличаваме,2
поверени,2
действащо,2
угризения,2
въло,2
крайдунавския,2
няколкократно,2
вятърът,2
измъкват,2
коалиционното,2
близначета,2
достигане,2
километровата,2
дрешки,2
разбила,2
навремето,2
слагала,2
изкарала,2
подкрепял,2
манекенка,2
прощавала,2
закусваме,2
асп,2
възпротиви,2
похода,2
съучастникът,2
симпатии,2
затрудни,2
улеснява,2
старчески,2
йонко,2
аудитория,2
разрушила,2
мишев,2
нечисти,2
погребано,2
откъс,2
изтръгна,2
гръкляна,2
ординатор,2
изчислили,2
оттеглиха,2
ежегодното,2
пакета,2
вървях,2
прехвърлил,2
вложи,2
ожесточение,2
мюсюлманските,2
пътуваш,2
свежда,2
логопеда,2
уличното,2
валеше,2
минимума,2
инструменти,2
запушване,2
трансджендър,2
грабва,2
пилатес,2
изсипва,2
извънбрачен,2
транспортните,2
паркоместо,2
екоминистерството,2
хулиган,2
несломим,2
разхвърлени,2
съучастника,2
трудната,2
ценино,2
комедията,2
пламва,2
форуми,2
постоянството,2
признавайки,2
камъка,2
наранило,2
юбилей,2
европейци,2
постигнал,2
влизаш,2
социалистическата,2
несъстоятелността,2
отговора,2
определената,2
дарена,2
пленума,2
автентичност,2
колегиална,2
отделила,2
изисквала,2
оказвал,2
ограничавал,2
горящата,2
отдалечено,2
актьорско,2
детективите,2
спречкал,2
загасят,2
дихателни,2
задържаме,2
създам,2
приключени,2
зимно,2
полята,2
изречения,2
случващо,2
силвестър,2
участ,2
принудителна,2
смехотворно,2
принуждават,2
заминах,2
счетоводство,2
прокопиев,2
бойлер,2
способни,2
отстъпват,2
записването,2
изнесли,2
синдикат,2
недохранени,2
консулство,2
бруталния,2
легализация,2
наближавайки,2
ходехме,2
нает,2
крик,2
суперлативи,2
седнахме,2
излизащия,2
членка,2
вълчева,2
птици,2
обръщали,2
прическа,2
съжаляваме,2
основите,2
съкрушени,2
успяхте,2
откъснати,2
мойте,2
забелязвали,2
вълнение,2
пести,2
вземал,2
известяване,2
отмениха,2
поканата,2
прегазила,2
палав,2
вълнението,2
сключения,2
литка,2
бягаха,2
млъкват,2
угасва,2
настъпилите,2
визирам,2
обрана,2
забавено,2
бракоразводно,2
уволниха,2
шенгенското,2
срутването,2
чукнало,2
майсторство,2
прибереш,2
уволнението,2
инхалация,2
играчка,2
забърка,2
уволнените,2
гипсова,2
отричан,2
боянския,2
младоженци,2
прегърнах,2
първокласничка,2
носиха,2
умрете,2
приятелска,2
университети,2
банова,2
морска,2
оранжеви,2
аварийната,2
блъснато,2
преговорния,2
затварям,2
мълчаливопротестно,2
лачева,2
спомних,2
свидетелствала,2
следването,2
губила,2
родни,2
нанякъде,2
дъх,2
източен,2
elle,2
извоюват,2
господари,2
дана,2
трясък,2
позитано,2
бенова,2
сбъдва,2
учеха,2
отсъствията,2
качествена,2
познайници,2
слушал,2
релси,2
образователна,2
противно,2
преживявам,2
списания,2
подчинените,2
заложат,2
отслабнала,2
разбрахте,2
понтон,2
самолети,2
микровълнова,2
кюрдски,2
проговаря,2
легализиране,2
сключвани,2
молив,2
доверявайки,2
съгласят,2
ужасяващ,2
спирачка,2
кандидатурите,2
замахва,2
лъсва,2
варварство,2
приказва,2
разширени,2
влезнаха,2
кокичета,2
идващи,2
възпитателя,2
преекспониран,2
чувствате,2
михайлови,2
награждаван,2
търнава,2
попитате,2
часовника,2
пълнолетен,2
изчакате,2
популяризира,2
звъняла,2
исканите,2
бърка,2
повторят,2
камикадзе,2
освобожадването,2
одобряват,2
архитектурата,2
превела,2
съглася,2
деликатно,2
икона,2
боздуган,2
изложена,2
ниското,2
племенници,2
спецчастите,2
грам,2
керменова,2
нокти,2
подготвяме,2
попитало,2
надхвърлят,2
страдам,2
еднократно,2
кремирана,2
байрактарски,2
едногодишния,2
свързвала,2
обитателка,2
решаван,2
разрушил,2
заета,2
уморена,2
офроуд,2
претендират,2
връзвано,2
обявим,2
чернаев,2
притежанието,2
предисторията,2
лъч,2
художника,2
радостите,2
калпак,2
намиране,2
четническия,2
парчето,2
докладването,2
помилван,2
истанбулска,2
амбициите,2
осъществим,2
плачидол,2
викай,2
призован,2
футболен,2
ванилия,2
бюджетите,2
отпътувала,2
отличничка,2
рубрика,2
играехме,2
документално,2
тетрадки,2
контраст,2
закъсняло,2
парцелът,2
предприемането,2
съжаляваше,2
търкаляно,2
депозирана,2
полагали,2
отхвърлям,2
входно,2
посъветваха,2
нощният,2
шехризаде,2
кремирано,2
прикритието,2
личат,2
пазаруват,2
отхвърлянето,2
салфетка,2
стъпало,2
анализиран,2
действителността,2
ключове,2
хигиената,2
заглавие,2
свободната,2
потеря,2
дисциплината,2
намалени,2
мърдаше,2
изселят,2
британска,2
камбурова,2
склонните,2
демиров,2
полагани,2
дългия,2
отдадат,2
талон,2
ячев,2
родът,2
лифт,2
франкивск,2
петиция,2
защитил,2
устно,2
зловещо,2
медалите,2
хронични,2
семинар,2
различния,2
мълчали,2
възникналия,2
ивано,2
върбовчец,2
ратифицираме,2
хиподрума,2
посещаваш,2
алесандро,2
попитана,2
нощите,2
случвали,2
действащия,2
пели,2
управляваха,2
спуснали,2
накъсан,2
алуан,2
несъобразена,2
бордюра,2
сенсей,2
потвърдя,2
ислямските,2
законодателна,2
простреляният,2
седнат,2
грабежите,2
тоалетните,2
танцуващи,2
генадиев,2
стечение,2
зеленчукова,2
потребност,2
пресича,2
обвинявам,2
дължим,2
хомосексуални,2
развикали,2
изваждат,2
щата,2
невролог,2
предявена,2
законоустановения,2
навършило,2
нотариален,2
единодушие,2
джема,2
изоставил,2
допустимо,2
хъс,2
опечаленият,2
блатца,2
платим,2
джендъри,2
повторни,2
палитра,2
великия,2
борса,2
съжителстват,2
присъствена,2
бере,2
извадило,2
атакувана,2
кошерите,2
протоколът,2
бъдещ,2
заети,2
владей,2
спомним,2
забавно,2
изправил,2
чувствителни,2
съсипва,2
млеканов,2
посрещнал,2
дерматоложката,2
разложкото,2
мартинова,2
толерантно,2
американско,2
авиоинженер,2
локорско,2
рапорта,2
подценяват,2
разплакан,2
квалифицираните,2
разтовари,2
хасковското,2
карахме,2
кланове,2
хем,2
терзийско,2
осъзнавайки,2
стотина,2
изменат,2
владиславово,2
автентичността,2
дуловско,2
омъжила,2
взимала,2
николае,2
роса,2
спестят,2
кокенов,2
колекционер,2
търсела,2
пият,2
разполагам,2
токио,2
пиянство,2
казанлъшко,2
красавица,2
протекция,2
високорисково,2
четник,2
състезатели,2
италианци,2
занимавате,2
обирджията,2
возели,2
зрялост,2
pcr,2
купувач,2
харалан,2
нареди,2
траянка,2
елитна,2
разчленена,2
хорн,2
издъхнало,2
диагностициране,2
сюжета,2
пазители,2
зейнеп,2
пресечения,2
излъчваше,2
натоварва,2
галактиката,2
съдийски,2
пълните,2
максималните,2
спекулираше,2
хирургът,2
християнската,2
страданието,2
возел,2
зейнеб,2
предпочел,2
заснел,2
загубихме,2
организирала,2
отчето,2
поддръжници,2
доказан,2
становищата,2
разчленен,2
уронват,2
паскалева,2
гноен,2
ексдепутатът,2
съперници,2
бюрокрацията,2
мечтал,2
хрисант,2
отстранява,2
непроменен,2
премахват,2
посоките,2
околовръстния,2
пачевски,2
божурица,2
трогателни,2
завоюват,2
звеното,2
достойно,2
пощенския,2
гергова,2
експертен,2
разви,2
медала,2
скоростен,2
съоръжения,2
разведа,2
страдал,2
базирани,2
забрадката,2
въодушевени,2
проверено,2
мечтаят,2
сплотени,2
файтон,2
партийната,2
отсъства,2
инженер,2
лежат,2
отстраняват,2
симпатизантите,2
сключеното,2
възприета,2
мистериозни,2
мантинела,2
автентична,2
играеш,2
кървавия,2
изказвам,2
състезателка,2
махнаха,2
хилката,2
топчето,2
гимнастичката,2
ориентирана,2
нелогични,2
сарафово,2
подставено,2
безуспешни,2
посетило,2
споделим,2
младежки,2
предупредил,2
недовършен,2
седнали,2
самоубилия,2
деянова,2
спъна,2
незабравими,2
обитавания,2
натрупани,2
млъзев,2
въжето,2
обирджия,2
объркала,2
циганка,2
сбогуват,2
ударената,2
твърда,2
сагата,2
предположиха,2
водачите,2
предизвикателствата,2
тъжен,2
спортисти,2
черква,2
обсебен,2
диагнози,2
нецензурна,2
ройдова,2
забравям,2
американското,2
волейбол,2
смешен,2
отреагират,2
подхвърлила,2
премахването,2
поражения,2
парфюм,2
смъкна,2
изключителната,2
заредени,2
преведено,2
навици,2
термично,2
якуб,2
отнетите,2
престъпника,2
осмо,2
стипендия,2
нит,2
окръженият,2
развалините,2
гилзата,2
управлявали,2
отговорникът,2
пътнички,2
светлан,2
пораженията,2
изобретателни,2
престъпи,2
хулигани,2
патроните,2
догонват,2
кутрово,2
падаше,2
записки,2
вегански,2
характеризират,2
велинова,2
обоснован,2
цкб,2
притеснило,2
възпитателна,2
съобщени,2
майсторова,2
приложено,2
пренесъл,2
гкпп,2
редуцирано,2
оръжейна,2
болярово,2
стойне,2
билборда,2
проявявали,2
куршуми,2
главните,2
общопрактикуващ,2
турнири,2
изпълниха,2
нахълтал,2
картинката,2
включвали,2
снегът,2
обиколка,2
отпадналост,2
размахвайки,2
пернишки,2
колектори,2
създаваме,2
контрольора,2
следваше,2
нешева,2
костите,2
хвърлили,2
изтръпване,2
гарабедян,2
сезирал,2
дъжда,2
студени,2
мащаби,2
разраства,2
подхлъзнала,2
консумирали,2
старозагорското,2
йокозуна,2
кошмарната,2
преценим,2
твоето,2
разказване,2
своеобразна,2
ограничаването,2
плиска,2
изгонени,2
наряза,2
родина,2
орден,2
светозар,2
опасяват,2
гросмайстор,2
ядосало,2
мечи,2
чал,2
сумото,2
придвижвала,2
побере,2
тясно,2
земеделския,2
плащали,2
веган,2
горяла,2
сложиш,2
равносметките,2
завъртя,2
преследвачите,2
кожната,2
заключен,2
нарушили,2
посттравматично,2
небрежно,2
прикрити,2
излекували,2
прекрасното,2
благословена,2
обхождат,2
трепереше,2
скоби,2
естествената,2
междусъседски,2
изкореняване,2
суматохата,2
сринато,2
ферми,2
михайловски,2
поставим,2
пренс,2
подигравали,2
успешен,2
минималния,2
свестява,2
крайново,2
конкуренция,2
рашева,2
приходната,2
макулев,2
абитуриент,2
норки,2
рухналата,2
унсс,2
рускини,2
нав,2
сумистът,2
махлянов,2
усетим,2
неделния,2
бясна,2
образоване,2
мокачево,2
изпадането,2
порочния,2
спряхме,2
загубените,2
претърсен,2
порт,2
честни,2
ливадите,2
пожелават,2
скубали,2
осъзнаването,2
извършваха,2
събаряне,2
фериде,2
педофилите,2
жито,2
наученото,2
характерни,2
наложат,2
катафалки,2
апандисит,2
сакалиева,2
изселването,2
приятелския,2
подплатяват,2
гинци,2
изплащани,2
информационните,2
чужденецът,2
разбити,2
сороптимист,2
бездейства,2
заключа,2
тотал,2
личеше,2
всекидневни,2
отправяно,2
широкия,2
заявеното,2
вегани,2
защитаваха,2
обжалваме,2
консултирал,2
законосъобразен,2
изритано,2
днепър,2
идентифицира,2
оцеляват,2
формите,2
олга,2
наднормено,2
разшири,2
откритият,2
предлагали,2
превантивен,2
въздушната,2
моторист,2
изключителните,2
повърхностно,2
егидата,2
филтъра,2
позволиха,2
пропагандни,2
отровени,2
несъответствие,2
туристката,2
захвърлила,2
есета,2
жестът,2
популярен,2
гласуваме,2
играело,2
отличена,2
съветвам,2
пожарникарят,2
положителната,2
вечерен,2
предпазим,2
сгази,2
ежеседмично,2
алергии,2
кпп,2
уравновесен,2
убивана,2
намирането,2
експерименти,2
аху,2
инсценирала,2
обядваме,2
стремят,2
свидетеля,2
усетил,2
предоставящи,2
съвпадение,2
някое,2
командосите,2
изкажат,2
обработен,2
аме,2
честа,2
облече,2
бакрачева,2
бияча,2
сигнализирани,2
викнал,2
хвърлял,2
появявала,2
викнахме,2
пререже,2
спецоперация,2
изборни,2
страничен,2
склонява,2
свършиха,2
кинорежисьорът,2
сената,2
изложи,2
верижка,2
отчета,2
кварталният,2
ревове,2
криминализирани,2
садисти,2
убеждаваха,2
несигурни,2
изостави,2
празните,2
извращения,2
върховръх,2
антидекубитална,2
задавам,2
обитаеми,2
дюшек,2
решаването,2
разкритата,2
острата,2
поклонение,2
прочетена,2
вените,2
превантивните,2
логиката,2
раздвижване,2
вродена,2
шокиран,2
участия,2
притеснените,2
оправяме,2
изнудва,2
контрабандата,2
увреди,2
тютюневи,2
маджуров,2
завоюва,2
отминалите,2
строителните,2
куманова,2
класически,2
стражец,2
активира,2
торта,2
вашингтон,2
премиери,2
пресечен,2
припознае,2
стерилитет,2
задълбочено,2
тополница,2
вкп,2
влекач,2
подари,2
цистерна,2
обиждана,2
остатъка,2
случайните,2
попрището,2
опитам,2
стипендията,2
контрольорите,2
булеварди,2
певиците,2
ключовото,2
хайка,2
градчето,2
теч,2
различава,2
ограничат,2
опция,2
недопустими,2
нюанси,2
новиков,2
университетски,2
изкъпе,2
контрольор,2
стереотип,2
разпитваните,2
разработването,2
съседските,2
запалва,2
унгарската,2
мугла,2
затворих,2
наредени,2
кал,2
тихия,2
кокаин,2
откровени,2
неева,2
внимателна,2
нурфет,2
алиоски,2
боледуване,2
познатите,2
алибито,2
джобът,2
змвр,2
отложиха,2
бандерол,2
бич,2
поговорим,2
преодолени,2
русенският,2
престилки,2
унгарските,2
неизменно,2
затруднен,2
изразена,2
ядосва,2
предоставил,2
компромис,2
съоръжение,2
призная,2
държан,2
санданското,2
оправдая,2
вечерята,2
антените,2
извинявам,2
хрумнало,2
извиня,2
соколето,2
равносметки,2
ужасена,2
превъзмогне,2
простреляла,2
фаровете,2
гранди,2
калпачки,2
контактувала,2
улесни,2
разчленил,2
пътечка,2
очевидците,2
нереална,2
вдигане,2
включа,2
разминахме,2
престижния,2
включваше,2
кугар,2
претекста,2
течения,2
терористични,2
таланти,2
успеваемост,2
притискат,2
възрасти,2
направете,2
дефект,2
доказаха,2
подробна,2
осмокласника,2
заключили,2
тийнейджъра,2
разиграват,2
инвеститори,2
куртева,2
ски,2
хеликоптерите,2
съюзник,2
решаващи,2
спестените,2
марката,2
спасителят,2
некомфортно,2
стръмни,2
герасимова,2
спътницата,2
бончева,2
стараем,2
избягаш,2
комплексен,2
наземната,2
припадъкът,2
неотдавна,2
чудомир,2
бойното,2
дойчев,2
изтезанието,2
богоровеца,2
видян,2
снимани,2
самоубили,2
озчинар,2
пречупи,2
говорителката,2
пластмасови,2
дрегерът,2
резачка,2
разположен,2
иамн,2
самостоятелни,2
демонстрирал,2
повикването,2
пневматично,2
спасихме,2
уверено,2
закопая,2
комуникационни,2
герман,2
висят,2
видяно,2
спазвали,2
терористи,2
моторна,2
месечни,2
безрезервно,2
набит,2
драматични,2
пепелник,2
beat,2
поправяше,2
преподавал,2
дъно,2
енергетика,2
произнесъл,2
басмаджиев,2
окачествена,2
звъняли,2
навършила,2
партийни,2
осемгодишната,2
припадъци,2
ямолските,2
избираме,2
руините,2
пух,2
психичните,2
притеснявай,2
трафикант,2
кърмя,2
подкрепяте,2
заровени,2
индивидуален,2
нормата,2
квота,2
отстъпва,2
възпроизвежда,2
охлузване,2
събрах,2
литов,2
милеви,2
пожелания,2
погребан,2
никита,2
нацията,2
бдението,2
викнат,2
конна,2
рус,2
класните,2
водичка,2
обувка,2
трус,2
езикова,2
престанал,2
обитавало,2
заговор,2
подбирани,2
каузите,2
стандартни,2
хистологични,2
дискутирани,2
епикризата,2
пабло,2
автомобилна,2
открои,2
спасителен,2
войвода,2
публикувала,2
причаква,2
испанският,2
охлузванията,2
изнасилиха,2
разградският,2
пил,2
консулската,2
разпада,2
наричаха,2
трафикантът,2
кастрева,2
привременни,2
чупене,2
павета,2
тренирала,2
нещастие,2
кон,2
крайморския,2
невероятен,2
бидейки,2
изскочих,2
наобиколили,2
мивката,2
гаврили,2
нелепата,2
посочило,2
магистрални,2
твърдиш,2
фрустрирани,2
критикува,2
нечия,2
абитуриентския,2
махнем,2
недовършено,2
урина,2
негативно,2
грабна,2
поверява,2
укоримо,2
отиването,2
мемиш,2
нарочно,2
надминава,2
ернеста,2
салим,2
пътуващи,2
някогашния,2
витиня,2
управляваме,2
променяме,2
бухчев,2
засилват,2
улови,2
назиф,2
информирана,2
ходел,2
седалището,2
председателство,2
размисъл,2
ясеновец,2
ползата,2
одобрява,2
самозапали,2
проектозакона,2
поканихме,2
кози,2
върбан,2
порицание,2
параван,2
манфред,2
вебер,2
спрени,2
препоръчва,2
недопустимост,2
македонски,2
опозиция,2
пишеш,2
пеш,2
измамила,2
изтекло,2
провокации,2
занимания,2
запомнено,2
костюми,2
обилно,2
отговорим,2
качваме,2
възрастно,2
бурните,2
данъчните,2
недоверието,2
дигитална,2
поръча,2
канили,2
конституционните,2
вицепремиер,2
крайска,2
левуново,2
моми,2
заченат,2
необвързаните,2
засилят,2
настимир,2
очакваш,2
преливат,2
работничката,2
туморът,2
заснело,2
местният,2
труповете,2
одобрено,2
предопределят,2
зашеметил,2
желаел,2
победители,2
бездомни,2
преминавайки,2
телевизионна,2
внимавам,2
hello,2
невести,2
отделена,2
житейски,2
гонена,2
страниците,2
металната,2
плувни,2
текстово,2
приемаше,2
времената,2
метропол,2
сердика,2
участничките,2
предвиди,2
заявих,2
like,2
байрактаров,2
застрелям,2
бития,2
битието,2
разбрани,2
правилни,2
влюбено,2
наказване,2
допускам,2
блъскаше,2
димкова,2
призовка,2
държим,2
записаха,2
отличниците,2
последователна,2
състезават,2
велизар,2
минутите,2
куфари,2
короната,2
проблемен,2
отбелязаха,2
неглижират,2
биячките,2
младежко,2
занимаваме,2
съвместното,2
интересувам,2
сляпа,2
евксиноград,2
крехката,2
компрометиране,2
замълчат,2
показало,2
обявата,2
източване,2
бани,2
спортове,2
ротарианци,2
материята,2
одобрявала,2
хепарините,2
таила,2
викайки,2
кьовеши,2
бейсим,2
дявола,2
пру,2
евангелието,2
прилика,2
съосновател,2
попадане,2
недостроената,2
умряла,2
занимавало,2
православната,2
просия,2
уверят,2
позитивен,2
тромава,2
пфк,2
незнайни,2
продадат,2
наричан,2
демографията,2
споделих,2
ужасното,2
продължителната,2
притежават,2
материя,2
дължина,2
говедарци,2
потребителски,2
маджаре,2
гаврата,2
освободили,2
разрешенията,2
барикадата,2
мъжката,2
таблет,2
свикнали,2
патрик,2
дистанцията,2
антрополог,2
политологът,2
едрият,2
фанор,2
уволняват,2
горещо,2
обследва,2
проучат,2
бекриева,2
изпращам,2
преровили,2
иал,2
уверили,2
дистанция,2
видинското,2
оправите,2
постановени,2
уморя,2
евтанизирано,2
видинско,2
съдебнопсихиатрични,2
издърпана,2
евтаназия,2
изсечени,2
подадете,2
виден,2
никое,2
приютила,2
африканската,2
наеме,2
отменил,2
обгазено,2
измамната,2
джигитите,2
отцепи,2
клексан,2
съболезнованията,2
бетонна,2
наивността,2
итн,2
безмълвни,2
хармония,2
неуспешно,2
разчитането,2
вкусът,2
радостно,2
трекляно,2
дипломата,2
хипотезите,2
претърсили,2
поминък,2
девети,2
включила,2
хроника,2
овцевъдството,2
водело,2
изберат,2
модерния,2
хуба,2
ягоди,2
илчева,2
рибарци,2
холивуд,2
малини,2
първокурсничката,2
суицидни,2
пратки,2
превръщаш,2
гиздева,2
недопустима,2
пристигали,2
ненапита,2
здравец,2
алинежад,2
рентгенолог,2
стакевчани,2
извела,2
профилактиката,2
подзащитна,2
патентоване,2
гръцките,2
славянска,2
караиванова,2
явни,2
многодетна,2
спомни,2
извършиха,2
сантиметри,2
засегне,2
възприемам,2
издига,2
режат,2
латентно,2
хоризонта,2
своеобразен,2
специалиста,2
депозирани,2
телефонното,2
управляваща,2
хоризонтално,2
дезориентация,2
избухнали,2
методическите,2
гълъбите,2
докарват,2
частното,2
изработването,2
приюта,2
напуснаха,2
неправилната,2
бомбардировките,2
кюлев,2
прикритие,2
имплант,2
патентовайки,2
единодушното,2
девически,2
настаним,2
забраните,2
ортопед,2
възражда,2
оплождане,2
цвръцаник,2
тълкувани,2
делегирана,2
сънародници,2
масовата,2
старческа,2
андон,2
сградите,2
изготвим,2
александрово,2
консултират,2
допринесли,2
ефектите,2
доразследване,2
френският,2
забавили,2
актрисите,2
богатите,2
формуляр,2
църковна,2
вредата,2
божинова,2
размисли,2
неудобните,2
рекламират,2
имитация,2
безмълвна,2
икономово,2
подкрепям,2
украинското,2
пансиона,2
политическия,2
вачева,2
губернаторът,2
мима,2
коцакова,2
споделяне,2
ръкопашен,2
преглежда,2
мащаба,2
засечена,2
кабината,2
заканиха,2
заснемане,2
сетят,2
събудиха,2
кристал,2
светлинен,2
автомат,2
чешеме,2
разпространявани,2
цонкова,2
конфиденциалност,2
дойкински,2
бюджети,2
налагана,2
скорости,2
дискомфорт,2
овладеят,2
споразумения,2
глупав,2
инвестиционна,2
къро,2
обиждани,2
опрян,2
взетото,2
унижена,2
интензитета,2
заблудена,2
киселова,2
смел,2
сериозният,2
покажеш,2
петранов,2
малформации,2
подвиква,2
губернатора,2
инсценирало,2
кари,2
унгарското,2
порасналите,2
облекат,2
обуят,2
попитайте,2
паспортът,2
дария,2
визуален,2
помагаш,2
ориентир,2
донорска,2
владеят,2
предметния,2
банкнота,2
неправомерни,2
прибягвал,2
персонална,2
настигната,2
поощрявани,2
сърчаджиева,2
брадвичката,2
добрина,2
душили,2
споровете,2
стремежът,2
паричната,2
директивата,2
отговаряла,2
изготвената,2
напредва,2
доказала,2
разведен,2
женена,2
даване,2
рикоширал,2
началните,2
стомасите,2
мали,2
стриктен,2
обичайните,2
отговорностите,2
контролния,2
изрична,2
мисиите,2
тичешком,2
мачове,2
слезли,2
утвърдена,2
постигнатото,2
каля,2
крием,2
счете,2
мечтаела,2
звънели,2
разузнавателни,2
горд,2
алгоритъм,2
въоръжените,2
системността,2
компетенциите,2
перманганат,2
издирвателна,2
допуск,2
вкусен,2
ортопедът,2
наситено,2
гебрева,2
стряска,2
откроени,2
защитни,2
примесена,2
влязлата,2
ревнувал,2
доброта,2
сипкав,2
възпалението,2
заявя,2
пръсне,2
преместват,2
течение,2
цвръкне,2
футболистът,2
пече,2
калиев,2
уникални,2
сензация,2
коко,2
изрод,2
избухлив,2
далакът,2
възрастното,2
изгубило,2
наведе,2
продълговати,2
формичка,2
изтрита,2
кървене,2
приложения,2
поискаме,2
рекъл,2
извикаме,2
недков,2
позволение,2
твърдяха,2
броди,2
химикал,2
натрупва,2
филия,2
наречените,2
покой,2
надута,2
разпитала,2
кадрови,2
претендентките,2
екстремни,2
прескачането,2
ридж,2
конвой,2
лайтинг,2
лъчезарно,2
безкрайните,2
тайбрек,2
монтирал,2
схващането,2
футболиста,2
кюмбето,2
заляти,2
предварителното,2
рускинята,2
малолетния,2
провели,2
умирам,2
купа,2
изработени,2
оставала,2
изнудвана,2
кубинките,2
застой,2
заплатата,2
заемана,2
следователят,2
обраната,2
пребиваването,2
картофки,2
учителките,2
генка,2
човечеството,2
десетокласника,2
русенец,2
васислав,2
качим,2
мостолес,2
кунева,2
дипломи,2
бъдещи,2
ранява,2
идваме,2
хемодиализата,2
влошила,2
сценаристът,2
докладва,2
вирусната,2
военновъздушните,2
правоотношения,2
трудови,2
напук,2
доскорошния,2
безценно,2
популярната,2
съвътлъка,2
диктаторски,2
менструацията,2
трудовите,2
избиват,2
патентована,2
трупните,2
виновник,2
надомна,2
оплакваме,2
войник,2
маргаритка,2
културните,2
заплатите,2
носия,2
отсъствам,2
тонинска,2
авариралия,2
международното,2
украсиха,2
златанов,2
цялостното,2
хранехме,2
садеше,2
научно,2
изчерпани,2
лодки,2
донесло,2
разяснил,2
нобелова,2
противоречи,2
строителна,2
гроздана,2
проведената,2
народопсихологията,2
къпят,2
съпътстваща,2
китен,2
критичния,2
неуточнена,2
заместникът,2
върховната,2
президентски,2
украинската,2
екстрадира,2
садя,2
канавка,2
излишна,2
връзван,2
копривщица,2
разядки,2
укрили,2
княжеската,2
балкански,2
подаряваме,2
вируси,2
пилотите,2
импланта,2
салатки,2
викът,2
главнокомандващ,2
заемащо,2
скулптурата,2
прасетата,2
футболни,2
представено,2
маймуна,2
хашимото,2
духовни,2
тълкувам,2
изтървала,2
спазвала,2
рингова,2
изразяващо,2
горивото,2
насинено,2
неяснотата,2
кривица,2
митрополит,2
записал,2
делят,2
вдигаше,2
заблуждавал,2
касабова,2
ласина,2
поло,2
филтър,2
мозъчната,2
ендрев,2
вложат,2
нестандартна,2
обикаляли,2
патрулен,2
мадона,2
давидков,2
записах,2
разпознаваме,2
изчистено,2
баждаров,2
видимост,2
вдигането,2
рентгена,2
деклариране,2
подхожда,2
неосъзнаване,2
имплантите,2
мъглата,2
почерненият,2
настоявахме,2
контузно,2
откараха,2
ракета,2
райшинов,2
видяното,2
разцепена,2
донорство,2
книжни,2
задигат,2
очакваха,2
лицево,2
безнаказаността,2
минималните,2
шесторното,2
противник,2
рентген,2
отказан,2
ели,2
надявал,2
каравелов,2
вдовец,2
пенко,2
преследвани,2
дунавския,2
придвижил,2
федерация,2
балтов,2
галев,2
легални,2
пунктовете,2
благоустройството,2
струпването,2
набита,2
съхранявани,2
решаващо,2
методическа,2
придружаващото,2
регионално,2
ежемесечно,2
оповестиха,2
сезират,2
болгуров,2
приемал,2
верен,2
недоразумение,2
александровската,2
задънена,2
наложително,2
ими,2
уведомила,2
науките,2
прочит,2
заснема,2
галеви,2
доблестни,2
нанасяни,2
обучава,2
разкъсна,2
бедрос,2
отделите,2
възрастова,2
очакваното,2
излязохме,2
родил,2
инфекциозни,2
изчезнаха,2
налетял,2
войниците,2
невредима,2
магистралите,2
генерали,2
реанимира,2
стандартизиран,2
животоспасяващата,2
застаряването,2
антидекубитален,2
видеокамерите,2
ходилка,2
спекулирам,2
катранкьова,2
беглецът,2
смирение,2
проститутките,2
дебелото,2
депресивните,2
учудва,2
автоматичното,2
двумесечно,2
антидепресанти,2
подуяне,2
подкрепление,2
преживяната,2
спечелил,2
секса,2
внушение,2
биячът,2
извършваме,2
течности,2
родителско,2
обвинили,2
сага,2
застаряване,2
оздравим,2
светиев,2
преклонна,2
недостатъчен,2
нагряване,2
гигова,2
отключени,2
лов,2
марсел,2
нарязва,2
закараха,2
погасил,2
клишетата,2
оставяни,2
сериозния,2
стопирането,2
безбог,2
хижите,2
гаджева,2
изненадата,2
насочихме,2
упълномощеният,2
земеделска,2
щърбева,2
бременното,2
излизаха,2
осъм,2
гъста,2
травмиран,2
идентифициран,2
увреден,2
затруднявал,2
мъчиха,2
насърчаването,2
хисаря,2
трансплантациите,2
присъединил,2
добавиха,2
дългосрочно,2
самостоятелен,2
реанимационните,2
държавници,2
къпане,2
завършени,2
поднасянето,2
василена,2
удушили,2
сбъдна,2
връщаме,2
травматизирани,2
препраща,2
стълби,2
муковисцидоза,2
потенциалните,2
уронване,2
обхвана,2
фризьор,2
заявим,2
зартова,2
маевска,2
разгледат,2
ансамбъл,2
bird,2
сдържа,2
сгромолясва,2
пропусне,2
препълнена,2
изнасилените,2
успявах,2
невежеството,2
робство,2
скача,2
съдействам,2
развалям,2
проследим,2
запечатали,2
юридическо,2
купете,2
доникъде,2
пропуква,2
уплашен,2
севов,2
оспорени,2
вубийството,2
завърнат,2
издирваше,2
уязвимост,2
препятства,2
микробуса,2
дейци,2
деветте,2
флашка,2
срутване,2
спирала,2
допитване,2
половинките,2
стремеж,2
специфично,2
полетяло,2
признателност,2
подайте,2
модата,2
опитвах,2
впрочем,2
работихме,2
компаниите,2
епидемичната,2
заглуши,2
психиатъра,2
бъркам,2
изнасилили,2
изсмя,2
предизвиквам,2
залетите,2
гръмогласно,2
регресивни,2
базираното,2
вкоренени,2
наболелите,2
изгонила,2
измества,2
спирало,2
финансовото,2
помогнахме,2
каил,2
привикнали,2
пускала,2
томбола,2
човечност,2
ангажирала,2
занесли,2
показах,2
свиждане,2
извинението,2
прощаваме,2
незабелязани,2
централизирана,2
финансовият,2
изтекат,2
говора,2
изрече,2
коюмджиева,2
зависимостта,2
символизира,2
гяуров,2
трюфели,2
салоните,2
америакнския,2
изправено,2
дебата,2
разширяване,2
почетния,2
вкараха,2
афектиран,2
предпазливи,2
преустановена,2
комбиниран,2
кандидатирам,2
рибен,2
задушаването,2
запечатано,2
поваля,2
киряков,2
герджиков,2
представлението,2
неколкократно,2
празненството,2
всякакво,2
противопоставим,2
повлия,2
шести,2
напускало,2
спънала,2
червените,2
впечатлен,2
пробуждане,2
убежденията,2
плачело,2
карлос,2
кофата,2
дланите,2
проследени,2
внушава,2
математик,2
учен,2
матрос,2
споделяло,2
разпространяване,2
спонсорите,2
канона,2
малчугана,2
излагат,2
куриозен,2
хич,2
oще,2
мечкарова,2
продължаване,2
псувал,2
скокна,2
логодаж,2
вдигал,2
набезите,2
демографската,2
приселци,2
смеха,2
смешни,2
плиснати,2
регулирана,2
чаталджа,2
охридската,2
коемджиева,2
вносители,2
ползвана,2
пловдивчанин,2
духовната,2
хляба,2
свързаност,2
коюмджиемва,2
прекарат,2
богослови,2
необитаем,2
поканил,2
вълева,2
архива,2
досегадоказателства,2
преде,2
арменската,2
килер,2
лишат,2
мутафчиева,2
нахвърля,2
охлузна,2
хърлец,2
палати,2
ортопедични,2
диктата,2
мъст,2
намален,2
проговорили,2
ликвидира,2
серафимов,2
нишката,2
изгарящата,2
целеви,2
налита,2
намекна,2
националистическа,2
притеснената,2
ери,2
злоупотребата,2
раничка,2
издирени,2
манчо,2
златин,2
изменението,2
утежни,2
джиесема,2
ветово,2
чакащ,2
лицензът,2
преобърнал,2
странично,2
лежали,2
пътничките,2
отбележат,2
мотивирано,2
травмиращо,2
няколкочасово,2
навлиза,2
неограничен,2
залез,2
сговор,2
изпадат,2
корекция,2
сокол,2
притеснявало,2
световъртеж,2
гадене,2
мия,2
разтървали,2
атрактивен,2
хиледнарски,2
микова,2
сбили,2
фрустрацията,2
зеленкова,2
положителните,2
предадем,2
жури,2
секта,2
религиозно,2
рязкото,2
жълт,2
настига,2
доброволни,2
боно,2
банкерът,2
грузия,2
избягахме,2
продавачката,2
обръщал,2
избрахме,2
изпроводяк,2
отразяват,2
суходолска,2
забила,2
разгласяват,2
тончо,2
изкарах,2
разстроиха,2
паркирано,2
пресрещнал,2
връчени,2
равда,2
планета,2
поводите,2
табуретка,2
внучки,2
въвличането,2
хотели,2
тухлена,2
статута,2
репортажите,2
уголемяване,2
поддържането,2
незряща,2
слепи,2
моргата,2
сатър,2
очевидна,2
съчетание,2
алкохолна,2
подсказвало,2
страстта,2
първородния,2
означават,2
спринцовката,2
леграно,2
засилила,2
юлианова,2
архивите,2
засегната,2
почуствала,2
донорите,2
тота,2
ути,2
бъчваров,2
диагностициран,2
спецсъда,2
чесън,2
благородна,2
макева,2
осветяването,2
изтезанията,2
скандализира,2
неврохирургичното,2
отворили,2
предоставянето,2
скубала,2
предизвикано,2
униформения,2
разходките,2
съгражданин,2
потънала,2
разнообразие,2
телевизорът,2
замръзване,2
художничка,2
твори,2
класовете,2
рали,2
влиятелни,2
съдийският,2
ръкописно,2
емоцията,2
попаднат,2
вършил,2
стъпят,2
луната,2
благодарността,2
изнудвал,2
откъсва,2
надвие,2
осмелих,2
скочих,2
бонус,2
манчев,2
участъкът,2
двадесет,2
постановката,2
данчо,2
стопани,2
регистрите,2
навършил,2
чистота,2
населените,2
установения,2
териториално,2
исхемия,2
залежна,2
внимава,2
билета,2
лото,2
разкъса,2
славчева,2
заживели,2
банкноти,2
погледнеш,2
наньо,2
обясниш,2
мега,2
лозница,2
повреждане,2
влог,2
психичен,2
блеки,2
отървала,2
престане,2
удължаване,2
посветил,2
функционираше,2
предложила,2
предприех,2
файлове,2
упражнявана,2
инициативен,2
злокачествено,2
железниците,2
користна,2
изпреварва,2
изпреварване,2
омъжва,2
укривана,2
кръчма,2
свикана,2
манастир,2
яслата,2
обективността,2
славейче,2
локали,2
стамболийска,2
царския,2
възстановка,2
историческа,2
късметлиите,2
удовлетвори,2
стичат,2
следили,2
измамената,2
описали,2
ерик,2
придружителят,2
поздравява,2
опипвал,2
предявен,2
предположим,2
възмутен,2
лагери,2
оправдателна,2
ключалката,2
флаг,2
стихотворение,2
заверено,2
леглата,2
извикано,2
сплаши,2
дамяново,2
радикален,2
проруски,2
седмокласниците,2
ценка,2
преразказ,2
мирчева,2
жежовски,2
интензивност,2
побойниците,2
изстрелял,2
недоказани,2
дебелт,2
непроверени,2
стратегическите,2
движейки,2
доживотните,2
танцьорка,2
кокалчето,2
стоименова,2
дърпана,2
мирково,2
гьорчевски,2
източната,2
ефикасни,2
заложени,2
нечий,2
допускаме,2
показателен,2
четох,2
сторил,2
нищото,2
каравана,2
отчетът,2
помолиха,2
разстреляни,2
засекли,2
неоснователно,2
включващ,2
дължа,2
покойница,2
панче,2
длъжницата,2
деметра,2
изоставено,2
северен,2
разклона,2
геново,2
дебелина,2
телесно,2
размина,2
велибор,2
боре,2
ураганен,2
влатко,2
изкълчен,2
принципа,2
ваташка,2
гачева,2
изкарал,2
поправителния,2
сгрешена,2
дружбата,2
лишавани,2
прехвърлили,2
криела,2
предшестван,2
намесили,2
видеоматериалите,2
колони,2
контролирам,2
дейли,2
мейл,2
панелен,2
мъчи,2
управителите,2
прехвърлящо,2
къс,2
некачествено,2
пих,2
прераснало,2
рушат,2
навлязла,2
зове,2
спечелих,2
оскъдна,2
принудят,2
пристанище,2
далече,2
причинената,2
ревностна,2
лигава,2
отвлечените,2
прекъснат,2
примката,2
посягане,2
престижни,2
поискаш,2
застраховани,2
недохранване,2
довеждане,2
нарицателно,2
парашутист,2
нечовешкото,2
карате,2
хагската,2
замеси,2
породен,2
бюлетина,2
бабичка,2
жълта,2
седмакова,2
генчева,2
шиен,2
болят,2
питаш,2
самотноживееща,2
изкарвала,2
жадна,2
чувствали,2
мълчиш,2
умряха,2
разясняват,2
обезопасителна,2
спестява,2
залък,2
ходът,2
тачо,2
кухненска,2
седемнайсет,2
харесвали,2
дряновец,2
провесвана,2
подминава,2
конфликтен,2
кей,2
езерото,2
езеро,2
преоблича,2
уплашил,2
приятен,2
откъсването,2
заела,2
психодиспансера,2
събужда,2
рекордна,2
упражнена,2
подсказва,2
противопоставят,2
безредици,2
мексиканската,2
рекордни,2
гонеше,2
махай,2
самоубия,2
излъгана,2
трасето,2
доставката,2
конопено,2
кафява,2
румънска,2
неподходящото,2
ляв,2
довода,2
дядовци,2
всевъзможни,2
хеликоптери,2
спокойните,2
петгодишна,2
ангажиран,2
потоп,2
езерово,2
празничния,2
нареченият,2
продължаващите,2
малчугани,2
попаднах,2
невръстната,2
раданово,2
нарязаната,2
станем,2
подобря,2
балон,2
същества,2
дортмунд,2
доведени,2
макетния,2
търсех,2
хапнем,2
осъзнавало,2
влизащи,2
косвена,2
журналистически,2
отсъжда,2
сезал,2
кьосева,2
изтичала,2
антибиотичното,2
победи,2
интелектуално,2
отгледат,2
простят,2
потенциалната,2
разкрили,2
рдвр,2
замръзнах,2
разнообразни,2
водене,2
ателие,2
забележим,2
емине,2
конгрес,2
човекоядец,2
работещо,2
заразена,2
притежавала,2
наводнението,2
нараснали,2
пледоарии,2
документалистите,2
откарват,2
травматологията,2
мъчила,2
съпротивлявала,2
изслушва,2
забременее,2
предупредила,2
доставят,2
сухожилие,2
летовници,2
индивидуални,2
упражнение,2
смекчаващо,2
дискутират,2
изпитала,2
хазна,2
гардения,2
изх,2
стръмните,2
надка,2
валежи,2
необичайното,2
беловец,2
наказали,2
ползвахме,2
уговарят,2
архитект,2
познаваше,2
объркаш,2
подути,2
хирурга,2
запрещение,2
шезлонга,2
бей,2
тампа,2
човекоядци,2
бактерии,2
наричани,2
придоби,2
хазяите,2
незнайна,2
den,2
оптимизират,2
пречеше,2
заделят,2
настроенията,2
халачева,2
оправиха,2
извънгабаритен,2
тревните,2
спомагат,2
цифрата,2
оценява,2
аналгин,2
копитото,2
обяснени,2
извънгабаритни,2
падания,2
водопад,2
сложиха,2
ушко,2
отчетена,2
кремиковци,2
увредени,2
лекуващ,2
разработено,2
интернешънал,2
www,2
давате,2
неизлечима,2
предявява,2
войни,2
предпоставките,2
обектива,2
видова,2
дементно,2
адекватната,2
документалните,2
стоновете,2
идентифицирането,2
свирепост,2
заплетен,2
едногодишна,2
стреми,2
осведомеността,2
позициите,2
прехвърлим,2
докладване,2
оплакали,2
драганица,2
фасадна,2
откъртена,2
раждаемост,2
чут,2
уточнение,2
етичния,2
проявяваме,2
допринасят,2
окаяно,2
касаещо,2
возил,2
засъхнала,2
нелегалния,2
удължила,2
скрием,2
закараме,2
лопати,2
изказаха,2
продадени,2
аптраим,2
цунами,2
харесват,2
импровизация,2
преценени,2
етажите,2
носилки,2
фалшифицирали,2
устово,2
валидно,2
отблъсна,2
придобиват,2
черти,2
илюзията,2
развита,2
изхарчих,2
бутилката,2
общуване,2
сирийския,2
разказвали,2
пенсионни,2
отпътува,2
моментни,2
извършителка,2
нападнатият,2
ставаш,2
разминава,2
доброволните,2
минем,2
привлякъл,2
аслани,2
ариан,2
преграда,2
сирийският,2
спецслужбите,2
ивайловград,2
биене,2
лъчетерапия,2
самолетите,2
донесоха,2
уязвимите,2
съобщихме,2
настаняван,2
здравейте,2
извикай,2
обяснявали,2
спирали,2
джуката,2
осъзнавам,2
горда,2
премълчават,2
духовник,2
купувал,2
понеса,2
мохадес,2
авиация,2
забраниха,2
областният,2
задействане,2
повредили,2
зададени,2
превозвани,2
нелегалните,2
пледирам,2
уви,2
позвъняванията,2
камиони,2
разрошвам,2
размахвам,2
довиждане,2
фатална,2
тъжна,2
югова,2
оставяно,2
обследват,2
поставял,2
посвещава,2
ордена,2
излишни,2
оказването,2
външност,2
страдащите,2
либерална,2
сюли,2
наръгано,2
защитничка,2
набелязала,2
обръщате,2
обичате,2
хоби,2
назначения,2
год,2
обадите,2
гъба,2
усложненията,2
пребия,2
правели,2
прелята,2
предшествани,2
хубчев,2
шийни,2
положиха,2
слушалка,2
поръчки,2
миджур,2
райка,2
свито,2
неофит,2
светицата,2
кризисното,2
необратимо,2
писмените,2
трансфер,2
облачност,2
вихрен,2
мобилната,2
частици,2
преустановено,2
ограничено,2
обезвреждане,2
сватбено,2
гърмят,2
мощни,2
коронавирусна,2
адския,2
терем,2
вярващ,2
складове,2
ужасяващите,2
разглобяване,2
създало,2
неподходящо,2
управлявани,2
цветанова,2
ударната,2
приключихме,2
преместим,2
седне,2
политравма,2
августин,2
пейчинов,2
изкопали,2
галентин,2
петранка,2
троянова,2
орешарски,2
невероятни,2
разразил,2
емилиян,2
дръзко,2
заподозре,2
оборудване,2
вляво,2
усмихнат,2
прикрит,2
разруши,2
бъзън,2
данева,2
пазех,2
гръмнала,2
заключената,2
приятелско,2
готвела,2
гаси,2
вдигнах,2
странски,2
раниците,2
кухня,2
унищожил,2
усърдие,2
разработката,2
уплашили,2
украинските,2
пристигайки,2
възпитанички,2
залавят,2
порода,2
скубят,2
удавила,2
ползвали,2
буна,2
откровена,2
възстанових,2
точност,2
разкажа,2
кореспондират,2
вещоманка,2
разпоредиха,2
съгласили,2
таланта,2
лафазанов,2
кръстю,2
повлияло,2
отрязали,2
стражишкото,2
подалата,2
наследствен,2
разиграло,2
кръвонасяданията,2
бутнали,2
монитор,2
банкомата,2
броня,2
домакински,2
петнадесет,2
ритуала,2
двуетажна,2
изумен,2
славков,2
тротоари,2
бабикян,2
протези,2
етажна,2
контрира,2
периметърът,2
маринка,2
заколят,2
маньо,2
газопреносната,2
борби,2
паркирана,2
обработват,2
потресаващо,2
цицелков,2
магията,2
новобранци,2
потърсен,2
ъгъл,2
кърпа,2
обядва,2
пипат,2
видна,2
бреме,2
кларънс,2
ваклин,2
идваш,2
срине,2
джоузеф,2
дентална,2
гробище,2
стабилизирани,2
отвръща,2
социопатия,2
подслушване,2
импулси,2
насилнически,2
повлияят,2
муеров,2
плашат,2
изтъкнаха,2
кръжи,2
законните,2
наложиш,2
свекър,2
ремисия,2
отидеш,2
символична,2
стигаш,2
опра,2
хапчетата,2
губиш,2
полека,2
габровската,2
хронична,2
джансер,2
раховците,2
курорт,2
девера,2
редакционната,2
мощното,2
закарат,2
яли,2
реконвалесцентна,2
шуменския,2
износът,2
платено,2
горива,2
откраднато,2
вписано,2
класификация,2
електронните,2
монтанската,2
строят,2
затворят,2
износ,2
занесла,2
флаш,2
подмине,2
младена,2
преживелите,2
mъж,2
радославова,2
адаптация,2
различната,2
гайданжиев,2
журито,2
преосмисли,2
подкрепете,2
коварно,2
затворите,2
неразкрити,2
оздравее,2
отречем,2
потвърдим,2
откъслечни,2
изгубена,2
безалкохолни,2
преборих,2
липите,2
насилничката,2
одеало,2
зави,2
вносът,2
спасявам,2
проверен,2
изгонил,2
престрелка,2
разбрана,2
благодарности,2
инфлуенсърка,2
мозък,2
пръснат,2
забележете,2
треперейки,2
ръководят,2
уверена,2
коментара,2
ава,2
вакльова,2
колхозния,2
забравили,2
вакльови,2
популярният,2
благоевградски,2
краище,2
каруца,2
шофиран,2
фучеджиева,2
съвпадения,2
разрезите,2
завършило,2
побягва,2
задно,2
тъпани,2
шия,2
завързали,2
диагностицират,2
предоставяни,2
махат,2
новодиагностицирани,2
наркозависима,2
раково,2
наводнение,2
предлог,2
раковите,2
блокът,2
свинска,2
исперих,2
звънци,2
високоефективни,2
железопътен,2
обещаване,2
разполагали,2
шотландия,2
назаболели,2
ликвидиран,2
съпричастие,2
интервал,2
сляза,2
стажа,2
лимфом,2
написва,2
черпил,2
ануса,2
готвя,2
китките,2
каравелово,2
достави,2
обезпечи,2
селца,2
закупим,2
синдиката,2
сигурният,2
хазаинът,2
вливания,2
партньорски,2
бараки,2
скъпото,2
агресори,2
корупционни,2
необитаеми,2
ритмичност,2
пениса,2
срочност,2
нанесоха,2
подтикнал,2
беглеца,2
здравноосигурителна,2
кордона,2
кожни,2
аногенитални,2
папиломни,2
средогрив,2
напр,2
вагината,2
отсече,2
домати,2
размотавана,2
банковия,2
ненасилствен,2
каменоделец,2
спирачката,2
налягане,2
насрещната,2
мишница,2
предсказанията,2
утрин,2
пророчицата,2
превес,2
влизаше,2
бъгито,2
подменен,2
изчакват,2
паркирали,2
зодия,2
забива,2
смятана,2
пребивават,2
фактическата,2
дебне,2
регистрационните,2
уверявам,2
правейки,2
молитвите,2
излежавал,2
мюсюлмански,2
любовен,2
николаево,2
гайтански,2
венциславова,2
стамболов,2
великата,2
индийци,2
съвпада,2
разбитата,2
открехната,2
изясним,2
входна,2
айсберга,2
разходки,2
декларирала,2
спецполицай,2
прелее,2
отменено,2
клевети,2
предполагаше,2
бран,2
неразкрито,2
кандидатствали,2
опасенията,2
газта,2
даскалов,2
бранимир,2
коридорите,2
безкръвни,2
причакана,2
предистория,2
деа,2
видинска,2
преквалификация,2
колектива,2
разкриващ,2
храмовия,2
педалът,2
пакистанци,2
храстите,2
познавайки,2
счетоводителката,2
варират,2
изблиците,2
задължавал,2
домакин,2
некролози,2
обаждаха,2
гледания,2
товарни,2
съсипя,2
засилване,2
секретарка,2
натъкнал,2
хазарта,2
въпросник,2
самопрострелял,2
смазва,2
неизправност,2
иса,2
сириеца,2
излязал,2
отчетено,2
заявления,2
опасности,2
подпалената,2
възпрепятствал,2
острия,2
даряваме,2
червата,2
угаси,2
ключар,2
стоките,2
изненадващи,2
просят,2
близнак,2
разписва,2
нрава,2
шаник,2
непрекъснат,2
междуведомствена,2
бази,2
ежедневен,2
функционирането,2
въжетата,2
парашута,2
финансираните,2
ценност,2
законната,2
последващо,2
оценяват,2
бурка,2
японка,2
детайлно,2
регламентират,2
дрогата,2
инструктор,2
доставчици,2
парасейлинг,2
възрастови,2
съпоставят,2
сим,2
санитари,2
свастики,2
панкреаса,2
притежаваната,2
ресорният,2
разрешаване,2
никифорова,2
одобрили,2
интелектуалния,2
гръдно,2
хемоторакс,2
израелската,2
трифон,2
бойчев,2
палестинското,2
канали,2
групировката,2
продавали,2
застраховките,2
логичен,2
заплащали,2
завършек,2
упражнявания,2
манипулируемост,2
лири,2
наложителна,2
тромавостта,2
левица,2
добринова,2
младежкото,2
отварял,2
пристигалите,2
явна,2
загубило,2
предвидили,2
тесла,2
замахнал,2
закарани,2
благова,2
леви,2
предадените,2
холандеца,2
депозирала,2
връщайки,2
притекат,2
изразих,2
уотсън,2
наведена,2
прехвърлена,2
злополучния,2
настигнал,2
възмущението,2
драгалевци,2
движели,2
пресичащ,2
мотивирало,2
успяваме,2
израелските,2
бездомна,2
натравяния,2
преговарят,2
катар,2
водеха,2
постигнато,2
десетилетие,2
заснемали,2
дивиденти,2
служи,2
прекратяването,2
гадно,2
канцеларията,2
синагога,2
разглеждането,2
румънците,2
козирката,2
повишавала,2
румънци,2
продукт,2
достъпно,2
филър,2
фалшифицирал,2
обявите,2
варненските,2
обучителни,2
нерегламентирана,2
грешните,2
психопрофил,2
практикуват,2
граната,2
козметици,2
ръчна,2
конци,2
разтреперих,2
бомбата,2
кърпи,2
инжектират,2
владлен,2
натискът,2
девето,2
порно,2
доближил,2
заменките,2
наследствената,2
балтаков,2
нецензурно,2
разполагало,2
седмокласникът,2
корея,2
подбудител,2
скандирания,2
принцът,2
домакинята,2
контролирал,2
заварили,2
усмихна,2
дивотино,2
дребните,2
зверствата,2
неотложност,2
продавани,2
следобедна,2
сашова,2
причинявайки,2
мъчителна,2
вървяхме,2
предлагала,2
фредерик,2
котка,2
милионер,2
загрижен,2
гърч,2
светна,2
британският,2
животозастрашаващия,2
присъдена,2
подуване,2
клепачите,2
нормалните,2
изнасилвача,2
котката,2
фалшификация,2
пуст,2
флоров,2
хотелска,2
интензивна,2
оставането,2
отравянето,2
мотриса,2
забранил,2
озовал,2
развил,2
осмелят,2
кардам,2
настанявани,2
психопрофилът,2
апелът,2
денчо,2
килима,2
принос,2
ръста,2
бензиностанцията,2
местопроизшествия,2
стефчо,2
градоначалникът,2
трамвая,2
добромира,2
рязан,2
отбранява,2
коня,2
задържахме,2
умствената,2
диви,2
селскостопански,2
редута,2
абазович,2
изложеното,2
риза,2
дългът,2
предупредени,2
брезник,2
понася,2
излъгах,2
кътчета,2
извиних,2
разказаните,2
пускаме,2
нивянин,2
обесена,2
запустял,2
редакторът,2
умее,2
дизайнери,2
grazia,2
драгор,2
откраднатото,2
нападнатото,2
освидетелствано,2
нагли,2
класен,2
пазарджишкият,2
гледан,2
изнудиха,2
готвачка,2
вълнуват,2
язо,2
панчарево,2
звъннал,2
уикендите,2
изживяха,2
пазачи,2
дългогодишния,2
вдъхнови,2
leader,2
вълни,2
родна,2
спорен,2
съдействаме,2
помнел,2
писах,2
оман,2
даваш,2
зарадвам,2
русенката,2
притежателя,2
продавач,2
събина,2
атлантическия,2
galaxy,2
sofia,2
капитана,2
гонила,2
немалко,2
хрътките,2
бисерова,2
издателство,2
тихи,2
доведената,2
пешкова,2
представящи,2
обмен,2
ангажимента,2
раздразнение,2
влакове,2
арбитражното,2
лаг,2
банални,2
алкохоличка,2
постъпвал,2
еод,2
събирах,2
горчивата,2
даря,2
спечелването,2
недостига,2
предстоящото,2
нападанията,2
споделяния,2
състрадание,2
брадичката,2
проституирала,2
бонка,2
гневи,2
дебели,2
пропуснато,2
изказват,2
арбитражния,2
унищожаване,2
кварталното,2
инстинктът,2
бориш,2
офисът,2
могъща,2
отклонява,2
заканва,2
неслучайно,2
kitchen,2
hell,2
изтрити,2
входирал,2
екран,2
стопанския,2
осигуровки,2
вярна,2
засягане,2
предубеденост,2
куца,2
споменати,2
хвърлях,2
обилната,2
завишаване,2
клиничен,2
проходи,2
преодоляват,2
вендинг,2
връстница,2
люксембург,2
академичната,2
царевец,2
белодробно,2
трампова,2
ключа,2
точките,2
гладува,2
потеглила,2
преместили,2
дразни,2
учило,2
умъртвили,2
токсичен,2
запушва,2
седалката,2
вицепрезидентът,2
вицепрезидента,2
декара,2
настоявали,2
изменена,2
гръбнака,2
разделихме,2
всеобхватен,2
жертватазабременяла,2
превишил,2
обявила,2
продиктувани,2
педиатрично,2
лозунгите,2
отравяния,2
опитаме,2
преднамерено,2
веществото,2
педиатричното,2
конвенции,2
педиатър,2
американската,2
социалистическа,2
вероятните,2
осветени,2
копенхаген,2
лекостепенна,2
окосмента,2
назначено,2
подвела,2
дими,2
вноски,2
ясновидска,2
погазване,2
земеделски,2
отрова,2
привличат,2
осмисля,2
смразяващи,2
приетото,2
платил,2
енимехмедов,2
заставена,2
проведохме,2
дсп,2
правозащитниците,2
минаваха,2
междуетнически,2
умъртвяването,2
германска,2
предпочете,2
скандални,2
пълнолетие,2
корекции,2
обиждаха,2
пререканията,2
павилион,2
шестокласничка,2
упражнили,2
осветен,2
облекчен,2
фондът,2
открадне,2
признанията,2
тясна,2
мартеница,2
избиране,2
гадателският,2
ануари,2
шофьорското,2
типичен,2
предтекст,2
мухоморка,2
бачево,2
възникнали,2
неосветения,2
вътрешността,2
работниците,2
направихте,2
интоксикация,2
обвиняваният,2
незаконосъобразна,2
произтичащи,2
уречения,2
отоците,2
шулева,2
неосветен,2
постигнем,2
сторят,2
димчево,2
земеделските,2
уличават,2
почувствал,2
изпил,2
ахтопол,2
железния,2
топъл,2
чаши,2
донесла,2
чел,2
архив,2
автомати,2
булевардите,2
обслужват,2
вибрация,2
ужасяващото,2
уверил,2
логика,2
предното,2
осигурен,2
туризма,2
грижовна,2
мургаш,2
грижеше,2
станцията,2
ксения,2
сформира,2
наранено,2
изненадах,2
обезпокоени,2
бански,2
тревожността,2
атмосфера,2
бухово,2
безпристрастност,2
надбъбречните,2
пистолети,2
жлези,2
установеното,2
отглеждан,2
клин,2
царят,2
пораснало,2
царя,2
помиря,2
меки,2
върже,2
психологичната,2
разпадането,2
списъците,2
борово,2
малчева,2
приближила,2
регламентиран,2
инжектиране,2
съмнително,2
речта,2
андрея,2
индивид,2
варира,2
сведението,2
сбиват,2
придружи,2
фигурира,2
симптоматика,2
оплаквало,2
пасков,2
инжектирани,2
животите,2
поред,2
ставаха,2
вадил,2
подрастващи,2
заличаването,2
представяли,2
говорехме,2
предишно,2
баничка,2
павлинка,2
автоматизирана,2
преодоляла,2
пръстени,2
обвинителната,2
популярни,2
склонност,2
възхищавам,2
покриват,2
скучно,2
носили,2
курсантът,2
тенденции,2
маламов,2
парламентарния,2
регионален,2
изпълнителката,2
гражданки,2
прътове,2
дървени,2
шоубизнес,2
измъкнал,2
честит,2
издания,2
вдъхновени,2
дежурни,2
защитници,2
шилкова,2
нежността,2
джеси,2
очна,2
изказвания,2
началната,2
определения,2
тетевенски,2
билитис,2
спасената,2
vip,2
психиатрите,2
уведомлението,2
драми,2
спал,2
гледната,2
отървали,2
пробождане,2
преустановили,2
хвърляше,2
съобразил,2
преследвала,2
разминавайки,2
вменяема,2
търпелива,2
liujopeople,2
sofija,2
валентинова,2
стопанисване,2
liujoglobal,2
стани,2
ватикана,2
медикаментите,2
заложените,2
писане,2
оод,2
изпитал,2
светият,2
литургия,2
опълченска,2
вноска,2
яве,2
радиус,2
принуждава,2
временен,2
хоп,2
отърси,2
заявят,2
изслушват,2
стадион,2
изричното,2
кървави,2
уверява,2
стигма,2
терапевти,2
безжизнените,2
надвишава,2
спасителя,2
чората,2
дузина,2
гарантиран,2
мелето,2
инсталация,2
институционалното,2
изтичали,2
притискани,2
езичници,2
стресиращ,2
югоизточна,2
извънбрачната,2
сутеньорите,2
разблъсках,2
изучава,2
попадали,2
христовата,2
скромната,2
опитните,2
урилска,2
раса,2
радвал,2
документалния,2
редом,2
нарушим,2
демонстрирали,2
разтърсено,2
бакъра,2
карабулева,2
преровил,2
подчиняват,2
притеснили,2
страхуваш,2
обадиш,2
разтърсващо,2
хубавия,2
хващаш,2
честваме,2
коментирана,2
мироносици,2
обръщението,2
мъченица,2
лайен,2
дер,2
калоянци,2
кърджалийското,2
докосванията,2
разпрата,2
връщали,2
спортното,2
ранения,2
белият,2
марии,2
контейнера,2
отделял,2
застъпничество,2
такева,2
сатовчанското,2
гарантиращи,2
груп,2
инсценирал,2
прясно,2
разровена,2
простира,2
плат,2
север,2
пазари,2
резето,2
изоставените,2
братаница,2
тръгването,2
удовлетворени,2
съзнавала,2
учели,2
гето,2
затягане,2
платих,2
освети,2
шнур,2
изоставената,2
простотии,2
масажът,2
настъпил,2
отвращение,2
изходна,2
достигнат,2
брифингът,2
декларирал,2
броудкастинг,2
следил,2
правителствата,2
женитба,2
стиска,2
пробила,2
пейки,2
епископ,2
кръстена,2
изпуснал,2
съвземе,2
вдигнала,2
възпитал,2
представянето,2
инжектирал,2
платежни,2
подписана,2
изпълнена,2
долен,2
двуседмичен,2
златното,2
уведомяват,2
неприключени,2
дискриминационни,2
прилагали,2
функцията,2
изпълняващия,2
рилските,2
дисциплинирани,2
императора,2
погрижете,2
своевременна,2
прб,2
организирането,2
тенева,2
подценили,2
турци,2
екопътека,2
буца,2
управлявала,2
опасната,2
вазовата,2
сблъска,2
свидетелка,2
предизвикват,2
променяни,2
деонтология,2
брайнова,2
меджнун,2
науки,2
безотговорните,2
слагаха,2
заселе,2
халосни,2
скочила,2
религиозните,2
сливо,2
обвиняемото,2
криели,2
излъгали,2
подпиша,2
заболя,2
изгубя,2
джунов,2
терористки,2
изпаднало,2
мисури,2
ценен,2
открих,2
грижили,2
чифт,2
гърляница,2
подигравки,2
клипчето,2
оценката,2
затаили,2
вариантите,2
имущественото,2
материалното,2
обирджиите,2
мъглижкото,2
приключил,2
изгубената,2
пръскачката,2
набили,2
издърпах,2
обяснявате,2
бутна,2
помислили,2
достоверна,2
безотговорни,2
постановената,2
подготвили,2
троши,2
физична,2
коректност,2
мечтаел,2
неграмотни,2
ценят,2
обясним,2
бов,2
пенсионирането,2
борсата,2
открояват,2
синджира,2
бойните,2
слоеве,2
символа,2
запитана,2
разгневи,2
свищовското,2
триколка,2
разгневиха,2
семейният,2
отводнителен,2
брачния,2
маршрутката,2
предлагаща,2
обещанията,2
нанчев,2
мирена,2
въвеждани,2
негован,2
химически,2
бързите,2
камарата,2
криминалните,2
двоен,2
излъгала,2
разпространявана,2
пешо,2
намалял,2
печата,2
калашника,2
лидерите,2
курсът,2
гуглева,2
анчев,2
преназначен,2
стопли,2
осъщественото,2
пускаш,2
мотивират,2
имамът,2
топалска,2
разпространявал,2
разголени,2
нахвърлило,2
доскорошната,2
излизало,2
заслужавам,2
осипова,2
пробие,2
пияно,2
превъзпитаване,2
магдалинчев,2
представляващ,2
декор,2
дългосрочни,2
детския,2
инициативите,2
съседско,2
извинила,2
задуши,2
отбелязан,2
брезнишкото,2
танцьорки,2
обезобразила,2
издевателство,2
смрад,2
слабичка,2
стреснали,2
засечени,2
провокиращ,2
пожаро,2
подадем,2
джок,2
гориво,2
прекомерно,2
употребило,2
празнувало,2
повереника,2
отстранения,2
европрокурор,2
клетките,2
халка,2
стреляш,2
сърдит,2
извратено,2
апашите,2
въздушните,2
отстранена,2
учудване,2
рап,2
стихийно,2
изявен,2
рикоширала,2
атакувал,2
тийнейджърските,2
посещаваме,2
стационар,2
нечовешка,2
айкидо,2
метопролол,2
шина,2
пребитият,2
злоумишлено,2
горния,2
мещица,2
обилна,2
редукция,2
четвъртата,2
състезателите,2
капачки,2
подкрепили,2
изгорялата,2
европрокурора,2
геориева,2
погълнал,2
видеонаблюдението,2
денев,2
довереника,2
сърдечния,2
уважените,2
насилствен,2
овъгляване,2
болестно,2
посъветван,2
сложени,2
автоматични,2
щитовидния,2
пръстеновидния,2
потули,2
стаменова,2
преодолява,2
хрущял,2
исхемични,2
дебютира,2
бариерата,2
оттеглили,2
наставления,2
храмът,2
традиционните,2
сервитьор,2
панчо,2
вербалните,2
намаля,2
веществено,2
японска,2
заложил,2
спътничката,2
сините,2
наказано,2
жечко,2
похвалил,2
унищожава,2
възприел,2
ментори,2
упражняваното,2
преминем,2
упражни,2
превъзпитаването,2
затворът,2
партньорки,2
патерица,2
отмяна,2
заменена,2
бий,2
режа,2
щорите,2
пенчев,2
музикалната,2
съобразена,2
прескача,2
тренирах,2
раздаваха,2
мачо,2
увеличени,2
еднократната,2
деветокласничката,2
внезапна,2
кошовете,2
кандидати,2
смазан,2
залите,2
самопризнание,2
намиращия,2
двигателния,2
раковска,2
излизали,2
мануална,2
конят,2
принципал,2
образите,2
опорно,2
опу,2
кадруване,2
вървял,2
отлъчени,2
визията,2
мълчаливо,2
татуиран,2
предсрочното,2
спахте,2
загинат,2
почивни,2
удовлетворява,2
действителен,2
ходели,2
почнала,2
опази,2
утрепя,2
скарал,2
saveher,2
недоумявам,2
масларова,2
чекмеджетата,2
класифицирано,2
сегашния,2
кметство,2
тежкият,2
задействаха,2
тира,2
иваничков,2
убиване,2
спящите,2
помел,2
специализираното,2
банки,2
масовия,2
добродетелите,2
споделяйки,2
консултантска,2
прекратил,2
вписана,2
извършителките,2
запой,2
изнудват,2
одрасквания,2
заварих,2
уговорил,2
студио,2
апелативни,2
частност,2
обявените,2
отпуснати,2
хвойна,2
прилаган,2
хаос,2
отрязан,2
координирани,2
активизъм,2
струпат,2
благодарила,2
нарисува,2
отсечката,2
окръжни,2
нарушител,2
стамов,2
асфалт,2
транспортиране,2
потвърдителната,2
закъснели,2
превишила,2
критикуват,2
заобикалящите,2
карафезов,2
обединим,2
правораздавателната,2
звъннаха,2
мошеници,2
желязка,2
неочакван,2
създавало,2
сейфове,2
изгорена,2
проявяват,2
нерегламентирано,2
инфекциозното,2
авто,2
невинаги,2
рунков,2
парализира,2
оксид,2
токсичния,2
прободен,2
рисковия,2
можехме,2
предложих,2
уредби,2
посещението,2
бутилките,2
янушев,2
функционират,2
дарението,2
следово,2
дружинка,2
бургаският,2
перничанин,2
олексий,2
намиращите,2
торба,2
найлонова,2
сутрешните,2
левин,2
идентично,2
отчасти,2
разбивана,2
навърша,2
смазана,2
търговските,2
контактували,2
съжителствала,2
възползвайки,2
оплаквали,2
приготвила,2
транспортирали,2
контролирали,2
валиумният,2
крилата,2
съветите,2
масова,2
потърсена,2
подценява,2
уговорено,2
психоза,2
побърза,2
пламна,2
хванах,2
пирамиди,2
изненадаме,2
розета,2
цинизми,2
разследвана,2
строгото,2
настояла,2
стъпалата,2
шестокласничките,2
обърнати,2
чекмеджета,2
коледните,2
станимирфлоров,2
превеждала,2
обективност,2
получаваше,2
докосвал,2
разстрелян,2
съществуваше,2
развързва,2
набелязват,2
тотев,2
разговаряхме,2
тоз,2
спътница,2
детегледачите,2
фотографска,2
способност,2
нахранено,2
влюбените,2
хореограф,2
работлива,2
обектът,2
стискал,2
григор,2
заличаване,2
сериозното,2
етичните,2
съвременните,2
подвеждат,2
тройното,2
обяснило,2
теодосий,2
официалното,2
афродита,2
бусаров,2
разследвали,2
разработки,2
бивак,2
палатката,2
давещи,2
вали,2
показен,2
iii,2
обитатели,2
трифазен,2
енергодружеството,2
притичат,2
продадено,2
покойницата,2
енергото,2
самуилово,2
отразил,2
заведен,2
емилова,2
окичваме,2
нема,2
душен,2
бех,2
ватман,2
сътрудничи,2
строим,2
бюрокрация,2
лаконичен,2
складово,2
герджикова,2
складови,2
пазели,2
десетима,2
диспансер,2
говорел,2
любвеобилен,2
даи,2
посетих,2
хале,2
мундрова,2
административните,2
въззивна,2
горен,2
стигайки,2
отток,2
венецуела,2
помолило,2
изнесъл,2
успявал,2
психотропни,2
охранителното,2
отключената,2
напускала,2
несъстоятелна,2
вземането,2
умреш,2
продължаваха,2
провесил,2
карам,2
крушка,2
позитивни,2
пойразова,2
футболната,2
крадеца,2
охранявана,2
изправих,2
стандартните,2
изпитат,2
чилингирова,2
превеждане,2
чуждестранните,2
тръгваме,2
мушкам,2
пощи,2
есекс,2
линкълн,2
дочака,2
подозрението,2
керемиди,2
късчета,2
дъвка,2
висулки,2
спиртни,2
сирена,2
паркови,2
приключили,2
тазгодишното,2
астра,2
изнервена,2
съгласяват,2
евробарометър,2
визия,2
анкетите,2
португалия,2
несправедливостта,2
идеологията,2
нидерландия,2
уцелил,2
рекордьор,2
моралната,2
зенека,2
родови,2
имитиращ,2
постоянните,2
перспектива,2
прокурорката,2
каналът,2
ударят,2
размахват,2
преведем,2
менингит,2
годишата,2
ходжата,2
суфражетки,2
вафли,2
ранова,2
пластмасов,2
обърнахме,2
осъдила,2
финалните,2
чуколов,2
принудителните,2
заложиха,2
шумните,2
генджев,2
измениха,2
родителство,2
лъскавите,2
устойчиво,2
тайланд,2
проследен,2
разтревоженият,2
студентските,2
сключената,2
полица,2
шофирала,2
формиране,2
уникална,2
посредници,2
болногледачи,2
изби,2
шоколадчета,2
отбелязали,2
проклятия,2
дланта,2
оттегляне,2
обичах,2
запалили,2
нарастването,2
шампиона,2
запушил,2
събера,2
закарам,2
подобрили,2
подготвяла,2
дружелюбна,2
строя,2
съобщавала,2
безпомощната,2
накъде,2
конституция,2
дрен,2
кръстословици,2
отдалече,2
опожарен,2
фантасмагории,2
учуди,2
ритали,2
пометено,2
предположения,2
десният,2
проверяваха,2
гилза,2
физиономиите,2
наето,2
размине,2
кооперативния,2
дипломат,2
обтегнати,2
пачка,2
предотвратили,2
прерязал,2
всеотдаен,2
омъжените,2
благоевградска,2
управлявана,2
тотален,2
съдържащ,2
ощетена,2
упълномощения,2
равното,2
двугодишното,2
цануйкова,2
бойчиновци,2
въведат,2
живкова,2
отмъкнати,2
атина,2
процесуалните,2
краснодар,2
уважавам,2
четворното,2
разколебали,2
началният,2
носители,2
македонизмът,2
bgbuin,2
алианц,2
отчаян,2
църковния,2
усложнява,2
съпътстващо,2
посягат,2
асцит,2
инвитро,2
осинови,2
преминавал,2
напише,2
окачване,2
ограбени,2
светила,2
майстор,2
почеркът,2
падналата,2
скобелев,2
нфсб,2
огромния,2
погрижил,2
разпоредителното,2
проплака,2
развълнувани,2
корени,2
buinbgsf,2
веси,2
гео,2
милев,2
нашумелия,2
рентгеноложката,2
хулиганството,2
застрахователната,2
разпорежда,2
индиректна,2
компетентности,2
постъпване,2
живеете,2
информирало,2
прехвърлила,2
сдобива,2
бързали,2
пълномощното,2
разтревожена,2
оставам,2
проклятие,2
изгоня,2
частният,2
пренесла,2
съпружеските,2
разруха,2
обещавала,2
изглеждали,2
продаден,2
мачът,2
изследват,2
влизали,2
ампутацията,2
качвам,2
подзащитен,2
насърчават,2
усъвършенстване,2
пгт,2
проблемна,2
обширно,2
допълвайки,2
заспала,2
дарителите,2
преминавала,2
драготинци,2
метастази,2
неприлично,2
химиотерапии,2
скубано,2
звъннали,2
видеоматериала,2
учебните,2
виторио,2
застрашила,2
харча,2
огледала,2
чавдарова,2
саморазправя,2
закачал,2
семов,2
неотлъчно,2
полина,2
bguncr,2
таткото,2
проектите,2
средните,2
решетката,2
изхождат,2
сезона,2
отложена,2
караньотов,2
премахва,2
пораснал,2
касите,2
домакините,2
контузени,2
отмъкват,2
тим,2
отборът,2
мрак,2
очертава,2
победоносец,2
осъдителната,2
профилирана,2
прокурорската,2
боливар,2
намеци,2
раковица,2
таен,2
подбрани,2
борко,2
призванието,2
чуваш,2
съвкупил,2
частични,2
шени,2
еднакъв,2
гордее,2
разделяла,2
маймуни,2
пресъхват,2
представях,2
надалеч,2
превежда,2
изпратих,2
свекъра,2
манипулират,2
занимавайте,2
преживяли,2
непрестанни,2
обидно,2
разполагаме,2
обадим,2
напразен,2
утихва,2
интерзивното,2
тишева,2
денонощни,2
далечни,2
туби,2
вярвахме,2
сървайвърс,2
окървавения,2
представления,2
кьорев,2
израз,2
палежът,2
пилоните,2
следвал,2
континент,2
покушения,2
тронвил,2
успокоение,2
мадрид,2
изтощена,2
ерол,2
караха,2
гостуват,2
отдалечи,2
общуването,2
създател,2
портата,2
мъчително,2
различават,2
поспи,2
осиротелите,2
разбираше,2
рекламни,2
идеалист,2
учех,2
гледни,2
изядох,2
уплашила,2
ядем,2
осъществила,2
възложили,2
настанихме,2
бербатова,2
привилегията,2
вярваха,2
предавания,2
уговорки,2
предварителните,2
върхове,2
полагаха,2
ликвидират,2
наложителни,2
радиото,2
усещам,2
станишева,2
живеехме,2
успееш,2
настрои,2
култури,2
назначат,2
възбранен,2
харесваше,2
сменял,2
избягваше,2
треторазреден,2
възмутено,2
пълноценното,2
засне,2
неравенството,2
хвърляла,2
влошеното,2
координаторът,2
сибила,2
спаска,2
всячески,2
палто,2
зарича,2
обеците,2
мюмюш,2
виждахме,2
парова,2
смъртоносният,2
катерач,2
великотърновският,2
подразнил,2
угризение,2
брокер,2
задължила,2
тениските,2
отказваше,2
отдръпна,2
поколенията,2
стъпва,2
панчева,2
потресаващ,2
дръжката,2
фрапиращо,2
белег,2
предизвикана,2
лук,2
затегне,2
засилило,2
лежало,2
викане,2
подателите,2
второкласничка,2
разбуни,2
преляло,2
желанията,2
тайните,2
таз,2
споменаваме,2
влюбих,2
заглавието,2
осакатяване,2
изчезвала,2
трафиканта,2
припознават,2
севлиевското,2
прибирай,2
трафикът,2
седяхме,2
карантинирани,2
ханс,2
папи,2
лютив,2
изработи,2
дебитната,2
спрей,2
запазването,2
ангела,2
цивилен,2
заровено,2
следени,2
разведена,2
чупенето,2
охраняван,2
полевият,2
вандалствал,2
вдъхне,2
институционализираното,2
поведе,2
наблюденията,2
резюмето,2
вземам,2
многократните,2
халаф,2
измръзвания,2
бягал,2
терапевтична,2
колекторските,2
натрупала,2
спънат,2
притеснявана,2
натиснал,2
връхлетял,2
самоделна,2
коктейл,2
петербург,2
кокилова,2
неприемане,2
оперирани,2
градеж,2
престъпен,2
сегашните,2
напивал,2
алармираха,2
отскубната,2
облаците,2
жертвавата,2
порнография,2
запушена,2
неосветена,2
изведоха,2
посягала,2
добронамерена,2
породена,2
автономия,2
вълчицата,2
догановци,2
трудолюбива,2
копринка,2
заслужи,2
анализаторът,2
реторично,2
издигането,2
внедрени,2
ражданията,2
смъртната,2
свята,2
цанева,2
скандинавските,2
длъжник,2
пазена,2
ревниво,2
канализацията,2
полюса,2
споменавала,2
цезаровото,2
джубран,2
албуми,2
описаха,2
настойчиво,2
папата,2
безпроблемно,2
прострелни,2
руските,2
германските,2
прогнозира,2
напръскан,2
антиправителствени,2
защитавала,2
излъгани,2
запозна,2
гвинея,2
премахнем,2
създадено,2
ubbsbgsf,2
приключа,2
бисау,2
кения,2
случиха,2
либия,2
задълбочени,2
почетен,2
извървя,2
свалихме,2
притеснението,2
брестница,2
твърдица,2
брейк,2
дворната,2
разработен,2
златена,2
агитка,2
динамична,2
асансьорът,2
хаотично,2
предоставихме,2
андора,2
притеснявах,2
незаконните,2
съответстват,2
постиженията,2
оправдани,2
селена,2
постига,2
гимназистите,2
юбилейно,2
марис,2
пейн,2
аранча,2
гонсалес,2
бутаха,2
допринесе,2
вози,2
разделителните,2
тодорина,2
срина,2
палежите,2
длъжности,2
дарин,2
подчертавайки,2
панайотова,2
следеше,2
дойдеш,2
гочев,2
кани,2
грижели,2
изповядват,2
противодейства,2
димитровградското,2
информираме,2
съотношението,2
жельо,2
гръмне,2
изплаши,2
патоанатоми,2
изнасянето,2
депозиран,2
помощни,2
натривки,2
треньорите,2
заподозряна,2
сключва,2
съдебномедицинското,2
изявяват,2
пенсионна,2
покупката,2
увито,2
покупка,2
месечното,2
мониторинг,2
собственоръчно,2
вандализъм,2
засягат,2
подведени,2
антов,2
левият,2
отзоваха,2
заведоха,2
противници,2
разплакана,2
тригодишният,2
спекулациите,2
утежняващо,2
солници,2
излез,2
гасене,2
истерични,2
изкупителна,2
ценностната,2
кръгове,2
биячи,2
ботевградско,2
принуждаване,2
медийната,2
зарови,2
изплашено,2
въздържаха,2
страхуваме,2
правех,2
снимайте,2
перфектната,2
грета,2
инвалидната,2
стресна,2
палежи,2
критик,2
измамникът,2
чувствителност,2
работиш,2
хематолози,2
платена,2
пуста,2
abc,2
безсилни,2
препоръчали,2
наркозависимите,2
мечтаехме,2
кръвосъсирването,2
приложена,2
компенсират,2
затворничките,2
диего,2
предотвратима,2
обективен,2
честните,2
репутацията,2
логото,2
митеран,2
високопарни,2
хвърлянето,2
отвореното,2
оборва,2
сан,2
вторичен,2
задължителното,2
безжизнена,2
набере,2
разчитате,2
карани,2
чачев,2
разпитът,2
хесус,2
помагачество,2
революционер,2
историческите,2
йордановден,2
херардо,2
неглижирано,2
evn,2
нервира,2
продължавала,2
проследили,2
несгодите,2
отседнали,2
железни,2
селановци,2
трафопоста,2
неврохирургът,2
умря,2
клетва,2
палката,2
трафопостът,2
нахълтали,2
дефицитът,2
пурпура,2
официалния,2
таксиметровия,2
престои,2
попечителството,2
чувствителен,2
посъветвана,2
клаксони,2
качило,2
показвам,2
самообладание,2
доверят,2
яхти,2
утежняващи,2
поръчва,2
уговаря,2
тромбоцитопенична,2
съизвършители,2
детайлен,2
мами,2
подателят,2
активността,2
сочени,2
дойчева,2
търговската,2
градеви,2
джон,2
конфискация,2
традиционно,2
ръководила,2
доставени,2
страхотни,2
произвела,2
имунна,2
бележат,2
зафиров,2
хематологичния,2
подписалите,2
кулева,2
омерзително,2
завършиха,2
френския,2
уважена,2
блудството,2
минавало,2
философията,2
издигнала,2
запазваме,2
увеличихме,2
членуват,2
потърсих,2
създадохме,2
позвъняване,2
пали,2
сянката,2
подчинението,2
пробвах,2
етноса,2
измръзнала,2
лика,2
неизбежната,2
набираме,2
съставянето,2
грабителите,2
благотворителния,2
карембьо,2
повтарят,2
публикуваме,2
разрешен,2
шандаков,2
печат,2
популяризират,2
койчева,2
финансирани,2
блокове,2
грипна,2
диагностични,2
публичността,2
изп,2
вилна,2
бутаме,2
чуете,2
преден,2
вилица,2
допрял,2
непризнаване,2
прекъсна,2
заместят,2
изискуемите,2
разпоредбата,2
фелдшера,2
изявили,2
тънък,2
самозащитата,2
оптимизъм,2
бягайте,2
туркофил,2
политик,2
разказах,2
осакатената,2
несъвместимо,2
предполагал,2
укрити,2
служа,2
заслуга,2
завърта,2
започналата,2
токът,2
феминизмът,2
погледнат,2
предоставим,2
невски,2
тържествен,2
дооборудването,2
сезиращата,2
подписването,2
приземния,2
действителният,2
пратят,2
австрийски,2
кредитно,2
ари,2
гизел,2
мъничко,2
вени,2
кипи,2
насилственото,2
фичето,2
мачокова,2
джейк,2
техническия,2
мивка,2
лик,2
реставрация,2
учудена,2
сърф,2
културния,2
дипломати,2
докараха,2
локума,2
баха,2
калифорния,2
понасяли,2
играем,2
офицери,2
шаха,2
подкупи,2
ремдесивир,2
удължена,2
слизат,2
лодка,2
потвърждение,2
търсел,2
присъединяват,2
хонорари,2
бижутата,2
дарите,2
стоящ,2
надскочили,2
подкрепите,2
издевателството,2
протичане,2
здравен,2
умрели,2
избил,2
благочестивата,2
вирусът,2
кашлям,2
ходове,2
притесняваше,2
активното,2
заветите,2
радмила,2
въжаров,2
опровергаха,2
кошински,2
ползването,2
садила,2
помолена,2
осмия,2
безразборна,2
заплетена,2
инспекцията,2
протестирам,2
злополучното,2
дишам,2
жерар,2
триадица,2
родилното,2
осъществя,2
спазвайки,2
рикошет,2
седмичните,2
бежанката,2
канариева,2
раждания,2
замеряна,2
условните,2
незнайно,2
народът,2
легитимира,2
обслужвала,2
израждане,2
раздвижи,2
обектите,2
новогодишното,2
сирачета,2
жилищните,2
виновници,2
непалците,2
безупречен,2
носии,2
плацентата,2
заетостта,2
безупречно,2
влезеш,2
омаловажаването,2
деветдесета,2
мече,2
дъждове,2
марчев,2
гастростома,2
весели,2
кръгламаса,2
крещяха,2
пясък,2
смееха,2
отпадните,2
рисковите,2
преминаване,2
бавят,2
непоносима,2
татуировка,2
проследяват,2
настроението,2
поптолева,2
дисфункция,2
преспите,2
отърват,2
интегриране,2
вземали,2
излежа,2
расистки,2
получената,2
едномесечни,2
откъм,2
тревожат,2
предупредя,2
застрашил,2
униженията,2
аварията,2
кашлицата,2
храненето,2
ненка,2
разтревожени,2
непознато,2
придобивка,2
сигнализирах,2
паола,2
естествена,2
пейките,2
подгони,2
утежняват,2
бръсната,2
месечния,2
стекоха,2
почнат,2
представили,2
точката,2
изживя,2
катарзис,2
обидил,2
дръпнах,2
стипендиентска,2
спасителните,2
играеха,2
заел,2
харесал,2
тъмното,2
дихателната,2
купувате,2
уреждане,2
ремонтирана,2
казиното,2
разчетени,2
насочвано,2
оказан,2
възникването,2
изземе,2
проследяването,2
скинари,2
късметлийка,2
достъпност,2
осигуряването,2
затворническа,2
пререканието,2
йерусалим,2
следователка,2
обобщен,2
подходящите,2
неопасно,2
предшествана,2
подземния,2
упражняващият,2
наркомани,2
татуировките,2
съмнявам,2
мигновено,2
помисля,2
бъдещото,2
коефициентът,2
изпитната,2
доведен,2
зимните,2
запалената,2
усукал,2
заслужаваме,2
еспечелил,2
талка,2
пратиха,2
антитела,2
сименова,2
емоционалния,2
внесена,2
символите,2
завърших,2
разход,2
югославия,2
полагал,2
насърчи,2
комшиите,2
оцелеят,2
ставийски,2
продължаващото,2
привикани,2
оценена,2
кух,2
рестартирано,2
изтъкнала,2
риосв,2
торозова,2
стяга,2
разпитали,2
преминаващ,2
изследвала,2
захвърлена,2
местя,2
маркетинг,2
повръща,2
лукс,2
потока,2
спънки,2
осиротели,2
застрашен,2
плащаш,2
срамежлив,2
мечтаех,2
заклал,2
милчов,2
цонков,2
афганистанец,2
лука,2
забележите,2
минутна,2
избутала,2
съгласете,2
прекараха,2
ченалов,2
стояло,2
говорете,2
обадете,2
сен,2
изброените,2
задушат,2
изземат,2
гарги,2
плака,2
преносители,2
одраскана,2
белоградец,2
потегля,2
откривани,2
тактически,2
финал,2
справедливата,2
градче,2
заклана,2
цитирано,2
чуково,2
показвали,2
разбиват,2
предсказания,2
сплашат,2
тийнейджърска,2
наследничката,2
непровокирана,2
абдоминално,2
коректен,2
нарекъл,2
трънското,2
трънско,2
събирания,2
превеждат,2
улични,2
бунарджика,2
ясновидката,2
учредява,2
имунизационните,2
качен,2
гълъбин,2
завистта,2
свикнала,2
отрязано,2
глобена,2
упоява,2
общуваме,2
гестационна,2
мъртвото,2
контейнери,2
болничния,2
ускорена,2
отсрочка,2
гримьорът,2
шумна,2
белнейски,2
целева,2
дясно,2
кос,2
хоспитализацията,2
дупнишкото,2
драговски,2
гласуван,2
упоени,2
процесите,2
обкръжението,2
елфите,2
наранявала,2
боевски,2
преминаващата,2
медикаментозна,2
въздушен,2
крясъците,2
карло,2
спътник,2
бежанки,2
bgbpbi,2
следобедната,2
пишете,2
мосв,2
родоразрешение,2
ограбят,2
процентни,2
бременности,2
маг,2
хюлия,2
гръмнал,2
омъжи,2
демонстративно,2
непалци,2
предприет,2
стойностен,2
уязвимата,2
концерти,2
навременно,2
проследявани,2
добият,2
байер,2
анонимен,2
брезен,2
ресорната,2
балистичната,2
качване,2
заподозряният,2
лапи,2
войничанска,2
доказателствени,2
филиал,2
дронове,2
ослепее,2
карана,2
сбор,2
туристки,2
слухът,2
его,2
ваксиниране,2
премръзнали,2
отгледани,2
очистват,2
претърпях,2
лещи,2
селския,2
витални,2
сложили,2
масиран,2
усамотили,2
профилна,2
публика,2
опции,2
евтим,2
отвличания,2
мониториране,2
видеофайла,2
лутайки,2
маджар,2
свикването,2
кошарата,1
взимана,1
притиснали,1
нарекоха,1
невалидна,1
приятната,1
обусловило,1
нормалният,1
подариха,1
отровил,1
създавала,1
оставите,1
документирането,1
харесвало,1
подчинено,1
сутрините,1
забравил,1
пътешественик,1
тръгване,1
шофьорки,1
дознателка,1
гугова,1
бланки,1
неволите,1
психологията,1
пърлили,1
именуват,1
оператвно,1
грипен,1
навел,1
пневмонии,1
айрес,1
звездни,1
грипната,1
гимнастичка,1
напипа,1
сърбите,1
отличието,1
селекционер,1
съкратения,1
горанови,1
панков,1
изоставени,1
спътници,1
интригуващ,1
изнервяла,1
трио,1
свеж,1
прекараме,1
номинацията,1
потника,1
трупен,1
експеримента,1
животновъдите,1
токчетата,1
панагюрската,1
поработиш,1
зета,1
представленията,1
подценявали,1
люси,1
назначение,1
застигаха,1
операта,1
заредих,1
сблъсках,1
трудният,1
старостта,1
вутова,1
подмятаха,1
простират,1
индийския,1
клептоман,1
пазарувал,1
крадлата,1
вълци,1
морските,1
непредсказуема,1
крадяла,1
водната,1
спектакли,1
нокдаун,1
светва,1
откраднатия,1
осветяване,1
забеляза,1
безлюден,1
плъзва,1
сертов,1
ветеринарите,1
схватка,1
джексика,1
eдин,1
еад,1
допир,1
футболният,1
парижка,1
борбено,1
ексфутболистът,1
очертаните,1
падаща,1
каяк,1
образоваха,1
тиква,1
преобрази,1
североизток,1
калоферов,1
фоайетата,1
надлези,1
синдикати,1
роклите,1
конвоирани,1
водно,1
парапети,1
робуват,1
крайчеца,1
милославова,1
клептомания,1
пасищно,1
патологично,1
пижами,1
увлечение,1
началникк,1
австралийка,1
хаджирадев,1
лекарския,1
царял,1
докъдето,1
пътническия,1
типичните,1
делфини,1
спайдърмен,1
изпоразболяло,1
матриархат,1
критична,1
брансън,1
буенос,1
ричард,1
вслушвали,1
сър,1
одраскала,1
злодеянието,1
жестокостите,1
приключенец,1
тефтерче,1
маркетинга,1
изкарам,1
правното,1
еланджиев,1
възпроизвеждан,1
съдийския,1
европейки,1
внимавайте,1
повтарях,1
фамилен,1
прецениш,1
грациозни,1
пребиван,1
албатроси,1
асоциации,1
пулмолози,1
мършаво,1
дипломиран,1
софиянска,1
боб,1
джули,1
протегнах,1
сателитния,1
мечев,1
роджър,1
новозенландската,1
качулките,1
якетата,1
рашев,1
придружава,1
бодра,1
мъниче,1
намразила,1
метеорологична,1
прочут,1
милиардер,1
спипан,1
инкубатор,1
поемали,1
козевъдните,1
агония,1
психиатрии,1
mюсюлмански,1
чело,1
фоторепортерът,1
божкова,1
капризите,1
противовирусен,1
съблякох,1
аржентински,1
утвърден,1
контрапротестите,1
нюзрума,1
католик,1
закачали,1
ръкoводител,1
изчезналия,1
търковски,1
бележника,1
подем,1
пресрещат,1
таксиметрови,1
деветима,1
поръчение,1
ръководената,1
хайки,1
шивашки,1
възпитателното,1
осемдесетгодишна,1
вливане,1
въздържали,1
педагога,1
индекса,1
полуми,1
рибарска,1
чумна,1
кожен,1
одобрявал,1
бардак,1
пушачки,1
иззетото,1
чуто,1
собственички,1
евентуалният,1
еуфория,1
македонец,1
сутеньор,1
дребна,1
четмо,1
излежани,1
рекорд,1
вбесен,1
обмисляните,1
винови,1
забравиш,1
рождение,1
трениране,1
тестването,1
уредът,1
панагюрското,1
гроб,1
основе,1
забравиха,1
навява,1
футболисти,1
посъветвах,1
дебненето,1
вървяща,1
поднесено,1
оцелееш,1
хомосексулисти,1
австралиеца,1
лишените,1
гринговци,1
гаврилова,1
установяваш,1
перспективи,1
bgcecbb,1
забравено,1
замисъл,1
сифилис,1
теологическия,1
венциславов,1
тренчева,1
възстановихме,1
демотивиращо,1
цачков,1
наркориците,1
въдица,1
учудих,1
вадила,1
четиригодишен,1
загрижени,1
подлъгването,1
малангозова,1
анкетата,1
онеправданите,1
концентрирала,1
поприще,1
рейн,1
физкултурния,1
съжаляваш,1
закъснявали,1
матурите,1
препращат,1
абитуриентският,1
мирът,1
рождената,1
документни,1
ресторантьорство,1
еуфорията,1
папарак,1
яйцеклетките,1
английска,1
езикови,1
прекрачва,1
дадe,1
основателка,1
желан,1
поприща,1
водела,1
принудителни,1
фелберт,1
приканване,1
необятни,1
репродуктивният,1
съхраним,1
заминеш,1
съблекалнята,1
порязал,1
разгара,1
перат,1
сподвижници,1
немска,1
израснаха,1
влиятелната,1
излежаха,1
отчитали,1
лежащ,1
робов,1
преобърне,1
вестфалия,1
погребални,1
пенсионирана,1
всеобхватна,1
претърпяло,1
сесил,1
обикновеното,1
надзирателите,1
оневинен,1
мотопоход,1
натрупания,1
удушила,1
желаех,1
осъждаща,1
арогантен,1
наклеветената,1
чорап,1
председателката,1
анеза,1
рокерката,1
еди,1
възползваха,1
противопоставя,1
трафикирани,1
превъзпитава,1
белгиец,1
наметната,1
адам,1
общоност,1
изхвърчали,1
несвързани,1
наплюта,1
ралчев,1
оплаквайте,1
сарком,1
справил,1
заобиколили,1
бучка,1
изгаснала,1
любителския,1
напалихме,1
злокачествен,1
настигнат,1
вечеряли,1
доброкачествена,1
world,1
диализно,1
вардят,1
свойте,1
скарат,1
хищници,1
кардиналното,1
липсващ,1
бръшляница,1
четиригодишната,1
обирана,1
вълчанова,1
схванах,1
четери,1
несправедливото,1
сменена,1
съхраняваш,1
използваш,1
афганистанци,1
стоплила,1
лечима,1
изтърпели,1
джандара,1
покорна,1
съвместната,1
забранявам,1
кузманова,1
журналистиката,1
победят,1
казана,1
богородица,1
възвърнала,1
безмълвно,1
актуалното,1
адмирира,1
сключват,1
елза,1
владението,1
тематика,1
сутрешен,1
инвалидизирани,1
сродна,1
калкута,1
доизживее,1
прегледай,1
съвместимост,1
деветокласничките,1
уличени,1
блажена,1
катализаторът,1
изчистим,1
провъзгласява,1
доброволческа,1
фоторепротерът,1
мисионерки,1
уикенд,1
заснетото,1
предупреждението,1
пъшева,1
обитавано,1
исус,1
отсрещната,1
противопоставяме,1
белодробни,1
серпентини,1
средногодишният,1
наметнала,1
задълбае,1
главичка,1
налея,1
изпадал,1
станимира,1
сандвичи,1
летен,1
наливах,1
ориентирали,1
страдало,1
ендокринната,1
отрицателно,1
градено,1
потуши,1
ценното,1
препоръ,1
ката,1
студента,1
връхна,1
нетолериране,1
убеждаването,1
конфеденциалност,1
оневинили,1
карабашева,1
транссексуални,1
неспирни,1
грозданова,1
неуморен,1
подозрителна,1
цитираните,1
силното,1
отърсиш,1
солидарна,1
прочита,1
медалистка,1
давностните,1
дубравка,1
специалният,1
златната,1
изразеното,1
диализа,1
извинявайте,1
трогнах,1
почувстваш,1
бесен,1
усамоти,1
наказа,1
нараснат,1
отрежат,1
настроили,1
чудна,1
албанец,1
симонович,1
проучва,1
отбраняващ,1
info,1
haskovo,1
клекна,1
проповядва,1
пмг,1
камата,1
избито,1
католическата,1
тасева,1
преобразувано,1
перитонеална,1
некрасиво,1
метафорично,1
сегашното,1
повръщат,1
невъзможна,1
играчи,1
smart,1
левфем,1
дрогирано,1
замахна,1
отвърже,1
метлата,1
олюлях,1
затормозени,1
пенсионерът,1
хвърчи,1
стойо,1
одобряваха,1
придойдоха,1
танцьорката,1
разказават,1
уефа,1
меричлѐри,1
пресъздало,1
дрогирана,1
предстоящата,1
лавката,1
бахов,1
ослепителна,1
пресилено,1
джанаваров,1
отвлека,1
сезай,1
напудрено,1
толеранс,1
оная,1
загасяне,1
русата,1
позоваха,1
изхвърляне,1
противниците,1
онеправдани,1
дразнели,1
лакти,1
клошарски,1
звукозаписната,1
хранително,1
рейнджърката,1
хемодинамично,1
фоторепортер,1
псувня,1
гушева,1
уверих,1
съвместният,1
маркер,1
оправданието,1
вменяване,1
татковци,1
ултраконсервативни,1
приемало,1
уърлд,1
закрия,1
оринжд,1
изтезаване,1
прилети,1
аналогичен,1
байчев,1
кухи,1
енд,1
адресира,1
директорския,1
пенсионера,1
фрази,1
гласовити,1
популистки,1
помела,1
избраха,1
завършилите,1
истерично,1
kуцева,1
тебешир,1
прелива,1
микрообщността,1
доминиканската,1
вестници,1
тумба,1
балша,1
комбинират,1
йонка,1
пея,1
познала,1
паветата,1
безплатния,1
димово,1
sporty,1
бежови,1
одобрена,1
клубът,1
осигурили,1
утихна,1
кожено,1
люлея,1
търсената,1
бодигардове,1
сърди,1
наградата,1
непристойна,1
недоносените,1
разголените,1
палена,1
евроизборите,1
размирни,1
филмче,1
нарекла,1
северозабравени,1
късите,1
превъръща,1
конакчиева,1
зачеркнала,1
красимирова,1
логичният,1
телосложение,1
купените,1
фестивала,1
black,1
wicked,1
ярета,1
следвай,1
варадинов,1
nova_tv_,1
съдружници,1
изпусната,1
витали,1
утежняващ,1
келешчета,1
плеймейт,1
стилната,1
коза,1
пъдя,1
климентова,1
връчването,1
оглеждам,1
пайети,1
заложено,1
идолите,1
кръщенета,1
pink,1
черноморски,1
pretty,1
заменка,1
оскърбително,1
влезнахме,1
никому,1
помагайте,1
охрани,1
грамадите,1
евтаназирано,1
сватби,1
мечтаеха,1
virals,1
турбините,1
рапъра,1
евтаназираха,1
изнанада,1
подпалват,1
матеевски,1
осветена,1
келявица,1
обозначени,1
аналогия,1
незаслужено,1
разсеял,1
литра,1
бузува,1
руйно,1
ангелка,1
конспирацията,1
предумишленото,1
лиши,1
разпарчетосаха,1
несъбрани,1
активите,1
идващата,1
кандидатката,1
подчинен,1
съдова,1
контролирани,1
ехографските,1
намалил,1
дружествата,1
светлинна,1
стипцаров,1
съиздател,1
жалка,1
брацигово,1
пастрока,1
краха,1
виенската,1
разчетат,1
ескалирали,1
соклето,1
мигаща,1
отзовавал,1
допустимата,1
търкаля,1
обмислял,1
мантра,1
флорин,1
допускате,1
поддържано,1
изтръгнати,1
укрила,1
разпознало,1
излъчените,1
мешерето,1
подзащитният,1
правозащитната,1
директро,1
ефтимова,1
рецепционист,1
изтезава,1
ядат,1
удовлетворение,1
съобразителността,1
патрула,1
примамка,1
мюрсел,1
рубин,1
отмъквал,1
издебвал,1
крив,1
виваком,1
жасмина,1
хемоглобин,1
крива,1
техномаркет,1
маргинален,1
следователя,1
подлежали,1
амалипе,1
украинският,1
балистични,1
излизащ,1
брестник,1
предаванията,1
прешлена,1
лепенки,1
бременноста,1
ютуб,1
егоистична,1
структуриран,1
рекетира,1
кво,1
набедения,1
заключвана,1
москвич,1
подпряна,1
беее,1
дрогиране,1
разплаче,1
ежедневното,1
помело,1
гладувала,1
изказванията,1
злобна,1
наште,1
подготвяните,1
представлявала,1
автоматична,1
данка,1
заложи,1
указа,1
дребното,1
възпитахме,1
албум,1
предпазната,1
пространно,1
разширят,1
двумесечният,1
ежегодната,1
възпитаме,1
превъзпитателно,1
криминализирането,1
издържам,1
приетия,1
партиен,1
извивам,1
засилили,1
джиповете,1
спях,1
полицята,1
обработва,1
отсвирил,1
свличам,1
предполaгаемият,1
сакскобургготски,1
отсвирили,1
неуспелият,1
съобразявам,1
активи,1
налаган,1
доноси,1
червей,1
изкова,1
ремаркето,1
рапицата,1
скачала,1
прекарваш,1
дончев,1
злобната,1
тачев,1
разпарчатосани,1
свързвана,1
траншове,1
оплюе,1
дивидент,1
светлинната,1
отпише,1
усвояването,1
споделяш,1
рапърите,1
позная,1
разпределяли,1
пасища,1
двайсетина,1
деколтета,1
занесем,1
наизуст,1
четвърътък,1
провеждащ,1
лаута,1
грация,1
озарителна,1
подкрепила,1
американецът,1
стотен,1
ваше,1
рухнали,1
следобедни,1
целогодишно,1
джуфре,1
metoo,1
приложими,1
съставомерните,1
събрахте,1
преодолят,1
селфитата,1
проституиране,1
звънец,1
хрониката,1
изброи,1
влиятелното,1
изкъртен,1
санкт,1
момченцата,1
разделяща,1
фиорентино,1
озаряваше,1
неудобна,1
приемете,1
брандън,1
етажната,1
осъзнаваме,1
осиновен,1
десетобалната,1
искреността,1
евронюз,1
осуетено,1
дерменджева,1
правилен,1
аграрното,1
качите,1
летищата,1
кентърбъри,1
признавал,1
управляваше,1
застрелят,1
айлънд,1
ветеринарните,1
реалистично,1
дипломатическите,1
обтегнатите,1
неефективен,1
афектът,1
проработи,1
бойкотът,1
лонг,1
образи,1
загърбиха,1
сериалите,1
заминавали,1
джефри,1
мениджмънта,1
чарлз,1
отидохте,1
казахте,1
примирите,1
регистрацията,1
почувствахте,1
изплакала,1
престолонаследника,1
откриете,1
екстрено,1
принц,1
израсналият,1
огнища,1
шапката,1
новодомците,1
дамско,1
оглеждат,1
метеорологични,1
извънматочната,1
беласица,1
сближило,1
обходили,1
повтарял,1
бълария,1
изпълнителното,1
бенкова,1
говореха,1
гърчила,1
мальовишкия,1
посредникът,1
лещова,1
земеделският,1
класно,1
kампанията,1
здрависваха,1
the,1
мечтаеш,1
приключението,1
панаир,1
измина,1
каменистия,1
събеседникът,1
подвиквания,1
подкрепено,1
нулата,1
сноубордът,1
хобитата,1
orange,1
миладин,1
сливащи,1
кончето,1
заслон,1
транспарант,1
буюклиева,1
зает,1
готвач,1
свирене,1
писна,1
тевлефон,1
мигна,1
чеци,1
удавника,1
въдичарят,1
всесилната,1
отцепиха,1
сноуборд,1
заличила,1
дразнят,1
клаксон,1
прегръщам,1
таймс,1
гизнаят,1
доналд,1
търновомомичетата,1
усмихваха,1
настоял,1
суплес,1
склонността,1
напълва,1
дюлгеров,1
божидаров,1
инциндента,1
подслонил,1
никакави,1
курило,1
спусне,1
двореца,1
невръстен,1
строителния,1
шерцингер,1
паркланд,1
северин,1
сведени,1
узнаете,1
престиж,1
маджарово,1
завиждане,1
еватаназирани,1
прегазвани,1
оформено,1
двудневна,1
шардън,1
предизвикването,1
пребивала,1
забравете,1
разказвала,1
терористът,1
отвертка,1
труди,1
pulseandyou,1
pulsefitness,1
boy,1
холандецът,1
княгиня,1
babyshowerparty,1
закъса,1
потъпкват,1
властови,1
внасяме,1
наблюдавам,1
пишещи,1
автомата,1
обременено,1
окръжното,1
пaк,1
съпоставянето,1
привлека,1
бдения,1
призовете,1
зори,1
стада,1
хасковски,1
загробени,1
mar,1
сечения,1
sep,1
karenking,1
amor,1
кецове,1
покачило,1
накарало,1
всекидневие,1
пресели,1
megatan_cosmetics,1
северозапад,1
тен,1
избирам,1
отнесла,1
пожелаят,1
адреналинка,1
недохранена,1
ликвидацията,1
aug,1
икономист,1
metime,1
евровизия,1
pulsefitnessspa,1
песенния,1
старозагорският,1
студен,1
отървем,1
прерязвайки,1
релакс,1
was,1
гафовете,1
фотостудио,1
спа,1
закрихме,1
джакузи,1
повтаряха,1
уютна,1
crime,1
осакатени,1
носител,1
готина,1
привърженик,1
трийсетсантиметрова,1
откачалките,1
провокацията,1
куклата,1
предпочитана,1
съображенията,1
кумир,1
оперативното,1
съсредоточени,1
черноград,1
безполезен,1
харесвате,1
айтоското,1
наетият,1
дъскотна,1
доплащанията,1
апатичното,1
честито,1
размерите,1
легер,1
легендарни,1
заканвала,1
мисловния,1
мари,1
сотиров,1
притесняваш,1
джебчийство,1
огнепроводен,1
бойна,1
опасяваха,1
шартън,1
капсулдетонатор,1
пресовка,1
оперираме,1
тротилова,1
кандидатите,1
дебнат,1
forever,1
мондиал,1
невротични,1
ивка,1
шериф,1
постоперативния,1
клетви,1
комоциум,1
репродуктивните,1
army,1
предприемайки,1
въоръжаваме,1
пускал,1
инкриминира,1
apr,1
затоври,1
неудволетвореност,1
цезарови,1
селта,1
малцинствен,1
страхотна,1
седяли,1
личностни,1
екситър,1
ревнуват,1
разтърсена,1
осезаеми,1
разсъждава,1
разсъждавахме,1
действахме,1
минимизират,1
класи,1
съществуващия,1
отнемеш,1
размахване,1
безперспективния,1
сътрудници,1
изпълняваха,1
преживеният,1
немските,1
цигарите,1
класничката,1
старозагорските,1
различното,1
докарва,1
обичайна,1
допълнено,1
теоретично,1
свършим,1
сполетяла,1
караулката,1
ровят,1
апелативеният,1
некадърни,1
съобщаването,1
споменаваше,1
игнорирайки,1
неудобни,1
постигната,1
лъскате,1
рулеви,1
заключвала,1
рсбоп,1
реагиране,1
разкривала,1
състудентка,1
изкопа,1
крещете,1
залитнах,1
надуха,1
удвоил,1
подминавам,1
сплашен,1
разправям,1
траеше,1
секторите,1
златарско,1
удряш,1
стачки,1
летница,1
пройчев,1
игрална,1
престанете,1
излекуват,1
постепенното,1
отпусне,1
манталитет,1
облагодетелствали,1
естетиката,1
каруцата,1
детонацията,1
хърватия,1
избягалия,1
разлики,1
диспропорции,1
мазнини,1
восъци,1
видът,1
проплакване,1
замисляли,1
изчисления,1
прекомерната,1
коментирав,1
трогателен,1
славейко,1
гергененова,1
изказани,1
селцето,1
убеждавала,1
пресъобщение,1
затиснато,1
подплашил,1
почитател,1
изявени,1
евросъюза,1
космополитни,1
контролен,1
равнища,1
концентрирана,1
пеем,1
срутените,1
успокоих,1
готвените,1
връчвана,1
полемики,1
споразумял,1
кръстът,1
ловешки,1
казазанлъшко,1
порасналото,1
разследваща,1
конструира,1
кирякова,1
пълномощия,1
минкова,1
опиване,1
хълбочната,1
изтървах,1
излъчени,1
укрепване,1
подмина,1
понятие,1
коленете,1
биещите,1
донорски,1
драскотини,1
травматизирана,1
комшийка,1
дарили,1
замисля,1
фланели,1
преснела,1
гамишев,1
паркингът,1
патолозите,1
подозрителни,1
невалидно,1
калкан,1
паркомястото,1
намести,1
конструктивно,1
отсякоха,1
плащана,1
манолев,1
псува,1
грацията,1
внеса,1
счетоводителя,1
гецов,1
договарят,1
концесионер,1
отивах,1
дърводобива,1
образования,1
откопчи,1
целели,1
мълчете,1
тревожели,1
разтрогването,1
брачният,1
обиколих,1
увеличила,1
поясно,1
изместих,1
проникна,1
животозастрашаващите,1
травматичните,1
дрямка,1
отдръпнах,1
отместих,1
рецедив,1
годишината,1
разплатя,1
мотивираха,1
нещастни,1
зоконопроект,1
хазяйнът,1
периодa,1
причакване,1
упражняващите,1
намаляла,1
водиш,1
черноморските,1
отнасящи,1
жалва,1
вълчо,1
тесните,1
приспадат,1
разпищя,1
ателието,1
давах,1
трясъка,1
салдо,1
отказвах,1
наканят,1
чудовище,1
преосмисля,1
солидно,1
внос,1
рекат,1
пребиеш,1
външнотърговското,1
наследствена,1
окончателни,1
хемодинамика,1
осигурявали,1
шанова,1
бална,1
досегашните,1
гражданскоправния,1
гнезда,1
фактури,1
процентно,1
антикорупционната,1
лумбални,1
заето,1
триметров,1
взривното,1
хвърчат,1
входове,1
заподозряния,1
отделено,1
велосипедист,1
салдото,1
пиргово,1
подскача,1
румънки,1
надгробен,1
съставът,1
лекият,1
тъпче,1
изкарвали,1
заградената,1
трилентов,1
мойсевия,1
нощувала,1
катастрофираха,1
унифициран,1
севдалина,1
участващата,1
тежкотоварен,1
задрямала,1
развален,1
шивашкото,1
девора,1
похарчили,1
работоспособни,1
балона,1
чужденките,1
посещаваше,1
андреево,1
кунчева,1
откарали,1
разтрогване,1
велосипедистка,1
попчев,1
пратени,1
откъснала,1
персоналният,1
страничния,1
споделени,1
телфон,1
покосен,1
изходи,1
преживяемостта,1
посвещавам,1
освобождават,1
измерва,1
повишил,1
преминавам,1
язди,1
сериала,1
централизиран,1
блестящи,1
равнявайки,1
животински,1
нищожна,1
borbazadah,1
охайо,1
mail,1
сформиране,1
очаквана,1
завършващият,1
iliqna,1
желаели,1
влоших,1
народото,1
нестабилно,1
задъхвам,1
випуска,1
прекършено,1
вероизповеданията,1
съпричинителите,1
поддържаща,1
подминават,1
пречупени,1
гордееха,1
скъпоструващата,1
оставащите,1
пеех,1
отчетения,1
споделеното,1
настройвам,1
вноса,1
плейбой,1
преряза,1
изпарил,1
пиковия,1
мизерстват,1
cif,1
закрепят,1
стойностният,1
английския,1
домакинствата,1
oчаква,1
наръгвания,1
академик,1
отгледан,1
късната,1
контролиращ,1
разпилял,1
прескочила,1
изпълняваше,1
документирали,1
задръстването,1
пускан,1
hristowa,1
километрично,1
растителен,1
прокурорски,1
сметне,1
прабабата,1
замесено,1
убедиха,1
повери,1
нормативният,1
браница,1
прескачала,1
заклевам,1
святото,1
стоматоложка,1
изчистен,1
инциират,1
продължителното,1
състоеше,1
аспирина,1
винтристин,1
лекарствва,1
мими,1
пропуснатите,1
онкохематологични,1
запазен,1
публичните,1
еврокомисарят,1
изкъртено,1
западния,1
груба,1
револвер,1
цифровото,1
цифровата,1
брани,1
еврокомисаря,1
ползи,1
дарителските,1
облекчаване,1
средщу,1
предоставиха,1
преводачът,1
анюта,1
качева,1
откриваема,1
скалпа,1
стреляйки,1
oперации,1
платформатa,1
годишена,1
обучат,1
свлякло,1
дългосрочната,1
съвпадна,1
секторен,1
мулти,1
налитал,1
конфликтните,1
солено,1
изявява,1
захвърли,1
привикването,1
натъкваме,1
будят,1
трезва,1
пианистка,1
слънчогледите,1
фотосесии,1
тревата,1
съпричастно,1
ревюта,1
изтегля,1
реклами,1
осемхилядника,1
корчев,1
шиша,1
трайни,1
теглят,1
арменкова,1
търновските,1
житен,1
нурсел,1
пострдалите,1
залитнала,1
нотариално,1
сипеи,1
зрелищна,1
кабуров,1
откачане,1
регламентацията,1
въвлякоха,1
търновалийски,1
личев,1
покръстител,1
земеделското,1
изпразват,1
правоприлагаща,1
издължени,1
изработване,1
яким,1
разпратено,1
мотиката,1
показващо,1
дружат,1
крупни,1
разпратен,1
едновременни,1
разбудени,1
прогонил,1
канадския,1
разкъсват,1
стресирано,1
провериш,1
сходна,1
овластяване,1
питбули,1
отдалечило,1
изтощено,1
самоосъзнатост,1
щатите,1
преставала,1
спасово,1
лейк,1
свинекомплекса,1
солт,1
трепетно,1
принуждаван,1
детективска,1
съгласувани,1
открило,1
показан,1
пратеници,1
ницова,1
оглушителен,1
хванато,1
момичe,1
дърпан,1
деветгодишният,1
междуинституционален,1
едричкото,1
индиго,1
ценната,1
кошари,1
питани,1
помакова,1
пакетчета,1
бране,1
употребяваме,1
оправдаваме,1
издаваме,1
правоприлагащи,1
заделило,1
базисни,1
пасивните,1
подложила,1
норвежкото,1
смядово,1
похватите,1
лидерските,1
сложното,1
издърпано,1
неспокойно,1
търчане,1
повалило,1
суъченички,1
дългоделци,1
нахапана,1
маже,1
недвижимите,1
помитане,1
catro,1
порицавана,1
търсач,1
уплаха,1
прекарвал,1
василево,1
пангма,1
звездно,1
сбила,1
хималаите,1
мандинска,1
ресурсните,1
детeто,1
самосъхранение,1
йовка,1
избутал,1
седмиците,1
отнасяха,1
заложена,1
първолета,1
обосновани,1
опиуми,1
развалили,1
целувка,1
подложат,1
пречерняха,1
варненецът,1
общообразователните,1
захват,1
барабани,1
отличаващи,1
звъняхме,1
стипендиант,1
отряди,1
яни,1
пробвал,1
набедено,1
отхвърлян,1
tеренът,1
хапне,1
сменило,1
услужливите,1
горист,1
пазела,1
мобилността,1
посетен,1
градско,1
бръмнаха,1
верно,1
програмирано,1
премии,1
исперихската,1
лозарска,1
пробужда,1
побесняла,1
палец,1
земетръс,1
непосредстено,1
повиках,1
заели,1
получавахме,1
разтоварването,1
приключение,1
багажите,1
нотариална,1
улеснят,1
законодатеслвото,1
листове,1
присаждане,1
прерастнал,1
дърпаха,1
извил,1
облагодетелстване,1
луноход,1
козирка,1
шише,1
усложниха,1
комшийката,1
рамене,1
пападопулу,1
първомайско,1
концлагер,1
мазета,1
хърватска,1
козирки,1
матка,1
упълномощава,1
ангажирам,1
твн,1
цветослав,1
тръгвало,1
изобретателност,1
стрелна,1
явленията,1
разчистени,1
наранявали,1
лягаме,1
отмъкнаха,1
пищеше,1
надхитрим,1
надви,1
насилиeто,1
пързаляше,1
продложения,1
мистър,1
prix,1
grand,1
строителната,1
бухалките,1
съдебнатата,1
потомка,1
затънтено,1
параклис,1
перущица,1
компетентно,1
оценявани,1
загрявал,1
подминал,1
закрилница,1
заговорил,1
транзакции,1
конкурираха,1
срутената,1
извършвала,1
пожелаеш,1
затворника,1
къртят,1
титлата,1
задлъжнялост,1
захарната,1
отломките,1
повел,1
притекло,1
шерпите,1
реалисти,1
допустима,1
осмокласникът,1
надвиснал,1
къртев,1
лавчийска,1
войводово,1
подминаха,1
укрепили,1
паянтова,1
хвърляне,1
йовита,1
брястово,1
студеничко,1
отбиват,1
обхождал,1
машинката,1
засякъл,1
засилената,1
възползвали,1
жечева,1
оценил,1
цъфтяло,1
вънов,1
чуруликали,1
топва,1
ансамбълът,1
зародиш,1
предова,1
снеговете,1
проникващо,1
десети,1
разкритие,1
прокурорските,1
бездомно,1
драстичния,1
разприте,1
сюжети,1
залъгвали,1
витания,1
земите,1
месията,1
изнудвани,1
възкресява,1
поглъща,1
изхвърлената,1
проявеното,1
налъмите,1
девня,1
калориите,1
гостоприемство,1
уточнено,1
забърсала,1
хавлиена,1
рекетирали,1
простих,1
евангелски,1
взимаха,1
неизменен,1
йордания,1
записвала,1
набелязвали,1
потенциал,1
доверявали,1
индийски,1
симулирали,1
вълнуващите,1
шийните,1
запознавали,1
струващи,1
уреченото,1
насочвали,1
торбичката,1
портокали,1
обещаваното,1
разведените,1
редуцирането,1
узаконяваме,1
семейстов,1
садистичен,1
ямболско,1
туриста,1
рай,1
паниците,1
заставен,1
миграционни,1
измъчван,1
замълчах,1
прокуратуера,1
токова,1
лазарица,1
ядеш,1
кандидатствала,1
плащанията,1
охранявани,1
мъченик,1
средновековни,1
налъма,1
диетата,1
гражденски,1
ръкописи,1
младоженците,1
боричкане,1
словесният,1
тридневна,1
отчетат,1
празнична,1
въздържание,1
налъм,1
престъпнта,1
провъзгласен,1
доказващи,1
китион,1
несемейните,1
изнудваните,1
заработеното,1
усмивките,1
принудителрно,1
глогинка,1
телевизори,1
отнемания,1
убождания,1
противозаконни,1
микровълнови,1
натъква,1
патоанатом,1
западно,1
десетгодишната,1
здравословна,1
имитиращи,1
пръскат,1
предприемача,1
звъняхте,1
фитнесът,1
измествайки,1
срутила,1
епизодичните,1
поразии,1
четворния,1
задълбочил,1
сливенските,1
животоспасителни,1
ралчева,1
пострадалoто,1
крадеше,1
посегателствотo,1
химическата,1
кастрация,1
преценете,1
малчуган,1
закъсняване,1
твърдата,1
учело,1
матури,1
обвинявана,1
деветокласници,1
фиктивно,1
челюстна,1
преживяване,1
художници,1
епопея,1
чакани,1
примамвали,1
замислих,1
спиридонов,1
позвънял,1
омъжват,1
унижила,1
мислейки,1
дъбник,1
спомогне,1
космическа,1
нарисувай,1
придобитите,1
парамедици,1
нещастният,1
разделените,1
гдгп,1
показни,1
веселинка,1
китайско,1
позвънили,1
посрещната,1
гръбначна,1
чуждите,1
придържаха,1
подадената,1
пръскаха,1
заварваме,1
повикани,1
простихте,1
съвременният,1
прелятото,1
нарочената,1
репродуктивен,1
овладяни,1
покачвала,1
ознаменува,1
общественоопасен,1
престижното,1
жаблянов,1
ненаказани,1
безучастните,1
прецизирани,1
напишат,1
обжалвани,1
закъснелите,1
шепата,1
бабсън,1
ubita,1
базира,1
осъдителните,1
масларов,1
мезонета,1
мошеничество,1
метнала,1
лъскави,1
моралът,1
статия,1
прецизиране,1
подложиха,1
навлизат,1
образователният,1
наложа,1
реколта,1
раззеленилото,1
уязви,1
ориза,1
етиката,1
рязка,1
кондов,1
предсeдателят,1
манекенката,1
бием,1
пасивното,1
понятията,1
съществуваш,1
каралийчев,1
финалисти,1
преодоля,1
заставяни,1
борсови,1
обръщайте,1
скленарикова,1
калайджиева,1
въздържал,1
развиване,1
кроношпан,1
блага,1
достойният,1
колективно,1
безпомощното,1
инкриминиращи,1
възлязла,1
подготвените,1
отдаване,1
изработеното,1
колидж,1
полeзрението,1
интерактивна,1
бостън,1
класациите,1
консенсуса,1
препратки,1
инкриминирането,1
мезонет,1
спомага,1
вупертал,1
извеждаме,1
аха,1
амх,1
ближния,1
изкореним,1
допуснатата,1
честват,1
превенционните,1
дължиш,1
законовият,1
белтъка,1
вчерашните,1
директорка,1
албумин,1
източва,1
бузките,1
тръста,1
влзе,1
комина,1
китки,1
пушачески,1
пухкава,1
длъжностна,1
разговаряше,1
характеристика,1
поето,1
обезобразя,1
заболявамне,1
мастийо,1
ревнивеца,1
артрит,1
гневен,1
женене,1
хапвах,1
навлязох,1
притъпя,1
невестински,1
редуцирания,1
пропушили,1
политизират,1
сабореен,1
закичени,1
регистрираното,1
балета,1
записване,1
вегас,1
дерматит,1
възхваляват,1
лас,1
реките,1
катастрофиралия,1
лазарките,1
сметосъбираща,1
затрупаха,1
развиктория,1
среднощния,1
почвам,1
лечева,1
хематологията,1
стряскащата,1
вносителят,1
извървиш,1
съхранени,1
домшното,1
шума,1
шумове,1
вносител,1
гондола,1
непочистено,1
ергени,1
сдържат,1
изневиделица,1
женим,1
овчари,1
говедари,1
коняри,1
лазарки,1
карвуна,1
пасивно,1
плъхове,1
ексклузивни,1
идеалното,1
честита,1
посегателите,1
рови,1
представата,1
мнениe,1
чукаме,1
предупреждаван,1
размахвал,1
туристически,1
аярова,1
лъчезарни,1
зъбер,1
отклони,1
разплакала,1
покорява,1
кашиков,1
регламентираните,1
техната,1
отнасяме,1
спонсор,1
изразходване,1
неканените,1
скакля,1
спречкват,1
водопада,1
дефиле,1
материалът,1
пронизал,1
власите,1
дръндаров,1
задълбочиха,1
насилия,1
припише,1
укорими,1
бюрер,1
намушканата,1
обвиняваната,1
прекъсната,1
митаровот,1
заслужилия,1
готвила,1
боляха,1
лозунга,1
рисърч,1
простреляните,1
навестяват,1
бюджетните,1
изплащали,1
неявяване,1
отвлича,1
скриха,1
отмъкнала,1
предотвратената,1
локализирали,1
граничещ,1
дъски,1
предиобед,1
отвесен,1
багажниците,1
изрядни,1
отклонило,1
маршрути,1
разрушени,1
превел,1
проституиращи,1
александов,1
мошениците,1
престрашават,1
искърското,1
погнуса,1
отрекох,1
управа,1
отделих,1
разпитваше,1
живописен,1
преглъщаш,1
ядосваш,1
присвoява,1
чувставата,1
сбихме,1
способ,1
алпийски,1
олекнала,1
шефката,1
евакуирали,1
лъча,1
кръчмарова,1
франс,1
прес,1
мобилизирани,1
лабилна,1
преселници,1
обръщалото,1
справедливия,1
хариета,1
съставяни,1
сметна,1
камчиков,1
промит,1
вървели,1
нахапали,1
acts,1
живещи,1
подгонили,1
берон,1
инкасатор,1
прлисъдите,1
началниците,1
наличността,1
ежемесечни,1
готвило,1
своевременното,1
общувало,1
стеснително,1
сплашвал,1
домови,1
териториална,1
инспектора,1
проходима,1
рухна,1
координационни,1
наклонностите,1
заприказвал,1
гарибян,1
възпират,1
разпространили,1
отгледали,1
водомерите,1
изповедта,1
попълнили,1
стажувала,1
насилваше,1
аярови,1
патрулна,1
прибирало,1
ненавършили,1
отдалечил,1
депутатски,1
кратункова,1
координиращ,1
напръскани,1
целево,1
захващаш,1
повредиха,1
унищожили,1
тавание,1
наглото,1
панаьотова,1
отчаяни,1
продължавали,1
бръкнал,1
предупреждавани,1
крушката,1
fine,1
скрило,1
салиев,1
преустановят,1
добере,1
самонастанили,1
стабилизирала,1
нашествениците,1
метин,1
шейнбаум,1
издирвали,1
клаудия,1
разгонвал,1
преследвано,1
замяната,1
репродукцията,1
неоправдана,1
неотложно,1
мазохизъм,1
паркираните,1
зарязала,1
тясната,1
потърся,1
неприятният,1
драг,1
стопанисваща,1
обезвреден,1
издирили,1
чекът,1
елешница,1
интубирани,1
превозните,1
дограма,1
опашката,1
носове,1
опожаряване,1
злоупотребяваше,1
облитане,1
аспиратор,1
папульо,1
придвижвал,1
спецотряд,1
заразя,1
водното,1
изпотрошила,1
ценев,1
курортен,1
набелязаните,1
рекетирането,1
обитателки,1
къщатата,1
семинара,1
сбъдвам,1
камчия,1
тихомира,1
преследваше,1
привързана,1
управляващото,1
отрицанелно,1
пързалка,1
постолет,1
състезавало,1
новоприетите,1
оттегляни,1
облитат,1
позвънят,1
аквапарк,1
изяснила,1
настилка,1
разделен,1
отправяли,1
затруднена,1
здравата,1
чакълеста,1
небивалици,1
плувна,1
спускане,1
ухапало,1
дащеря,1
болкиран,1
потересена,1
издевателстват,1
скромни,1
повлияна,1
празненствата,1
плувци,1
пързалката,1
пристигналата,1
епизодични,1
скенери,1
изнудван,1
китанов,1
хюсние,1
вaрна,1
минаващо,1
обезвреждат,1
контролиращо,1
разделям,1
адаптирани,1
изтървани,1
бизнесклуб,1
проходилки,1
прототипи,1
измамница,1
мостри,1
склоняват,1
зачитани,1
осъдил,1
заменя,1
сравним,1
ремонтираната,1
прелетях,1
излив,1
адска,1
костев,1
разделило,1
съразмерни,1
вдовци,1
идеалните,1
затиснала,1
измамницата,1
имотния,1
предоставяме,1
ограничителите,1
тераси,1
адресирана,1
предупреждавал,1
имуществен,1
трамваите,1
доставчиците,1
накова,1
трейд,1
отиваше,1
видеонабюдение,1
притесня,1
изплащала,1
управителния,1
опипал,1
вдигналия,1
чикаго,1
ползвател,1
фобия,1
затичало,1
слязло,1
проектантско,1
външността,1
местат,1
напакостяване,1
комплимент,1
отскубнат,1
преминавало,1
покриване,1
клекнал,1
двегодишна,1
враждебност,1
българчета,1
ватманка,1
специалитите,1
аведение,1
представително,1
ненавременна,1
спеша,1
елен,1
нататъшната,1
травматичния,1
алуминиевата,1
осиновени,1
комуни,1
департамента,1
предполагаем,1
добавка,1
изплащана,1
екплоатационен,1
неимоверни,1
скитат,1
малформация,1
събудих,1
акценти,1
гатева,1
ключовия,1
отдругия,1
растежът,1
отличници,1
имиграцията,1
таксиджия,1
вестниците,1
пестим,1
късни,1
палим,1
нбу,1
хабя,1
слагам,1
фенерче,1
граничната,1
мъждука,1
светлинка,1
витамин,1
разписал,1
възложих,1
банички,1
хава,1
заявител,1
указало,1
изпълняващ,1
изграждаме,1
развиваме,1
атакуваме,1
реваншизъм,1
изпия,1
белергамина,1
задоволството,1
възстановено,1
създаденото,1
кадровия,1
недоумението,1
поканен,1
туба,1
сърдя,1
тюхкаш,1
съизмеримост,1
отдясно,1
звучащо,1
поутихна,1
дюлата,1
крушата,1
мафиоти,1
прикачат,1
умееше,1
следователите,1
психоклиника,1
присвоил,1
отляво,1
окачествя,1
корумпирано,1
катерички,1
борове,1
пипайте,1
докосвайте,1
плащате,1
извиненията,1
изслушано,1
анастас,1
номенклатура,1
депутатският,1
татарчев,1
куфарчета,1
лекции,1
раздаването,1
външнотърговски,1
пророни,1
монтиране,1
онемели,1
покрият,1
догадки,1
разрови,1
сърцат,1
канеха,1
хранехте,1
маскарят,1
зърнена,1
експлоатира,1
подслушвали,1
душекос,1
омекотиш,1
дорасли,1
считаше,1
колесници,1
социалистически,1
иззел,1
консервативна,1
сексистка,1
напънем,1
олекват,1
дванайсет,1
недейте,1
сем,1
любезност,1
конфискувани,1
евангелия,1
xvii,1
иxix,1
арман,1
парада,1
диагнозите,1
светския,1
белодробния,1
апликации,1
ефремова,1
украсата,1
преоткрива,1
вълнуващо,1
забранявано,1
разтреперен,1
звънне,1
упътва,1
градинарова,1
отрезвяване,1
отлагали,1
пикът,1
затишие,1
поднесла,1
заледения,1
налеят,1
маршовата,1
армейските,1
изпи,1
шпионаж,1
ожесточеност,1
демонстрирайки,1
петро,1
одраскано,1
запазената,1
прекомерното,1
силовото,1
осакати,1
паралелната,1
функционалната,1
пиеше,1
обособи,1
подслушването,1
борисовпоследното,1
изпусне,1
прессулжбата,1
приемливо,1
измерваме,1
попречила,1
съзнавали,1
отхвърлено,1
фамилна,1
развълнувано,1
изпили,1
сандева,1
белергамин,1
успокоителните,1
изнасилвачът,1
съжаляват,1
преценките,1
отрови,1
косвен,1
умъртвява,1
непослушанието,1
давление,1
клякания,1
стоене,1
нери,1
обремененост,1
казвай,1
милиционер,1
слизаме,1
обидното,1
неокончателните,1
съпружеското,1
законодателства,1
постъпки,1
изследовател,1
изплъзне,1
преглътне,1
прегърне,1
удрям,1
демонстрираха,1
прекарам,1
израснали,1
господарят,1
слугинята,1
кандидатсване,1
стипендиите,1
потиснато,1
психопатология,1
търпели,1
етноси,1
расистко,1
скинарите,1
аквакултури,1
щабове,1
рибарство,1
нахрани,1
шаран,1
обсебена,1
фолк,1
въдиците,1
опрости,1
лови,1
запява,1
скотове,1
кучки,1
некоректен,1
противоуставно,1
расистка,1
подбуждат,1
прося,1
упрек,1
стреляли,1
разкрасяване,1
вечеряте,1
кънева,1
безпокойство,1
деана,1
изял,1
пластичният,1
бюст,1
абитуриентки,1
отопластика,1
новородената,1
препоръчителната,1
гримирани,1
държание,1
нокаут,1
бойния,1
клонинги,1
размирици,1
наследил,1
непрестанната,1
отвлекат,1
прочети,1
чуй,1
национланата,1
прекрачвал,1
snishkova,1
парфюми,1
мириса,1
mfa,1
заменял,1
goverment,1
мирисът,1
поставих,1
ескалираха,1
unesco,1
замерваше,1
трошеше,1
animus,1
вникни,1
таекуондо,1
опростят,1
зекие,1
нечии,1
купена,1
катерица,1
луканови,1
знаковото,1
губяможе,1
напуснахте,1
съставляват,1
изпитахте,1
еленкова,1
разчупят,1
съчинени,1
посрещате,1
градило,1
потискам,1
раздрусана,1
летяла,1
безоблачно,1
семействототрябва,1
защотодомашното,1
връщате,1
предпазя,1
имахте,1
посвенят,1
травмирам,1
домофонът,1
енерджи,1
тогавашната,1
люляк,1
момини,1
поискате,1
спортиста,1
омлет,1
застахователната,1
приготвя,1
борчета,1
провиснала,1
избягалиали,1
събудихме,1
страхлив,1
намушквания,1
митичния,1
биографичен,1
зандан,1
представяната,1
изпитаха,1
прасковени,1
приповдигнато,1
потичат,1
натрупалия,1
приеми,1
централното,1
верижната,1
извозят,1
идейката,1
закъсалия,1
електропроводи,1
скъсаните,1
кърджалийско,1
възстановен,1
бедстващото,1
каменарци,1
спринта,1
виртуалното,1
русчушки,1
аналог,1
догони,1
прибран,1
караджа,1
сабята,1
съзряването,1
експозиции,1
обновения,1
станичич,1
великотърновци,1
вести,1
работният,1
търновец,1
коренището,1
несправедливо,1
вписват,1
жалвал,1
цани,1
пречим,1
гърка,1
подценил,1
борейки,1
борел,1
отпътуването,1
свестни,1
непокорен,1
командвам,1
безкрайна,1
частица,1
налагам,1
къдрици,1
осъдено,1
неприкосновен,1
подкрепяше,1
стативи,1
оглеждане,1
рисувани,1
изпадали,1
душевно,1
цицина,1
лъган,1
раздаваше,1
доверчив,1
палаханска,1
електронно,1
разумът,1
надделее,1
маневрата,1
изпреварващият,1
подсъзнание,1
изпреварвала,1
пътничка,1
комунизмът,1
изпреварващата,1
импровизираното,1
доростела,1
кате,1
погледнал,1
оформят,1
замайване,1
мокрото,1
гилдия,1
лимфните,1
привилегировани,1
лапароскопия,1
деформирана,1
меджита,1
квартарла,1
лапароскопския,1
корани,1
полициаите,1
четяли,1
безкръвна,1
асеновградчани,1
нагълтала,1
троакар,1
преснимат,1
задействал,1
квото,1
предпазен,1
слушаме,1
клапан,1
четял,1
мигач,1
овъглено,1
самозапалила,1
сбивания,1
възли,1
заляла,1
кристияна,1
вряла,1
заляло,1
цънцаров,1
европарламента,1
искрата,1
топлината,1
носеща,1
овъгленото,1
поучава,1
трачева,1
скъсано,1
одмв,1
рибник,1
петричката,1
елитните,1
ироничен,1
производствена,1
мажоритарен,1
коларова,1
семинарията,1
бръкнала,1
латинова,1
оплакването,1
изпрал,1
екстрадиционно,1
офшорната,1
призована,1
запалим,1
племенничка,1
падам,1
мръдне,1
проходилката,1
стихват,1
рафилка,1
безверието,1
знайните,1
симоенова,1
установих,1
служилото,1
гинекологичният,1
съвеста,1
божий,1
санитарният,1
неведоми,1
cecbbgsfв,1
гачеваbic,1
ивова,1
банкадарителска,1
развълнувала,1
коварната,1
топченце,1
напипах,1
отрих,1
транспортът,1
посрещаме,1
окомплектован,1
анамария,1
кметствата,1
министърката,1
несвободно,1
подобряването,1
обслужването,1
понижи,1
стрелки,1
неразрушима,1
объркват,1
обратният,1
ущърб,1
съкращения,1
изпуснати,1
запалителните,1
проработила,1
ускоряването,1
изоставяне,1
заявките,1
отхвърленото,1
разказвам,1
враждуващи,1
пълноценна,1
заобичах,1
децентрализацията,1
разревах,1
гушна,1
учителският,1
неудача,1
приписваме,1
политизира,1
изравняването,1
поставян,1
самозапалването,1
фонтана,1
самозапалилата,1
начертан,1
приказват,1
градчета,1
провинциалните,1
тотю,1
изравни,1
съобразяване,1
конфедерацията,1
троакарът,1
хлътнал,1
преотстъпила,1
обвързани,1
ганев,1
снабдяване,1
разрешителен,1
преведени,1
подчинени,1
издържим,1
посредничество,1
преработен,1
факел,1
праговите,1
осветителен,1
изделие,1
намалихме,1
подгумер,1
внедрявали,1
запбезопасност,1
замервания,1
околна,1
делигирани,1
включителсно,1
взривеният,1
барутния,1
хирургическо,1
снаряда,1
опитният,1
калкас,1
ловнидол,1
взривяват,1
трейдинг,1
кадрова,1
военнослужеща,1
разтоварване,1
берета,1
снаряди,1
разтърсват,1
работещ,1
заземителни,1
ненадеждни,1
компенсирания,1
контролираните,1
превишения,1
меджитът,1
римската,1
опушено,1
заключвано,1
пенова,1
фелдшерка,1
разкритикуваха,1
археологически,1
находките,1
правозащитници,1
обиждали,1
ситуирана,1
рдг,1
превоза,1
византийска,1
епоха,1
извършваща,1
бронзови,1
констативния,1
превозен,1
катинар,1
оскубала,1
изподрала,1
четиригодишна,1
атмосферния,1
реформиране,1
измерване,1
актюери,1
ранов,1
прогнозират,1
доброволния,1
муниции,1
евакуирани,1
пенсиониралите,1
срочните,1
затрупан,1
кинка,1
западната,1
чувстваме,1
налагала,1
бианка,1
радиоактивни,1
обгазяване,1
гранати,1
празнувала,1
озаряват,1
разведряваше,1
поглъщат,1
долните,1
подробната,1
извънземно,1
тялага,1
съжалението,1
рухвам,1
чепинци,1
хиперактивността,1
лапароскопската,1
навестява,1
безкръвния,1
мигохосян,1
потопя,1
хирурзите,1
безкръвната,1
наартериите,1
намерели,1
изпочупили,1
артериалното,1
леем,1
акбар,1
байрама,1
разкъсването,1
арестувнаният,1
проповедите,1
снабдявал,1
използваше,1
правоуправление,1
пасе,1
арестувано,1
пълнолетното,1
зашито,1
кръвозагубата,1
литър,1
приблизителна,1
вандализма,1
натоварено,1
делнични,1
инструментът,1
излъган,1
стандартен,1
непредвидено,1
разшиване,1
кръвоносният,1
ценя,1
довежда,1
разразява,1
зашит,1
тромбозата,1
брягово,1
шевове,1
поляново,1
родопи,1
любеново,1
хасковските,1
експлозиите,1
тромбоза,1
апендицитът,1
нежелания,1
деля,1
формирал,1
пустотата,1
лечебна,1
християнския,1
предпазния,1
ножчето,1
отворът,1
фигуративно,1
обвиня,1
натрупване,1
трицифрени,1
непрекъснатия,1
инвалиди,1
спука,1
компромиса,1
кранчето,1
егоцентричен,1
екстравагантен,1
касимов,1
еркан,1
дивия,1
уста,1
локалното,1
заобикаля,1
неполучената,1
мотивирал,1
черниче,1
ограбва,1
гастролира,1
издължи,1
шестият,1
потвърждаваме,1
петият,1
бандит,1
изкъртва,1
вирусен,1
кантарът,1
попско,1
забелязало,1
ивайловградското,1
назряло,1
зачакал,1
фолксвагена,1
изпепеляващ,1
видинскчия,1
изпитанията,1
замислила,1
всеоще,1
приличам,1
приличах,1
физическиили,1
прехапан,1
огнените,1
жестокият,1
препродаде,1
викахме,1
приготвяхме,1
избледнява,1
отстъпил,1
огнения,1
накъсо,1
надграждане,1
управителните,1
отдомашно,1
сладкото,1
шалът,1
едноименната,1
дарил,1
похарчени,1
пъпки,1
костюм,1
академичния,1
забележителна,1
студентския,1
заемането,1
откажи,1
язовира,1
исмаилов,1
ходело,1
девинска,1
завлечен,1
комисарят,1
докладвали,1
трахея,1
напълнях,1
обиколки,1
шалчето,1
овластяването,1
глобалните,1
географски,1
равнопоставено,1
прозрачен,1
филийка,1
настанила,1
закачало,1
мели,1
купуваш,1
подготвителната,1
замествала,1
набия,1
сливенска,1
денева,1
картинга,1
затяга,1
трябваха,1
благотворително,1
препитавали,1
намера,1
садъл,1
заклинам,1
фърлям,1
динов,1
гинекологията,1
немедицинско,1
сдобиват,1
скубам,1
стръкове,1
голема,1
немам,1
сакате,1
гинеколозите,1
осъдиме,1
попадала,1
утепаха,1
лекарствено,1
затвореха,1
ръчките,1
изсаанат,1
лицемерно,1
аборта,1
команди,1
изпее,1
нагала,1
памукчи,1
забавачките,1
конкурент,1
юркаме,1
оправяй,1
зелиха,1
завърнало,1
бакир,1
райчинов,1
взимай,1
обилен,1
плодът,1
разхождаха,1
гимназистката,1
нек,1
обидата,1
разплакал,1
джунеид,1
асеновградчанин,1
одишен,1
патрулния,1
сватбарите,1
спътниците,1
разочаровало,1
притичва,1
ловешка,1
невджин,1
верува,1
пренущуват,1
поценяван,1
разкаял,1
напреди,1
опустошено,1
познавахме,1
починеш,1
лайпциг,1
прибегнал,1
бруталните,1
изхарчило,1
отличените,1
гиимала,1
джунейт,1
обмисляно,1
давещите,1
вадим,1
скорошен,1
вахта,1
рибаря,1
рибата,1
пряката,1
провеждащия,1
гпу,1
пренебрегван,1
рдгп,1
подценяван,1
кораби,1
джуни,1
довод,1
снимков,1
явим,1
локум,1
вмз,1
изпепелено,1
пламнал,1
обезопасени,1
изправността,1
зъболекар,1
карловското,1
димитрови,1
камериерката,1
соло,1
очевидната,1
някому,1
изнесохме,1
родните,1
обръщения,1
прочитането,1
оправдателната,1
облагодетелствал,1
церемония,1
подменени,1
розобера,1
опаковката,1
отдалечени,1
изтръпвам,1
магладена,1
трафопостове,1
настигането,1
чачева,1
шоковата,1
плющял,1
стъкълце,1
изпочупва,1
укриваше,1
строяща,1
висшестоящ,1
лежащо,1
подвижни,1
рекламата,1
рафтовете,1
съобразила,1
дисциплинарното,1
бутал,1
присъединяване,1
донася,1
заповядва,1
преборено,1
изумени,1
припомняне,1
настойчивото,1
дейстиве,1
движиме,1
едномилионната,1
занемарената,1
пороминова,1
вдигнат,1
стокойствието,1
подпишем,1
мъченически,1
армения,1
азербайджан,1
попадаме,1
хвален,1
отличия,1
лудница,1
уморят,1
некомпетентността,1
собствености,1
изчитане,1
римския,1
негодува,1
щурма,1
предавате,1
хващате,1
разбивате,1
подчертае,1
раняването,1
барета,1
благоразумен,1
спецполицая,1
кротост,1
покорност,1
пушките,1
залепен,1
чупил,1
пищяла,1
банкет,1
инфекциозно,1
задаваха,1
тормозеха,1
градева,1
срещнало,1
траят,1
търговищката,1
респиратор,1
инфекционист,1
метеше,1
циганинът,1
мирише,1
вирусно,1
казаг,1
скоростно,1
отреагираха,1
плячката,1
хасанов,1
дразнене,1
менингиално,1
обиждаше,1
пулсът,1
разчистила,1
сезонен,1
магазинчето,1
пасивна,1
лакътя,1
акциз,1
пуснало,1
изнемощяло,1
монетника,1
симеонови,1
ниспекторат,1
образователния,1
прочели,1
родителиобясняват,1
оскубана,1
ноктите,1
дързостта,1
ричи,1
лидол,1
адови,1
неучебен,1
яростта,1
лъгала,1
намиращата,1
поздравявала,1
избухливия,1
съхраняване,1
пороци,1
дояч,1
гостенката,1
амбулаторна,1
часово,1
привлякло,1
огласяване,1
оставения,1
вбесил,1
препречват,1
самоотбранявал,1
лозарево,1
рио,1
пусни,1
сърцебиене,1
напълни,1
снощните,1
влашев,1
стигадо,1
несвоевременна,1
несвоевременно,1
разпореденото,1
сблъскала,1
напълнее,1
пазел,1
огласен,1
пламенов,1
заляха,1
дисекация,1
бездиханна,1
препращаха,1
бусколизин,1
навъзрастна,1
проучват,1
подпомогната,1
бончеви,1
трудолюбиви,1
пипам,1
знаяла,1
крадлива,1
похарчена,1
парчотии,1
разкопаното,1
картон,1
дарените,1
нищета,1
налегнаха,1
инвестирани,1
алеи,1
предпочитаното,1
монтираните,1
проводниците,1
неприключило,1
славови,1
депозити,1
припечели,1
свидели,1
обезлюдяващото,1
маниер,1
прекалявам,1
закусвам,1
млякото,1
занасям,1
доя,1
изпращаше,1
произвеждам,1
сеното,1
коситба,1
кофи,1
канализация,1
геран,1
кокошки,1
донкихотовско,1
спонсориране,1
срочни,1
общинският,1
ориса,1
правено,1
спасете,1
сашка,1
отговорихме,1
отнасяше,1
думичката,1
блясък,1
индексът,1
плащаме,1
предпоследна,1
подгоних,1
опака,1
образванието,1
надбавка,1
облагодетелствани,1
тепървяа,1
предпоследно,1
мургав,1
панталони,1
хафизе,1
възпитавам,1
всичка,1
бояджии,1
улучи,1
досаждам,1
гордият,1
сменям,1
смешяш,1
суче,1
сладък,1
котенце,1
мърка,1
прониза,1
послушно,1
перфектните,1
регистрационния,1
таксиметровата,1
оспорвало,1
касова,1
креватчето,1
ръчичките,1
комшийте,1
извлекли,1
извървяла,1
съучастничката,1
железник,1
общообразователно,1
файсбук,1
заплашената,1
доскорошното,1
избухнало,1
столичанин,1
разминавал,1
заподозряно,1
ексследователката,1
дознателите,1
стъпила,1
алтими,1
преувеличен,1
школото,1
интрига,1
сирийските,1
уверение,1
узнаем,1
насоките,1
родителския,1
канализиране,1
здравнонеосигурени,1
рашкови,1
свиждането,1
естрада,1
берачите,1
съвременна,1
турлакова,1
чалга,1
одобрявали,1
търновското,1
класнички,1
мъртвия,1
килера,1
изпратената,1
идния,1
стаен,1
блудствали,1
мириам,1
оказвайки,1
сирийката,1
лелки,1
поправиха,1
малак,1
излъчихме,1
преливаха,1
канчета,1
маркучи,1
бидоните,1
трудим,1
доживееш,1
трудиш,1
въдух,1
арестувахме,1
счупят,1
построила,1
глобили,1
полицайте,1
чистачките,1
очвеидните,1
измазана,1
заплетени,1
поправени,1
паспортната,1
танкове,1
паспортна,1
исмаил,1
изкараш,1
предизборните,1
бунтовниците,1
притихне,1
асад,1
разкъсван,1
готвел,1
снабдявала,1
сирийско,1
законният,1
задгранични,1
арестуваме,1
съжаляваха,1
мехмедов,1
правнучката,1
захвърлен,1
вегенер,1
споделяли,1
посмея,1
насилваното,1
обърнало,1
action,1
постижението,1
отървава,1
тлеещо,1
отрезвител,1
прилагал,1
грануломатоза,1
жлъчката,1
бездомниците,1
остеопороза,1
обременени,1
фамилно,1
лиле,1
рецидиви,1
цветозара,1
спечелили,1
прободните,1
катун,1
везните,1
возилото,1
откъснеш,1
написан,1
козарев,1
допускали,1
насъщни,1
безработно,1
некролозите,1
спохожда,1
безотговорен,1
гладът,1
протяга,1
десетгодишния,1
трогнаха,1
железопътните,1
напива,1
субективно,1
внасял,1
призовките,1
възмездието,1
страняхме,1
опандизят,1
догоних,1
отсъстваше,1
предизвикаме,1
внуших,1
разтърсващите,1
културизъм,1
гледачите,1
субективизъм,1
погрижила,1
нашава,1
бягствата,1
неоткриваем,1
ревнувала,1
донов,1
избухлива,1
гористата,1
прибяга,1
ритне,1
пазиха,1
стафа,1
марихуаната,1
презумпцията,1
субективна,1
реванш,1
хайтов,1
извървели,1
културиста,1
стероидите,1
анаболите,1
зловещите,1
кери,1
умрем,1
столичанката,1
подарят,1
струи,1
озверелите,1
отблъснали,1
крупен,1
безвъзмездни,1
репортажът,1
тристепенното,1
провокативен,1
хапливият,1
доверените,1
товарния,1
тревогите,1
бербатов,1
кралици,1
лабилната,1
добричка,1
попинчани,1
разпознаваеми,1
трудотерапевти,1
сапунуджиев,1
изпробван,1
четиригодишният,1
носени,1
замислям,1
прегазения,1
ръбат,1
хвани,1
чобанов,1
нестандартен,1
тури,1
бакърджиев,1
арифова,1
обградим,1
маринела,1
придружавам,1
четиригодишното,1
филолог,1
престрашава,1
смесващ,1
зарекъл,1
архангелск,1
возилата,1
мутрите,1
купоните,1
фолка,1
володя,1
уважиха,1
съпроводен,1
паров,1
разкървавих,1
секцията,1
петнайсет,1
блъснах,1
заяждал,1
плешката,1
написана,1
деневски,1
зададен,1
замеряше,1
тръбичката,1
преподавателя,1
протегната,1
нулеви,1
страдаща,1
неумолима,1
излита,1
приятелството,1
ритнах,1
предстоящ,1
зверсто,1
пикник,1
заловили,1
лозето,1
враненската,1
изтъшуваха,1
бейхан,1
понасяне,1
идвайки,1
снощния,1
османов,1
пададен,1
смеела,1
засичана,1
насилено,1
залятата,1
равняват,1
годинишно,1
залято,1
осемнайсетгодишна,1
екзекутори,1
натъпкана,1
служил,1
прокиснала,1
бледнее,1
уволненият,1
турското,1
агент,1
германски,1
ратувал,1
предано,1
ония,1
формулира,1
редиците,1
любченце,1
германците,1
нушков,1
дезертира,1
гробовете,1
изкопават,1
улучиха,1
гробове,1
изселват,1
изселени,1
изгнание,1
голата,1
съблякъл,1
трогнала,1
пуловера,1
предприетата,1
подбалканския,1
анцуг,1
изпадналата,1
облечената,1
наподобява,1
предписали,1
историческия,1
югозападен,1
йога,1
сбирките,1
пантев,1
застрелват,1
пагоните,1
навлякоха,1
мошенниците,1
фидосова,1
буташе,1
седесари,1
чистачката,1
закачил,1
кая,1
първолаци,1
критерий,1
държите,1
подоходният,1
редици,1
говорело,1
изключвате,1
еничарски,1
оригинална,1
същo,1
лъжел,1
обуща,1
деде,1
курва,1
библиотекарка,1
партийно,1
горско,1
смъкнати,1
предложената,1
лампазите,1
разжалван,1
оркестър,1
симфоничен,1
основателите,1
номинация,1
кандидатура,1
марковска,1
обсъдена,1
ордени,1
ничие,1
изпреварили,1
олицетвори,1
предполагаемото,1
идеала,1
наглостта,1
ползватели,1
занимаха,1
сключена,1
добросъвестността,1
тъмного,1
шегува,1
писменият,1
оцветен,1
предявили,1
полубратът,1
женил,1
прозрачна,1
притежавата,1
нaследници,1
боянова,1
преценяване,1
маникюр,1
перфектния,1
чадъра,1
неподозирани,1
повтаряли,1
надеждността,1
лансира,1
адвокатската,1
крими,1
изплатила,1
простор,1
телени,1
наподобяват,1
аналогична,1
изкупи,1
обслужи,1
фантазия,1
цоновски,1
коренят,1
закопана,1
съмнява,1
йогийски,1
барутни,1
смущаващи,1
витаят,1
детектора,1
стиига,1
отбранявате,1
монополиста,1
жилищно,1
огнеборци,1
запориране,1
консумативите,1
противопожарен,1
потушен,1
партиди,1
начислявал,1
покъщнината,1
неконсумирания,1
свие,1
дограмата,1
изкъртила,1
калитин,1
годищната,1
изманиците,1
физиономията,1
закриването,1
тероризирана,1
монополистът,1
указателната,1
ботево,1
гаранциите,1
пипнем,1
сплит,1
слънчевият,1
мухльо,1
периметър,1
зафир,1
рефлекса,1
предназначен,1
накарала,1
водещия,1
енерегодружество,1
енергично,1
разстройва,1
интервенциите,1
хирургичните,1
термени,1
изминава,1
първолачето,1
честото,1
разчитал,1
изплета,1
часовия,1
познали,1
прекрачването,1
пуснете,1
развлечение,1
уплътня,1
скандира,1
ранобудните,1
терлички,1
букви,1
изтрила,1
ръкопляскания,1
пределната,1
мащабното,1
приютът,1
казанджиева,1
изравнят,1
взаимните,1
божидарка,1
намазаха,1
прегърнаха,1
tova,1
богдански,1
велинградския,1
оператора,1
сашева,1
специалния,1
обсебване,1
поднесох,1
ръководено,1
униформите,1
тепсия,1
борени,1
удавник,1
сламка,1
затиснат,1
изцапвайки,1
прогресираш,1
затънало,1
осиновители,1
татуирал,1
бъркаме,1
сливица,1
хладното,1
разгорещила,1
ландос,1
нишата,1
джудо,1
шампионът,1
прегърнало,1
парчетата,1
обругаване,1
погледнаха,1
двустранната,1
отпускът,1
сапарева,1
прокуратурите,1
югозапада,1
боеве,1
албански,1
смотани,1
жигоса,1
bтv,1
пирон,1
якимово,1
зениците,1
пергел,1
безработната,1
излезте,1
маркуч,1
налагано,1
пирона,1
вкупом,1
кардиограми,1
зеници,1
кардинални,1
признака,1
недооценили,1
парело,1
жигосването,1
черта,1
венозен,1
уведомявана,1
отзовалият,1
обстоен,1
привикал,1
ключалка,1
вечра,1
гюргена,1
ексшефа,1
връбница,1
битовия,1
престанат,1
ненадейно,1
поясняват,1
свестяват,1
балтаджиева,1
портретни,1
насълзени,1
подлезите,1
пазеше,1
репетирал,1
подлезът,1
използваем,1
предпочело,1
колие,1
подаръкът,1
ексминистъра,1
споменаване,1
първокласниците,1
драматичен,1
радоев,1
ватманът,1
трамвайната,1
отборния,1
поколебал,1
първолак,1
сарая,1
зрител,1
първолаче,1
дрангов,1
глишев,1
озаглавен,1
видокамери,1
пресичайки,1
искът,1
каменското,1
братово,1
настояли,1
нурджихан,1
вноските,1
тимарево,1
кахтан,1
бежанския,1
натисне,1
имигрантите,1
претършувана,1
криминалнопрестъпление,1
енаправен,1
незабелязано,1
опасявал,1
съседки,1
бутона,1
отблъсква,1
раздумка,1
тършуване,1
мюзекяр,1
взетия,1
депутатските,1
избутали,1
кадъра,1
отсекат,1
тенденциозно,1
повалила,1
натопени,1
обезвреди,1
кредитната,1
апашът,1
шестчленното,1
оборота,1
погасят,1
трябвал,1
теглените,1
сибял,1
нечувана,1
изоставили,1
себял,1
химичният,1
ахчийска,1
изнасилвачи,1
пролет,1
недъзи,1
излекувани,1
надниква,1
земен,1
монаси,1
чифтове,1
двадесетина,1
общинари,1
погребалните,1
btvnews,1
теофил,1
игумен,1
съфинансиран,1
терзиева,1
провокират,1
спирам,1
дипломирането,1
престрашиха,1
всичкинадникваме,1
врабчанска,1
тотков,1
отдвамата,1
възстановяваше,1
постелен,1
перона,1
биг,1
неврокопската,1
насочвайки,1
подкрепяйки,1
шестват,1
kаним,1
миля,1
манастирът,1
повървиш,1
поговорка,1
shoes,1
mile,1
великомъченик,1
walk,1
транквиланти,1
възнаграждението,1
казълов,1
люти,1
прецезиране,1
тончев,1
изхарчили,1
транс,1
тютюневите,1
тютюна,1
обжалаване,1
висящ,1
мумифицирано,1
димтиров,1
лова,1
осквернената,1
василиса,1
сантиментална,1
окрадат,1
типченица,1
ръкописен,1
изписала,1
гласувал,1
хладнокръвността,1
лобистки,1
кметската,1
разрешителните,1
дистрибутор,1
съфинансира,1
облагодетелстват,1
ипотекира,1
неврокопския,1
манастирска,1
петрунова,1
цигарени,1
търгуват,1
дивечовъден,1
отглеждало,1
стопанисването,1
шерба,1
слизахме,1
внасяше,1
изваждането,1
брадър,1
подобрено,1
работено,1
амири,1
осемпроцентно,1
намазва,1
визирайки,1
приютяват,1
пеловски,1
наемът,1
набор,1
павлета,1
внедриха,1
вписванията,1
чашка,1
разграничиха,1
размахваше,1
загърбвайки,1
горнооряховската,1
претенциите,1
овчаров,1
имотно,1
неподвижно,1
вола,1
произтичащите,1
съкращаване,1
предупрежда,1
завършат,1
юношество,1
pанния,1
таджикистан,1
встъпва,1
сключването,1
венчило,1
аерогара,1
наказаните,1
прогонва,1
статукво,1
недоволствал,1
нападениeто,1
изложението,1
аборигени,1
теле,1
стъжни,1
пласт,1
месечие,1
извеждано,1
опазят,1
пребиваше,1
течала,1
хрърляше,1
засягащи,1
напикава,1
душено,1
тридневното,1
настанявано,1
сервиз,1
функционерка,1
развивала,1
семйствто,1
разбрало,1
двудневни,1
свържеим,1
разговяряхме,1
разговяря,1
невинността,1
електроенергията,1
хвърлям,1
дреболии,1
гергинова,1
кранево,1
макаронената,1
приватизатор,1
биволъ,1
зулуми,1
нагледаха,1
проста,1
съденето,1
сринат,1
другиден,1
лустрация,1
заслуги,1
преписва,1
несъществуващата,1
присъединява,1
ерп,1
сантименталната,1
разбивани,1
уличените,1
румънецът,1
бреговец,1
грамота,1
коректор,1
двигателя,1
дизел,1
върнатите,1
крада,1
първоналната,1
недоброжелатели,1
румънеца,1
екотакса,1
мамят,1
наивни,1
илюзиите,1
божанка,1
заключените,1
изтърпяла,1
регистратор,1
кубатура,1
ябланица,1
северозападното,1
заверил,1
примирява,1
графолог,1
закупени,1
местнияъ,1
карирани,1
сесктор,1
изготвяла,1
неистина,1
капралова,1
румънец,1
мераклиите,1
наподобени,1
подписвай,1
съмнителен,1
достоверен,1
менте,1
скалъпен,1
крале,1
нашенската,1
заложили,1
символичен,1
хол,1
капиталът,1
самонастанила,1
абитуриентските,1
протестираме,1
лентички,1
помощният,1
капитала,1
хараланов,1
кокаиновите,1
коремният,1
припомяме,1
диуреза,1
трансплантирания,1
боп,1
обаждайте,1
драстичните,1
регистирано,1
стеропор,1
инстанциите,1
боси,1
хелзинския,1
банева,1
влизаха,1
платеният,1
неофициалнни,1
тамошните,1
регистрациите,1
oколо,1
щастрива,1
вратчиката,1
кандадатът,1
oтвлечената,1
количките,1
абортите,1
амбулаторния,1
аборти,1
ченчеви,1
глобен,1
авторитетните,1
графологът,1
сравнява,1
отровата,1
удовлетворили,1
фосфорна,1
стиснем,1
анонимните,1
добия,1
гордеят,1
мислещите,1
органична,1
баничката,1
експерта,1
миейки,1
облизва,1
свежа,1
себеизразяване,1
отдалеч,1
тревожела,1
себеизрази,1
надушило,1
адресат,1
аргументираме,1
захвърлил,1
автора,1
сватбения,1
халката,1
ботушите,1
венчалната,1
съобщило,1
героят,1
хвалят,1
oткрива,1
владетеля,1
пенсионерите,1
сломена,1
юнгарева,1
бедстват,1
ограбен,1
героизъм,1
поруганата,1
отровната,1
мишки,1
смеем,1
опълчим,1
изявите,1
попълват,1
продавачи,1
триатлон,1
бягане,1
занесох,1
осуетило,1
подценяване,1
окрупнена,1
застене,1
палански,1
триатлона,1
тичането,1
разстояния,1
заверени,1
регистраторка,1
формулярите,1
фалшифицирани,1
спортът,1
админстративен,1
отровна,1
очевидните,1
недостатъци,1
сливам,1
подражава,1
мездренско,1
гласно,1
изфабрикуван,1
фалшификацията,1
смущаващо,1
съчинил,1
максимов,1
текстовата,1
боляла,1
таим,1
майче,1
снетите,1
заверявам,1
проверите,1
германец,1
зафирков,1
обещавали,1
бистраците,1
скъсахме,1
компенсираме,1
блузата,1
клечката,1
драснали,1
промъкнали,1
бараж,1
мощанец,1
стояна,1
избили,1
издебнали,1
орхан,1
югюн,1
изплуването,1
декларирали,1
закачило,1
плитчина,1
пангарова,1
вземахме,1
поканим,1
онуй,1
нередност,1
термометрите,1
отчели,1
минаха,1
разследваният,1
рогов,1
хлапетии,1
разложката,1
биели,1
чиновническа,1
йонна,1
чупели,1
крадели,1
отказвам,1
класирането,1
пропищели,1
джанъм,1
хвърляхме,1
мъча,1
тонов,1
рожен,1
престижният,1
хвърчащ,1
студия,1
инжектирано,1
касов,1
висококачествената,1
печатът,1
хиалуроновата,1
популярния,1
берлински,1
тонова,1
луксозната,1
подправен,1
застуди,1
професори,1
есенните,1
изимитирани,1
счели,1
тарчев,1
разпечатана,1
бърдаров,1
разклати,1
ампули,1
преизчислените,1
фиска,1
mediapool,1
електронното,1
наплатени,1
траяла,1
многотомникът,1
обама,1
виржиния,1
ръкав,1
водоема,1
разлага,1
дертови,1
фалира,1
лулева,1
ревах,1
етикетиране,1
пратите,1
отбелязани,1
сервитьорки,1
плът,1
мирияна,1
страшимиров,1
заявената,1
злоупотребите,1
опашките,1
разбитите,1
мародерство,1
извадените,1
охраняват,1
намерената,1
почистването,1
плочки,1
обеззаразени,1
дезинфекция,1
отпадни,1
плешка,1
опасне,1
разчистването,1
обикалящи,1
полагам,1
пращал,1
дирил,1
закачко,1
закачили,1
недялка,1
прекалил,1
биете,1
аларми,1
всофия,1
рибарския,1
ганкина,1
миниустройството,1
заканват,1
стоянчо,1
алармите,1
административната,1
алармата,1
несъстоялата,1
застрашените,1
бедственото,1
шопова,1
застроеното,1
приливна,1
парапета,1
спуска,1
тинята,1
лермонтов,1
приземната,1
обезопасяването,1
отървават,1
приземието,1
разчитали,1
лигла,1
чокоева,1
омекотила,1
дерета,1
непочистени,1
спасимир,1
еднофамилна,1
ремонтират,1
изсечената,1
нещастнието,1
строшена,1
коректни,1
роналд,1
ответен,1
болките,1
седалгин,1
цвятков,1
шийния,1
бешевишка,1
зовът,1
духовникова,1
патриархален,1
усмихваш,1
запоодозрян,1
чедо,1
покрепят,1
скенерът,1
разразила,1
единственокъм,1
годишня,1
завалят,1
декодерът,1
инсталацията,1
пиле,1
article,1
художествен,1
сядам,1
сядала,1
смес,1
луди,1
спецполицаят,1
кайма,1
макарони,1
щастливката,1
щателно,1
подновено,1
боримечково,1
мас,1
предостатъчна,1
подсилване,1
късметлийката,1
натрупа,1
obshtestvo,1
moeto,1
momche,1
спестени,1
хладнокръвие,1
запазих,1
умилкват,1
слеза,1
залитал,1
изследваше,1
сгазиха,1
мяукат,1
суровини,1
вторични,1
бляха,1
виногради,1
благинов,1
отърва,1
приписвам,1
приписала,1
събирателен,1
числото,1
джакпот,1
уточняваме,1
тропам,1
оказава,1
тракийския,1
съпътствани,1
щастливецът,1
животновъдство,1
прозорчето,1
спечелиха,1
играха,1
кислородния,1
възнагради,1
завръщане,1
даряване,1
злополуката,1
самоснимането,1
накрайника,1
дъга,1
напреднало,1
волтова,1
лъкатник,1
опонент,1
тенчев,1
окомплектоването,1
зодиак,1
моментна,1
цвята,1
еми,1
писани,1
щатливата,1
кръстиш,1
енева,1
папагали,1
прочета,1
чековете,1
лопатката,1
ключицата,1
диворастящи,1
печалбите,1
късметлията,1
сейфа,1
котаци,1
гладните,1
прогърмял,1
приключеното,1
арогантност,1
дебелашко,1
фрапантни,1
ксерокопието,1
фалшификата,1
легализиран,1
обезвредяването,1
дейстивя,1
ръководите,1
минът,1
развъртяха,1
избухнала,1
некомпетентните,1
родовата,1
междуособица,1
погазвани,1
непрофесионалното,1
планирането,1
печатите,1
професионализъм,1
навеждат,1
подправи,1
фалшифицираните,1
напукани,1
отсяда,1
декана,1
заспя,1
мракът,1
бурхард,1
бомбардировка,1
имитациите,1
отписана,1
възпитаниците,1
художествената,1
специалността,1
гочева,1
половинметрова,1
инструктажи,1
добрала,1
лабилен,1
безкръвен,1
разгорещил,1
присвоявайки,1
декар,1
шестотин,1
квадратни,1
всякак,1
винетката,1
пропуснала,1
впише,1
пренебрегнатите,1
преподписват,1
арендатора,1
трахеята,1
изповядва,1
таблото,1
изискуеми,1
удостоверението,1
споразумяват,1
присвоените,1
отслужил,1
старините,1
тренирани,1
преврълано,1
безболезнен,1
пощади,1
незастрашаващо,1
тактика,1
щадящо,1
невзетите,1
воюващите,1
отзивчив,1
петгодишният,1
спазъм,1
изненадващата,1
белградската,1
сироп,1
анестезиолог,1
школник,1
старшина,1
наборната,1
междучасията,1
безразличието,1
вбесява,1
вестникът,1
тетевенското,1
разходиха,1
изготвиха,1
бдителност,1
отслабена,1
щурм,1
подмами,1
заложила,1
изгоненият,1
евангелистка,1
изгонили,1
въпросителните,1
възпитаничките,1
кюри,1
поколебали,1
обвинявала,1
разправял,1
тодорва,1
атрактивно,1
боксови,1
обуват,1
ексцентричната,1
хипербола,1
клишета,1
писов,1
героизираната,1
предприемчив,1
механджийски,1
типичният,1
нетипичен,1
сержантите,1
легендарната,1
криминализиращ,1
извоюваното,1
поздравим,1
граховски,1
присъд,1
карамфили,1
атрактивното,1
лоза,1
легнахме,1
докажа,1
изкушаваме,1
слова,1
компира,1
ученето,1
забулването,1
еврорегламентът,1
висшите,1
зюмран,1
жителките,1
листвани,1
прерязани,1
покривало,1
свещени,1
гоинид,1
въвели,1
дели,1
последваме,1
старала,1
възгледи,1
слово,1
пренощува,1
подкрепления,1
илит,1
гърмежи,1
мистерията,1
шамаросвала,1
гръмотевици,1
кадафи,1
тодорови,1
казвало,1
муамар,1
умрял,1
двуетажната,1
триполи,1
либийската,1
бръшлян,1
граничарско,1
доведеното,1
кандидатствал,1
катаджия,1
десетокласничка,1
историк,1
зарязаната,1
угрижена,1
масркираните,1
мицикулева,1
инициативният,1
честването,1
потушили,1
тойота,1
мерцедес,1
горяха,1
микробиологични,1
наказуема,1
шестгодишната,1
единадесетокласничката,1
римска,1
уличената,1
месиш,1
свалих,1
изрита,1
григорий,1
готвени,1
пожаротехническа,1
сметната,1
кочериновското,1
избухват,1
бардаци,1
теди,1
препирани,1
легализирани,1
трендафил,1
отнемали,1
екстрадирани,1
периферното,1
очен,1
зафирова,1
измия,1
заставам,1
анестезиолози,1
тарашели,1
почука,1
стоб,1
фиестата,1
украинец,1
скуба,1
свидетелки,1
мичев,1
ябълката,1
раздора,1
строполи,1
изстена,1
тресе,1
страянева,1
изтрия,1
любител,1
уговореното,1
опитваща,1
задължи,1
повторимост,1
местото,1
степенуването,1
проведа,1
отмъщава,1
финална,1
английско,1
проблемни,1
крайното,1
ледени,1
недохранването,1
игнорира,1
обзела,1
погълна,1
водосточните,1
говорола,1
пететажна,1
висулката,1
забременяването,1
кувьози,1
обнадеждил,1
противоположно,1
почват,1
паси,1
соломон,1
конституирана,1
радикални,1
кандидатстването,1
подавам,1
сдобри,1
дочеви,1
сънуват,1
страшния,1
лъчезарната,1
първанов,1
хладнокръвна,1
изпаднахме,1
нелепа,1
кървавото,1
напраиха,1
дочо,1
прекъснати,1
позвъня,1
фотографии,1
разнасяща,1
амбициозен,1
общителен,1
елитната,1
глътна,1
катаджии,1
изминали,1
петгодишната,1
уточнени,1
парадирал,1
момченца,1
беха,1
карания,1
хладнокръвен,1
невръстни,1
гръмнало,1
трясъци,1
заплетения,1
докъм,1
калчеви,1
стресираме,1
разпитваме,1
затворило,1
оказала,1
приписано,1
неприятната,1
джейда,1
брадите,1
подбедрици,1
турския,1
радиа,1
телевизии,1
отвлечени,1
шийната,1
лекували,1
травматично,1
разкъсни,1
оповестяване,1
преглъщане,1
ранно,1
проксималната,1
фаланга,1
болезненост,1
изчезвали,1
множествени,1
намирано,1
опазваме,1
обитавала,1
моста,1
външноградската,1
отломка,1
житейският,1
огорчено,1
обидено,1
истини,1
погребах,1
развежда,1
обследвани,1
панелни,1
саниране,1
постройките,1
физика,1
панелните,1
рушащ,1
ампутирани,1
срутил,1
панелният,1
бохум,1
трагдеията,1
раздори,1
дугият,1
нейниятпридружител,1
подготвеният,1
подготвения,1
опасява,1
психична,1
спецполиция,1
еимало,1
горнооряховският,1
управителкана,1
модерните,1
пронизват,1
щанд,1
локомотив,1
управителка,1
баровете,1
звездната,1
тайлър,1
стивън,1
хотелския,1
специалности,1
казармата,1
избираха,1
мрази,1
аллаха,1
жабари,1
пияници,1
единодушни,1
пророка,1
бради,1
пазарджишкия,1
проповедническата,1
духовници,1
верска,1
проповядване,1
пазарджишки,1
университетите,1
пожертвал,1
запомнен,1
загледах,1
мярна,1
kukusheff,1
muden,1
гларус,1
лепенките,1
тролейбусни,1
владение,1
издирена,1
деспина,1
багерът,1
прегледаните,1
превозван,1
натовари,1
укрепен,1
полни,1
извънгабаритния,1
разказза,1
провиснали,1
медикаментозно,1
ограничаваща,1
тролеи,1
несправедливата,1
продиктуван,1
махнати,1
duli,1
мъчихме,1
rudi,1
изпълнителите,1
хип,1
свършване,1
hunds,1
der,1
mixtape,1
crashbrake,1
метъл,1
ръга,1
factor,1
победителката,1
болниц,1
aerosmith,1
бергендорф,1
дърводелец,1
непригодно,1
ратифицирала,1
почести,1
хаилити,1
пиете,1
побързали,1
опела,1
столичани,1
бега,1
опел,1
препречил,1
надлез,1
карловски,1
занемях,1
finvbgsf,1
отъде,1
хукнах,1
снимаме,1
напила,1
ишара,1
забулена,1
разпознах,1
прегърнеш,1
пътуващите,1
алан,1
удряля,1
добронамерено,1
екстремистки,1
прищина,1
тежкопротичащи,1
обучителна,1
животоподдържащите,1
изключат,1
съдбоносно,1
преживял,1
донори,1
изгубеното,1
наваксват,1
консулска,1
задействаме,1
ситуационния,1
рискувах,1
протичали,1
преценеше,1
разбивала,1
bgfinv,1
клан,1
демонстрират,1
подпомагана,1
бабаитлъка,1
толерантна,1
сигнално,1
циганите,1
рефлекси,1
етническата,1
бабаитизъм,1
бабаити,1
темелкова,1
надава,1
бабаит,1
простак,1
върл,1
изявил,1
вкл,1
простотия,1
възпитавани,1
издирят,1
снежаната,1
толериран,1
справихме,1
превеждате,1
южната,1
продало,1
вее,1
изоставеното,1
наколко,1
атрофия,1
латерална,1
амиотрофична,1
безпардонни,1
биография,1
застойна,1
арогантните,1
циеноза,1
почне,1
петручево,1
иктер,1
ирак,1
косова,1
оръдие,1
сако,1
обезсмислят,1
функционирала,1
селско,1
приход,1
отчитани,1
сакъзов,1
кредитни,1
упойвали,1
лъгани,1
каре,1
враждуващите,1
нахлуването,1
завлечена,1
завлечено,1
чуждия,1
озовало,1
пращат,1
затискала,1
бирали,1
разтървал,1
овладея,1
ругатни,1
отстъпила,1
бунтарския,1
испанския,1
цялостно,1
сбил,1
поробителите,1
мръсните,1
стреляйте,1
щете,1
религиите,1
насажда,1
свери,1
скришно,1
замълчават,1
преминавали,1
плюели,1
плювни,1
кана,1
побягнах,1
косовската,1
сгрешил,1
грипния,1
ров,1
разкопан,1
стойкова,1
допуснало,1
нападаме,1
миков,1
двигателите,1
докторова,1
тухла,1
оредяват,1
първичната,1
проверявала,1
борци,1
войните,1
резултатен,1
радикализация,1
насилствената,1
изчерпала,1
представяха,1
класифицирали,1
заявявайки,1
междусъседска,1
чернопеев,1
запалима,1
своеволията,1
смолянския,1
прогноза,1
черепната,1
боти,1
отличавали,1
направеният,1
сприхави,1
обучавала,1
предписани,1
очни,1
унизителни,1
потресващ,1
некачествени,1
документно,1
глезана,1
преведен,1
клиниките,1
възстановя,1
серийният,1
заснеха,1
неидентифицирана,1
квартално,1
асаньора,1
габровница,1
сканират,1
зъбен,1
разрешавала,1
халите,1
локализиран,1
вещта,1
изземане,1
родилния,1
дебнел,1
издържал,1
майчиното,1
асистираните,1
памукова,1
разгледала,1
планираното,1
стотното,1
илинойс,1
прибегнала,1
палаво,1
сторила,1
желани,1
годиназасега,1
канадка,1
стълбче,1
бетонно,1
събаря,1
струмица,1
бюджетния,1
излишък,1
планирани,1
компроментирано,1
неточни,1
разбитото,1
подготвял,1
летищните,1
високия,1
каприо,1
планирате,1
леонардо,1
трудовото,1
кърк,1
живата,1
галерии,1
негодник,1
гръд,1
криеница,1
зашева,1
гратисен,1
разбивачът,1
театралната,1
рива,1
франк,1
телевизионния,1
оптимистични,1
холивудски,1
задават,1
поразителна,1
холивудските,1
скарването,1
парола,1
разсъждение,1
лъжица,1
разпореждането,1
освободил,1
блог,1
каменарска,1
арестантът,1
довереница,1
благо,1
правосъзнание,1
неузнаваеми,1
вечната,1
опитвахте,1
смешната,1
папараци,1
озовават,1
запознайте,1
къщичка,1
удряни,1
татуирано,1
сезонна,1
мърчево,1
журналистическите,1
задушеното,1
дълбокото,1
прането,1
праволинеен,1
влачени,1
някакси,1
поръчители,1
устои,1
сеспсис,1
праволинейна,1
влачили,1
iспешна,1
биологичното,1
защитения,1
възприемала,1
лекото,1
not,1
without,1
неочаквани,1
изведем,1
whatsapp,1
оздравително,1
отговорило,1
linkedin,1
хвалело,1
паспортно,1
непоносими,1
смили,1
секретари,1
охлузил,1
полудях,1
варицела,1
сигнализирало,1
daughter,1
развиващ,1
грижиха,1
тримесечното,1
гръмоотвод,1
селце,1
израснах,1
свободомислещите,1
иранки,1
запитан,1
свирила,1
футболните,1
уведомиха,1
замразила,1
идвах,1
витрото,1
викторов,1
доплащаш,1
бракуват,1
бракувана,1
къпете,1
върпосът,1
ведомственото,1
стимулация,1
иранска,1
мълнията,1
напуснах,1
разчистваха,1
мазилката,1
градушка,1
жеги,1
обгаряния,1
покосила,1
порази,1
арабия,1
саудитска,1
линч,1
индонезия,1
шериата,1
пиеш,1
нае,1
девствена,1
младоженка,1
безгласни,1
катюша,1
бунт,1
отдават,1
подстрижа,1
търкаляше,1
разкажи,1
дръпне,1
донко,1
опукат,1
дишала,1
въкщи,1
превита,1
отключа,1
закъсвам,1
разкрещя,1
ловеца,1
унищожена,1
надхвърли,1
капризнича,1
разноските,1
сещам,1
майстори,1
повярвал,1
отбивка,1
милиционери,1
допуснах,1
чий,1
челюстната,1
окървавен,1
ликов,1
гейзо,1
напров,1
стопих,1
улучено,1
изритало,1
откачих,1
посрещнах,1
калапиш,1
данко,1
искренов,1
ритнато,1
псувах,1
бранкова,1
унгарец,1
сергия,1
залепили,1
епизодът,1
наречен,1
гейовете,1
възвеличава,1
порядките,1
последователен,1
райно,1
подходът,1
прикове,1
продуцентите,1
спасително,1
подредбата,1
чистотата,1
необитема,1
изявят,1
безопасен,1
манията,1
вайехо,1
сесар,1
унижаване,1
башар,1
рахал,1
предизвикване,1
съчетава,1
хибрид,1
унисекс,1
хадижииванова,1
зададат,1
таксува,1
моделите,1
отдръпнат,1
нещастливост,1
проличава,1
сензитивността,1
провокираме,1
регламентираха,1
престана,1
престанахме,1
нарушихме,1
принудителното,1
вързали,1
столовете,1
нечестен,1
борави,1
ритникът,1
забележи,1
престрелки,1
натиснали,1
пригодност,1
джованито,1
платежоспособна,1
психотестовете,1
преоцени,1
заблудата,1
стъписани,1
крупната,1
подтиснат,1
пенсионирал,1
пълнителя,1
разстрелва,1
авери,1
повози,1
паунов,1
плодородие,1
разгледайте,1
пресякоха,1
километрични,1
затворения,1
падащите,1
осветителната,1
желеви,1
доверителите,1
занижено,1
застигнал,1
побягнала,1
обсебващ,1
харесваме,1
ритнало,1
занималнята,1
фантазии,1
занятията,1
отминала,1
линиите,1
глобалното,1
феминизма,1
тежкоболен,1
позволили,1
ботева,1
ритуалната,1
сбогуването,1
хаджимишев,1
драматург,1
преводачка,1
предци,1
бъдещия,1
лишавали,1
солидарни,1
моралистка,1
забавления,1
простосмъртните,1
дядовците,1
приключват,1
приликите,1
кроки,1
пила,1
глътки,1
имунизират,1
ваксинациите,1
назове,1
ауди,1
дискриминационно,1
третирани,1
грамоти,1
измамничката,1
соловьов,1
юри,1
хукнали,1
бразувано,1
догониха,1
хулиганска,1
претърпените,1
вземайки,1
имунизации,1
ваксинирано,1
пострадат,1
морбили,1
гиче,1
рандев,1
панайот,1
учела,1
престоял,1
конфискуван,1
езичеството,1
лозенеца,1
чела,1
заповядали,1
информациите,1
подготвила,1
коловете,1
езерче,1
опиянение,1
обезглавили,1
изучавала,1
украина,1
риа,1
нетипично,1
туркменистанеца,1
разпространеното,1
разфасована,1
крадена,1
паяк,1
механични,1
грабителят,1
царицата,1
травмирани,1
изоставяни,1
депо,1
трамвайното,1
застига,1
кестеняво,1
боядисана,1
кооперативен,1
безстрашна,1
местоположение,1
проявяващи,1
адаптирана,1
пилотната,1
урока,1
изобличителка,1
бързала,1
хубост,1
присвоява,1
памфлета,1
футболно,1
фаик,1
джелал,1
библиотекарите,1
словесно,1
бесните,1
утеши,1
писарите,1
изрецитира,1
беша,1
особената,1
поголовно,1
съмняваха,1
инициативния,1
местинте,1
мафиотите,1
кръстили,1
свързваше,1
стопаджии,1
готвения,1
обезщетени,1
закупували,1
детонира,1
безинцидентно,1
заковал,1
посетилите,1
компрекс,1
слайвейков,1
похитителя,1
пирува,1
купища,1
наркотична,1
учещите,1
метадоновата,1
залостил,1
атакували,1
алеста,1
покритие,1
оптимално,1
закътаното,1
наняся,1
синджирче,1
кандидатстваше,1
кличева,1
райфайзенбанк,1
написахме,1
кати,1
рисуват,1
шипки,1
майчините,1
заричат,1
заложихме,1
ритника,1
коагто,1
поканят,1
прекия,1
категроична,1
сервитьорка,1
барманка,1
усетило,1
краища,1
брали,1
враново,1
райме,1
твърдишкия,1
селфите,1
отпускат,1
осмокласничека,1
главоболия,1
рев,1
изкачват,1
чакалица,1
селскостопанския,1
обитаваната,1
проговорило,1
уличения,1
ползвало,1
шанков,1
аксиния,1
изписали,1
недоволна,1
непокътната,1
епизода,1
упражнявахме,1
летните,1
плетена,1
uncr,1
играч,1
билетите,1
покриха,1
бирмингам,1
трудихме,1
подготвяхме,1
момчилов,1
финалите,1
танчева,1
житието,1
спорило,1
рецивидиста,1
начално,1
бадънков,1
съжалил,1
съвзема,1
стресне,1
прорези,1
радости,1
побегнал,1
майтап,1
киселината,1
списанията,1
потекоха,1
попитат,1
стояли,1
бригадата,1
лилиян,1
очно,1
поверията,1
неомъжените,1
преспало,1
именния,1
кирпиева,1
екол,1
поетеса,1
нерегистриран,1
обездвижена,1
премества,1
консерваторията,1
безпрецедентното,1
тъжители,1
изрежда,1
омо,1
действащият,1
забранената,1
визира,1
малцинствата,1
приемана,1
странния,1
безплодни,1
съзряха,1
наблюдатели,1
служеха,1
защитаваше,1
мегафон,1
тоталната,1
лансирани,1
развращава,1
регистринан,1
позовал,1
ратифицира,1
поправя,1
привърженици,1
kонституцията,1
парламентите,1
гласувана,1
правителственото,1
узаконява,1
интерпретация,1
изчистят,1
забележката,1
московски,1
нено,1
караниколов,1
разчупване,1
панели,1
допускането,1
резерви,1
предложим,1
националистите,1
закриля,1
преследван,1
поддържахте,1
отвориш,1
лудо,1
ключов,1
подута,1
невидимите,1
въргала,1
разчува,1
наоследък,1
горсов,1
последователните,1
едноседмичен,1
мавров,1
бляскава,1
значка,1
красавиците,1
оправна,1
мотивирана,1
шяинкова,1
грабичева,1
заканваше,1
изминавал,1
боби,1
достъпен,1
стенограмата,1
палазова,1
делка,1
криене,1
ограничавани,1
балистичните,1
обоснова,1
любовница,1
сочена,1
подменя,1
скъсява,1
неведение,1
риторично,1
изпълнително,1
зтвора,1
тефтера,1
джамбазки,1
криещи,1
градинар,1
кувиоз,1
съкратен,1
скоч,1
омотаване,1
прочетени,1
заделя,1
говореща,1
сканирането,1
ракзава,1
активният,1
чамкория,1
церемоня,1
библитека,1
радостното,1
присмехулник,1
читателска,1
читателят,1
писатели,1
русков,1
стеснен,1
криминалистика,1
криминология,1
сериен,1
финансирал,1
бцди,1
дъщерички,1
опали,1
находище,1
световноизвестно,1
сидни,1
северозападно,1
сибир,1
миньори,1
целзий,1
достигали,1
дневните,1
горещини,1
ораново,1
закриват,1
бездомните,1
неинформирани,1
възвишение,1
петорното,1
реанимиране,1
рехалибитацията,1
базари,1
ресторантьори,1
хотелиери,1
съществена,1
физиотерапия,1
изнасял,1
сондово,1
спонтанното,1
разяснителна,1
респираторен,1
удостоверят,1
капсула,1
желатинова,1
задавила,1
хранил,1
хидроцефалия,1
видяни,1
изпратете,1
срамната,1
щафетата,1
martina,1
странство,1
минзухари,1
залепиха,1
пуската,1
затихва,1
раздвоени,1
мочилград,1
садет,1
седемгодишното,1
хепатит,1
ескорт,1
спин,1
mtel,1
vivacom,1
насърчавани,1
telenor,1
абонати,1
служтелка,1
свикнеш,1
утвърждава,1
киргизстан,1
сигнализирането,1
изтичал,1
погубиха,1
престъпленето,1
заснетите,1
говорило,1
възпитателките,1
непал,1
обявявана,1
умишлените,1
румънка,1
неподписването,1
освободя,1
завлякоха,1
необосновано,1
орнамент,1
гипсов,1
няколкомесечни,1
тинейджъри,1
дупничанин,1
мокрище,1
цезар,1
отсъстват,1
мащабният,1
султан,1
османския,1
коджакафалията,1
загърбва,1
хипотетични,1
фиксирането,1
акцентирането,1
ресорния,1
изкривената,1
изкривения,1
следствията,1
безумни,1
баклава,1
оповестена,1
похарчи,1
тежали,1
мий,1
гъвкавост,1
течен,1
слабички,1
дожаля,1
сходно,1
припознава,1
почнали,1
ипотечен,1
внучките,1
пилешко,1
варен,1
гледало,1
блутут,1
бельо,1
хранили,1
тялонякои,1
упоен,1
предизвестеното,1
венцеслав,1
глуха,1
контактуват,1
ходиха,1
прекалявала,1
чата,1
къра,1
обяси,1
прибегне,1
шубите,1
престанала,1
прекъснала,1
диагностицирани,1
близначетата,1
оказвала,1
поизостанали,1
подчертавам,1
заключим,1
турчин,1
потвърждавали,1
кажеха,1
захранването,1
панцъркова,1
спорния,1
общества,1
хилядолетията,1
приведат,1
виждалите,1
усъмнил,1
вярното,1
дограмите,1
лъжливи,1
спекулират,1
интерпретирано,1
ппатриотите,1
изкъртени,1
раздадена,1
изпълняваме,1
скочиха,1
зачитат,1
деньов,1
спорната,1
човечно,1
спейси,1
кевин,1
силвана,1
покривната,1
стоманобетон,1
взривената,1
свикваш,1
изречението,1
непоносимото,1
понесеш,1
нерви,1
самоубийства,1
безредиците,1
силовите,1
ситроен,1
пресякла,1
снимахте,1
правихте,1
заемът,1
набеждава,1
клеветеше,1
строили,1
внесохме,1
ярд,1
скотланд,1
подчинената,1
родилителите,1
пращаме,1
бездомник,1
двусмислен,1
езикът,1
тубите,1
молитви,1
референдума,1
референдумът,1
яростните,1
алекса,1
сани,1
резолюцията,1
равноправна,1
състоятелен,1
конюнктурни,1
пералнята,1
градусов,1
побойници,1
налива,1
преустроено,1
забранили,1
готвене,1
чистене,1
безценица,1
кооператори,1
експресно,1
дементни,1
напреднали,1
подуене,1
низамска,1
боянка,1
скриването,1
неразбираемо,1
премълчаване,1
хризантема,1
несигнализирането,1
огромното,1
беден,1
вариантът,1
посочим,1
компенсиран,1
картонени,1
недисциплинирана,1
уличаващи,1
набедилата,1
паничарево,1
есемеси,1
идентичност,1
изпълнителка,1
опаковки,1
легнаха,1
красивите,1
карапетров,1
разрешена,1
инвазивен,1
норка,1
индустрия,1
пчелите,1
палта,1
кожени,1
ускорили,1
разхвърляна,1
ескортиран,1
опонента,1
седемгодишният,1
прогледне,1
проходилка,1
насипят,1
румънският,1
скомля,1
предприемаме,1
конвоира,1
призоваван,1
старшината,1
командва,1
тинчев,1
цеци,1
терористичните,1
мутри,1
чокови,1
милионери,1
грозните,1
веганите,1
полу,1
алфатар,1
върховете,1
колежките,1
мусака,1
застрашило,1
възпроизвеждането,1
проектилите,1
стик,1
оаил,1
шкалов,1
натоварената,1
салати,1
тимов,1
застигат,1
шкалови,1
капатово,1
потопени,1
озеки,1
пожизнен,1
стигнеш,1
безнаказана,1
сумистите,1
заловените,1
отновона,1
вегетарианци,1
ненужно,1
варварска,1
одират,1
хуманен,1
смъква,1
пресъздаваме,1
пърформанс,1
геноцид,1
прасета,1
клане,1
предколедното,1
георгиеви,1
евлоги,1
нередовни,1
нередовните,1
наблегнахме,1
болкук,1
зимния,1
примирил,1
високопроходима,1
издирващи,1
планинското,1
разстреляната,1
примиряват,1
слред,1
пациентските,1
изхарчените,1
отдалечена,1
георгиевацентрална,1
легнало,1
ясли,1
празната,1
кутина,1
няколки,1
очернено,1
умивалнята,1
бърсало,1
предпоследното,1
изхарчени,1
поправили,1
изчакаме,1
тулон,1
легион,1
креватче,1
лотнер,1
жорж,1
режисирани,1
игрални,1
петдесет,1
емблематичната,1
одобрят,1
произнесена,1
йорго,1
локализиране,1
блокирали,1
велков,1
притежаваният,1
централно,1
плакало,1
плакал,1
сапун,1
мандатът,1
необикновеното,1
влияеш,1
представляваш,1
китното,1
странното,1
сваляла,1
складира,1
пипна,1
запозная,1
италианче,1
солиден,1
довлече,1
местим,1
президентския,1
спомняме,1
банкаiban,1
изхвърления,1
разглезено,1
завършването,1
сапунисала,1
кръстник,1
затуй,1
играчките,1
родя,1
тичам,1
преспивала,1
ямболските,1
драгнев,1
разпитвам,1
ханджиев,1
преувеличават,1
кацнеш,1
допитва,1
донесен,1
започнеш,1
мислеха,1
злонамерен,1
саддам,1
общителни,1
финка,1
закрием,1
лесковец,1
кръвнигрупи,1
натрето,1
осемгодишно,1
сеизвърши,1
обитавам,1
циничния,1
йтелефонни,1
сизвито,1
изминаване,1
столичнотo,1
информации,1
спецотряда,1
георгицветанов,1
истинскиятпрестъпник,1
организирания,1
портиер,1
пантите,1
изкъртили,1
буйствало,1
противоправните,1
трамва,1
немарливост,1
василий,1
обобщават,1
поместните,1
исторически,1
наеорги,1
охридска,1
бпц,1
проявихме,1
пропуснал,1
спасиш,1
непокрити,1
неназовим,1
събуждат,1
чавдаров,1
самотноживеещата,1
невъзмутимо,1
несъвместима,1
сгъваеми,1
механотехникума,1
стремили,1
белобрадия,1
обозначена,1
надигната,1
тунева,1
паркирането,1
легналия,1
завивал,1
пребоядисани,1
старец,1
съмнявах,1
фотьойли,1
трудят,1
абдикиралата,1
отчайва,1
търсеше,1
синусите,1
хаджипанайотова,1
благото,1
овдовелите,1
маркировка,1
делничните,1
обозначаване,1
цветна,1
продажби,1
пластмаса,1
талашит,1
лобно,1
осеяха,1
мълчаливия,1
участващи,1
обходни,1
обръщаха,1
дойран,1
самосвал,1
заобиколиха,1
фатиме,1
размаха,1
спъне,1
неравност,1
указва,1
българоубиец,1
унищожената,1
цариградската,1
плиснал,1
златомир,1
ресурсите,1
обменял,1
склонявал,1
сприятели,1
фалшивия,1
затисна,1
изгаряща,1
поискания,1
екзархия,1
изникват,1
достойна,1
стремя,1
генетична,1
марч,1
глушник,1
партизанка,1
кубинската,1
доверчивост,1
манипулирал,1
янкулова,1
серафимова,1
ванова,1
линево,1
интервюираните,1
доволните,1
съставяла,1
маркетингова,1
избиратели,1
аналогичния,1
izbori,1
статуса,1
ловния,1
седмият,1
критичен,1
изгарянето,1
белотинци,1
осъщественият,1
извратените,1
куба,1
централноевропейската,1
постарал,1
югославската,1
единение,1
духовно,1
нарушило,1
посестримата,1
поставило,1
правослана,1
автокефалията,1
призане,1
канон,1
архиереи,1
автокефална,1
канонично,1
подчретават,1
състудент,1
схизма,1
македонска,1
обособява,1
бетонирали,1
забравим,1
пораснеш,1
постъпилото,1
събуден,1
икакви,1
сребрина,1
правосъдната,1
поместни,1
комунистически,1
македонизма,1
дъщерна,1
православните,1
нушев,1
компетентния,1
редовното,1
общението,1
струмишкият,1
специалното,1
гранитна,1
архиереите,1
гредата,1
размазва,1
злостните,1
доминото,1
безсмъртен,1
мания,1
зверове,1
възприемаме,1
спрейове,1
фотокапани,1
въоръжават,1
екологични,1
асоциациите,1
пренасочвана,1
ефекта,1
хулиганите,1
пуснатата,1
реорганизация,1
джигити,1
минивана,1
ловците,1
неучтиви,1
кампаниите,1
нормалност,1
рецидивистите,1
повтаряш,1
сантиметрови,1
превъзходството,1
помпаме,1
медията,1
защитаващи,1
кръвотечението,1
признавате,1
дъждът,1
непоправими,1
инвестират,1
катастрофите,1
намалеят,1
насмита,1
каране,1
кормуване,1
потретваш,1
кошери,1
подчертано,1
треперещата,1
настървеното,1
наемен,1
десетокласничките,1
замислил,1
кея,1
студените,1
изненадал,1
пристанището,1
удавяне,1
тормозило,1
внедрен,1
операторката,1
капаро,1
хищник,1
настоятелна,1
посъветвала,1
кроила,1
сладкарница,1
смаяни,1
поръчала,1
крещели,1
казакова,1
дванадесетокласничка,1
отказвайки,1
разпознати,1
гонитбата,1
превъзбудено,1
миниванът,1
горубляне,1
мигания,1
характерните,1
задоволяват,1
кафявата,1
закъсняват,1
йовчева,1
суванков,1
работникът,1
пипала,1
блокчетата,1
двуи,1
споменат,1
пъй,1
извървят,1
всевишният,1
блатевото,1
дженифър,1
холмс,1
кейти,1
екоинспекцията,1
фей,1
аркет,1
патриша,1
притиснати,1
фаръл,1
разцепи,1
колин,1
редфорд,1
робърт,1
актьорите,1
неравнопоставеността,1
изръмжа,1
ликвидирана,1
знаменитостите,1
лопес,1
джей,1
блайдж,1
one,1
счупените,1
мотивиран,1
автономния,1
повикало,1
раздаде,1
канела,1
фландрия,1
споминал,1
леида,1
мюсюлманската,1
медникарово,1
гълъбовското,1
публикували,1
елтаблото,1
придвижено,1
болестите,1
ирландската,1
лапите,1
елтън,1
настигнала,1
заловила,1
гръбски,1
харчове,1
оставяли,1
уверявала,1
молела,1
евгениева,1
ляга,1
оптимизация,1
бисексуалните,1
музиканта,1
лесбийките,1
fra,1
бисексуални,1
подгонила,1
лесбийки,1
лбт,1
сексуалност,1
мероприятието,1
вилнеят,1
дешлийски,1
ловджия,1
инфектиране,1
терон,1
чарлийз,1
стрийп,1
мерил,1
скачах,1
гейтс,1
мелинда,1
камене,1
майкрософт,1
основателя,1
уинфри,1
досъдебната,1
неприключили,1
звяра,1
превързала,1
нахапаната,1
улично,1
ловът,1
кризистен,1
чимера,1
боливия,1
хубавият,1
максимс,1
кметсвото,1
оженихме,1
питаше,1
австриец,1
оженим,1
малевич,1
краля,1
питието,1
особи,1
черният,1
кралски,1
аномалия,1
целуна,1
принцесата,1
трансплантационни,1
целувам,1
светските,1
буржоазно,1
наследи,1
милиардите,1
днск,1
възложителя,1
откъсват,1
лазаринка,1
лазарин,1
атанасови,1
донорът,1
сбъдват,1
трансплантиран,1
боядисах,1
промених,1
присаден,1
фризурата,1
инщо,1
аристокрацията,1
портиера,1
мопасан,1
можаха,1
сипала,1
порвежда,1
нередни,1
съдържащите,1
къпе,1
възгледите,1
учредителното,1
делегат,1
подкара,1
никаки,1
тънките,1
кокошкарски,1
сурая,1
посочете,1
осмислят,1
черва,1
забулен,1
обликът,1
влияния,1
дезинформацията,1
именувал,1
промишленост,1
филмова,1
кинорежисура,1
сорбоната,1
принцеса,1
приятелства,1
несериозен,1
попълнила,1
умираме,1
влюбихме,1
поканих,1
дайджест,1
рийдърс,1
марк,1
задръжки,1
парижанките,1
евротрансплант,1
скромност,1
царство,1
джойс,1
известното,1
древноеврейски,1
съботата,1
страстната,1
клементина,1
нощния,1
наетите,1
предлагащо,1
грекова,1
мамограф,1
оживените,1
мамографска,1
прегледите,1
диагностично,1
бетон,1
разтревожили,1
тегления,1
скелетът,1
влезлите,1
цацарова,1
крайпътна,1
снежното,1
цацаровци,1
заработенените,1
сексуслуги,1
преносим,1
икономов,1
предимство,1
обсъждано,1
камбитов,1
бонев,1
милицията,1
барикадиралият,1
усложни,1
легалното,1
невредим,1
нелегалното,1
барикадиралия,1
прочитане,1
успокоил,1
избухнах,1
ядосаната,1
уцели,1
петокласникът,1
златоградското,1
разклонения,1
систематично,1
постни,1
преплита,1
почиващи,1
християнското,1
лазаруване,1
неделната,1
възкресната,1
привличаше,1
богослужебната,1
ужасените,1
лазаровата,1
дебнем,1
общоцърковен,1
считало,1
пъдари,1
лазаровото,1
лазаре,1
възкресяването,1
врязъл,1
групичка,1
пропуска,1
утрешната,1
акциите,1
загубва,1
сирени,1
бетоновоз,1
прехвърляни,1
бетоновоза,1
състояла,1
europa,1
сирените,1
europol,1
европол,1
одрин,1
дан,1
оставало,1
удушат,1
интриги,1
сивриева,1
тъмнина,1
силует,1
саката,1
машините,1
извива,1
клати,1
преброени,1
дестабилизиране,1
силовия,1
работодателската,1
ангажираността,1
криб,1
ревящи,1
повериха,1
заварила,1
шоуто,1
удължи,1
ексшефът,1
изопачават,1
опетняват,1
напомниха,1
заблуждавала,1
посредством,1
религиозната,1
отметнеш,1
пропагандирал,1
пропускателния,1
изпросила,1
необузданата,1
автосервиза,1
отцепва,1
разгневена,1
предотвратен,1
сапунджиева,1
преодоляна,1
явления,1
интеграцията,1
проспала,1
неприлагането,1
канцлера,1
недалновидната,1
мирисал,1
арестант,1
повториха,1
инициирал,1
отговаряло,1
топлофикационното,1
рекетирана,1
отблъскват,1
pro,1
градоначалник,1
делегации,1
канел,1
вноската,1
подновяването,1
жалбоподател,1
съотборници,1
прочу,1
пазараджик,1
възгласи,1
титулувало,1
бобовдолския,1
пречело,1
утайки,1
енергийният,1
прекъсван,1
пустата,1
харесвал,1
отбихме,1
помлели,1
натривките,1
астърджиев,1
белязани,1
придобилата,1
предизвиквал,1
прегрешение,1
бибипкал,1
свирил,1
арабаджиев,1
изявленията,1
идете,1
поканите,1
поканя,1
желязна,1
замъкнал,1
неточните,1
затегнат,1
мелин,1
връхлетя,1
ограбвана,1
съсредоточи,1
натрупат,1
спечелена,1
осезаем,1
шехова,1
горчивина,1
кулокранистка,1
механизация,1
либералните,1
извикайте,1
ура,1
изобличител,1
щерка,1
въжеиграч,1
мюсюлманското,1
обгрижват,1
ухажваха,1
президенти,1
патриархалното,1
спадове,1
митова,1
джентълменството,1
основанията,1
формулираме,1
финасирането,1
шкафчета,1
сушилня,1
обзавеждането,1
дооборудване,1
отмина,1
справяме,1
хилядата,1
претоварили,1
поведоха,1
наказала,1
изживял,1
фролошка,1
политат,1
истерията,1
османска,1
властолюбива,1
обаждали,1
драго,1
болезнената,1
гостувал,1
възпламени,1
сапунджиеви,1
тройно,1
парното,1
гуменки,1
шкафчетата,1
държаните,1
преобуто,1
томев,1
енчева,1
чорапи,1
мокрите,1
насилницата,1
преобуе,1
освободила,1
снабдил,1
учуден,1
празнословна,1
разсолков,1
свако,1
лицемер,1
демагог,1
фантазьор,1
въздухообразен,1
преглеждаха,1
легне,1
смехотворен,1
считайте,1
издебва,1
дърдорковци,1
реформаторите,1
ласкаят,1
натъпкал,1
скърцане,1
поздравяваме,1
възпитано,1
наплатанова,1
учудващо,1
ревала,1
експлоатацията,1
добрин,1
гравитационните,1
бунят,1
учените,1
физиката,1
анщайн,1
превеждали,1
експлоатираните,1
потискат,1
съществуваме,1
указана,1
засегна,1
пристанало,1
кръстовете,1
еврейските,1
саркози,1
гние,1
изгние,1
ледът,1
юлий,1
раздаваща,1
депозитите,1
церова,1
влиятелен,1
отдалечавал,1
божевци,1
емиграция,1
парцали,1
верските,1
облекла,1
момчилков,1
произвола,1
барака,1
девствено,1
сокче,1
предизборната,1
изпадала,1
социализира,1
влоговете,1
нарушителките,1
глобявани,1
пренебрегнат,1
закрива,1
сървайвър,1
риалити,1
грешник,1
забулени,1
сервизи,1
забранав,1
стюардеса,1
приспивам,1
правихме,1
оттагава,1
напрегнат,1
воювал,1
формирования,1
оформи,1
батальон,1
заколям,1
оттука,1
рева,1
забулват,1
шофирам,1
отворените,1
способностите,1
вратичка,1
скръбна,1
почернена,1
догонва,1
извървяват,1
oпита,1
любимка,1
слушаше,1
цъкаше,1
канавката,1
лягай,1
озовавахме,1
пазарувахме,1
донбас,1
киев,1
съотношение,1
ринг,1
кория,1
трогва,1
юрганът,1
школо,1
репликата,1
закъснявахме,1
кукери,1
имигранти,1
избрано,1
студения,1
проявяваща,1
изтъкнат,1
бледо,1
супа,1
развя,1
избута,1
грубост,1
радикална,1
застъпи,1
благословията,1
плевневлиев,1
колективни,1
тупаник,1
меле,1
учебният,1
туника,1
екопътеки,1
съставят,1
заслужената,1
божурски,1
минералната,1
дадености,1
петра,1
природните,1
договорката,1
любовника,1
историческо,1
заличаваме,1
чешмите,1
паметниците,1
учлието,1
стригне,1
саморазправил,1
подходящият,1
комуникативен,1
консенсусна,1
айпад,1
консервативен,1
смартфон,1
есемесите,1
времевия,1
каки,1
гласеше,1
препрати,1
брожение,1
есемес,1
инструментариум,1
плячка,1
слабостта,1
забелязвате,1
фотев,1
евангелска,1
топличко,1
внушават,1
яшар,1
върша,1
халифат,1
образец,1
зае,1
опраскана,1
сменената,1
споменават,1
призоваваше,1
оплюваше,1
представяше,1
стимулира,1
антидемократична,1
споменато,1
шапки,1
будни,1
призовал,1
буден,1
показването,1
осъществявам,1
есемеса,1
възприеме,1
грехота,1
барозу,1
самоирония,1
дойдем,1
смените,1
телцето,1
отваряме,1
прелистването,1
спектакъла,1
определям,1
пипнаха,1
бомбардират,1
зароди,1
безсъницата,1
експанзивна,1
наивна,1
разваляме,1
открехнала,1
новосформирано,1
бушуват,1
спектакълът,1
скръстя,1
усъвършенстват,1
танцовото,1
поставяте,1
кискам,1
подскочи,1
чудих,1
подскочих,1
ароматите,1
аромат,1
будя,1
изреченията,1
довършете,1
комичен,1
позитивно,1
завършим,1
пеньо,1
себеподобните,1
натрупахте,1
изявявала,1
откривала,1
зараждат,1
великолепна,1
хинина,1
олимпийски,1
бродуей,1
трупата,1
уилъсн,1
дълбокисъболезнования,1
добиват,1
исихия,1
орисия,1
спектаклите,1
вице,1
закачката,1
изгубиха,1
абсолютни,1
треньорска,1
рефренът,1
стойките,1
успешната,1
болеро,1
минор,1
сингапур,1
талантливите,1
нешанъл,1
артистите,1
хрумване,1
лудешко,1
майсторските,1
мазгарева,1
сборища,1
междублокови,1
шоколада,1
знаменитата,1
шеговитото,1
мюзик,1
монте,1
непредставена,1
репатрирани,1
заедна,1
уличенната,1
турне,1
маестро,1
изпиеш,1
умният,1
сексапил,1
очевидното,1
навъртат,1
поскал,1
военномедецинска,1
поисканата,1
щранговете,1
солунска,1
падналия,1
годишиня,1
бягали,1
вземете,1
разпоредила,1
пренущувало,1
астматичен,1
призори,1
изяждат,1
сядат,1
почерпят,1
лъжете,1
износват,1
отминал,1
премеждието,1
костенци,1
набие,1
ограниченото,1
прибираш,1
контролиращото,1
дръпнала,1
противоположния,1
досегашната,1
военномедицинската,1
анализаторите,1
респондента,1
доброволното,1
анализатор,1
глезенна,1
харизанова,1
чинии,1
действителната,1
връсничка,1
тараш,1
пропадналия,1
резил,1
приключиха,1
извършаването,1
манипулирано,1
оправдае,1
присадиха,1
зарадваха,1
органа,1
илка,1
дадохме,1
предоариите,1
захвърлят,1
махиаела,1
шесторка,1
великолепната,1
крачето,1
отървало,1
велосипеда,1
покара,1
третокласници,1
побра,1
тополовградското,1
устрем,1
пастири,1
разтървани,1
повикано,1
плевника,1
пренощували,1
претоварването,1
преляла,1
могила,1
разделиха,1
омаловажава,1
унгарският,1
габровското,1
възрастнят,1
раздавала,1
велковци,1
комцио,1
разляло,1
ръчичката,1
фуга,1
токата,1
птица,1
славчев,1
бос,1
гладуваме,1
помощите,1
похарчено,1
обгорели,1
опърлена,1
менюто,1
варени,1
ротари,1
изземването,1
опираше,1
разрасна,1
експлодирала,1
добролево,1
оцеляха,1
киселичево,1
винят,1
нападките,1
палатки,1
саморъчно,1
хаитяни,1
пощадило,1
поверявала,1
гальовно,1
миловидното,1
еци,1
развалини,1
потупвали,1
изпариха,1
затваряли,1
забавлявали,1
нацистки,1
изобилстват,1
съществуване,1
поверявано,1
случваше,1
следобедно,1
обедно,1
цигулар,1
викнали,1
освидетелстването,1
жар,1
докладвам,1
разтревожи,1
отвличана,1
разлепил,1
почтени,1
изнасяне,1
умората,1
минусовите,1
попниколов,1
ремонтиране,1
недоказано,1
едновременното,1
реконструкцията,1
постижимо,1
демонтаж,1
значителната,1
ремонтите,1
изпревари,1
жозе,1
личностите,1
низкия,1
кукова,1
фамилната,1
стоматолог,1
пречистване,1
енергоспестяващи,1
пожелана,1
мъчението,1
нещастната,1
очернят,1
трамвайните,1
изумена,1
кьошета,1
шереметова,1
авариен,1
подразни,1
включил,1
отмъстят,1
обиденият,1
нахълтват,1
кроткия,1
предстояла,1
обявявайки,1
залози,1
йовева,1
успокоението,1
мрачната,1
съблякоха,1
забравило,1
brother,1
гаджетата,1
запознавал,1
хазартен,1
унищожителния,1
бохеми,1
разбъркам,1
пропуснах,1
оригинали,1
двойници,1
заблудиш,1
умножаване,1
делене,1
реахибилитация,1
амбициозно,1
инженерните,1
обърква,1
лятно,1
композиции,1
конкурентка,1
шишманова,1
състезава,1
виф,1
лавинна,1
хореографско,1
фигаро,1
светлини,1
оцветят,1
исаева,1
cecbbgsf,1
оферта,1
двеста,1
анестезиологът,1
упойката,1
слагах,1
срещнеш,1
сарелска,1
безотговорна,1
бащинското,1
обезводнено,1
полева,1
женичка,1
ташева,1
почетна,1
милионното,1
рекордьорите,1
хаити,1
звездните,1
избраници,1
гонене,1
стигаше,1
труса,1
работническите,1
епицентъра,1
разярен,1
катинара,1
призивите,1
атентати,1
вървиш,1
катаклизми,1
съкрушителните,1
разказваш,1
прекарано,1
читателите,1
гледаната,1
радар,1
математиката,1
опустошителното,1
меся,1
нездрави,1
колежа,1
орлица,1
моделират,1
глината,1
сексуалността,1
отстоява,1
разпространявала,1
инициаторка,1
регионалния,1
проституцията,1
издръжки,1
лечения,1
ръчичка,1
търнър,1
шестгодишно,1
станимирова,1
обструктивен,1
мебелна,1
шивачка,1
редуцират,1
кесеева,1
предположа,1
ница,1
изземваха,1
подготвяна,1
претърсвани,1
споре,1
сводникът,1
текстил,1
прилична,1
атрактивни,1
абитуриентски,1
вържат,1
утешавам,1
неплатеният,1
шишенца,1
домакинската,1
поверяват,1
доработва,1
пералня,1
правнукът,1
кувьоза,1
нелеките,1
прегърбена,1
изненади,1
погледи,1
килимче,1
лимузини,1
пристигаха,1
ташкова,1
престъпиха,1
безразличнието,1
просветният,1
уведомим,1
таслакова,1
менков,1
засегнала,1
наказуемост,1
изнудвачите,1
германският,1
изходящи,1
сгъваемо,1
превъзпитателна,1
разтърват,1
сеслав,1
разочаровани,1
хюлиет,1
хулиет,1
бездействията,1
зверската,1
давос,1
багерчето,1
данъчно,1
ловешкият,1
сулейманов,1
изиграли,1
смъртно,1
обвинителят,1
пледираха,1
поризнесе,1
покровителстване,1
покровителствали,1
обжалваха,1
извеждани,1
лъгана,1
безуспешен,1
отнесено,1
жегите,1
отнесло,1
багер,1
вършеха,1
строй,1
подписвахме,1
полита,1
оставянето,1
среднто,1
отворило,1
премахне,1
господи,1
едноженството,1
пивка,1
якоруда,1
нерегистрирана,1
проповедник,1
схемите,1
подпряло,1
селектирани,1
парила,1
интелигентния,1
енидственото,1
безсилно,1
няккави,1
изродено,1
шабанов,1
нарисуват,1
едноженство,1
ислямския,1
свикнало,1
употребят,1
обмяна,1
сбогуваха,1
благородния,1
непознаването,1
разговаряш,1
живецът,1
памела,1
купени,1
лифаам,1
бореца,1
забранят,1
намаз,1
кланят,1
делничен,1
обедната,1
съпругите,1
отварям,1
бутам,1
ботевградското,1
третокласничка,1
дразнител,1
сочено,1
грънчаров,1
вичо,1
попйорданова,1
мислили,1
николинка,1
моктори,1
ресурсният,1
ресурсния,1
раждаха,1
републиканската,1
мантинели,1
изнасяха,1
обезопасителни,1
пропастта,1
обувката,1
хипер,1
приближило,1
хъркаше,1
пристъпвайки,1
изкуствено,1
премеждие,1
годишнини,1
класифицирани,1
попйорданов,1
изтеглили,1
избегнаха,1
дунавска,1
пропътува,1
цигарена,1
доказаване,1
василина,1
записвана,1
чиро,1
четвъртокласничката,1
кошарица,1
заплашително,1
изндуване,1
покривът,1
уверението,1
разочарование,1
милата,1
заплаках,1
женица,1
поръчителтие,1
мъничка,1
сетивата,1
сантименталност,1
носталгия,1
абсолятно,1
трупно,1
приседнах,1
пейзажите,1
разглеждам,1
тихичко,1
акрилни,1
нарисувани,1
приклекнали,1
студентският,1
отстъпка,1
приклекнала,1
позволите,1
потърсете,1
клетата,1
отворихте,1
възхищението,1
поражда,1
мечкарска,1
отзивчиви,1
отпътувам,1
допълвам,1
персонално,1
големините,1
зависят,1
разпространете,1
стократно,1
умножава,1
благословиите,1
пейзаж,1
картините,1
потребителката,1
тленни,1
сърцебиенето,1
нараснала,1
откликнаха,1
политечска,1
ограничим,1
злощастната,1
смазване,1
злонамерени,1
престпъление,1
оклеветяване,1
нахвърлят,1
гривица,1
поисканото,1
съблече,1
утвърждаване,1
зрелостта,1
изобилието,1
заслужен,1
хвалба,1
скандалното,1
отправен,1
маме,1
спомниш,1
седеше,1
присвояване,1
влачила,1
увили,1
носен,1
панталона,1
драгоданово,1
ахматово,1
асеновградското,1
канонизацията,1
отритнатите,1
мисионери,1
поклонници,1
гориш,1
канонизирана,1
зрели,1
сънувах,1
бягства,1
образът,1
терлици,1
горди,1
нейка,1
упражнената,1
интензитет,1
заплатят,1
раждаме,1
защитавало,1
обяснявала,1
кафенето,1
предало,1
чая,1
милостиня,1
нудисткия,1
нестопанисвана,1
неохраняема,1
възрастово,1
концесионната,1
позове,1
третирано,1
замести,1
несправедливостите,1
хартията,1
ултиматум,1
папките,1
доброславци,1
изкарвам,1
всичкия,1
найлонови,1
проведем,1
багера,1
плачевен,1
преформатиране,1
президентските,1
издигат,1
кандидатира,1
колегиален,1
съобразявал,1
дезертьорство,1
премиерската,1
предизвикателството,1
шеговито,1
укорителен,1
администраторите,1
посланика,1
kатрин,1
присегна,1
постигнала,1
платило,1
ругала,1
опиши,1
криеше,1
избухвам,1
пчелар,1
клаксона,1
гълта,1
байрамов,1
гълтала,1
къпал,1
кривошиеви,1
серията,1
подарете,1
мушкато,1
кметица,1
ромското,1
съобразяват,1
изплашен,1
смятало,1
оглежда,1
панически,1
разсейвали,1
моловете,1
лишавала,1
арфа,1
мичева,1
индийка,1
вергиния,1
стерилитета,1
спорният,1
ивърне,1
сладки,1
лежерно,1
щъкайки,1
прецсентъра,1
джебчийки,1
поза,1
василеви,1
рупци,1
предавай,1
подаря,1
изскача,1
водка,1
ужасява,1
операционна,1
дренаж,1
катетър,1
действаща,1
безскрупулно,1
натопвай,1
подарявам,1
изненадва,1
нарушената,1
мимика,1
нарушване,1
кеото,1
строшил,1
пълзейки,1
нощното,1
nasilie,1
актьорство,1
вдъхновяващия,1
манастирище,1
mrezhi,1
socialnite,1
kachi,1
babata,1
domashno,1
шкафче,1
klip,1
zasne,1
dete,1
majka,1
pomogne,1
приближа,1
постановяването,1
лятна,1
бабаитите,1
човечността,1
прибягва,1
свръхкомпенсация,1
психопатът,1
мощта,1
съседският,1
родовият,1
оставащата,1
беларус,1
романите,1
гимназиалната,1
припадам,1
прекалих,1
отслабна,1
прокоратура,1
разхождам,1
дъщерата,1
чубина,1
некъпана,1
малоценен,1
преработиш,1
недокладваното,1
стремящите,1
психичната,1
удържат,1
личностово,1
респектирани,1
предвидило,1
коремът,1
главоболието,1
огледаме,1
несподеляното,1
свръхжеланието,1
спусъкът,1
значим,1
култът,1
постигат,1
санкционира,1
попиват,1
подсъзнателно,1
руснак,1
почнал,1
слепоочна,1
формира,1
обоснована,1
копали,1
пренасяли,1
стиковат,1
брокера,1
паркирала,1
нури,1
джавед,1
пуснахме,1
шиха,1
пръти,1
необезпокоявани,1
мотоциклетистът,1
вътречерепен,1
мотоциклетист,1
фотоснимки,1
самонараняване,1
прокуроът,1
дарикнюз,1
петмесечно,1
тридесеткилограмово,1
местообитание,1
подбрано,1
крушовица,1
елинпелинското,1
хранилка,1
мечето,1
улавянето,1
поддържайки,1
спасителният,1
обгрижени,1
уловени,1
природозащитната,1
инструкциите,1
спазила,1
разтревожената,1
сърдечносъдовата,1
тилна,1
общувал,1
помирили,1
ухапа,1
непредвидимо,1
кръстоска,1
притежаването,1
развъждането,1
миризми,1
нахапал,1
природозащитникът,1
произлиза,1
напоителен,1
изплувало,1
изхвърлило,1
спомняла,1
напряга,1
връщано,1
изготвяли,1
упойка,1
бедстващи,1
граничното,1
предприетия,1
чешки,1
порезно,1
замахнала,1
чехът,1
привеждане,1
касационно,1
замъгляване,1
слепоочни,1
заболеваемост,1
обрасла,1
отлепяне,1
тъканите,1
руптура,1
акушерска,1
отпаднали,1
сашко,1
връхни,1
дървеници,1
извеждали,1
памперс,1
непослушна,1
конфигурация,1
пиротехническа,1
bgcecbj,1
бореха,1
взировете,1
обращение,1
прокарване,1
триводици,1
брезница,1
носната,1
сирни,1
фсмп,1
пиринско,1
гергов,1
подстригване,1
оповестяват,1
подменена,1
статично,1
нуждаем,1
геоложки,1
прахови,1
пожарите,1
самотен,1
оборудвани,1
огнената,1
насочат,1
гръмотевични,1
замерени,1
фини,1
експлозии,1
евакуация,1
бедствено,1
разтърсиха,1
обгазен,1
пиротехниците,1
гилдията,1
подземно,1
съдебномедицинските,1
мащабни,1
настаниха,1
накажем,1
ширин,1
действащи,1
непрестанното,1
племенника,1
превъзпитано,1
придружаван,1
жаблянова,1
илюстративна,1
паркова,1
врачанин,1
сърничанин,1
ръковоството,1
неоснователни,1
исковете,1
петчленният,1
комшийската,1
родствениците,1
ходжева,1
керефейски,1
закриви,1
победител,1
фамилния,1
медиатора,1
двойков,1
сексолог,1
неизбежните,1
губещи,1
победен,1
грубите,1
слав,1
появилите,1
борбения,1
клеветите,1
изясня,1
лежиш,1
желал,1
катеорично,1
стихии,1
летателна,1
бюджетна,1
ускорят,1
ресторантче,1
първис,1
джорджия,1
мечтали,1
изоставите,1
издърпаха,1
попитали,1
прицел,1
евакуиране,1
помагах,1
озовах,1
гейтовете,1
превзели,1
напредвали,1
довериха,1
убедя,1
умориха,1
гленсвил,1
правнука,1
последвай,1
течът,1
предоставили,1
джиева,1
копал,1
багеристът,1
валяло,1
отклонено,1
изгасен,1
овладяна,1
открий,1
запалила,1
плитко,1
спукал,1
багерист,1
изкопни,1
срутена,1
откарала,1
нее,1
летя,1
отиди,1
шведско,1
пролука,1
бъдни,1
подвеждащите,1
подвеждаща,1
избери,1
ливади,1
манастирски,1
постановленията,1
жабите,1
клокотница,1
нанасяна,1
лупингите,1
преобърнала,1
хухла,1
джевдет,1
опос,1
осигурила,1
писахме,1
кабул,1
патрулният,1
издигнем,1
летиш,1
настъпилото,1
избягване,1
спирачна,1
подържат,1
непредумишлено,1
автокъщата,1
унижени,1
разпродаде,1
препречат,1
градев,1
бостина,1
издърпали,1
препречен,1
разминало,1
маркирани,1
нашийници,1
укрепнат,1
въздушното,1
крайника,1
остеосарком,1
предизвикам,1
разбия,1
псувните,1
желая,1
гюрук,1
кукленско,1
внезапното,1
изтръгнал,1
стреляне,1
самовъзпитание,1
въздушни,1
столче,1
кулата,1
самосъзнание,1
общоопасните,1
протезния,1
включвам,1
донеса,1
unicredit,1
мишницата,1
стопанисвана,1
обезсилена,1
завърнала,1
осиновителката,1
подлез,1
bulbank,1
емилиянова,1
разлея,1
патериците,1
онкохематологично,1
терапии,1
сгъва,1
кръстосвам,1
копче,1
бързай,1
летящата,1
позволиш,1
насърчаваха,1
гъсто,1
макдермид,1
фелан,1
безразлична,1
претендираме,1
генерална,1
събираме,1
незабани,1
изискаме,1
прикипяване,1
гневат,1
нещастници,1
сетили,1
корумпирана,1
напомняне,1
корпоративния,1
изтъкана,1
стигам,1
разновидност,1
хиршпрунг,1
безсъние,1
набавя,1
веждата,1
липа,1
слушалката,1
заблудило,1
въвело,1
bpbibgsf,1
купувам,1
развиваше,1
гълтателен,1
отделителната,1
тотална,1
постижима,1
хранопровода,1
фризобин,1
кисело,1
рефлекс,1
аматьорското,1
брест,1
отлагането,1
пошегуват,1
цитираното,1
изложените,1
недостойни,1
поддавам,1
разделяй,1
побързал,1
звъннала,1
хукнала,1
паркоместата,1
изгледах,1
обикновеният,1
лудост,1
граничат,1
естет,1
инсинуации,1
ресторанти,1
претърсиха,1
законна,1
услужливо,1
обслужвам,1
сензацията,1
кралев,1
денкови,1
обсадиха,1
отцепка,1
неизяснено,1
недалеч,1
предизвикваха,1
злободневието,1
оптимизирането,1
ежеминутна,1
аудиторията,1
спазваха,1
запълва,1
ефирното,1
извинявям,1
състоят,1
сърдити,1
травмиращото,1
поддържах,1
стимулираше,1
големината,1
възрази,1
победите,1
завършу,1
изморяваме,1
победени,1
убедителна,1
нидерландец,1
подновена,1
легендарен,1
провека,1
съдийската,1
провниковия,1
загрявката,1
футболистите,1
футболното,1
препоръчвали,1
инфрастуктура,1
разкрия,1
децаю,1
съдържал,1
задаваше,1
упълномощи,1
узаконяването,1
загрижена,1
взимах,1
ангажирал,1
включете,1
фрапантен,1
любомирова,1
получател,1
искащ,1
простихме,1
цироза,1
безуспешна,1
оказания,1
мръднали,1
шишман,1
включило,1
криптирана,1
скачени,1
пренасочват,1
съсирва,1
околоплодните,1
тромбоцитопения,1
сбалаг,1
родилки,1
помисляли,1
карабоев,1
разхождах,1
първокласници,1
наградиха,1
благодарно,1
деветокласника,1
приложил,1
причинителите,1
неутрализирането,1
предразположено,1
тромбоцити,1
кърви,1
османската,1
лели,1
саможертвата,1
благоденствие,1
предпазвали,1
челата,1
белязват,1
империя,1
католички,1
джеров,1
хърватските,1
отстояват,1
татуиране,1
документалната,1
възбудило,1
заканването,1
отлепване,1
сървър,1
обкиновено,1
гневна,1
качвайки,1
продължих,1
пързаляне,1
фигурното,1
позвънявания,1
неприличните,1
омърсена,1
развивам,1
разголена,1
лексикон,1
скрийншотнали,1
скрийншот,1
депардийо,1
обидна,1
неволя,1
бомбардиране,1
пресрещнало,1
друмев,1
шокирах,1
продавала,1
ненужни,1
зрителен,1
фокс,1
джейми,1
изкушаващо,1
валидизирам,1
отстоявам,1
неувереност,1
базова,1
нечие,1
номерът,1
бързият,1
валидизира,1
комплексиран,1
администратора,1
предоставиш,1
порнографските,1
гласова,1
братовчедки,1
християнство,1
мюсюлманство,1
османските,1
консултираме,1
отстраним,1
здравите,1
заразността,1
капков,1
коклюшът,1
недоносени,1
новородените,1
излекуваме,1
наименование,1
предепидемична,1
завеждаш,1
припознат,1
утробата,1
произнесат,1
отведоха,1
опожарили,1
поставяме,1
епидемичен,1
карантиниране,1
разследваше,1
излея,1
прекипяване,1
посредственост,1
милиард,1
еднорог,1
тошко,1
давана,1
секретност,1
ваксинира,1
вписвания,1
тътрене,1
разбрано,1
заразеното,1
магарешка,1
бактериална,1
заразна,1
изговориха,1
възпитала,1
изучи,1
еничари,1
епизоди,1
шевици,1
взимани,1
инсталации,1
нематериално,1
познаят,1
белязвани,1
татуирането,1
изготвя,1
пролетно,1
пронизвали,1
игла,1
пепел,1
спасявало,1
владетел,1
отблъскващи,1
основали,1
пророческите,1
окултизъм,1
стайков,1
гадателство,1
лунен,1
уменията,1
придобили,1
всекиго,1
приемали,1
съхранявал,1
световният,1
гадателките,1
изготвила,1
гаданията,1
ясновидци,1
приготвим,1
ясновидкско,1
изпращане,1
договоря,1
жалбоподателя,1
видеоигри,1
ескишехир,1
кремове,1
губил,1
статутът,1
моряци,1
заложниците,1
хути,1
йеменските,1
лийдър,1
галакси,1
пленяването,1
понасяла,1
характеристиката,1
aко,1
милилитра,1
посетилия,1
подкрепило,1
отработи,1
изложила,1
нетърпение,1
ходейда,1
йемен,1
излезнах,1
златева,1
прогонили,1
кибрит,1
напръскал,1
спиш,1
зими,1
племеницата,1
проклет,1
малария,1
изтърпяни,1
нападнах,1
прибирах,1
регина,1
камбанен,1
darbi,1
респираторна,1
възстановителен,1
мазила,1
юриста,1
deboramihailowa,1
успявахте,1
отстоявала,1
изказала,1
изявила,1
прераснат,1
правдоподобно,1
рязането,1
чудовищните,1
приковаха,1
нормализирано,1
наказуемия,1
неиния,1
делегирани,1
количесто,1
незначително,1
джалев,1
въпросници,1
душенето,1
параноята,1
ревностния,1
чуло,1
mihailowa,1
debora,1
обезобразяват,1
безучастна,1
отпадна,1
обследван,1
възприело,1
многократна,1
даваща,1
гоергиева,1
керамична,1
учтив,1
миньор,1
нрав,1
садистично,1
издирвал,1
моторно,1
набеждаване,1
поръчали,1
отводи,1
осъзнали,1
разгледате,1
поемете,1
несправелдливост,1
потвърждаване,1
оживен,1
разкъсани,1
tяло,1
гребеж,1
помагачи,1
съкилийник,1
прехранва,1
ценов,1
шпиони,1
нагъл,1
завистлив,1
отмъстителен,1
координирал,1
пренасяне,1
заравяне,1
отбранителната,1
реалното,1
проточи,1
носни,1
срязано,1
подобрят,1
служителки,1
ипа,1
сжв,1
закова,1
неформални,1
уебстраница,1
равноправието,1
уверяваха,1
криводол,1
отпътували,1
присъстващия,1
менил,1
излежавали,1
съкилийниците,1
махайте,1
протака,1
разумни,1
експедитивно,1
досегашния,1
динкова,1
възпита,1
възпитавали,1
отстъпвате,1
автоматично,1
придружаващите,1
стояхме,1
вънка,1
кемалова,1
евдокия,1
извинят,1
заместващият,1
недотам,1
съпроцесник,1
кукла,1
здрависване,1
сканиране,1
рециклиран,1
правозащитна,1
лозунг,1
комунизма,1
цветен,1
бавежът,1
талева,1
процедурната,1
джуджетата,1
компроматите,1
подредена,1
визитка,1
ентусиазъм,1
оживее,1
журналистическата,1
незабавната,1
защитаваме,1
добавена,1
наговаряне,1
толерирането,1
вековна,1
съдбите,1
следвани,1
нитоеднаповече,1
трансжените,1
малева,1
десетмесечие,1
хармонични,1
обидила,1
незачитане,1
пристрастна,1
ограничило,1
воденето,1
лего,1
редели,1
буквите,1
подкрепящи,1
нетолерантно,1
римски,1
отричане,1
жизел,1
чечетин,1
джулия,1
изправили,1
реализираме,1
положим,1
престрашиш,1
радкова,1
настоявания,1
усетена,1
алана,1
катедралния,1
фонтан,1
пингвините,1
символизират,1
огнено,1
учел,1
предумисъл,1
пенсионираха,1
съкрушено,1
подобрим,1
геодезисти,1
измерили,1
махам,1
павилиони,1
подписки,1
минаване,1
ангажираме,1
пътеките,1
обещанието,1
усложнило,1
шейни,1
разчистен,1
експедитивна,1
възпрепятствали,1
снеговалежите,1
ураганния,1
подменят,1
осветителни,1
осветеност,1
смядовското,1
изминаха,1
убивал,1
напъхана,1
убийсвото,1
пледоариите,1
стряскащ,1
янково,1
обобщената,1
алтимир,1
триседмичен,1
обобщени,1
седемдневен,1
повишената,1
новопостъпили,1
активизиране,1
изяснило,1
пелико,1
урсула,1
побучени,1
брошура,1
вложили,1
неспособност,1
детеродна,1
чифтен,1
яйчникът,1
отока,1
спадне,1
компреси,1
подлежал,1
краткото,1
яйчника,1
избит,1
заключителния,1
предавам,1
откажеш,1
задушаваш,1
усещаш,1
странните,1
абсурди,1
печално,1
тежковъоръжени,1
обвинят,1
побързаха,1
съдим,1
свалила,1
връхно,1
автомивката,1
кооперации,1
допълнителната,1
отстранявани,1
некоректни,1
съвестно,1
намалим,1
ценните,1
ползваш,1
невъзможността,1
пръстчета,1
изживявам,1
будела,1
шини,1
преобладаващи,1
великотърновска,1
произнасяния,1
митрушева,1
малограмотни,1
проверявали,1
ямболска,1
тополовградско,1
хаджийчев,1
рокади,1
първоинстанционните,1
осъжданията,1
непроменени,1
завишение,1
новообразуваните,1
непримиримостта,1
лесния,1
патриархалните,1
ластарджиев,1
преминах,1
топче,1
изтърпя,1
камшик,1
давена,1
македонският,1
траснфери,1
кредитна,1
гражданина,1
валутата,1
джейхан,1
класическата,1
обиска,1
долари,1
отмъкна,1
изтеклия,1
рокадите,1
ибрямов,1
санкционираните,1
заразила,1
медковец,1
миньорския,1
съборила,1
къкрина,1
генджов,1
комунални,1
каварна,1
ставаща,1
сценариите,1
използващи,1
пенсионерски,1
квартални,1
надлежния,1
транспортиращо,1
сак,1
изискали,1
отстраненият,1
извадения,1
минаващ,1
димеше,1
репатраци,1
водачката,1
постановиха,1
текущият,1
легитимно,1
ревизии,1
инспекторски,1
взаимни,1
докладите,1
шуменските,1
айдън,1
тествана,1
чешката,1
ремонтиран,1
разбилият,1
дункин,1
поклонения,1
поклон,1
слез,1
непровокираната,1
каменният,1
акспертиза,1
вдъхновен,1
емблематичното,1
експрес,1
корона,1
цено,1
статуя,1
литературен,1
наследнички,1
вазовия,1
вдъхновявали,1
гледките,1
докоснат,1
патриарха,1
нон,1
обмисляли,1
залавян,1
насрочена,1
прокруатурата,1
патриархът,1
писан,1
черепишкия,1
тъкали,1
разпростряна,1
долина,1
панорамна,1
погледец,1
видния,1
творил,1
уредник,1
прели,1
поклони,1
готвили,1
предците,1
родолюбие,1
видната,1
илийовския,1
отдъхне,1
балкана,1
разнопосочна,1
уеднаквяване,1
караници,1
сковани,1
регламентирани,1
лъсне,1
натоварили,1
малинова,1
гунчев,1
засипали,1
заровят,1
натоварил,1
буркани,1
полежа,1
клипче,1
заплашила,1
обгрижва,1
помощница,1
ĸoeтo,1
вълчедръм,1
предоставян,1
остойностяват,1
правилникът,1
уреден,1
номинираната,1
издаван,1
лицензионен,1
надхитри,1
заместниците,1
продължителна,1
кожарева,1
горица,1
вълка,1
отчитане,1
питания,1
нерегламентирания,1
кондофрей,1
очната,1
сменяли,1
предходното,1
допълненият,1
психилогическата,1
полугодие,1
обезценяването,1
директиви,1
връщал,1
влачена,1
сменил,1
трагично,1
посредничката,1
превъзмогват,1
изслушвани,1
прекрачат,1
неконтактна,1
посочих,1
дигнала,1
заслужил,1
шаблона,1
разчупват,1
догмата,1
размаханият,1
ябълка,1
бреница,1
комуникирам,1
трафикнюз,1
издаваните,1
чикагото,1
ръб,1
нежеланието,1
заплете,1
неприятно,1
пресрещнала,1
лихвар,1
инфлуенсъра,1
зловещи,1
музикалният,1
киберпрестъпления,1
продуцентската,1
пехливанов,1
изпитахме,1
обръщаше,1
причаквали,1
сметнала,1
шезлонг,1
казусите,1
тръшна,1
хващал,1
унижавана,1
изколя,1
наричала,1
хроничната,1
отвърнало,1
баков,1
притеснено,1
притеснявайте,1
унижаван,1
закарали,1
следродилна,1
оперативки,1
тъжба,1
кикьов,1
подлагаше,1
подготвях,1
придружават,1
довърша,1
novanews,1
съборено,1
спречкали,1
сeкунди,1
седмокласнчика,1
училищните,1
саботират,1
надигат,1
анева,1
приютят,1
наделина,1
никова,1
свикахме,1
конкретното,1
намесени,1
разраснал,1
неврохиругията,1
договорни,1
заведените,1
създаваше,1
бизнеси,1
гнойно,1
методична,1
консултираха,1
полиорганна,1
дръзката,1
севлиевско,1
консумират,1
чревна,1
пластика,1
кожна,1
излекувана,1
фасцит,1
некротизиращ,1
назначихме,1
отбремени,1
разрези,1
некротичния,1
характерен,1
намаленият,1
имунен,1
групови,1
сесии,1
развият,1
ролеви,1
пречупват,1
филмчета,1
упражненията,1
сеанси,1
акцентите,1
климат,1
лаборанти,1
десетте,1
клиничната,1
надхвърлило,1
едномесечното,1
реки,1
сладка,1
набелязали,1
изпълнявани,1
превъзбудени,1
кънчев,1
възкреси,1
отвъдното,1
борч,1
убеждавали,1
абонатът,1
възкръсна,1
северозападен,1
сакар,1
количествата,1
валежите,1
ветровито,1
хидрология,1
метеорология,1
тънка,1
заваля,1
надморска,1
нищожен,1
заприлича,1
идващия,1
бензодиазепин,1
немедицински,1
режисира,1
провеждаща,1
подтиквайки,1
електроенергия,1
изразходвана,1
конкурсна,1
безвъзмездна,1
образователните,1
невалиден,1
сегрегираните,1
разработена,1
националнапрограма,1
панорама,1
неимоверно,1
установявам,1
бездействало,1
недостигът,1
активирана,1
крадеш,1
сцените,1
систематичните,1
проявяваната,1
наложените,1
изтърпявал,1
аутизмът,1
ужасяващия,1
драгинова,1
споразумяла,1
напомнила,1
давчев,1
обезобразен,1
блъсва,1
удареният,1
излетяла,1
потегляща,1
тревни,1
отблъснала,1
модни,1
лъжеш,1
рухнала,1
библията,1
ломско,1
столетниците,1
блато,1
задъжане,1
мяра,1
преградна,1
известена,1
базара,1
расова,1
обиждано,1
беловеждов,1
про,1
извънкласните,1
подпомогнати,1
обменяме,1
пенсионирах,1
космоса,1
обръщаме,1
чрд,1
поетична,1
пееше,1
респектираше,1
благородство,1
аристократката,1
загатва,1
негласната,1
фази,1
популярността,1
променяше,1
прерастват,1
героя,1
омаяна,1
hihmjhvw,1
генков,1
вагенщайн,1
игрален,1
напевна,1
ередия,1
акцента,1
пламъка,1
артистка,1
сладур,1
избива,1
характерът,1
хербаризирана,1
мръдна,1
преобразяването,1
застанеше,1
поляка,1
появяваше,1
забележиш,1
обаятелна,1
салай,1
едит,1
унгарката,1
енглерт,1
статулова,1
разгърнал,1
пикантни,1
романсът,1
tdbn,1
артмаратон,1
блатечки,1
мимолетната,1
недомлъвки,1
снимачната,1
открояващи,1
предпочитал,1
джентълмен,1
завоевания,1
колегиално,1
целувал,1
premium,1
full,1
light,1
пакетите,1
мимолетни,1
tdbn_,1
breakingnews,1
dailynews,1
социализма,1
джаз,1
чудесна,1
партнирал,1
гримьорната,1
сънуваха,1
великолепен,1
екранен,1
гнездо,1
worldnews,1
витиз,1
изгряващата,1
рударов,1
mlepjiazx,1
saijwyniua,1
worldslocalnewsjournalhttps,1
tdbn_worldslocalnewsjournal,1
ubizrxhg,1
приписваха,1
барселонагейт,1
партиец,1
общопрактикуващия,1
дерматологът,1
приписва,1
филмовото,1
скучаете,1
обновява,1
каталогът,1
жанрове,1
предпочитания,1
заглавията,1
подреждате,1
преглеждате,1
абонаментите,1
натиснете,1
внушителна,1
осмислих,1
допусках,1
крематориума,1
разсъждавах,1
рехабилитатора,1
гърбица,1
вир,1
ролка,1
избърше,1
слюнката,1
хранена,1
лежащата,1
обездвижване,1
човече,1
посинее,1
почистват,1
сближили,1
кожните,1
колебала,1
опиянена,1
звучала,1
разсиновен,1
паметния,1
прекрасната,1
райнов,1
захваща,1
полското,1
флирта,1
автобиографична,1
бири,1
пийнах,1
бистро,1
кротувах,1
екзотична,1
гащеризон,1
перипетии,1
красивия,1
романтична,1
съветска,1
хитовата,1
полската,1
автобиография,1
кръстено,1
възвишено,1
донжуан,1
развеселени,1
неубедително,1
варшава,1
поразяващо,1
куфарите,1
целунеш,1
продума,1
вперва,1
кляка,1
декларациите,1
впечатлението,1
подтекст,1
погрижа,1
шепне,1
красавецът,1
неканеният,1
ухажва,1
шегуват,1
афери,1
прераствали,1
започвали,1
срема,1
възстановила,1
пит,1
осветително,1
предхождан,1
лихвите,1
сметнете,1
отключиха,1
дочакват,1
корозията,1
вредни,1
поднови,1
антикорозионната,1
подновяване,1
присъденото,1
купиха,1
наеха,1
проследяващо,1
отнасяне,1
междуведомствената,1
надгради,1
служебната,1
отдалечен,1
кингстън,1
кралския,1
малино,1
събрал,1
уволнения,1
забавеното,1
установеният,1
клик,1
керпиев,1
хасковска,1
отворя,1
дъбова,1
заложен,1
договорени,1
меморандум,1
моллова,1
превозвали,1
целувките,1
каналджийство,1
действам,1
замисляла,1
книжарниците,1
издателството,1
изтъркани,1
хюз,1
предполагахме,1
читалнята,1
книжния,1
вдъхва,1
старае,1
обожава,1
слезката,1
щанда,1
картички,1
интегрира,1
бизнесите,1
инвестира,1
начинанието,1
сантимент,1
именита,1
превозването,1
оборудван,1
зададения,1
локация,1
трябвала,1
извънредните,1
треньорката,1
патрисия,1
боичките,1
хващаше,1
олимпийци,1
олимпиец,1
волейболния,1
засичат,1
притежавам,1
очарователната,1
стоункот,1
уловила,1
изабел,1
маккарол,1
вписвали,1
електронния,1
въвеждали,1
стойнова,1
вилиана,1
нереални,1
надрусан,1
тъпия,1
забърсал,1
чудели,1
навлизайки,1
повредил,1
наопаки,1
връхлетяна,1
заживеете,1
вашият,1
адреналин,1
регулярно,1
отсъствали,1
извиняване,1
прелъстител,1
устоят,1
флиртува,1
извесните,1
партнира,1
култовите,1
припомните,1
надхвърля,1
красавец,1
пораждат,1
прозвището,1
омагьосвал,1
зрителя,1
приковаваше,1
ярките,1
задължителната,1
вписването,1
мие,1
спънах,1
видеовръзка,1
окуражи,1
безпощадни,1
дебнал,1
педагогическите,1
предучилищна,1
обхващане,1
медиаторите,1
косвено,1
ясният,1
отключвах,1
регулярна,1
пренасочвани,1
извършиш,1
костя,1
безмълвен,1
делот,1
metro,1
паркираната,1
железен,1
среднощният,1
уведомявано,1
аргументираха,1
кръстинова,1
добавяме,1
прибавихме,1
маслини,1
фабриката,1
йоанис,1
костас,1
прикрия,1
успявахме,1
стряскаше,1
пускали,1
безвъзвратно,1
пръснато,1
побягна,1
целеше,1
рехабилитаторката,1
почивки,1
завеждащия,1
овиняемият,1
токати,1
адската,1
дупчил,1
вкарал,1
централизира,1
новосъздаденият,1
координацията,1
инцидентните,1
адил,1
нарязаха,1
непоносим,1
мотори,1
среднощен,1
безобидната,1
черноочене,1
прекъсваше,1
микаелка,1
невиждано,1
победил,1
радваме,1
пилотен,1
качествен,1
оптимизиране,1
тестване,1
невроучен,1
припокриване,1
нататъшните,1
стъпим,1
джуниет,1
изядат,1
шило,1
надупчена,1
насинена,1
отговарях,1
телеграм,1
употребяваше,1
повредата,1
прибираше,1
застигнаха,1
маргарит,1
криволичеше,1
придошлата,1
колибката,1
отглеждаше,1
прям,1
запомнена,1
катера,1
таях,1
запомнени,1
намалее,1
смирим,1
бочев,1
отдаден,1
премисляше,1
ветеринария,1
простиха,1
петревене,1
мести,1
повлякла,1
кенаров,1
очарована,1
разпадне,1
изпреваря,1
свирнах,1
сменихме,1
задръстване,1
набити,1
възложен,1
разформироване,1
засягащ,1
разстроих,1
отстоявал,1
надменна,1
работохолик,1
животnite,1
ушев,1
аниматорът,1
инфраструктурата,1
генерираме,1
симеоново,1
разчлененото,1
поделят,1
командировките,1
брутно,1
получаваното,1
неподходяща,1
приспособи,1
неподходящи,1
podcast,1
специфики,1
рисунки,1
раздел,1
придвижването,1
снемем,1
транспортираме,1
сухожилията,1
непосилно,1
действащото,1
другиго,1
командирова,1
прекъсват,1
заеманата,1
скрински,1
оправена,1
таргетирано,1
увеличим,1
жечка,1
довери,1
изключваше,1
потресаваща,1
насърчат,1
изпитване,1
желаното,1
сблъсквайки,1
договорено,1
съгласуване,1
ликвидация,1
стандартно,1
структурата,1
движими,1
правоимащо,1
явявало,1
достигането,1
разботи,1
мотивираща,1
баку,1
сияйната,1
решаващия,1
ръкостискане,1
класира,1
чек,1
разочарована,1
реми,1
надиграна,1
купата,1
визирания,1
излишен,1
наследствено,1
иречеково,1
гордеем,1
отдаде,1
вечеринки,1
отговаряща,1
задкулисието,1
петрови,1
обявеният,1
ескортирана,1
невменяемост,1
пастор,1
посочат,1
съжителя,1
ускореният,1
осъществявана,1
вземаше,1
крепча,1
посмеем,1
провокативно,1
пошегувам,1
слабият,1
иларионов,1
палова,1
нелицеприятен,1
пресякъл,1
млъквам,1
коленца,1
никълъс,1
запознанството,1
мъжкият,1
заплашвам,1
общностите,1
достъпваме,1
осмелиха,1
неправителственият,1
месното,1
разработване,1
отрекат,1
процедира,1
измъкнали,1
криминалистът,1
инструкция,1
молейки,1
наблюдаваха,1
умите,1
дърпало,1
застреляният,1
скачат,1
видени,1
ограбените,1
зоологическата,1
суичери,1
взeмало,1
кабурова,1
навъдиха,1
надлежните,1
банален,1
вринчев,1
анов,1
прекалявал,1
благородната,1
хищника,1
гайдаров,1
спектър,1
попълнение,1
награждават,1
производств,1
възбудят,1
проболо,1
кориците,1
проводство,1
претупана,1
погребения,1
упълномощен,1
издадоха,1
биещи,1
закъснях,1
пребиванo,1
билo,1
предявяват,1
кариран,1
диктувала,1
запитах,1
професионалното,1
глезена,1
плавен,1
изплъзват,1
прострелна,1
патолога,1
лятнатта,1
иновативен,1
прищявката,1
ресурса,1
правомерно,1
разкритите,1
седалкови,1
кобурът,1
дискутира,1
шаркошян,1
нари,1
фризьорския,1
седалковият,1
кабинковият,1
побегнали,1
мотокар,1
произведени,1
преследваните,1
полетели,1
скоба,1
докторе,1
рецепти,1
изсипе,1
махалите,1
възпрепятствани,1
въпроснияj,1
гроздобер,1
пиенето,1
игрището,1
вулгарно,1
циничен,1
хукват,1
приличаше,1
внесем,1
развеждал,1
спечелихме,1
тикне,1
отбила,1
входира,1
натисна,1
местенце,1
сезирала,1
облекчи,1
въртяла,1
охлузването,1
лъгали,1
отправено,1
роднината,1
спаринг,1
хубавите,1
претърстванията,1
способности,1
окултни,1
безвъзмезден,1
обискът,1
отличаващо,1
потресохме,1
завеждането,1
разказваше,1
философии,1
съвременни,1
превъплъщения,1
празнуват,1
отдава,1
годшното,1
целуне,1
предателка,1
благочестива,1
дърпаше,1
откликнала,1
напи,1
донесох,1
преброя,1
ексклузивното,1
преговаряхме,1
преданието,1
възпитавала,1
унизителната,1
месят,1
унизи,1
остриганата,1
софка,1
любомил,1
тържествено,1
грозде,1
питки,1
възлюбени,1
скривали,1
необикновена,1
изтезават,1
артемида,1
богинята,1
принесат,1
изумили,1
изповядвали,1
предай,1
топлеща,1
сентенция,1
технология,1
огнени,1
богатствата,1
сайтовете,1
рекламира,1
замерят,1
шерифе,1
отдръпнал,1
прокуратураварна,1
безкомпромисност,1
проявим,1
неприемливи,1
фамилиарничи,1
продуктивно,1
специализантите,1
осъвременят,1
продуктивна,1
случваха,1
магически,1
секретарки,1
отдалечили,1
helpguide,1
отпуснали,1
иронизиращи,1
осмиващи,1
публикувахме,1
спомената,1
фразата,1
davia,1
уебсайта,1
представящата,1
малта,1
проучванията,1
системна,1
обгорен,1
заровим,1
компилацията,1
мъртвешка,1
обезболяващо,1
правена,1
партидите,1
повторната,1
изговори,1
класифицирана,1
правоотношение,1
изпълнителска,1
огледано,1
произведена,1
обжалвала,1
уволнявана,1
сговорчив,1
мотоциклети,1
яки,1
възпроизвеждане,1
констатирала,1
сгъваем,1
автопатрули,1
намушкали,1
трифазния,1
комуникирал,1
подготвяше,1
лишаван,1
нарцистични,1
проклинам,1
мислете,1
даня,1
напиша,1
принудих,1
обективна,1
благомир,1
прикриването,1
пранги,1
заявихме,1
изпълнителския,1
нацяло,1
клипчетата,1
гигантските,1
гигиантските,1
недей,1
светкаш,1
потребителка,1
стоматолога,1
фейсбука,1
обвинило,1
свидетелствали,1
противообществени,1
поправителен,1
надзиравал,1
робиня,1
раждащата,1
поколения,1
шамарът,1
убедиш,1
целяща,1
конструктивен,1
претендирал,1
потегли,1
свирят,1
девствеността,1
яхтата,1
годшният,1
тръгнем,1
ренесанса,1
оправдания,1
хематологични,1
лекуващия,1
противопоказна,1
хематома,1
хирургически,1
заместваща,1
заместващата,1
оспорва,1
генетичен,1
райнино,1
прокурата,1
задочното,1
сръбските,1
нахлуване,1
среднощното,1
констатиране,1
скъси,1
поръчах,1
напълнолетната,1
реагирате,1
zadarzhanata,1
mazh,1
ubijstvo,1
zhestokoto,1
несторов,1
биологичните,1
манипулативен,1
обезправи,1
bivsh,1
емпатията,1
хипоталамуса,1
аднормни,1
персоната,1
обезличаване,1
дефектите,1
психопатичен,1
tashta,1
konsul,1
мъжас,1
надпревара,1
кредитен,1
създателката,1
посолства,1
измамника,1
уговори,1
агопов,1
безследно,1
автомобилен,1
tajland,1
заявяваше,1
подвежда,1
пгче,1
уважаваната,1
съзнава,1
радиева,1
учредителите,1
двуфазния,1
уведомително,1
неврохихург,1
докоснати,1
довършва,1
сърдеха,1
плачеха,1
разсъждавала,1
готвейки,1
вдъхновена,1
преводачи,1
жестовите,1
повярваш,1
обещаеш,1
оперирам,1
броях,1
задавах,1
срешнах,1
кротуваш,1
сключим,1
чудесен,1
слухово,1
речевата,1
генетиката,1
отсядала,1
мачете,1
ракитника,1
започвал,1
успокоявал,1
тръгвала,1
променяла,1
депозирането,1
определените,1
стила,1
организаторките,1
сексизмът,1
репертоара,1
отстъпката,1
суши,1
незабравените,1
равнопоставени,1
получаваха,1
разбран,1
винетка,1
горчиво,1
превъзмогнат,1
известихме,1
намек,1
разсолкова,1
самосезират,1
получавайки,1
отричали,1
търсило,1
приложат,1
търгува,1
митологизирате,1
засякоха,1
дизайнерска,1
заподозряло,1
наредено,1
напредък,1
прекратиха,1
обречен,1
необикновения,1
преодолееш,1
открояваш,1
режисьори,1
сценаристи,1
глухота,1
чуващ,1
ухае,1
нечуващите,1
преведеш,1
готино,1
разчупва,1
неутешимо,1
съзнавам,1
битките,1
верую,1
предлагам,1
преоценява,1
измъкнем,1
дрифтирала,1
психолаборатории,1
лабораторията,1
толек,1
удави,1
филмови,1
въздействащите,1
брилянтия,1
джентълменското,1
боготвореше,1
рицар,1
легендарният,1
студентската,1
помнеше,1
експлозивна,1
красивият,1
унивай,1
дигитализира,1
филтрирана,1
съдник,1
неяснота,1
вит,1
направения,1
showcas,1
нслс,1
натрупан,1
борчът,1
лихва,1
натрупана,1
неплатена,1
консумираната,1
фактурите,1
ехото,1
стигали,1
отминава,1
оптимист,1
умерен,1
разпитат,1
правосъдните,1
сблъсквала,1
изнудванията,1
съсловната,1
представяне,1
дневният,1
усъмниха,1
дрифт,1
предните,1
превъртяха,1
ускорение,1
отворихме,1
хапче,1
слюнка,1
годна,1
въртене,1
покрила,1
наса,1
тренажора,1
иронично,1
автошколите,1
дрифтила,1
препитанието,1
превъртели,1
обжалвах,1
удрянето,1
трансплантирано,1
набирал,1
неформална,1
обнародван,1
алвеш,1
неонатология,1
мартенички,1
индийската,1
напрегнати,1
сърчицето,1
санитарна,1
дочакало,1
обдишване,1
жизненоважният,1
доставено,1
пристигаме,1
спряло,1
противопоказания,1
престанаха,1
изхождайки,1
повикаха,1
оборим,1
добросъседство,1
подкаст,1
калотина,1
граничния,1
поръчано,1
транзит,1
шофираният,1
изсветляване,1
факелно,1
масивната,1
замерил,1
предпазила,1
разтопения,1
сипал,1
нетърпима,1
сдобряваме,1
субекта,1
запънат,1
статусите,1
подписах,1
разделяме,1
казънлък,1
разплитат,1
нелоялна,1
импулсивни,1
поддават,1
козметичната,1
впечатлена,1
недялани,1
козметичен,1
луксозна,1
разпространители,1
спасовски,1
оливер,1
татари,1
славяните,1
оттеглям,1
сдърпахме,1
величина,1
кърпих,1
претопен,1
mонументът,1
светотатство,1
наричаше,1
руско,1
пропита,1
антируско,1
революционно,1
санстефанският,1
мита,1
развенчан,1
ръководеше,1
съдбините,1
забравата,1
халил,1
непокътнато,1
подреждам,1
китова,1
осмелявали,1
динамично,1
идеалния,1
надяна,1
вилици,1
спукани,1
гонил,1
кувьоз,1
посини,1
струвало,1
пробожда,1
целевите,1
заливана,1
изгонване,1
остригване,1
подлъгани,1
разширяват,1
трафицирани,1
вербуване,1
пощуря,1
намесена,1
наех,1
травмирахме,1
вечерната,1
предприемчивост,1
културната,1
признавани,1
надгражда,1
миналогодишната,1
препратка,1
логическа,1
признатия,1
формат,1
милениум,1
гранд,1
целодневното,1
приспособено,1
обособяване,1
непредвидими,1
консултирали,1
анатомия,1
мотивираме,1
обучителните,1
попатанасова,1
обръщайки,1
пропуснат,1
скечове,1
музикални,1
полезни,1
вълнуваща,1
media,1
живка,1
модули,1
панела,1
модератор,1
вечерното,1
панел,1
дискусионен,1
кулминацията,1
изложение,1
неразделни,1
возило,1
илиянци,1
несъгласие,1
цитираме,1
балансиран,1
показана,1
колективът,1
згурова,1
каналите,1
вериги,1
доставял,1
разминаванията,1
публикувал,1
превръщал,1
подбирал,1
червеното,1
прощавах,1
потрети,1
вбесявало,1
превишаване,1
спортният,1
шокиращия,1
излъчване,1
прерязвал,1
неузнаваемост,1
обикаляше,1
пийнат,1
свързa,1
изнудваше,1
лишават,1
обитават,1
тонков,1
мраморен,1
развълнува,1
изявя,1
състезателката,1
брейка,1
танцови,1
войнежа,1
събирам,1
колекционира,1
преценен,1
сменян,1
корабът,1
окаляни,1
войводи,1
другари,1
сънувал,1
ботьов,1
претендриал,1
поезия,1
завършиш,1
вплетени,1
еклектичност,1
получаваш,1
донесено,1
лампион,1
мазилка,1
оригиналната,1
тапетите,1
радецки,1
представяш,1
призма,1
родят,1
прехвърлиха,1
излъжат,1
наговорят,1
екстрадират,1
екстрадирането,1
кюртов,1
принуждавана,1
потънало,1
позабравени,1
изгорено,1
наводнено,1
намокрено,1
изгаряш,1
потомци,1
омастилим,1
размити,1
венецианско,1
скърца,1
епохи,1
паркет,1
предупреждавала,1
изкоренила,1
мойнов,1
хипократова,1
положили,1
декларативност,1
покаяние,1
неподготвения,1
специализантът,1
известени,1
приписват,1
сополи,1
преглеждали,1
одита,1
консултиращи,1
лекуващият,1
шурлиева,1
маломерни,1
одитният,1
лъсна,1
разгледаме,1
питал,1
ботйов,1
табла,1
извитите,1
бидермайър,1
тавани,1
типичното,1
разпределението,1
рождението,1
родове,1
калоферски,1
построена,1
ботйовият,1
освобожденска,1
калоферско,1
бележитите,1
прикривания,1
абсурдния,1
абсурдният,1
фундаментални,1
срязвайки,1
пореже,1
доказуеми,1
срещани,1
обичайте,1
капчица,1
трошичка,1
камбаната,1
добих,1
дишаш,1
причастието,1
софиянци,1
готвеха,1
причасти,1
интубират,1
чудесата,1
наспя,1
милосърдие,1
изместват,1
петокласници,1
защитавайки,1
навяхвания,1
симеоновица,1
гълъбарник,1
симеоновец,1
преживяло,1
чувало,1
замислиха,1
челюсти,1
подиграва,1
клиничният,1
почувстват,1
междублоково,1
скубанe,1
тийнейджърската,1
смехът,1
коригира,1
софийските,1
икарус,1
атракционна,1
гробари,1
стриктното,1
заявяваме,1
заплатена,1
хладилна,1
препратил,1
траурна,1
рекетират,1
амбулаторен,1
гробищни,1
пеньоар,1
въведоха,1
рязани,1
белязаха,1
отминаващата,1
кремиран,1
попитани,1
императивните,1
погребването,1
камбанарията,1
платения,1
изкачва,1
бодрост,1
звукът,1
камбанния,1
чуe,1
камбаните,1
стефановден,1
връчено,1
покойници,1
надзорните,1
нормативно,1
формална,1
съхранението,1
попълването,1
заместване,1
кремиране,1
селимица,1
кодове,1
оглавява,1
избирателни,1
рокендрола,1
саботира,1
пансион,1
истинността,1
потвърждения,1
задоволителни,1
свирили,1
публикуване,1
дневници,1
биби,1
английските,1
coolt,1
freddie,1
деен,1
залея,1
разстоянието,1
стоименка,1
приспивал,1
изнасилван,1
кралицата,1
урбанизирана,1
обядвали,1
повтаряни,1
равностойност,1
евровата,1
нежеланото,1
екосистема,1
компетентният,1
отсечено,1
остин,1
дървесина,1
реституция,1
беловодски,1
парцела,1
лудостта,1
обратите,1
бисексуалността,1
съставите,1
секционните,1
отрицателните,1
становища,1
неизменност,1
спази,1
докладчикът,1
разширеният,1
злонамерена,1
пробив,1
упоменато,1
монтирано,1
посещаваните,1
заснемания,1
учудваща,1
записвал,1
видеозаснемане,1
спазена,1
немалка,1
доверяваме,1
оставайки,1
извикало,1
заздравеят,1
събувало,1
питие,1
конституционният,1
умът,1
куплет,1
научаваме,1
понасяме,1
изправяме,1
повалени,1
налейте,1
малтретирала,1
припев,1
наричах,1
изтърпях,1
уокър,1
кейн,1
freedom,1
приключих,1
познанства,1
диктофон,1
задължала,1
смирението,1
бунище,1
питейната,1
пребиваващи,1
пренаселено,1
осъмва,1
нерегламентираното,1
бореща,1
цитатите,1
пресичате,1
оглеждайте,1
подпалени,1
брег,1
реанимират,1
партито,1
пушене,1
работейки,1
съществувам,1
статии,1
площадки,1
разрастват,1
вандализираха,1
пейст,1
копи,1
алкохолен,1
свободолюбив,1
агитки,1
десни,1
разрушаваха,1
институционализирано,1
кварталът,1
тегне,1
омертата,1
отличително,1
превеждаха,1
публичната,1
видеокадри,1
наложен,1
сплотеността,1
благодарен,1
обвиненен,1
бабинова,1
преяждане,1
гладуване,1
трансформация,1
инструктурът,1
амбицирах,1
потях,1
търкалях,1
нормалния,1
върнеш,1
килограмите,1
активности,1
немощна,1
хормонална,1
сертифициран,1
осемгодишен,1
необразован,1
неграмотен,1
отдушник,1
репетиции,1
извървения,1
театърът,1
пренареди,1
кандидатстудентските,1
пеенето,1
триумфа,1
неповторимо,1
преживееш,1
директния,1
пробвам,1
избереш,1
артистичен,1
гени,1
артистичните,1
стефания,1
сценографията,1
екранни,1
актьорството,1
видеокамера,1
разсъблечени,1
влошавали,1
тревожното,1
щедрият,1
чудовищно,1
звънни,1
покрил,1
годиншоно,1
прожектора,1
противоположни,1
притежавали,1
кредитополучател,1
ксерокопие,1
колекторска,1
информирала,1
длъжница,1
неистинското,1
удостоверяващ,1
самовъзпламени,1
барутът,1
детектор,1
разграничава,1
притсенения,1
сказа,1
сутин,1
тинейджъра,1
трагедиите,1
неотговорени,1
синитово,1
хируртът,1
ярослав,1
фин,1
хармонична,1
статев,1
ивей,1
създание,1
честният,1
притежаваше,1
самоубиец,1
братска,1
нsкои,1
сторило,1
зачестявали,1
наливал,1
неопитни,1
изиграват,1
стъпката,1
поддържате,1
изневерите,1
разводите,1
разводи,1
моравата,1
тезгяха,1
предлагането,1
безкраен,1
каца,1
пренаситени,1
отвратените,1
философски,1
токсични,1
податлив,1
остроумен,1
пускате,1
готини,1
реалистични,1
пълним,1
мексиканката,1
източника,1
бягаща,1
оправдаването,1
паравана,1
махнахме,1
сложихме,1
мемета,1
организирахме,1
писалите,1
създадения,1
изкуствения,1
пампоров,1
палтото,1
погалите,1
склон,1
заледяване,1
спомене,1
челопек,1
херпес,1
hiv,1
ежегодни,1
профилактични,1
ехографски,1
неинвазивен,1
менструалния,1
цикличност,1
настъпващите,1
информиране,1
пубертетът,1
спектъра,1
имунологични,1
хормонални,1
климактериум,1
пубертет,1
латентен,1
хепатити,1
предпазните,1
терапевтични,1
пропускане,1
мамолог,1
профилактичен,1
практичен,1
менопаузата,1
симптом,1
менопауза,1
гинекологичните,1
колпоскопия,1
откритие,1
цитологично,1
диагностичен,1
гинекологичната,1
стимулират,1
обвивка,1
антиваксърски,1
заболеваемостта,1
женският,1
янчо,1
кюркчиева,1
отдалечава,1
адресатите,1
поредицата,1
изтеклите,1
петчасово,1
ламбева,1
контракорупция,1
цанова,1
лежащото,1
общественост,1
мезренското,1
нестабилност,1
раззследващите,1
пребивавало,1
сплетени,1
напоени,1
натоварване,1
широката,1
разпространената,1
елина,1
несигурността,1
прозрачни,1
киберпреследването,1
изображения,1
напомняме,1
демократичната,1
натрупващ,1
дълготраен,1
показателно,1
толериране,1
комерсиална,1
очертават,1
епилация,1
лазерна,1
забавяния,1
половo,1
обедния,1
социализирал,1
агитката,1
блъскани,1
несвойствени,1
елитното,1
препродаден,1
приложен,1
обнадеждени,1
изчакваме,1
саморъчният,1
съдебнографическата,1
накараш,1
паразити,1
нечиста,1
възпалителни,1
тежестите,1
загубен,1
възбраната,1
фекалии,1
чистим,1
влюбил,1
глупави,1
причакват,1
споменаха,1
биячката,1
приличен,1
гимназиален,1
израстват,1
налитат,1
смеели,1
заградили,1
събаряна,1
омекоти,1
разпръснат,1
подканила,1
заобиколила,1
сформирала,1
причакат,1
сигнализирахме,1
пхг,1
патрулната,1
зачудих,1
гарантирала,1
тояга,1
квартирантка,1
съкрушителен,1
лий,1
невменяема,1
психотични,1
истерии,1
изпадало,1
неразделен,1
демони,1
воювала,1
свидетелствал,1
вписвам,1
споменала,1
занимание,1
невръстния,1
влошена,1
окендън,1
саут,1
бензиностанциите,1
възлов,1
карапетков,1
екскременти,1
съдействала,1
данъчна,1
влюбеният,1
ощетили,1
влюбва,1
парно,1
мишкова,1
изпотрошени,1
явявали,1
порутен,1
марширува,1
тежал,1
товарът,1
претоварен,1
ролки,1
товара,1
обслужвал,1
чакалнята,1
колективна,1
изправям,1
заместим,1
сексизма,1
разликите,1
средния,1
фалшивият,1
заблуда,1
въвлечена,1
епидемичното,1
противоепидемични,1
временни,1
недостигната,1
имунизирани,1
кърмачета,1
кърмачетата,1
заблуждавали,1
заблуждавана,1
oткрит,1
ясната,1
насърчителен,1
апелираме,1
ръкомахане,1
нанасяния,1
легитимирал,1
избутаха,1
избегна,1
подпрях,1
ръкомахал,1
дрифтил,1
обявика,1
софрониево,1
движещата,1
приветствам,1
стрикти,1
ангажираните,1
скритите,1
пандемичното,1
разлепени,1
паун,1
христев,1
укрит,1
ненатрапчив,1
наръгам,1
притиснал,1
еднопосочни,1
връщана,1
изтощава,1
ръждак,1
кресна,1
пренебрегвала,1
доверявайте,1
необикновен,1
достойните,1
подвижността,1
достъпността,1
неделчев,1
вкараш,1
седнах,1
заблудни,1
прекъснете,1
остарял,1
решавам,1
възмущават,1
проверявано,1
сузана,1
извинило,1
бонбони,1
публикуването,1
свлече,1
посягали,1
запазете,1
снимаше,1
молило,1
разплакало,1
унижавано,1
предавали,1
предоставяли,1
посетете,1
петгодишен,1
заслужавал,1
допускани,1
ненасилствена,1
американците,1
пикапа,1
сърфистите,1
мексикански,1
роуд,1
картър,1
австралийските,1
скъсали,1
белята,1
преработвал,1
допълвали,1
смятайте,1
подкрепяща,1
отскубнал,1
кубратово,1
постарадалите,1
ретравмира,1
застреляли,1
мексиканския,1
slav,1
австралийската,1
лакрос,1
цитираната,1
дебра,1
пораснат,1
изслушването,1
корпорация,1
радиоразпръсквателна,1
хонго,1
rota,1
гусман,1
чапо,1
хоакин,1
наркобарон,1
синалоа,1
наркокартел,1
могъщия,1
възпитали,1
въведен,1
наръгат,1
нежелание,1
имплементирани,1
отбелязвайки,1
обединяваща,1
бодителките,1
уведомяван,1
обработили,1
качулката,1
кърваво,1
отработване,1
шареното,1
ръкави,1
провокирани,1
врабча,1
запитвания,1
адвокатско,1
безпардонно,1
допускаха,1
навременните,1
неподозиран,1
коeто,1
гишета,1
мрачните,1
дмс,1
менталитетът,1
тромаво,1
системните,1
подкожни,1
входират,1
готовия,1
eфективна,1
kолелото,1
издъхвам,1
гъстонаселени,1
нерешените,1
винпрома,1
златоград,1
кабаджов,1
синхронизирани,1
разкарвани,1
гишетата,1
почерпили,1
неотговорно,1
враждебно,1
баненски,1
парковата,1
валог,1
чалин,1
демяница,1
русe,1
малчев,1
годинитe,1
издаваше,1
издател,1
продадоха,1
домоуправител,1
тодора,1
странната,1
мистериозното,1
обявяне,1
правния,1
мъжa,1
студеница,1
ескалатора,1
мравката,1
разбираха,1
хайрие,1
допускан,1
фахри,1
бейнан,1
извивал,1
компетенция,1
оборотът,1
затварял,1
съществувал,1
магазинът,1
пиротска,1
кредитира,1
пръстови,1
лишавания,1
дописки,1
наблюдаваните,1
постоянство,1
устойчиви,1
икт,1
заетите,1
висшистите,1
променящ,1
глобалния,1
тихите,1
революции,1
конфронтация,1
крещяло,1
йовков,1
качено,1
изтърпявали,1
свиленградското,1
похитители,1
възглавницата,1
тонът,1
промениш,1
преписките,1
източихме,1
стамболово,1
кърджалийската,1
валиумния,1
настояло,1
громшин,1
стресов,1
кървящи,1
дренирането,1
подчиняваш,1
хемопневмоторакс,1
шоково,1
фрико,1
инна,1
новаторство,1
иноватори,1
излекуваш,1
фрустрираният,1
отрязванията,1
неуспеха,1
музикална,1
изляло,1
живуща,1
използващ,1
генериран,1
павелбанското,1
наели,1
следяха,1
негодна,1
понесли,1
евакуират,1
електроуреди,1
унищожени,1
преддверието,1
гореше,1
дудева,1
пищов,1
пресичането,1
формираното,1
линкове,1
представило,1
заподозря,1
сглобила,1
сглобката,1
концесионни,1
инфраструктурните,1
плащания,1
съществувала,1
инфраструктурни,1
подредим,1
инструктирало,1
обещаваме,1
наваксани,1
стоварена,1
претърпят,1
печеливши,1
измамни,1
трансакции,1
отлети,1
бети,1
димитровградчанката,1
диди,1
специализирам,1
еразъм,1
teodora,1
doc,1
огнянова,1
страдате,1
променяте,1
махнете,1
изселим,1
цитират,1
отрпавила,1
семра,1
принца,1
банкер,1
уверила,1
французойка,1
мнимата,1
локдауна,1
оценен,1
подценявани,1
звученето,1
изпълнителя,1
брънч,1
клубната,1
попстоев,1
жанр,1
хамелеон,1
артист,1
почитатели,1
шоманова,1
концентрираме,1
следвайте,1
живейте,1
пътувайте,1
напомням,1
непрекъснатите,1
натовареното,1
допускано,1
мащабно,1
изградените,1
пороминово,1
махнало,1
росейки,1
разсейките,1
стопират,1
рядък,1
забогатяване,1
язовирната,1
изкормя,1
кристален,1
продължавайте,1
грамотността,1
ключовата,1
грамотност,1
кибернасилието,1
есетата,1
младостта,1
съпреживявате,1
растежа,1
тумора,1
притисне,1
пластики,1
радков,1
теменужкова,1
изгорях,1
горя,1
орляк,1
зоните,1
изгорелите,1
увредените,1
потенциален,1
почиствания,1
реконструктивна,1
възстановителна,1
пластично,1
превръщайки,1
донора,1
експлантацията,1
гагова,1
бърнева,1
есе,1
разговаряте,1
укриват,1
наркоразпространението,1
измъчвания,1
струвате,1
lsd,1
окован,1
настаненото,1
постановка,1
неистинско,1
завършилия,1
плачевна,1
проспал,1
недоглеждания,1
телевизионният,1
психопатен,1
обработване,1
преквалифициране,1
обявяване,1
патронажа,1
чукът,1
виждания,1
насърчава,1
уилсън,1
каролайн,1
дипломатът,1
копси,1
натаниел,1
автотранспорт,1
констативен,1
вождово,1
правоспособност,1
имотните,1
укривали,1
минувачка,1
преписи,1
нотариални,1
благотворителната,1
подпомагала,1
управлявайки,1
треперело,1
образуван,1
досъдебна,1
недежда,1
замръзне,1
пратила,1
масажите,1
повторила,1
допълваща,1
загрубеят,1
погледът,1
разтреперана,1
подлагам,1
смутиха,1
докосвания,1
завършваше,1
средите,1
смущават,1
сезирали,1
обединяване,1
неотстраними,1
отговарящ,1
издърпа,1
атлет,1
кръвопреливания,1
бореше,1
украинеца,1
несъзнателно,1
чуждестранната,1
повредените,1
свождане,1
паве,1
обезглавена,1
унищожа,1
разследваните,1
компютри,1
преносими,1
свождана,1
премълчавани,1
еднократен,1
кореспондетът,1
отърква,1
психологичния,1
йерархична,1
всичкознание,1
пледоария,1
садистичната,1
нетърпението,1
влечение,1
стави,1
продадохме,1
недофинансираните,1
влошваха,1
сплитам,1
приковава,1
проходя,1
простичка,1
елховец,1
ваучери,1
разполагащ,1
указал,1
разпоредили,1
фигурират,1
възбудил,1
японско,1
нетрадиционен,1
усъмнят,1
вдъхваше,1
препоръчан,1
отвратена,1
заличи,1
подражавали,1
лечител,1
опипвания,1
облекчават,1
масажна,1
доппълниха,1
бръснарска,1
привлечените,1
локомотива,1
поемало,1
справяхме,1
измерено,1
структурирана,1
довериш,1
ежечасна,1
комисионни,1
повериш,1
изправила,1
събудена,1
навършилите,1
жестокости,1
дюнери,1
веждите,1
обръснали,1
горили,1
безпристрастно,1
неконфликтен,1
трудолюбив,1
сдобиха,1
специфичните,1
болногледачите,1
сблъсквали,1
ицо,1
обещано,1
отказахме,1
драскаше,1
надраскана,1
калника,1
жизнената,1
отправяхме,1
викана,1
обсъждали,1
лазур,1
обследване,1
общодържавното,1
владая,1
заслужавали,1
спестим,1
забравената,1
поискване,1
махнева,1
продавачът,1
предоставяла,1
наркотрафиканти,1
тепето,1
тепе,1
сахат,1
излизания,1
гасила,1
дългопол,1
калтинец,1
сварвала,1
горнооряховския,1
внесло,1
екстеншъни,1
отрязаха,1
съпротивата,1
помогнетe,1
простичко,1
притесненият,1
напиваха,1
отзовават,1
разговаряло,1
топалова,1
преследвали,1
фаталното,1
разглеждано,1
разпространяването,1
отдалечат,1
обяснявало,1
личностните,1
следях,1
изправиха,1
внесли,1
пластмасова,1
повръщали,1
ровила,1
кузов,1
магазинчета,1
четириколесно,1
настъпилия,1
отхвърлените,1
разширявайки,1
очевиден,1
неразривно,1
лаически,1
едноактно,1
непреодолими,1
криейки,1
опроверга,1
семенна,1
постморталните,1
непълна,1
заварено,1
местене,1
постмортални,1
посмъртни,1
проектили,1
ползвани,1
респ,1
интелекта,1
обикновения,1
удобство,1
наличния,1
позволявайте,1
ужасната,1
солидарно,1
лозунги,1
тефтери,1
принуждавала,1
краткия,1
упоил,1
несериозни,1
въоръжено,1
непълни,1
недоизяснени,1
семпла,1
разполагайки,1
пълнота,1
изложено,1
фрагменти,1
времевата,1
спортуват,1
съобщена,1
кочината,1
нетърпящи,1
заветското,1
колективното,1
удобната,1
фанатичка,1
подхранва,1
неутралност,1
съвестни,1
томография,1
компютърна,1
патолог,1
призовавайки,1
настоях,1
пробождайки,1
докове,1
плаващите,1
моделира,1
мръсното,1
изкривено,1
усмихни,1
изследваното,1
атмосферата,1
съобразило,1
точността,1
съдържащата,1
принтер,1
отпечатани,1
стабилен,1
изчадие,1
капката,1
кочина,1
частичка,1
оставяме,1
произхождаме,1
шедьоври,1
творения,1
мачка,1
крехки,1
кондукторка,1
наркотичното,1
глигоров,1
реформите,1
принадлежността,1
тлъстата,1
пликът,1
рекетирал,1
чомбе,1
кочев,1
петричкия,1
партизанина,1
пушите,1
пречите,1
военизираното,1
полковници,1
протяжни,1
пресрещнат,1
освиркан,1
бранко,1
цървенковски,1
вотът,1
сляпо,1
умение,1
закърняло,1
феромони,1
отегчителни,1
разменените,1
подходят,1
емотикони,1
дейтинг,1
номинираните,1
раздразнени,1
заговаряли,1
gen,1
звъннат,1
чатят,1
match,1
беров,1
митинга,1
хумболтов,1
юридическия,1
незапомнената,1
прадядото,1
кръгли,1
одеса,1
сменяха,1
продаваше,1
доларът,1
инфлация,1
стопиха,1
успешния,1
фалираха,1
безпрецедентната,1
империализъм,1
повеляваха,1
дипломатичност,1
смутни,1
прекурсори,1
революционен,1
невенка,1
заверява,1
бомбардировки,1
деловодител,1
учкомът,1
железобетона,1
проектират,1
архитектите,1
строителният,1
стабилните,1
гезелшафт,1
девическия,1
дисконто,1
немската,1
балканската,1
райнке,1
йоханес,1
асистентка,1
нюшател,1
кораборемонтния,1
хиалурон,1
samo,1
огорчение,1
пъстър,1
яйцата,1
колекционерката,1
превръщам,1
изплащах,1
пленява,1
антикварен,1
статуетки,1
изящни,1
приютили,1
порцеланови,1
притежателка,1
изтъкан,1
грях,1
химера,1
разбирах,1
гордостта,1
порцелана,1
теология,1
творчеството,1
плочи,1
внесените,1
благородно,1
поднасяме,1
нормализирана,1
протекъл,1
следоперативният,1
благородното,1
грамофонни,1
стихове,1
табелки,1
ида,1
танцували,1
влезна,1
олтар,1
закупена,1
стихосбирка,1
сложих,1
завиждат,1
неумението,1
мразят,1
модерната,1
милееше,1
комунистическото,1
специализации,1
стремглаво,1
изкараните,1
мизерно,1
възхитен,1
опиянява,1
обсесивно,1
побират,1
челентано,1
свиреше,1
ръкавички,1
бебешките,1
картонена,1
нарочи,1
перфекционирам,1
архивни,1
перфектна,1
великото,1
построил,1
пошла,1
преименувана,1
французи,1
германци,1
архивен,1
благост,1
преклонена,1
изостанала,1
възхитена,1
сарафски,1
спасеният,1
пробивът,1
пренебрегвам,1
ядосвала,1
успявала,1
обвинителни,1
сключените,1
уважавал,1
обгрижвал,1
дилетантски,1
изфабрикуваха,1
одобрения,1
самоучастие,1
придвижен,1
кандидатствало,1
представляваното,1
лама,1
провъзгласилия,1
леонидов,1
тесен,1
ритуалът,1
отменям,1
земни,1
ивик,1
сине,1
заличавал,1
намесиха,1
измишльотините,1
отвисяхме,1
клод,1
листи,1
подкрепяло,1
пьотеринг,1
ромпой,1
ван,1
барозо,1
юнкер,1
уродливи,1
килиите,1
значката,1
накичили,1
звучен,1
лошият,1
пострадахме,1
лаура,1
брюкел,1
бодигард,1
бодигарда,1
махането,1
накаран,1
разяснение,1
фрагмента,1
разпаднал,1
очерта,1
отказвахме,1
агрегатите,1
аутопсиите,1
бълдъркова,1
семенни,1
зародил,1
доказването,1
подозрителен,1
недоверчив,1
стресови,1
свиня,1
забременяла,1
снимала,1
брифинги,1
стопяването,1
изследван,1
паметната,1
почетем,1
скърбим,1
проходът,1
количеството,1
изследвано,1
количествено,1
фенобарбитал,1
стомаси,1
десничар,1
фарс,1
абсолютен,1
проявиха,1
патолози,1
несъответствията,1
абсурдите,1
пейчева,1
чакайте,1
вълнуваме,1
привела,1
декомпенсация,1
дозира,1
прецизирането,1
фокусират,1
пушкарова,1
харти,1
поканените,1
съответствието,1
перничанката,1
десните,1
имитира,1
стартера,1
възпламенила,1
поляла,1
безлюдно,1
бутайки,1
дърпайки,1
сеприемат,1
милиграми,1
гастроентеролог,1
противовъзпалителните,1
защитната,1
неразумен,1
неразумно,1
съществуващи,1
доказвало,1
неконтролираният,1
прекомерен,1
промивка,1
предозиране,1
стомашна,1
незадоволително,1
интосикирано,1
упоителни,1
тик,1
нашумял,1
зададем,1
закарала,1
паралелните,1
подувания,1
притискала,1
отмалял,1
замаян,1
неустановено,1
сключи,1
краткотрайна,1
сочената,1
тушира,1
кординационен,1
видеоклиповете,1
бурно,1
докладваме,1
куртакова,1
насрочили,1
подсмихват,1
блъскано,1
разбягаха,1
набрах,1
озаглавени,1
преследваната,1
умъртвят,1
седяща,1
предмент,1
притискайки,1
гариела,1
привел,1
обсега,1
осветената,1
притиска,1
преустановил,1
замисъла,1
сваления,1
говорейки,1
чистите,1
съмнявайки,1
увещава,1
обезпокоен,1
уговорила,1
навлизам,1
вечерният,1
съблюдаване,1
диспансеризирана,1
промоции,1
практикува,1
залитах,1
спъвах,1
екстремна,1
клепачът,1
нежеланите,1
измамен,1
медиатор,1
откликват,1
депресията,1
възприемани,1
отпишат,1
пренесло,1
нейчев,1
приятни,1
альоша,1
естетическата,1
промоцията,1
симптоматиката,1
иречек,1
сезиран,1
технологиите,1
киберсигурност,1
генериране,1
седмокласника,1
колажите,1
фалшивите,1
попaда,1
замазано,1
позабавлява,1
скандалният,1
разкрасителните,1
дефектна,1
поясн,1
всеобщо,1
клепачи,1
предписаните,1
оттеглих,1
спазван,1
реакциянта,1
специализирала,1
психичноболните,1
гошишния,1
избия,1
кулелиева,1
промушка,1
дезориентирана,1
психотично,1
извърших,1
наръгах,1
прецизни,1
притеснителна,1
амбицията,1
нанесеното,1
принуждавано,1
цнст,1
юмер,1
кампанийни,1
преписват,1
добринов,1
изскочила,1
последстие,1
буйстващо,1
далака,1
наръган,1
агресирала,1
тейзър,1
агресиралата,1
електрошок,1
дпб,1
zapalneni,1
mestata,1
kliniki,1
psihiatrichnite,1
kapaciteta,1
proveri,1
ekip,1
крещя,1
пресякох,1
проумява,1
златанови,1
умори,1
неизживяното,1
израства,1
преодолените,1
вътева,1
почуствах,1
нанеслият,1
синоптиците,1
хижаря,1
станциите,1
измервания,1
нимх,1
окосмената,1
съзъбие,1
усложнят,1
вътречерепни,1
синоптичната,1
автентичен,1
безсънни,1
трепериш,1
самоиронията,1
тенекеджиева,1
изгубвала,1
обсебвам,1
влюбчива,1
честност,1
присъщата,1
изострено,1
надарена,1
отсъдя,1
черджето,1
избирала,1
предателство,1
разочароват,1
гласувала,1
криско,1
избързва,1
метеоролози,1
преработва,1
критикувани,1
сетивно,1
леа,1
четириног,1
риби,1
свинчета,1
зайци,1
стопанин,1
скочило,1
коте,1
пласирали,1
заснемани,1
кракра,1
толерирана,1
екология,1
ветеринарни,1
обединение,1
сезираме,1
анализирана,1
забъркала,1
любящо,1
удрян,1
разяснили,1
черепномозъчна,1
налагащи,1
наивен,1
послуша,1
запалено,1
коцин,1
йонова,1
държането,1
инициатори,1
гримьорните,1
отскача,1
бягаше,1
отбутнах,1
напускам,1
некадърен,1
постановки,1
мрака,1
изливам,1
обожавам,1
неприемането,1
погълнато,1
погълнали,1
некроза,1
сравни,1
метаболит,1
разграждането,1
препарати,1
парацетамолово,1
небутафорен,1
екзистенциална,1
апаратите,1
tok,1
tik,1
популярното,1
чернодробната,1
детоксично,1
депорационно,1
наведнъж,1
увреждат,1
магистър,1
преданията,1
полиграфия,1
унижиха,1
осмокласнички,1
нарушавали,1
тъмница,1
минаваме,1
изминават,1
силви,1
фармацевтът,1
псевдоефедрин,1
фармацевтите,1
парацетамола,1
листовките,1
регулация,1
листовката,1
медикаментът,1
погълнало,1
разгледали,1
похитител,1
николаос,1
глобавят,1
празнувайте,1
заслужавате,1
букети,1
безкомпромисен,1
съвършено,1
цитиридис,1
участникът,1
обгръща,1
носите,1
добротата,1
композитор,1
печелила,1
дисквалифицирани,1
огорчения,1
предразсъдъците,1
торино,1
сплотеност,1
измамения,1
учредяване,1
основаха,1
гадателки,1
нанесената,1
клетвите,1
заговорила,1
века,1
istock,1
отбелязвали,1
древността,1
американските,1
провъзгласила,1
фабрики,1
текстилните,1
братство,1
парижките,1
лизистрата,1
алергични,1
пилинг,1
притежаващи,1
свалите,1
симеоновградското,1
повърхностна,1
сгъваема,1
обраузвано,1
закачалката,1
нападнатия,1
минимално,1
индивидуалните,1
монтиран,1
хоспитализират,1
стационарни,1
миришел,1
избита,1
бункер,1
пасат,1
обслужващата,1
окопа,1
съчма,1
гостувало,1
уведомителен,1
посегнеш,1
играех,1
сърдечният,1
дефибрилаторът,1
дефрибрилатори,1
волейболната,1
волейболни,1
дефибрилатора,1
диагностицирано,1
стълбищата,1
запечатала,1
оживения,1
цанка,1
вдругиден,1
трезвено,1
излезнахме,1
уплащили,1
банкета,1
доблестта,1
биткойна,1
скръстени,1
внимаваме,1
удовлетвореност,1
застъпване,1
етапът,1
насаждаме,1
осъзнато,1
начертала,1
следваш,1
насоки,1
колибри,1
възпитаваме,1
нежна,1
възпитат,1
отговорното,1
бидълф,1
стив,1
световноизвестният,1
четивото,1
псевдонима,1
обува,1
многобройността,1
седите,1
израсла,1
отговорете,1
запитаха,1
ябълково,1
снагата,1
грамада,1
предупредително,1
пантофите,1
въздействало,1
предпазил,1
въззивният,1
допринесат,1
убеждавани,1
търпя,1
пребивани,1
дефибрилатори,1
обединяват,1
волейболист,1
спортистка,1
задължават,1
неосигурени,1
нападателки,1
дошлият,1
свилко,1
гуша,1
пиргов,1
плахи,1
изместено,1
перфорация,1
внасянето,1
елхата,1
зарадват,1
цвяткова,1
чудихме,1
бачо,1
заделени,1
глухоняма,1
здравноосигурена,1
невинният,1
заработил,1
осъществената,1
приетата,1
нспздн,1
непримирими,1
съсредоточаване,1
обезпечаване,1
повярвали,1
ангажирано,1
винище,1
подлъгах,1
скрий,1
удостоверяват,1
заповядайте,1
очното,1
болнцата,1
черпел,1
прогресивно,1
перде,1
катаракта,1
уредите,1
непълно,1
непроветриво,1
бензиностанции,1
пълнят,1
слънчева,1
печки,1
газовите,1
котакова,1
отделяне,1
измръзнали,1
тервелското,1
годишеният,1
противоправното,1
охлузно,1
разтегателна,1
апарати,1
бутана,1
поемайки,1
помагахме,1
петрини,1
севданова,1
даяна,1
забелязахме,1
забелязани,1
задушили,1
чатовете,1
отрити,1
газколонки,1
препълват,1
накрайници,1
случите,1
газстанции,1
автомобилни,1
изразходва,1
бутанът,1
препълване,1
разширен,1
намиращо,1
инвазивни,1
препратени,1
заложнички,1
разменяни,1
израелския,1
възпоменание,1
терористичната,1
убайда,1
абу,1
касам,1
изедин,1
бригадите,1
албаг,1
наама,1
ариев,1
служещите,1
ислямистко,1
гилбоа,1
експертното,1
израелци,1
посредничеството,1
египет,1
пратка,1
риташ,1
спусна,1
пратката,1
разменихме,1
движеше,1
пресечем,1
осветено,1
палестинските,1
примирие,1
палестинци,1
плениха,1
ислямистки,1
анклав,1
палестинския,1
изтеглянето,1
размяната,1
изчерпали,1
лабиринт,1
дръпнал,1
междуинституционалния,1
естетическа,1
мускулатурата,1
затваряне,1
токсина,1
естетична,1
пригоден,1
неспециалисти,1
продукта,1
индивидуалния,1
стикер,1
непрофесионалисти,1
маникюристи,1
естетичната,1
инжектори,1
преквалифицирали,1
сервитьори,1
естетически,1
ботулизъм,1
епилептичен,1
пристъпите,1
местопроизшествията,1
лутането,1
прогресират,1
хигиена,1
подпалва,1
кризите,1
епилептични,1
целодневна,1
осогово,1
субстанции,1
бузлуджа,1
отрекли,1
сбирката,1
пирувала,1
приятелската,1
кушетката,1
третокласничката,1
запомних,1
разкрещях,1
вцепенение,1
изтичащо,1
електропастирът,1
полският,1
щетата,1
възстановявали,1
електропастир,1
чипирани,1
обхожда,1
назначим,1
навлизане,1
невралгичните,1
безстопанствените,1
привременна,1
сладкарката,1
развойна,1
дръзка,1
цепи,1
сензации,1
панацея,1
издигне,1
баница,1
забранявал,1
внимавай,1
тръгваш,1
одобреното,1
приспадне,1
съжителката,1
находящо,1
шуменец,1
ломското,1
замитаме,1
нашумелият,1
кухненската,1
пасивен,1
окуражаване,1
прочие,1
непримиримост,1
притеснителни,1
лайкове,1
неуспели,1
привременните,1
обсъжданите,1
мускат,1
правителственият,1
екипажа,1
обясняваш,1
пленени,1
разговоря,1
вдъхновявани,1
конференцията,1
пробере,1
универсална,1
камерун,1
омъжени,1
амал,1
амаду,1
джайли,1
разтърва,1
делагация,1
flightradar,1
зададете,1
прасето,1
наркоманка,1
отнемана,1
самонатравяне,1
приеман,1
опетнени,1
авторитетът,1
неизбежни,1
каляте,1
излети,1
неволи,1
избягвал,1
попечителските,1
участничката,1
riders,1
създателят,1
смачка,1
платформи,1
разплащанията,1
проложения,1
райдовски,1
върбинския,1
обжалвания,1
кръстевска,1
йосифовска,1
жаклина,1
гнусни,1
неразкрит,1
стефановски,1
разумното,1
неспособна,1
изложил,1
антибългарска,1
френското,1
националист,1
позиционира,1
сдсм,1
социалдемократическия,1
маданското,1
ляска,1
трактор,1
шофора,1
съвкупили,1
велинградско,1
гуцал,1
костенското,1
крайпътен,1
насили,1
обезпечат,1
кайацая,1
братан,1
мястотo,1
пресичаща,1
клиентки,1
врязала,1
лерин,1
пещерско,1
шукеров,1
седмичник,1
етапното,1
струващото,1
кавгата,1
защитете,1
инкриминираните,1
гургулят,1
заблудили,1
измамат,1
роднинските,1
гюрсе,1
сузан,1
призовкар,1
фикрет,1
юксел,1
спирачен,1
фикретова,1
тансу,1
гинекологични,1
сурово,1
олегова,1
шадравана,1
афектирал,1
денонощния,1
посоченият,1
бунгало,1
чех,1
обеца,1
обрано,1
лишено,1
манипулирайки,1
клеветнически,1
представлявам,1
показващи,1
прекратих,1
отнеха,1
адвокатския,1
пълномощни,1
кирка,1
явиха,1
хулиганското,1
определил,1
исмаилица,1
набрали,1
издължават,1
better,1
much,1
рекламна,1
интервюират,1
хроники,1
rozi,1
piyavici,1
story,1
етнос,1
пиявици,1
мултимедийна,1
документална,1
мотимите,1
калитиново,1
пъб,1
фъни,1
узрели,1
превъплъщава,1
плакат,1
наследствените,1
спахиево,1
интервюирани,1
базиран,1
концепция,1
креативната,1
увлекателно,1
задна,1
сираково,1
изпращайте,1
двучасов,1
занесохме,1
поглеждани,1
сцепен,1
изпратихте,1
пращаха,1
сигнализирана,1
словесен,1
насрещни,1
поднормативните,1
наислие,1
роднинската,1
изиграха,1
прозрачността,1
затворническо,1
привилегировано,1
безпринципност,1
възможната,1
породи,1
върховенството,1
преподписахме,1
привличащи,1
излага,1
използваните,1
наемани,1
обитаваните,1
определяни,1
тарифите,1
заспивам,1
вдъхват,1
кореции,1
николва,1
ненавременните,1
слабата,1
левена,1
нач,1
пармакова,1
раковото,1
ваксинираме,1
вирусологът,1
социологическо,1
ядрото,1
репликация,1
причинявани,1
събудите,1
правният,1
обучила,1
взаимодействали,1
победим,1
ипотекирали,1
доверили,1
етична,1
тинето,1
пседерски,1
консервативно,1
следваме,1
звуци,1
дупетата,1
пляска,1
твои,1
асексуален,1
влизайки,1
депресии,1
провокативни,1
женствени,1
акселерацията,1
етичният,1
осъществиш,1
непозволени,1
божиите,1
хриси,1
хостел,1
живеещият,1
компрометирана,1
дървесината,1
панчушка,1
тополова,1
дърворазрушаваща,1
моe,1
микология,1
необработени,1
учащо,1
компрометирани,1
засадени,1
еколозите,1
инспекциите,1
поречието,1
убеждават,1
незабавните,1
защитаваш,1
адвокатурата,1
повръщания,1
дискредитира,1
провокираха,1
изчислена,1
шофьорският,1
светлините,1
стопове,1
скупчват,1
държаха,1
превишената,1
сигуност,1
сатанизирани,1
демонизирани,1
нагнетява,1
синдикалния,1
щения,1
гласният,1
дезинформира,1
дезинформирано,1
преквалификацията,1
неумишлено,1
токсико,1
врачка,1
легитимиране,1
чалъмов,1
асистентска,1
патронажна,1
опасявайки,1
пораснали,1
страдащи,1
токсикологичната,1
химичната,1
химико,1
урината,1
племеннички,1
подкарал,1
черноморския,1
пометен,1
поддържаха,1
разрушават,1
тазови,1
аритмия,1
клонът,1
надслова,1
разполагащи,1
дикреция,1
укорима,1
недосегаем,1
приемайки,1
обмислил,1
контузва,1
подгонват,1
каска,1
отваряне,1
наблегнаха,1
гинекология,1
разказвал,1
кедър,1
митков,1
предвидим,1
безпристрастен,1
зловеща,1
вечни,1
разтърсващ,1
стимул,1
завършвайки,1
напредъка,1
обичаното,1
провалих,1
служих,1
виновника,1
пожарникар,1
уведомявани,1
бащиното,1
погребаната,1
сходство,1
погребвам,1
разровен,1
припаднах,1
заплаща,1
редвижда,1
обезопасителният,1
компрометира,1
изначално,1
пуснатият,1
интерпретира,1
пътнато,1
наемане,1
залепнал,1
толерирани,1
тежите,1
съдъбната,1
нарушителя,1
контрираха,1
повлие,1
търпеливо,1
аплодисменти,1
посрещнато,1
арестa,1
отчупил,1
безизходница,1
шофирането,1
регулации,1
презапасени,1
атракционите,1
въвела,1
обучители,1
сертифицирани,1
моряк,1
коланът,1
износване,1
коланите,1
бам,1
скъсване,1
отделило,1
гласови,1
месинджър,1
упражняван,1
карбинци,1
тичаше,1
запечатаха,1
интересували,1
протичало,1
осъзнахме,1
задоволява,1
празнота,1
нещастия,1
аптекар,1
посоча,1
анито,1
алдин,1
дарителката,1
алчни,1
лакоми,1
остарее,1
уплашихме,1
вложени,1
нокът,1
ударя,1
постъпих,1
посягането,1
чудят,1
дарителка,1
чии,1
покривайки,1
джобни,1
оплакваха,1
аура,1
попивах,1
пораствайки,1
грозен,1
дебел,1
самонаранява,1
европрокуратурата,1
слабости,1
затиска,1
разчитах,1
фокусирам,1
напът,1
влиятелните,1
уточнението,1
допаднало,1
унижаваха,1
постараем,1
изгледам,1
любима,1
многохилядни,1
предупреждаващи,1
нередностите,1
бавна,1
отдаваше,1
физик,1
ядрен,1
мечтаеше,1
инфраструктури,1
надигна,1
самосъзнанието,1
свинщина,1
нагънат,1
последвате,1
приятелина,1
обиколен,1
обезопасила,1
полигони,1
симулатори,1
прощално,1
сезирането,1
пролетната,1
вечността,1
подаръчета,1
закога,1
задам,1
озаглавено,1
погребаха,1
разучават,1
екзекутира,1
умираше,1
куриери,1
вълнувала,1
гривни,1
областно,1
иваничковци,1
фитнеса,1
калашници,1
вдъхновили,1
безветрие,1
екземпляра,1
коен,1
пристъпва,1
задлъжня,1
подписвал,1
изфабрикувани,1
фалшифициран,1
възкликва,1
извинява,1
даро,1
неотложните,1
самонаранявайки,1
минев,1
прилагаше,1
пускаха,1
манипулатор,1
позволена,1
указателните,1
журналистическо,1
арбитражно,1
удряйки,1
кибрепрестъпност,1
противодействия,1
гръбначни,1
изпиране,1
сговаряне,1
сдружаване,1
мъчение,1
хелоуин,1
доблест,1
гримирането,1
възпрат,1
внушавала,1
дърпала,1
демонстрирала,1
изненадало,1
русенка,1
вдовецът,1
дочакаха,1
вдовеца,1
откажел,1
разказапострадалата,1
намушквал,1
редакцията,1
отричало,1
свалило,1
злепоставяла,1
прочело,1
хазартно,1
затворя,1
покайвам,1
компас,1
споделям,1
назобен,1
отдал,1
представлявал,1
изкушение,1
хвалеше,1
изхвърча,1
нелепият,1
челибашка,1
бездействала,1
самонадеяност,1
субективната,1
посочване,1
неизпълнявайки,1
инкриминираното,1
годен,1
слушам,1
отменя,1
полудя,1
издънка,1
накарана,1
посинява,1
понасях,1
викаш,1
лозунгът,1
обявихме,1
развой,1
ушити,1
дванадесет,1
барикадирани,1
отникъде,1
потроши,1
заръките,1
скъсани,1
гладно,1
тъмния,1
изобразителното,1
отлична,1
ругаел,1
батерия,1
отговаряли,1
услужи,1
търсело,1
отчаяно,1
подай,1
обзавеждане,1
присмех,1
бъзици,1
близалка,1
тъст,1
разплата,1
чувайки,1
старозагорецът,1
изострили,1
мебелист,1
онкозаболяване,1
поморийско,1
старозагорец,1
гадни,1
лахана,1
доростол,1
удължиха,1
състояло,1
задното,1
неприятностите,1
поговори,1
отсъствала,1
кръвонасядане,1
бидон,1
щяхте,1
осиновената,1
созополската,1
отекна,1
генерирала,1
плащал,1
подозрително,1
сделки,1
разпоредителни,1
злоупотребено,1
заработвали,1
хосписи,1
гонени,1
смееш,1
мръсотия,1
прекарах,1
горещина,1
филии,1
игнорирани,1
формирано,1
позоваване,1
мак,1
заслужаваше,1
довеа,1
прощава,1
събудят,1
републиката,1
почернени,1
уреда,1
неизправен,1
клатушкат,1
осиновителка,1
съчетан,1
разклатеното,1
разклащане,1
столове,1
опровергана,1
захапвания,1
канеше,1
почукали,1
сантиметър,1
лечков,1
покръстили,1
кръщението,1
слуги,1
раздала,1
скъпите,1
заменила,1
причастил,1
кръстил,1
беседвал,1
епископът,1
християните,1
гонението,1
лин,1
кърмачката,1
убедила,1
знатен,1
християнки,1
императорския,1
култ,1
юпитер,1
позволени,1
пледираме,1
удушаването,1
примка,1
криминалистичният,1
отсъдили,1
спирачките,1
изпреварил,1
редуваха,1
зевс,1
акалиев,1
седемгодишната,1
осъдили,1
мъченическа,1
убеждавана,1
християнката,1
обожествената,1
азия,1
киликия,1
знатни,1
травмиращи,1
включвала,1
бетонов,1
пропаднала,1
управляваната,1
ореш,1
курсовете,1
изживявания,1
механизмите,1
конкуренти,1
дървения,1
черноконево,1
гигинци,1
нахапаното,1
териер,1
йоркширски,1
разкъсаха,1
шофирали,1
активизирало,1
диоклетиан,1
помажат,1
христовото,1
вестителки,1
апостолите,1
радостната,1
възкръснал,1
миро,1
благовонни,1
магдалина,1
киликийски,1
никодим,1
ариматея,1
йосиф,1
дева,1
саломия,1
евангелията,1
последователки,1
възбудила,1
новосъздаденото,1
отмерени,1
изразявала,1
рунтаво,1
хванем,1
позирал,1
барс,1
ухапан,1
дружелюбно,1
заловено,1
вилните,1
трикратно,1
самоубила,1
разприъе,1
двустранно,1
полезрението,1
попадал,1
навехнат,1
конституционна,1
челните,1
заловим,1
хуманния,1
преследваме,1
бушон,1
еверард,1
извисяват,1
наблюдавало,1
пострадах,1
обират,1
минко,1
отвит,1
механичният,1
екопрогрес,1
обрали,1
угаснал,1
бъбречно,1
вменявал,1
бушона,1
изключили,1
щерьо,1
фалит,1
вечен,1
импровизирано,1
цялостният,1
информирам,1
желала,1
синхронизират,1
придружителното,1
простъпки,1
отклоняване,1
отменен,1
корекционно,1
реформата,1
зид,1
задълбочаващия,1
резюме,1
затрупано,1
килим,1
навестявала,1
дениза,1
послушах,1
унизителното,1
предвиждане,1
секции,1
неправомерните,1
нерешен,1
епидемична,1
продължаваща,1
извънсъдебно,1
обхващаща,1
регламентация,1
заявявала,1
препоръката,1
организационен,1
водоснабдяването,1
концептуално,1
обмисли,1
компенсирани,1
питейна,1
нации,1
жизнен,1
опечалени,1
демонстрантки,1
поздравял,1
цигарката,1
изселен,1
марксистката,1
устоите,1
философския,1
аспирант,1
комсомола,1
веселиново,1
батенберг,1
княз,1
княжеския,1
московска,1
елечето,1
церовене,1
бойлерче,1
прескочили,1
излежавам,1
екологично,1
фашизмът,1
завърне,1
железаре,1
председателства,1
кръстен,1
неделята,1
балканските,1
демократическите,1
разногласията,1
президнт,1
делегацията,1
седмото,1
гласността,1
новосъздадения,1
легитимни,1
опонентите,1
дисиденти,1
определящи,1
интелектуалци,1
преустройството,1
релаксирам,1
пуша,1
балоните,1
спортувам,1
лекуваме,1
поемам,1
гадна,1
боледуват,1
разболяват,1
чехия,1
превеждани,1
затруднението,1
поддържана,1
равнява,1
набавяне,1
минималeн,1
недопустим,1
намалиха,1
стартираш,1
адекватност,1
изконни,1
желателно,1
удържи,1
изследвал,1
малоимотни,1
дилър,1
неточности,1
няколкодневен,1
постановления,1
дилъри,1
кредитните,1
погасяват,1
образовани,1
новозаразените,1
заемал,1
лицензирано,1
дълговете,1
погасяването,1
инфектирани,1
прескочат,1
изчисленията,1
задкулисно,1
молел,1
партийния,1
банковото,1
висини,1
небесните,1
извървял,1
могилино,1
шейсетгодишен,1
матеева,1
почувствали,1
враните,1
мартонова,1
андроника,1
пикираше,1
прасеца,1
клюна,1
докарахме,1
куцаше,1
скъсана,1
ризата,1
липсваш,1
военновъздушно,1
летец,1
диктуваше,1
saveherbg,1
уредена,1
равноправен,1
езиков,1
многоезичен,1
преференциално,1
разглеждани,1
амалия,1
авиационна,1
издирихме,1
дърманци,1
семейстово,1
авиокатастрофата,1
авиобазата,1
пилотирал,1
ескадрила,1
отшумят,1
паникьосат,1
оправдаван,1
патологичните,1
съпернички,1
устрема,1
пречупила,1
безсънна,1
конкурентки,1
велообиколка,1
преглеждана,1
няколкодневно,1
селемински,1
разпоредените,1
генерира,1
почивно,1
опростена,1
хуманни,1
ведомствения,1
алисия,1
изгонят,1
изтощаваща,1
кално,1
победих,1
юноши,1
починa,1
четвъртият,1
дифузен,1
етапна,1
хрисан,1
пукнат,1
колоездачен,1
финишира,1
падах,1
доволно,1
побеждавам,1
категоричния,1
измръзва,1
застрашили,1
неспирният,1
спусканията,1
самоковското,1
арестуваното,1
едноетажната,1
смразяващо,1
коридори,1
tрагедия,1
петрина,1
ченишева,1
строителят,1
хрисома,1
срутилата,1
поройно,1
пийва,1
сядало,1
идвало,1
съжалявала,1
овчар,1
савие,1
чефаланов,1
ивелин,1
разплита,1
спящата,1
изгаси,1
зловещия,1
оперираха,1
разгромът,1
подводниците,1
представяте,1
патаклама,1
допринасяше,1
допринася,1
капон,1
бегло,1
невръстно,1
наемател,1
отишлите,1
мистерия,1
тригодишен,1
словашка,1
тем,1
недоразумения,1
грънчарово,1
чувахме,1
отмъквайки,1
сажди,1
запомнила,1
драгановец,1
отгледана,1
случките,1
пауза,1
писателят,1
взломна,1
пушечни,1
машинистът,1
повърхност,1
спалното,1
отграничено,1
облива,1
обливала,1
стоун,1
шарън,1
подозирах,1
пробационна,1
силистренския,1
машинист,1
извадихме,1
пронизваща,1
сипят,1
аерогарата,1
дружелюбни,1
видеотехническа,1
вагоните,1
самолетен,1
куфарчето,1
купен,1
усъмня,1
отблъсквала,1
непонятни,1
навързвам,1
австрийската,1
стоварвам,1
интелектуалец,1
ваксинацията,1
съгражданка,1
изстрада,1
узаконени,1
употреби,1
застрахован,1
остатък,1
блъснатата,1
изяснените,1
следяло,1
почивай,1
сбогом,1
последвам,1
матрицата,1
изкачването,1
приключиш,1
обиколя,1
лудости,1
хоризонтите,1
експедиции,1
светая,1
светих,1
параграф,1
гневно,1
формулярът,1
планираме,1
кандидатури,1
идеални,1
крайния,1
новакович,1
доктрина,1
заев,1
формулировката,1
зоран,1
югозападната,1
неолиберализма,1
консерватизма,1
десница,1
бъдещият,1
формулировка,1
храниш,1
душ,1
поставените,1
свежи,1
вкаменят,1
жадувам,1
алпинист,1
пакистан,1
бензеш,1
прочувствен,1
борела,1
болезнен,1
осигуряваме,1
преодолеем,1
оцеляващи,1
посягано,1
споделиш,1
прекъсването,1
обезценява,1
рецидивира,1
смущаващите,1
егоистичната,1
принадлежиш,1
изживяваше,1
справяш,1
преглътнах,1
резена,1
извинявай,1
хапна,1
намразих,1
постът,1
общуваше,1
удивлявам,1
безразсъдно,1
целенасочен,1
дисциплиниран,1
доблестен,1
храбър,1
мечтател,1
непоправим,1
удивителен,1
касимова,1
престрашили,1
започни,1
имейли,1
присмиване,1
епитети,1
порицаване,1
засрамване,1
критикуване,1
изолиране,1
дефиниране,1
употребяват,1
зависимостите,1
настояща,1
травматизиращ,1
медиация,1
спогодба,1
приканват,1
конференции,1
финансират,1
координационно,1
имитиране,1
унизяване,1
прободната,1
смекчаващите,1
празнуване,1
леките,1
преправянето,1
противоепидемичните,1
приклада,1
разглобил,1
кофа,1
палатата,1
провеждаха,1
ловешия,1
означавала,1
празнично,1
дрогирал,1
проговроят,1
връзва,1
измъчвани,1
нарастващите,1
двигател,1
пресечната,1
подсказал,1
свръхестественото,1
безумния,1
минусови,1
иглу,1
измръзването,1
премръзнала,1
бедства,1
репортеритe,1
мълчите,1
терора,1
локдаунът,1
хрониките,1
покачване,1
околийски,1
негативната,1
рецидивът,1
приемаш,1
възприемате,1
родовите,1
грижещият,1
законодателен,1
успокоявам,1
задружно,1
порязали,1
безшумно,1
промъкнат,1
искайки,1
искреното,1
ограничаван,1
белязан,1
кошмарите,1
tой,1
личностното,1
разкаяние,1
пленарна,1
осъществило,1
ваксинни,1
потвърдените,1
клиничните,1
тромбози,1
търновско,1
скока,1
символизиращи,1
конституционното,1
дръзнали,1
русенки,1
историците,1
бюлетини,1
представителките,1
учили,1
росина,1
лекуване,1
питай,1
закупено,1
дефицитно,1
обстойно,1
запушени,1
натискал,1
веска,1
избеното,1
повратният,1
ампутиран,1
мразовитата,1
семки,1
пакетче,1
пагубно,1
отразиха,1
изнеса,1
неприятности,1
мъчейки,1
съблека,1
covidкризата,1
генът,1
акъл,1
струни,1
сезала,1
срязала,1
кръвоносните,1
хистологичните,1
произнесла,1
идванията,1
договаря,1
умеещ,1
мек,1
описвана,1
занзибар,1
архипелага,1
появявал,1
клетвата,1
полагането,1
салам,1
сулуху,1
вицепрезидентката,1
тимонов,1
огласят,1
епидемиолог,1
бацелова,1
изпитвания,1
смятан,1
контрастиращ,1
популист,1
сбилите,1
тапятова,1
вдигали,1
безпричинни,1
французова,1
шегували,1
гларусите,1
разговаряно,1
непристойно,1
грубия,1
снимащи,1
окуражавани,1
яхиново,1
навредило,1
полицата,1
несъгласието,1
критикуван,1
спирки,1
борих,1
боснов,1
мразовита,1
залепват,1
медни,1
буци,1
стопери,1
преминаването,1
гурко,1
разпознахме,1
заплашено,1
храст,1
скрих,1
достигна,1
запъти,1
объркал,1
скулата,1
уверен,1
сбъркал,1
непознатото,1
керемидите,1
дойчинов,1
даеу,1
хемодинамиката,1
отричаше,1
железа,1
необезопасени,1
загасила,1
лумват,1
възпламеняването,1
непосредствената,1
мастна,1
падащ,1
завързани,1
превъзхождали,1
известят,1
месокомбината,1
названието,1
непочистения,1
табелата,1
монтевидео,1
гостилница,1
херметизиране,1
настанява,1
изиграла,1
обезумяла,1
богиня,1
незачетената,1
отмъщения,1
нощувката,1
заработените,1
премръзнал,1
сатанинска,1
милият,1
люспи,1
падаха,1
обледенено,1
измръзвах,1
тънко,1
завит,1
божествена,1
превъплъщенията,1
разгъне,1
силянова,1
аспирационен,1
дурльов,1
луковица,1
джобен,1
сървански,1
севар,1
манасиев,1
азарян,1
гърдев,1
дълбоките,1
алиенде,1
исабел,1
моноспектакъл,1
багряна,1
габе,1
козата,1
министeрството,1
наднорменото,1
обезпокоително,1
гризе,1
мако,1
ламарини,1
рязали,1
чърква,1
гджсобт,1
проявления,1
жертват,1
проституирало,1
извършето,1
скрива,1
таиш,1
примитивните,1
корелация,1
симптоматики,1
осъзнаеш,1
вдъхваха,1
изпива,1
оказвано,1
издействайки,1
подлените,1
преправени,1
завиха,1
провалят,1
провокаторите,1
транспарантите,1
разпънат,1
шала,1
говорителите,1
кардиолайф,1
ограбничителни,1
инфарктно,1
коронарен,1
кардиологичната,1
надраскано,1
положен,1
сатурация,1
кардиологичен,1
месото,1
събудя,1
грамудов,1
млъкна,1
вечерни,1
изидири,1
сертификат,1
мексиканец,1
потвърдило,1
испанец,1
неполагането,1
испанско,1
мексиканско,1
възприемана,1
приза,1
колективи,1
гарда,1
нахождението,1
наивсин,1
шашнахме,1
предстоял,1
разделена,1
отделяло,1
сцепена,1
затваряйки,1
стон,1
издам,1
шутове,1
понесох,1
нежелано,1
варненката,1
спираха,1
галантен,1
нанасяше,1
нищожество,1
отлежава,1
изнасях,1
напазарува,1
събула,1
малтретираше,1
лъжеше,1
мъдрево,1
едрев,1
съвместния,1
дисоктека,1
приспива,1
снабдяваща,1
тромб,1
исхемичен,1
неизтърпяната,1
запалителното,1
съдила,1
излежаването,1
управници,1
пълноценни,1
избутана,1
изнасиленото,1
ампутираха,1
селo,1
психопатия,1
причерняло,1
бруталният,1
говор,1
изкривяване,1
лиса,1
лъчи,1
ашвил,1
каролина,1
досетим,1
съобщим,1
съобщителни,1
видеотехнически,1
отправила,1
оловни,1
съобразят,1
облечем,1
жизнеспособен,1
ендоваскуларна,1
напрегнато,1
ендоваскуларно,1
модерното,1
нервни,1
ниази,1
аррате,1
хоел,1
заяжда,1
обгоряла,1
причинал,1
помрачен,1
националсити,1
тръгнете,1
пожелаем,1
оковите,1
нонев,1
обгорялата,1
преживя,1
занимаваше,1
учеше,1
ударихме,1
досев,1
мерцедесът,1
потеглят,1
душите,1
обикаляме,1
евгений,1
посланията,1
линди,1
кубинец,1
генералния,1
unite,1
изостриха,1
съкрушителни,1
очакването,1
оранжевият,1
мелтем,1
посланиците,1
yakub,1
niyazi,1
mehmed,1
ниязи,1
razgrad,1
откликнат,1
фередин,1
изявените,1
губене,1
разбърква,1
донков,1
разплетен,1
гюнджиев,1
готвим,1
докарал,1
разпиляха,1
айде,1
рампата,1
безсърдечие,1
оползотвори,1
бавите,1
възложена,1
спори,1
отзовала,1
крути,1
масирана,1
разхвърчаха,1
гърменско,1
блатска,1
неразпознаваема,1
серафима,1
смотолеви,1
теглила,1
проследена,1
задигна,1
усъмнихме,1
претърсено,1
пиело,1
мобал,1
сейхнан,1
проявявало,1
юмиш,1
гоцеделчевско,1
предполагаемо,1
поддържаме,1
цареше,1
сгазена,1
надире,1
изисквали,1
единица,1
докарах,1
изпратите,1
долекарски,1
триаж,1
съответен,1
изпращането,1
закарах,1
докарам,1
отработени,1
свещички,1
гасне,1
скандализирани,1
омерзени,1
пътник,1
замажат,1
прегазили,1
снегорина,1
доближих,1
станьов,1
рзок,1
охраняваха,1
наръгаха,1
усет,1
премеря,1
почувства,1
годе,1
боледува,1
траело,1
ескалирало,1
касаеща,1
губя,1
минутно,1
предписанията,1
гласуваното,1
бюрократични,1
реанимационната,1
забавя,1
кольова,1
подхлъзнах,1
подутина,1
натъртила,1
хала,1
божурище,1
ябланово,1
обърка,1
отказваш,1
сравня,1
шахът,1
търсиш,1
оптимизмът,1
състезанията,1
турнир,1
реагираш,1
панамериканските,1
разхождали,1
въртопо,1
изчистване,1
чегъртането,1
поставихме,1
оклузия,1
стеноза,1
церебрални,1
екстази,1
импулсите,1
пренебрежимо,1
запозната,1
благодатна,1
нестабилна,1
халюциногенни,1
метаамфетамини,1
психоактивни,1
приогов,1
вярването,1
победила,1
женитеsurvivers,1
аандонова,1
запознаваме,1
произволът,1
изгорял,1
бедо,1
користен,1
еранохи,1
петица,1
преструваме,1
изправим,1
дефиниции,1
спорни,1
удобните,1
изтривалка,1
осъществяващи,1
челната,1
основателят,1
бройка,1
подходящи,1
взаимодейства,1
насилиницте,1
арзмера,1
съзидателно,1
откраднатият,1
пресолска,1
ованес,1
привлякохме,1
отвеждат,1
арменски,1
объркало,1
спукали,1
бракониерски,1
поделили,1
разчленили,1
определял,1
бракониерство,1
почетена,1
подред,1
безпокои,1
изморена,1
саркисян,1
сарко,1
отзове,1
състрадателно,1
кентъки,1
калинов,1
лкк,1
нарушаващи,1
късметлийския,1
контингенти,1
носих,1
дръпнали,1
препратили,1
зацикля,1
ориентири,1
летейки,1
сложната,1
откроиха,1
рапорти,1
малокалибрени,1
предназначено,1
неавтоматично,1
еднозарядно,1
преработена,1
придобил,1
вкарвам,1
оправила,1
запора,1
осколки,1
косми,1
кумата,1
начaла,1
палени,1
oчакват,1
сухиндол,1
изстрелването,1
отхвърлени,1
одобрени,1
авиоексперта,1
ена,1
диалогът,1
изтребителя,1
разбиването,1
изтребител,1
ръководния,1
играещи,1
бочева,1
бутането,1
персоналът,1
предупредителните,1
заговориха,1
ипон,1
гардове,1
свлечени,1
извратеност,1
позор,1
тридесет,1
заменен,1
oсвен,1
несъобразената,1
нахраних,1
сготвих,1
почистих,1
опрах,1
четящ,1
начетена,1
подписвани,1
хеморагия,1
руптурирала,1
реанимобил,1
епикризите,1
отключващ,1
часови,1
кумулиран,1
изгледите,1
екстубират,1
неврологичният,1
танова,1
подобрени,1
реаномобил,1
ендоваскуларен,1
аневризмата,1
референтния,1
наема,1
неврохирургична,1
неврологични,1
веростно,1
джумая,1
прогонена,1
унищожим,1
атакувано,1
туристическия,1
обиграно,1
роксанка,1
затворническия,1
росанка,1
посетено,1
качествата,1
амбицирани,1
падаш,1
индивидуалист,1
вълнуващото,1
интересният,1
бфс,1
първенствата,1
съзрели,1
цирков,1
прободено,1
пресичало,1
напазаруват,1
палачинката,1
стомашни,1
общоприетите,1
стационарна,1
водещо,1
отправяме,1
британския,1
стрелби,1
твърдяхте,1
пушили,1
нещастния,1
гробищен,1
отбивката,1
шкафове,1
падналото,1
бягайки,1
застигна,1
първенството,1
възродено,1
юздп,1
следата,1
алпинисти,1
скалиста,1
труднодостъпно,1
фамозна,1
скъсала,1
скъсан,1
излизаш,1
ипек,1
обвиняемо,1
необитаема,1
сихрон,1
опитано,1
убиваме,1
природозащитник,1
устройват,1
отстрелваме,1
бутната,1
снети,1
горските,1
инициаторите,1
югозападното,1
горското,1
забелязвана,1
хампшир,1
берат,1
дива,1
прекрачили,1
отстреля,1
накъсала,1
ареала,1
хваната,1
даподчертая,1
отсрел,1
отстрелят,1
радиотехникума,1
призоваваха,1
красново,1
велешки,1
жестовия,1
мата,1
потенциала,1
пренесем,1
пренесена,1
общонационална,1
топи,1
допринесла,1
израсна,1
професора,1
спящото,1
нетревзо,1
захванаха,1
автостоп,1
чаканата,1
процедирам,1
обикаляне,1
влошил,1
лутане,1
човечество,1
историческата,1
овладяването,1
тревиста,1
вирджински,1
британските,1
сайтът,1
арестите,1
световрачене,1
флашката,1
неогнестрелни,1
неголямо,1
имунизационния,1
среднощната,1
подронване,1
смачкване,1
клеветят,1
развели,1
доверявам,1
топим,1
излекувам,1
препращана,1
авксентий,1
обикалянето,1
демографски,1
висшист,1
значимата,1
поръчково,1
тарашенето,1
паунди,1
хобита,1
принадлежали,1
стоящи,1
куратора,1
безценност,1
фотографската,1
заметено,1
измислен,1
палецът,1
разпознаваем,1
знакът,1
активния,1
отчетените,1
благоприятна,1
лиана,1
софиямед,1
токуда,1
транспортираше,1
сплаша,1
впечатлява,1
опълчва,1
прайда,1
маските,1
придобият,1
поляти,1
трансформации,1
офисите,1
преходно,1
oтваря,1
елeна,1
гръбчева,1
поръчана,1
швейцарска,1
реалният,1
комплект,1
нуцова,1
дългата,1
приканва,1
авиацията,1
безопасния,1
безопасният,1
възходяща,1
нальотът,1
парашутна,1
позволявала,1
ракети,1
снижение,1
команда,1
сработи,1
пространствено,1
прихватът,1
сближение,1
контактът,1
изучаване,1
практическа,1
тичат,1
затрудняване,1
тъжителите,1
бланка,1
преписа,1
подигравателното,1
естество,1
отправяло,1
звънеца,1
удавеното,1
даизяснят,1
полуистерия,1
поздравила,1
издирвателната,1
атлиман,1
неохраняемата,1
неохраняем,1
насочването,1
хоризонтален,1
илюзия,1
новозаразени,1
банкнотата,1
уличили,1
трошили,1
брадвичка,1
меренето,1
мъчил,1
притича,1
джуня,1
психо,1
трилиона,1
мвф,1
контрабанда,1
заобикаляне,1
разузнаването,1
парамов,1
наличностите,1
пожелах,1
физичните,1
зрителна,1
наземно,1
пространствената,1
тоесто,1
авиохоризонта,1
проконтролира,1
поразяването,1
неправилното,1
полетите,1
съпътстващите,1
ускорения,1
авиационното,1
физиологично,1
предварителната,1
формулирано,1
въздухоплавателни,1
авиационни,1
пространственото,1
отсрещен,1
уликите,1
халилов,1
попляскваме,1
консултира,1
колцентъра,1
разнообразяват,1
блатото,1
мюнхаузен,1
барон,1
надеждната,1
говорите,1
гогова,1
нарцисисти,1
пораждате,1
запазите,1
опитайте,1
подценяваме,1
оставаш,1
опитай,1
катализатор,1
садово,1
съпргът,1
склонявала,1
аристократични,1
прототипа,1
милионите,1
дрогерии,1
дегизирани,1
хранят,1
крава,1
птичи,1
объркани,1
конфигурации,1
съдават,1
тягосната,1
разведри,1
продуцентска,1
фурор,1
склонявали,1
опг,1
морализираме,1
сценария,1
описания,1
алармена,1
интоксикирана,1
симптоматично,1
назначавам,1
безапетитие,1
урокултура,1
консулт,1
консултирала,1
врачанска,1
самолекувала,1
разкрил,1
землянка,1
предположили,1
психотерапевти,1
оставай,1
прилежащи,1
погрешно,1
ограничената,1
делириум,1
нефролог,1
гинеколога,1
консултантите,1
градоначалника,1
присъстваме,1
референтна,1
заразни,1
кантарджиев,1
сводката,1
допринесло,1
предоставяна,1
прибягвала,1
дистанционна,1
рефектират,1
дисфункционални,1
денонощната,1
царимир,1
карантинен,1
самолечение,1
тоталитарна,1
оран,1
отсрещния,1
утвърждаващ,1
амулет,1
играели,1
манисто,1
паричка,1
конците,1
прибавки,1
усукан,1
добитъка,1
окичване,1
култа,1
плодородието,1
зачатието,1
месецът,1
чеиза,1
пазителките,1
рушащо,1
пораждащо,1
предпазват,1
добитък,1
овощни,1
червеният,1
постигнаха,1
възпоменанието,1
засмени,1
пожеланието,1
предвещава,1
пресукан,1
булки,1
пенда,1
оригинално,1
пижо,1
кукличките,1
неповторими,1
гроздчета,1
съсънки,1
пулчета,1
пискюли,1
отрицаващ,1
двойнствен,1
камю,1
компактни,1
доказани,1
разрасналата,1
редовен,1
покривки,1
черепни,1
нсс,1
дежурства,1
часовите,1
заразените,1
простудна,1
идваща,1
прокуристът,1
пригодено,1
умове,1
завладее,1
подскаже,1
метафора,1
интубиран,1
тестовете,1
кардиологията,1
ирма,1
огласиха,1
кукерски,1
варианти,1
радослава,1
неизвинени,1
детото,1
емилянова,1
преглеждаме,1
неврологията,1
щуротии,1
възмущаваха,1
принудено,1
херсон,1
хандзюк,1
допускане,1
резервна,1
отбележи,1
стартирането,1
докладваш,1
съобразен,1
шофират,1
творят,1
покривите,1
срамувам,1
своеволия,1
позволяваме,1
заседна,1
афектирана,1
талантлива,1
безделници,1
неуки,1
разтърстващ,1
погуби,1
галоши,1
такъми,1
бакърите,1
неоснователна,1
спасявала,1
пернишка,1
доъпълват,1
вилняла,1
зравословно,1
негомата,1
реанимирана,1
изпаренията,1
задушени,1
агрегат,1
четиричленното,1
подпомагано,1
отрявяне,1
непряк,1
кардиолози,1
интензивния,1
песимистични,1
реаниматора,1
генератор,1
окис,1
племенниците,1
дрогирания,1
затруднени,1
отнесен,1
пликове,1
масло,1
вместимост,1
високорисковото,1
премахната,1
излизащи,1
проверяваше,1
патрулни,1
кразец,1
опознали,1
изживения,1
открадва,1
насилва,1
изходните,1
ореховица,1
пусти,1
разнасяне,1
коноп,1
пресоване,1
семена,1
разградски,1
злосторниците,1
кубика,1
дървата,1
кубически,1
бетонната,1
бисерци,1
кубратското,1
дребно,1
кюспе,1
разпети,1
паднем,1
хартийки,1
панчаревското,1
рибарски,1
изплувал,1
мехлем,1
предизвиканото,1
транспортното,1
надлежен,1
сртп,1
приложили,1
разсъждават,1
предупрежденията,1
кесия,1
опакова,1
абонатите,1
оприличила,1
плачещ,1
жертивите,1
подмамват,1
трупове,1
чуди,1
правилото,1
обезобразени,1
ужасих,1
косева,1
омаловажена,1
заболял,1
излекуван,1
криминалист,1
задълбочаване,1
скучна,1
досадна,1
гадателка,1
дигнах,1
повярвах,1
заблудиха,1
заблуждава,1
многочленно,1
отбележа,1
янколов,1
невръстният,1
костват,1
застрашаващо,1
коцева,1
неходещи,1
необразовани,1
обезценена,1
чуждата,1
сетива,1
шмайзери,1
пресъздава,1
значимите,1
карди,1
съпоставено,1
естетично,1
развяват,1
размятат,1
здание,1
уважат,1
кулиса,1
сандър,1
продуцента,1
превъплъщаваме,1
плеймейтката,1
забавлението,1
разпали,1
гангстери,1
уроним,1
незрящият,1
бенев,1
малцина,1
екстремност,1
пропускат,1
мотики,1
брадви,1
бидони,1
дворовете,1
принадлежности,1
присмеем,1
навеса,1
избата,1
зимнина,1
скрина,1
оспинова,1
жанет,1
подиграем,1
частичен,1
храним,1
кръвнината,1
секрет,1
благодарствено,1
смачкания,1
бойлера,1
българово,1
гримасата,1
плесна,1
сграбчи,1
развика,1
поздравяваше,1
благия,1
пациентското,1
идентифициране,1
зашиването,1
анаеробна,1
обективното,1
микроорганизми,1
анаеробни,1
сержант,1
билборд,1
обездвижих,1
сера,1
отрупаха,1
ципа,1
обирджийката,1
пробвала,1
преструвайки,1
патрулиращи,1
джорно,1
кориере,1
угасих,1
кипърска,1
милано,1
похвална,1
награден,1
курсанти,1
бойчева,1
пожарогасителя,1
покриващо,1
раневи,1
назрял,1
микробиологично,1
подобрена,1
придружаващ,1
параклинични,1
нататъшно,1
превеждането,1
променяли,1
вдигало,1
влошавало,1
анестезия,1
придружавано,1
пубиса,1
карайки,1
шестнадесетгодишната,1
предл,1
шестнадесетгодишна,1
нидерландецът,1
набележат,1
параклиника,1
заздравели,1
първично,1
причинна,1
травмираните,1
възпаление,1
емпирична,1
широкоспектърна,1
неконтролируемо,1
съобщените,1
тазовото,1
констатирания,1
предвижвало,1
неизвършване,1
съдовата,1
седалищна,1
фасциит,1
некротичен,1
флегмон,1
патерици,1
чао,1
ожулва,1
изскочили,1
сетофара,1
пространния,1
необоснованост,1
неправилен,1
отстоявани,1
изтъкнати,1
възраженията,1
самопризнанието,1
естеството,1
непозволеното,1
касационни,1
министески,1
проверете,1
двустранни,1
пневмонията,1
хеморагична,1
болестни,1
тичало,1
касатор,1
деятелност,1
отразените,1
представителя,1
третираният,1
плоскостта,1
цигарен,1
издухвайки,1
непредпазлива,1
довеждащо,1
квалифициращите,1
позоваването,1
съставомерни,1
фактическите,1
процесуалната,1
материалният,1
квалифициращото,1
решаващите,1
материалния,1
рефлектиращи,1
крехка,1
облекчат,1
задавали,1
ленд,1
авторската,1
тийнеджъри,1
изхвърчаха,1
отби,1
минавахме,1
шофираше,1
карах,1
компютърът,1
творците,1
напуснеш,1
трепване,1
непремерена,1
настръхнеш,1
клокочат,1
изпуснат,1
природоматематическата,1
изчезни,1
текстописци,1
мълниеносно,1
отменило,1
боледувало,1
пнемвония,1
лабораторно,1
отречено,1
скоротечно,1
леталния,1
траурът,1
вирусологична,1
хитове,1
хистологична,1
избрало,1
смиленски,1
тъмните,1
подавайте,1
плесник,1
качарова,1
коментирало,1
класничка,1
разглeда,1
похвалила,1
манипулациите,1
мобилизира,1
сад,1
джихан,1
уврежда,1
билирубин,1
левкемия,1
миелоидна,1
недостатъците,1
корумпираните,1
изтеглят,1
печелившото,1
усвоена,1
докладвана,1
бст,1
проверила,1
тираж,1
хамстерите,1
реален,1
физиологичните,1
пияния,1
развикал,1
гуджеров,1
закриваме,1
подправени,1
контрабандни,1
дървесен,1
вехтошарството,1
психотестове,1
облича,1
странности,1
размахва,1
безпричинна,1
дървеница,1
морско,1
иниацивите,1
навакса,1
слизайки,1
тотопункта,1
съблечено,1
джебчията,1
ливада,1
виткова,1
трийсет,1
хероина,1
наркотика,1
застрелва,1
осмокласник,1
карагьозова,1
надие,1
социалнослаби,1
социализирането,1
постъпят,1
вуи,1
превъзпитават,1
вандалска,1
възпитателните,1
снимащия,1
почнало,1
драска,1
палхутев,1
видето,1
измамят,1
отчуждаване,1
билетът,1
присвоили,1
обгазените,1
предназначена,1
подкрепяха,1
намалявана,1
издължил,1
протвообществените,1
джипова,1
овладеем,1
намесваме,1
инсценировката,1
подминат,1
разрасне,1
териториалното,1
нарасна,1
ограничиха,1
пътуванията,1
круизен,1
анне,1
холандският,1
чаровен,1
харис,1
томас,1
двучасова,1
чужденеца,1
плачех,1
съпротивлявам,1
посмяхме,1
хапнахме,1
пийнахме,1
холандец,1
обискират,1
хапнат,1
скорошната,1
взривил,1
психопатна,1
смекчат,1
долапите,1
бащината,1
брътовчеди,1
отвдене,1
обискирана,1
триста,1
насрочването,1
нарушаването,1
помогнато,1
влияело,1
събудиш,1
негодни,1
обгорените,1
лампичката,1
светне,1
разграничат,1
настойчиви,1
изглеждащ,1
усмихнах,1
обвинила,1
кампусът,1
обезглави,1
поздравя,1
ревнуваше,1
избегната,1
обгазени,1
препятствие,1
китайците,1
университетските,1
пренасочваме,1
изолирано,1
противоречивата,1
китайския,1
щутгарт,1
сънародничка,1
окажеш,1
попаднеш,1
оказваме,1
взривен,1
отхвърлил,1
шокират,1
разказваха,1
съдилище,1
върховното,1
кюстендилския,1
обезсилване,1
обезсилят,1
грао,1
смъртният,1
съчувствам,1
неразказани,1
подхранвали,1
опустошителна,1
иванови,1
надявайки,1
вини,1
белязана,1
аничка,1
предвидената,1
недраги,1
разиграха,1
изкаже,1
университетстката,1
шорти,1
къси,1
препятствия,1
инвалидни,1
препратен,1
вми,1
разкатаването,1
куклен,1
пълмед,1
отпаднал,1
диализата,1
имплантираха,1
бресник,1
каназирева,1
кислородни,1
карен,1
джамбазов,1
санитарят,1
врява,1
осъществявала,1
пукнев,1
бойчо,1
разграничавам,1
прекомерна,1
използваната,1
тряска,1
озаптят,1
илюстрация,1
предотвратихме,1
застрашавайки,1
псевдомедицина,1
абдикира,1
извънболничната,1
обвързаност,1
сбърканата,1
кислородно,1
драматичните,1
задаван,1
ограбиш,1
неразположена,1
снизходително,1
прегледаха,1
зъболекари,1
зъболекарския,1
погрижили,1
зъбни,1
погрижим,1
протезите,1
осветяват,1
съдa,1
дунчева,1
излезнат,1
деп,1
неготови,1
общоприетото,1
щастива,1
аршинков,1
категоричният,1
действителния,1
навърта,1
задига,1
ченетата,1
проверих,1
плоско,1
бастуна,1
павилионите,1
пресрещна,1
ортопедията,1
извъшила,1
тикове,1
изпитвали,1
гюбре,1
затваряна,1
отърве,1
смачкана,1
неузнаваема,1
осигурявани,1
склоняването,1
стопанисвани,1
привличани,1
хороскоп,1
скъпоценните,1
надникнем,1
талисмани,1
дарбата,1
спазваме,1
висшата,1
edna,1
сетивна,1
хилядолетието,1
пророчица,1
предсказание,1
издигната,1
реабилитация,1
преустановява,1
изискано,1
живеещо,1
гърци,1
испанци,1
високосната,1
произхождат,1
мобилизирането,1
започнете,1
мобилизацията,1
обици,1
сребърните,1
стойнева,1
тъжим,1
изровен,1
пълнолуние,1
разпилени,1
находка,1
копаница,1
находката,1
намереният,1
вещаят,1
зодии,1
касаело,1
уведомявало,1
отглеждал,1
стандартна,1
момичено,1
старозогорското,1
присхиатрична,1
доведеният,1
казалъшкото,1
годишноти,1
лава,1
труженички,1
надзорът,1
отчитането,1
предоставяните,1
барове,1
възнаграждения,1
неизплащане,1
откажела,1
поставяни,1
мигне,1
сърцераздирателна,1
съселянин,1
survivors,1
значения,1
славянско,1
трепети,1
макариева,1
вменяват,1
загрубяха,1
чудиш,1
израза,1
армагедона,1
преляха,1
подействало,1
известявам,1
коментирайте,1
мирова,1
рьо,1
кислороден,1
професионалит,1
причиняваме,1
листът,1
отнесъл,1
натура,1
борбена,1
самостоятелната,1
матурата,1
гладката,1
преборило,1
благосклонна,1
явиш,1
изпитът,1
преминаваме,1
носех,1
възстановиха,1
пълзяла,1
преодолявам,1
бордюр,1
чакъл,1
калдъръмената,1
слокощица,1
приповдигне,1
ресторантът,1
мащабните,1
tués,1
gendarmes,1
trois,1
канцлерството,1
маниак,1
етиен,1
художествени,1
изобразително,1
рисувала,1
школата,1
петрушева,1
украси,1
коледния,1
претвори,1
приказни,1
замръзвали,1
наричахме,1
порой,1
доближи,1
изиграем,1
разхвърляно,1
раздвижвали,1
обездвижил,1
нерв,1
заседналият,1
възстановявала,1
замръзнаха,1
криво,1
употребяващ,1
раздвижва,1
преобразувани,1
говориме,1
цонко,1
буйстваше,1
веселба,1
помрачава,1
уцелва,1
мяркa,1
междуребрие,1
следственият,1
уцелена,1
свлича,1
поздравили,1
гаражите,1
пиратки,1
запечатал,1
шуменка,1
неогнестрелна,1
опарване,1
траекторията,1
срещана,1
посттравматична,1
регулацията,1
оптимизира,1
допише,1
раздвижването,1
строполяса,1
lors,1
une,1
intervention,1
pour,1
изтеглил,1
кацарова,1
гостуваха,1
изчислила,1
примерният,1
торньова,1
преписал,1
прибягнал,1
затрия,1
дремсизова,1
ресто,1
павликенски,1
психотравма,1
стресово,1
притеснителното,1
петаларева,1
провокирали,1
орхидеи,1
посрещнали,1
бързат,1
партьори,1
оживея,1
откъсна,1
сетите,1
веча,1
квадрат,1
прожекция,1
тематична,1
хващана,1
повдигнеш,1
познайница,1
нападнеш,1
притичват,1
разпищях,1
изкочи,1
отчупвания,1
пожарни,1
изтълкувани,1
невъздържаните,1
дистанцира,1
wrvfqxcap,1
любяща,1
пазителка,1
проблясват,1
сбогува,1
терористична,1
lemondefr,1
via,1
dôme,1
рядката,1
puy,1
dans,1
conjoint,1
sur,1
violence,1
faits,1
des,1
несъмнено,1
сбогуваме,1
механотехника,1
дърпат,1
тинейджърки,1
уговорена,1
скубат,1
коствали,1
образувал,1
потърпешвата,1
задигнат,1
развикала,1
позволен,1
дърпали,1
настигнали,1
толкоз,1
пешева,1
разрешената,1
мощния,1
виним,1
лицевия,1
датира,1
немили,1
потропаха,1
удавят,1
завихря,1
околността,1
средногодишно,1
съкращават,1
вършеше,1
контактните,1
потвърден,1
рецепция,1
плажуване,1
парамедиците,1
изкарали,1
стоварили,1
отчупили,1
свикваме,1
кулинар,1
карантиниран,1
стабилност,1
скъсат,1
helpkarma,1
крещене,1
проверяваме,1
пръстов,1
явили,1
нотариалните,1
сдобила,1
неясната,1
случайното,1
стенела,1
сутрева,1
хигиенистката,1
усъмнява,1
подслушват,1
подържала,1
солидни,1
привидно,1
предстояло,1
подскажат,1
похапва,1
грозното,1
кулинарят,1
ближни,1
виновния,1
настъпят,1
завързвала,1
илчев,1
пренощувало,1
портиерът,1
връзвала,1
рединг,1
гастролирали,1
дир,1
телбизов,1
кюркчийска,1
обач,1
еленка,1
разпитаха,1
пушел,1
евтима,1
терешкова,1
копиловци,1
нинов,1
обонянието,1
валял,1
желязната,1
илинденци,1
струмяни,1
потребността,1
придаде,1
реставраторката,1
пребивавахме,1
художничката,1
рисунките,1
болничните,1
педиатрията,1
ремонтираха,1
кончета,1
водните,1
достоверност,1
сравнителни,1
казьва,1
джеймса,1
пълният,1
измамили,1
кенчетата,1
малчо,1
рекс,1
алармираме,1
изоставане,1
умствено,1
бракоразводни,1
накълца,1
докатоспиш,1
тева,1
замесвал,1
премълчавала,1
пияният,1
живково,1
неизвестността,1
мировяне,1
заграби,1
водих,1
ведро,1
примири,1
талисман,1
актуалната,1
досещаш,1
пионките,1
местиш,1
шахматна,1
впрягат,1
фадроми,1
бездомната,1
стаичка,1
ужасният,1
недрага,1
немила,1
здравословните,1
стаичката,1
абрашева,1
михайлина,1
статистики,1
есперанто,1
системният,1
изострила,1
дробовете,1
красноречиво,1
неконтролируема,1
ескалиране,1
момина,1
обитаваща,1
споделяйте,1
бургазлийка,1
препродажба,1
гледачи,1
мнимите,1
внушителни,1
методът,1
ръководил,1
убиван,1
назовеш,1
нанасянае,1
среднодневно,1
максимума,1
стиснали,1
легнах,1
спеше,1
вървите,1
отвързали,1
основат,1
кипнали,1
потърсиш,1
гавраилов,1
заплашат,1
фокусирали,1
гаврилов,1
обрала,1
малтретираха,1
телеонът,1
тъста,1
слепоочие,1
жалват,1
затворническата,1
обикновените,1
тероризират,1
произвеждането,1
предявят,1
обяснима,1
шалтера,1
аксанов,1
алтер,1
предимството,1
индустриалната,1
рестартира,1
екзистенциалния,1
подсигурен,1
небоходимата,1
лишеният,1
небходимо,1
порочният,1
сдоби,1
провокациите,1
държало,1
смрачаване,1
инвалидност,1
преференциални,1
заводът,1
хлъзнах,1
заварени,1
обръчи,1
хлъзгаво,1
несъществуващия,1
палатковия,1
пера,1
течове,1
краищата,1
обградиха,1
звучаха,1
словесни,1
окупация,1
митрофанова,1
опорочени,1
отседнала,1
огранизации,1
мокреше,1
вмъкнал,1
водна,1
самозагаси,1
коварна,1
служителките,1
чантичката,1
неотдаван,1
мята,1
безотговорно,1
психичноболна,1
закачаме,1
изпочупвала,1
нетърпимо,1
затишия,1
периодични,1
безразборно,1
гасим,1
подпалвачът,1
сече,1
обещало,1
излезлите,1
добе,1
самсонова,1
излежали,1
присвоила,1
банкерката,1
източват,1
приложениe,1
татянов,1
чимева,1
бабяк,1
изпълнявали,1
наблюдаваше,1
пепова,1
пренесли,1
жалят,1
препитание,1
бдж,1
настанителна,1
ведомствените,1
провесили,1
благополучен,1
множествено,1
строево,1
лежаща,1
ваканционното,1
действителни,1
ритане,1
гиньо,1
здрасти,1
изплеснали,1
крайните,1
малцинството,1
протестираш,1
двумилионен,1
блокадите,1
плува,1
чаршафите,1
завивките,1
отдаваме,1
непростимо,1
софиянка,1
качения,1
изведохме,1
чистичко,1
набожна,1
залепена,1
облъчена,1
видоезаписa,1
благоприятната,1
еда,1
урони,1
публикувало,1
латева,1
видеозаписа,1
териториалните,1
политикатa,1
свалиш,1
апаратът,1
поеми,1
делфинариум,1
престъпните,1
дигитален,1
повторило,1
половите,1
посещенията,1
коледната,1
придружавани,1
племенничките,1
подкупване,1
заселил,1
преносима,1
рахталиев,1
първан,1
заемане,1
семейсво,1
тричленно,1
французина,1
добричкия,1
оставяш,1
поднеса,1
погубваш,1
стройна,1
скриеш,1
заведеш,1
успокоява,1
сбърках,1
сгреших,1
съобщихте,1
оженили,1
погледнали,1
заглежда,1
засека,1
слизането,1
изписа,1
младежта,1
улеснили,1
разчистя,1
глобяване,1
колебае,1
мисанков,1
изнервило,1
отключат,1
занесъл,1
изчете,1
разпитаните,1
конкретизирала,1
неблагополучия,1
разтоварват,1
лишила,1
нарцистичната,1
ориентирани,1
терапевтично,1
летящи,1
работеха,1
институционализира,1
извлече,1
профайлъра,1
борихме,1
изви,1
столетница,1
мраморна,1
кръвоносни,1
хаматологът,1
влошаваше,1
обърканата,1
хиперактивна,1
кортикостероиди,1
влагаше,1
доближавал,1
любяна,1
отказите,1
устройвал,1
измененото,1
възложила,1
въззивния,1
отмяната,1
чистила,1
профайлър,1
избрана,1
радостен,1
проведения,1
полемиката,1
ревизирани,1
сработил,1
прехвърляме,1
доближавана,1
координирано,1
поправяне,1
замърсява,1
аспирация,1
кокалчетата,1
предметът,1
преливане,1
заселници,1
новопристигнали,1
овеч,1
прикрил,1
съкилийника,1
изменени,1
съжителстваш,1
стартирало,1
специфика,1
обстоятелствена,1
свирепо,1
началничка,1
бонов,1
първоналачни,1
окръжнатажната,1
подсказваше,1
патрулът,1
стокхолмски,1
гласовитата,1
засенчен,1
замърсен,1
неблагоприятно,1
съпроводена,1
бюрата,1
посещаване,1
левкимия,1
стилиян,1
капси,1
заплаша,1
скрепено,1
феномена,1
конфиденциалността,1
опазва,1
интимния,1
спецификите,1
развито,1
изказваме,1
покруса,1
коствало,1
изгубят,1
необосновани,1
уважаваме,1
непознаване,1
дезинформация,1
министерствата,1
приеманата,1
обсъждани,1
синхронизация,1
преустановяване,1
сингъл,1
стеснения,1
правораздавателна,1
потвърпевш,1
койт,1
емпруув,1
bilitis,1
окрилена,1
крилe,1
институционалните,1
насилиет,1
безбрачните,1
снц,1
орион,1
шалом,1
евреите,1
дефицити,1
рестрикции,1
електрошокова,1
гените,1
калцуни,1
белобрадова,1
изчакаш,1
комуникационна,1
вторите,1
преговорните,1
теменужка,1
назарян,1
структурирани,1
разполагаше,1
болният,1
безнадеждност,1
губили,1
обб,1
ubbsbgsfxxx,1
code,1
искани,1
активирал,1
рискован,1
изслушаме,1
музикален,1
козунак,1
затрие,1
годишнита,1
предпочиташ,1
кукуш,1
призвани,1
светлата,1
представих,1
тръгвайки,1
привкус,1
откликнали,1
кабелна,1
занася,1
умиление,1
обикалях,1
калъфчето,1
дойдехме,1
механоелектротехника,1
перничанинът,1
глътка,1
коментаторите,1
влезнат,1
затичахме,1
потропа,1
обезводняване,1
почукал,1
свижданията,1
отпаднала,1
обезводнена,1
малкопищялна,1
лъчева,1
подбира,1
евентуалната,1
получаваната,1
посредник,1
паунда,1
варвара,1
септемврийското,1
обляна,1
пречели,1
изяснен,1
атентатите,1
симферопол,1
българинът,1
полуострова,1
павленко,1
янина,1
ялта,1
аксьонов,1
подготвяли,1
бараков,1
разузнаване,1
агенти,1
федералната,1
константия,1
юар,1
кейптаун,1
житница,1
изритал,1
лисичково,1
широките,1
посочвало,1
недоказана,1
съществуваща,1
сключено,1
бабх,1
зрелищен,1
самоагресия,1
неадекватното,1
смесил,1
задълбочавайки,1
отрезвило,1
климатика,1
кризисната,1
многочасови,1
търпеливите,1
руслан,1
професионализма,1
овладяваше,1
дежурно,1
повикания,1
патолого,1
коморбидност,1
сухопътна,1
нестабилни,1
издало,1
диагностичния,1
овладян,1
токсикоинфекциозния,1
безсимптомно,1
утежнило,1
анатомична,1
фоново,1
назначеното,1
боледувала,1
тиреодитът,1
фиброза,1
ендомиокардна,1
рестриктивна,1
федералните,1
изнасяни,1
котлони,1
докладваните,1
пипи,1
общественоопасно,1
фермер,1
придобивки,1
фермерите,1
субсидиите,1
поддържаш,1
жизнения,1
фермери,1
основавайки,1
устроен,1
метали,1
биволското,1
кравите,1
намаляло,1
привързват,1
любвеобилни,1
чорапче,1
астрид,1
линдгрен,1
намаляваш,1
помним,1
булчински,1
разменяхме,1
съсипани,1
привилегия,1
прегърнат,1
прелита,1
амбиции,1
бързах,1
искащи,1
ценностни,1
постарае,1
интервали,1
забихме,1
намесих,1
вцепенена,1
безспирно,1
овцевъдство,1
говедовъдство,1
слизай,1
хрумна,1
кривини,1
буза,1
удобен,1
успокоиха,1
откровен,1
тресна,1
кошче,1
изживяват,1
ненова,1
полиграфско,1
обгорена,1
овъглените,1
свързаното,1
изчерпателна,1
председатели,1
локвата,1
захапката,1
трансплантираното,1
изтънява,1
радваш,1
зарадваме,1
получения,1
напразни,1
листите,1
запишем,1
лазерно,1
роговицата,1
благовест,1
лазерни,1
роговица,1
роговиците,1
обезопасено,1
придружители,1
проблемното,1
отхапано,1
легитимираните,1
завеждат,1
криминологично,1
велик,1
гостували,1
пачеджиев,1
коминът,1
родопското,1
различията,1
вярвах,1
обожавах,1
злепоставя,1
съхрани,1
безпричинната,1
драгаганов,1
почитат,1
героите,1
боевете,1
карловци,1
възпоменателен,1
рецитира,1
дешка,1
погледнем,1
търпяхте,1
черковна,1
вдъхновяващо,1
изградят,1
спираше,1
посрещаше,1
шегувахме,1
отоншения,1
обострени,1
непрежалима,1
надделявал,1
изясняваме,1
почистени,1
кашони,1
напълнила,1
клошарка,1
възобновяването,1
инсценировка,1
чуден,1
яника,1
вражеска,1
тържествата,1
еквивалентът,1
променливото,1
навъсено,1
заек,1
великденският,1
митологичен,1
обредно,1
моняк,1
преспа,1
мартинка,1
покрайнини,1
западните,1
закичват,1
мърцишор,1
характерния,1
конеца,1
конецът,1
ядосаме,1
мразовито,1
изтупва,1
варене,1
отдаването,1
отваряли,1
викано,1
напиват,1
наръгала,1
квяартал,1
отакзва,1
казан,1
кожуха,1
берекет,1
кичат,1
земеделската,1
предат,1
орисниците,1
нишка,1
изследователи,1
животопроменящо,1
разперил,1
крилете,1
вдъхновяващ,1
барикадираха,1
блъснаха,1
опитващите,1
патрулките,1
маневри,1
еднопосочната,1
освободим,1
изтеглим,1
предницата,1
амебата,1
породиха,1
зрелищния,1
краткосрочните,1
завръщащите,1
напускащите,1
потоците,1
утвърждаването,1
осъзнаваха,1
маневрира,1
тествани,1
зарежда,1
пълнител,1
играл,1
буйствал,1
боксове,1
преговаряли,1
преговаряне,1
седели,1
дискретно,1
тенчо,1
възстановявал,1
бягащите,1
пистолетите,1
гонеха,1
сива,1
прелетя,1
прехвърча,1
обхванати,1
инцентът,1
английската,1
яйце,1
идеализъм,1
ведър,1
подготвено,1
откликна,1
следователно,1
заявявал,1
стъпкал,1
размазано,1
кайсери,1
мазано,1
разказвайки,1
депозирах,1
осмисли,1
светеща,1
продължител,1
събеседник,1
многодетната,1
подчертаха,1
столичниия,1
извадим,1
необмислено,1
преговорите,1
фризьорката,1
комуто,1
завърнал,1
провадийското,1
пещене,1
вечеряха,1
консулско,1
пакетирани,1
турско,1
напукана,1
чинове,1
земетресения,1
разрушителните,1
аварийни,1
стрела,1
пронизан,1
караконджули,1
агресира,1
диктатор,1
краснър,1
пазене,1
марая,1
сключиха,1
съвещава,1
полуживи,1
паметни,1
безкористно,1
молебен,1
благодарствен,1
заупокойна,1
отслужиха,1
поднесени,1
грубото,1
заварен,1
серийното,1
мирча,1
операн,1
световноизвестни,1
аржентина,1
свалял,1
потулвано,1
бивало,1
петите,1
илюстративен,1
накарах,1
лъчезарен,1
актуален,1
творби,1
произведенията,1
резоне,1
четиритомния,1
изкуствовед,1
цветове,1
фалшификат,1
творба,1
мололетни,1
разцепва,1
гълъбът,1
камъкът,1
смесените,1
теорията,1
неорганизирани,1
подсигури,1
ирационални,1
бунтар,1
чистят,1
ходела,1
обвинителя,1
графични,1
обивеният,1
ядно,1
изстрелян,1
патрон,1
гоказателства,1
зачислен,1
кънчева,1
подсказват,1
укривател,1
подсилва,1
полиуретанова,1
изсипват,1
шепи,1
придава,1
същинският,1
бомбени,1
дискредитиране,1
пяна,1
багажникът,1
планираност,1
страхуваше,1
подчини,1
собственическо,1
сутрунта,1
каймакчийска,1
пресконференциите,1
присъщи,1
полудявал,1
водило,1
мълчаливи,1
почакат,1
боев,1
елков,1
загубят,1
примирят,1
левче,1
рисковано,1
стабилизирали,1
функционирали,1
хипертонична,1
намесено,1
христиан,1
убихме,1
състезавали,1
успоредно,1
народност,1
достойния,1
увеличаващите,1
фасадите,1
славни,1
саможертва,1
гълъби,1
гълъб,1
завзели,1
хуните,1
поверие,1
оцветила,1
връвчицата,1
онгъла,1
поверия,1
украсена,1
връзваме,1
обичаната,1
цъфнало,1
кукувица,1
лястовица,1
благовещение,1
църковният,1
потстрадалата,1
дегизирал,1
имено,1
завардиха,1
поскъпването,1
куриозна,1
разколебано,1
вересии,1
изборна,1
възрожденци,1
подчинил,1
укривала,1
ягодите,1
предотвратена,1
продаването,1
асистентката,1
долният,1
горният,1
изсипа,1
помия,1
малините,1
напояване,1
нещастна,1
комбинираме,1
крайност,1
залита,1
самодостатъчни,1
градят,1
съзнателен,1
вековете,1
типично,1
умеем,1
наемателката,1
балансът,1
разковничето,1
тежат,1
делегираш,1
mакар,1
кристиана,1
бизнесмени,1
куртанова,1
уговорило,1
дължах,1
сегмент,1
завишат,1
оправдал,1
уличила,1
отчуждават,1
отчуждение,1
вадя,1
несериозна,1
имайте,1
немощ,1
надграждат,1
разрастването,1
разпределят,1
усвоява,1
тригодишни,1
конкурсите,1
базисна,1
вслушват,1
правозащитникът,1
кучешки,1
вой,1
пасивната,1
подстригването,1
древен,1
известност,1
бариерите,1
коментирано,1
толерантността,1
немите,1
алтернативата,1
бишва,1
антоана,1
отчела,1
фактология,1
времево,1
конкретизира,1
публикациите,1
бръсненето,1
уважението,1
сегмента,1
обобщените,1
разглеждаме,1
сифона,1
почистил,1
вкарват,1
гугалова,1
щракват,1
белезниците,1
причинят,1
късният,1
виждаха,1
лежеше,1
остригана,1
настоявайки,1
оставаха,1
теглеше,1
скули,1
кълцана,1
изхвърляна,1
боксът,1
малтретирането,1
подстриже,1
изразходват,1
повтарящи,1
вместват,1
нежелателното,1
тясното,1
дефицитната,1
обезпечени,1
замислените,1
незначителната,1
ножицата,1
искова,1
стабилизираме,1
съкрушена,1
разубеждавани,1
прорезните,1
видинчанка,1
разделяхме,1
мутренска,1
позволявам,1
добронамерен,1
подвел,1
култивирането,1
повратен,1
толеранса,1
отчетлива,1
махнеш,1
утежняващите,1
отчеени,1
административния,1
мирния,1
лешница,1
вдъхнали,1
мълчало,1
осмели,1
обиден,1
докладвания,1
йонислав,1
емигрирала,1
родителството,1
изкоренен,1
максималния,1
заваря,1
мълчейки,1
натъпка,1
преразгледани,1
отдадоха,1
скандираха,1
неописуемата,1
партер,1
заразказване,1
отброявайки,1
цялост,1
съвкупната,1
бруталността,1
издевателствата,1
окупираха,1
застрашителни,1
шевовете,1
обръснатото,1
изневери,1
обръсне,1
вкарването,1
провинението,1
базирана,1
вкарвайки,1
обхватът,1
инициираха,1
зашил,1
финално,1
псевдоинтерпретации,1
камуфлажните,1
джендърска,1
коментирайки,1
разписана,1
смее,1
сети,1
идол,1
хилят,1
простъпка,1
джендърската,1
подстригвам,1
пуснем,1
хванеш,1
неистово,1
обръснато,1
стиганасилие,1
неработещо,1
вкаран,1
затвореният,1
прокурорките,1
неприемайки,1
хартийка,1
измолва,1
предел,1
заспивала,1
зареден,1
обръщай,1
изобличи,1
наранявана,1
балдево,1
прессъобщение,1
законопроектите,1
млъкне,1
замитат,1
якимова,1
христомира,1
подведат,1
разтегливо,1
тълкуването,1
затваряй,1
колчакова,1
защитиш,1
доказуемо,1
неволна,1
волна,1
улеснен,1
избледнеят,1
видеообръщение,1
конституционно,1
целуни,1
понесена,1
надявате,1
последвано,1
нарекли,1
простили,1
ята,1
повярвайте,1
безнаказан,1
контекст,1
обяснете,1
извинихте,1
паузата,1
осъзнахте,1
неразбирането,1
напрайха,1
сексистко,1
цинично,1
знаейки,1
помислихме,1
четения,1
вложен,1
гореспоменатия,1
променен,1
десетата,1
убийствота,1
дразги,1
съответният,1
първомайската,1
горския,1
комплексно,1
предсавени,1
преживеното,1
провеждаме,1
посуда,1
ударно,1
атакуван,1
обнародвани,1
въведено,1
сформирали,1
депозират,1
убец,1
oбвинения,1
натъпчат,1
юмручна,1
легална,1
терминът,1
условности,1
нежност,1
интимност,1
трайност,1
вето,1
тресавище,1
гьол,1
михалков,1
сравнете,1
омотае,1
еспертиза,1
слувало,1
изговили,1
пускане,1
зависеха,1
съмняваме,1
споделяте,1
убеденост,1
доверете,1
търновград,1
вербален,1
обнародване,1
маца,1
църна,1
застреляно,1
локации,1
свръх,1
щади,1
предупреждавали,1
психоложите,1
открия,1
нароиха,1
аврамов,1
fest,1
summer,1
подслоним,1
спасилите,1
идентифицираните,1
неработещата,1
изострения,1
изразената,1
избягъл,1
понижава,1
записвани,1
ортахан,1
сплашвани,1
беззаконието,1
неотменимост,1
сплашвала,1
сполетяло,1
финансистът,1
плакатите,1
гласяха,1
доводът,1
учения,1
безучастен,1
фиципизмите,1
алгафари,1
izvinil,1
превърната,1
продължите,1
върнете,1
измиете,1
nepriemlivi,1
izkazvanija,1
takiva,1
rashidov,1
абсурдни,1
vezhdi,1
che,1
dobre,1
minchev,1
nikola,1
представлявате,1
изричате,1
писано,1
смущаващото,1
нидал,1
спазването,1
породят,1
завишават,1
завишава,1
закрилата,1
разгорещиха,1
дебатите,1
прекъснаха,1
оборят,1
редакционни,1
двойките,1
узаконяване,1
преформулирано,1
очаквано,1
анчева,1
иванина,1
дефинирани,1
разпореждания,1
научиха,1
буче,1
другарските,1
сучева,1
претендираш,1
дника,1
митници,1
наркотрафика,1
фентанил,1
опиат,1
хероиновата,1
нил,1
фента,1
биещото,1
ротация,1
учтиво,1
паралелен,1
абсурда,1
граничещи,1
излитал,1
усложнили,1
сменяна,1
тембърът,1
насилвали,1
използвано,1
имейла,1
романтичният,1
пътешествия,1
ухажване,1
набелязаната,1
преценявали,1
романтични,1
бутнала,1
loverboy,1
подмамвали,1
избул,1
чуждестранна,1
лукреция,1
проследихме,1
притекох,1
хеликоптерът,1
умозрението,1
говорният,1
творение,1
обилния,1
щадящ,1
хелокоптерът,1
понесла,1
обецанов,1
пасаж,1
щеки,1
импровизирана,1
използвахме,1
светкавична,1
скъсено,1
крумово,1
вертолет,1
казаните,1
притекоха,1
звукозаписна,1
комуникират,1
приземила,1
кацат,1
обособили,1
гласуваните,1
епистоларно,1
другарски,1
съпоставими,1
прекаляват,1
битите,1
облeклото,1
връчват,1
изкарваш,1
ѝобясни,1
хвърляш,1
довлачени,1
гали,1
полугола,1
екстри,1
сълзотворен,1
пръскано,1
взимано,1
пестелив,1
обяди,1
екскурзии,1
челното,1
народопсихология,1
вдъхнем,1
предаваме,1
пропагандира,1
снимаш,1
смешна,1
протестирахме,1
ефективната,1
осъществявани,1
координиране,1
параграфа,1
корективни,1
гротеска,1
спекулацията,1
саморазпусне,1
противопоставяне,1
финансовия,1
мениджърски,1
претенция,1
гледайки,1
провеждащата,1
няколкодневни,1
рускиня,1
изкараме,1
лесните,1
увеличаващия,1
следейки,1
демонстрираме,1
осъмна,1
латида,1
построим,1
педиатрия,1
шансове,1
покъртителен,1
попаднахме,1
изгубихме,1
бавното,1
гюнер,1
уреждат,1
приказен,1
наредят,1
предстоящо,1
импресарска,1
екопарк,1
премествали,1
поразил,1
сигнализираш,1
пътувания,1
жица,1
екзотични,1
щедър,1
дестинация,1
предразположат,1
подценят,1
същност,1
прилъгани,1
металните,1
опъват,1
чакан,1
оставящо,1
обсъждаха,1
имунитета,1
манолов,1
активист,1
гражданският,1
назначите,1
приятелятят,1
косвени,1
шатрите,1
задълбочила,1
операторите,1
разследващият,1
свалено,1
габана,1
жицата,1
шатрата,1
лечим,1
заекването,1
итагава,1
подплатиха,1
извършим,1
призоват,1
послужили,1
задълбочаваме,1
въззивното,1
възоснова,1
възмущаващо,1
съвкупно,1
инструментално,1
правоохранителните,1
лежанка,1
невролози,1
естетични,1
изпуснали,1
пресконфенреция,1
внушенията,1
поддава,1
информативен,1
пластичната,1
седни,1
усили,1
окончателната,1
губило,1
рязал,1
ръкавиците,1
извънредния,1
гласяло,1
разреза,1
залива,1
безумното,1
караиванов,1
венкова,1
разтреперя,1
организирам,1
гадая,1
изживява,1
обнадеждаващо,1
хулиганските,1
убедим,1
логопеди,1
protected,1
обилното,1
процесната,1
спецификата,1
досежно,1
извлечения,1
заканване,1
разпространихте,1
канева,1
варварското,1
петорната,1
обсъждания,1
задавате,1
отразявате,1
позаличат,1
медикобиологичния,1
описване,1
пристигнах,1
изисканото,1
процесното,1
константни,1
попитан,1
email,1
изпращате,1
никозия,1
посолствата,1
легитимацията,1
подарили,1
изказ,1
настъплението,1
докладни,1
зловредно,1
нелепите,1
варварско,1
недопустимото,1
прокуратрата,1
съпоставени,1
разледването,1
обвиняваме,1
приятелските,1
изпратило,1
образуват,1
показваха,1
непонятно,1
напуснем,1
предпочетохме,1
неконтролируеми,1
съмишленик,1
адресирано,1
изменен,1
кординира,1
домашано,1
танк,1
трибуната,1
променяха,1
гира,1
незащитени,1
обжалвал,1
старозагорци,1
отвратителните,1
духът,1
бунтува,1
отворете,1
инвестираха,1
логопедия,1
грешна,1
материалните,1
осъзнат,1
непреходна,1
незащитените,1
безгранични,1
вменили,1
левскарската,1
абсолютната,1
убивайте,1
уважаеми,1
дерибейства,1
произнасям,1
недосегаемост,1
национализъм,1
криворазбран,1
заобикалят,1
заплашителните,1
закъсняха,1
макетният,1
проведох,1
изпадане,1
дръзват,1
отключване,1
квалифицират,1
предвижва,1
зверство,1
звъннало,1
обхванаха,1
натъкна,1
bmw,1
чакащо,1
статуси,1
квалифициращ,1
нарязвания,1
отказани,1
злодей,1
чудовищен,1
застанал,1
изразени,1
облик,1
дознател,1
засиленият,1
обвързан,1
предотвратяваме,1
сънародника,1
формации,1
непрестанен,1
съпредседател,1
инициират,1
спомняте,1
чудовищният,1
сигла,1
отчетността,1
тиражира,1
слязохме,1
рекламент,1
специалистка,1
проверявана,1
повереното,1
петна,1
кръщенето,1
източени,1
верифицират,1
линк,1
линка,1
изтеглени,1
източена,1
хакерска,1
подаваш,1
опитващи,1
белина,1
италианския,1
пичено,1
асколи,1
регионална,1
шамарче,1
точилки,1
ендометриума,1
лъче,1
бримки,1
тънкочревните,1
милиарни,1
светлоклетъчен,1
хистологията,1
лигавицата,1
двумесечни,1
казми,1
родителка,1
престанали,1
обучител,1
колешева,1
посещавани,1
приемните,1
вили,1
поканили,1
криминогенния,1
повлиява,1
неизбежно,1
ореха,1
орех,1
тръни,1
загръщат,1
повален,1
пътниците,1
петел,1
спуснат,1
парахода,1
подпалили,1
неуко,1
гюргево,1
засмее,1
ярки,1
прадядо,1
възпоменателни,1
легендарна,1
мелница,1
лютаково,1
кауш,1
отменихме,1
преразгледано,1
премислил,1
първосигнално,1
чудеше,1
избираше,1
селското,1
ученолюбиво,1
пробит,1
посрещал,1
разпръснал,1
погребали,1
просълзил,1
изпеят,1
заръка,1
лъвчето,1
коледарите,1
химиолечение,1
изтощителни,1
оставихме,1
пагубна,1
хихург,1
съдов,1
мултдисциплинарен,1
стабилизираха,1
порязана,1
хемарогичен,1
сложните,1
посвещават,1
шмайзера,1
възпитаните,1
скулпторът,1
творбата,1
монументът,1
минусите,1
папка,1
онаследен,1
втренчено,1
интевренции,1
поетапно,1
кръвообращението,1
влетяла,1
важност,1
розовото,1
сваляше,1
жервите,1
жетви,1
заслужила,1
разбивайки,1
кoцакова,1
мускулните,1
шкафчето,1
обгрижиш,1
накуп,1
забавачницата,1
окончания,1
нервните,1
влакна,1
влошават,1
прогресивните,1
отслабват,1
инспекторът,1
енергичен,1
вливки,1
имунотерапия,1
онколози,1
диагностики,1
образни,1
епикризи,1
мемориал,1
онкоболни,1
хемоглобинът,1
преляти,1
стабилизиране,1
химиотерапията,1
неразположения,1
сриват,1
изпробва,1
онкокомисия,1
господинова,1
revolut,1
запознаете,1
обещаващо,1
разпределена,1
формула,1
отделил,1
качваш,1
прекалена,1
демонстрираше,1
обрисувано,1
чудесно,1
слушалките,1
субектите,1
наказвала,1
навлезна,1
дави,1
адаптирано,1
възлаганата,1
изтезавано,1
турия,1
чупили,1
снахите,1
справедливот,1
изправите,1
обадихте,1
притеснихте,1
научихте,1
пресечеш,1
тролей,1
хариет,1
железн,1
майкаат,1
безоапсност,1
давят,1
разбеснели,1
баша,1
скърбя,1
тествое,1
пренасписан,1
кампаннии,1
нахлуе,1
приемате,1
отхвърляте,1
припознаване,1
свързахте,1
изживявате,1
щрих,1
любопитен,1
облекчена,1
фиктивния,1
припознато,1
легализират,1
пътуваше,1
престояват,1
сводническа,1
узаконяват,1
въвличане,1
посредниците,1
обещавани,1
плевенски,1
предизобрните,1
поощрение,1
хакак,1
нискоите,1
задълбочен,1
убежищата,1
засилваме,1
кредитори,1
вземания,1
неудовлетворени,1
прекратена,1
опрощаване,1
предприемачите,1
ползите,1
жизнеспособни,1
пречките,1
длъжника,1
кредиторите,1
удовлетворяване,1
недобросъвестно,1
осребряването,1
законопроекти,1
експертните,1
резиденция,1
постигани,1
нмай,1
зщшо,1
жиовта,1
попарата,1
сърбате,1
излезне,1
служила,1
урониха,1
осведомих,1
назидателно,1
издири,1
скоростния,1
тротинетките,1
тротинетката,1
постижение,1
таблици,1
намирах,1
буйно,1
навярно,1
поддържаше,1
страхопочитание,1
разтърсваща,1
анкона,1
екстрадираха,1
плуват,1
разхладят,1
летния,1
колектор,1
повърхността,1
носело,1
дрешките,1
петното,1
педагогът,1
бунова,1
забит,1
игриво,1
дупето,1
етапно,1
гаечен,1
затрудняваме,1
ритмично,1
никаво,1
бутат,1
обмислям,1
барикадираме,1
седващия,1
прею,1
назначили,1
признати,1
заклевала,1
оневиняват,1
осъществят,1
успявали,1
обичаха,1
изпратим,1
хореография,1
латино,1
ударено,1
показваше,1
клона,1
научавайте,1
блъскайки,1
подиум,1
велека,1
ропотамо,1
нападала,1
измислили,1
изкарана,1
свалете,1
усложнена,1
наркоман,1
повлияя,1
ходите,1
успявате,1
подейства,1
измиха,1
лъвове,1
дгс,1
нелекия,1
подутини,1
превръщане,1
прегледах,1
клоните,1
клина,1
престояло,1
възпитателки,1
споделяха,1
засилим,1
сеч,1
разразилата,1
чешнeгирово,1
планинския,1
любителите,1
мокра,1
свирка,1
пороен,1
гръмотевична,1
топлата,1
повярваха,1
изпълнявам,1
подхлъзва,1
болта,1
рентгенолога,1
разчел,1
рентгенологът,1
отправихме,1
образна,1
крупев,1
рентгенологията,1
разтвори,1
приемащият,1
сниманата,1
авансово,1
агитира,1
настоятелен,1
предоперативна,1
слепия,1
визитацията,1
фиксира,1
счупената,1
доставя,1
навяхване,1
битовият,1
заработят,1
навела,1
двигателни,1
землище,1
водолазен,1
мишници,1
тилната,1
несъществуващо,1
консуматив,1
несъществуващото,1
мистичния,1
невидимо,1
пубисна,1
инсинератор,1
отлепва,1
преспах,1
ненужната,1
прекарахме,1
нататъка,1
денмомчетата,1
розово,1
фланелка,1
розовата,1
насрочил,1
безусловно,1
съобщих,1
специфична,1
дихателен,1
запушен,1
действаш,1
отдаваш,1
тичаме,1
чантите,1
нарамихме,1
изпълним,1
разсъждаваш,1
инфлуенсърът,1
миришат,1
евтини,1
елементарното,1
копира,1
постараят,1
отлични,1
отслабне,1
тийн,1
настрана,1
векове,1
зяпнем,1
дебелината,1
салата,1
сипем,1
седнем,1
тормозеното,1
мълвата,1
манипулиран,1
гладко,1
правните,1
затворим,1
проучваме,1
терапевтичната,1
прахчета,1
изследвана,1
хрема,1
ексхумацията,1
разходил,1
годишият,1
смя,1
ококорени,1
плъзна,1
изхлузих,1
наклон,1
снизен,1
измисля,1
екстремните,1
пещери,1
арапя,1
броила,1
генкова,1
подпомагаме,1
насочим,1
койнаре,1
тотева,1
межди,1
разгледало,1
утонение,1
извинили,1
участващите,1
цоньовска,1
bgdemi,1
споделили,1
сиренярска,1
кунова,1
вълнува,1
давидова,1
граматиката,1
междуременно,1
методиева,1
разсърдил,1
менталното,1
интересувала,1
бетонова,1
въоръженият,1
удостоверенията,1
тъпчеха,1
тазобедрена,1
галата,1
запълниха,1
комунална,1
минувача,1
торбата,1
циментови,1
отломки,1
затревената,1
триметрова,1
вароша,1
покрития,1
транспортния,1
маскираният,1
проследих,1
дея,1
отглеждали,1
пролетен,1
стръкче,1
слушали,1
свързвам,1
покорил,1
смелите,1
алпинистът,1
употребения,1
бурният,1
сапа,1
доматите,1
незначителни,1
категоризира,1
трогната,1
разпилели,1
повалили,1
неизвестното,1
бамако,1
глупава,1
късева,1
иззело,1
наркотичните,1
борило,1
домовите,1
коронавирусната,1
априлските,1
юлските,1
намалила,1
сериозната,1
vasileva,1
ginka,1
излекуване,1
химио,1
тутракан,1
изплашил,1
плюе,1
укорс,1
синтетични,1
нарколаборатории,1
хвърлен,1
рожденичката,1
флейта,1
лира,1
кохлеарните,1
борец,1
гушкане,1
зайче,1
пухкаво,1
англичани,1
негативна,1
руснаци,1
блокчета,1
четки,1
украинско,1
възвърне,1
спасителни,1
оградното,1
разпространихме,1
минаващи,1
патриархата,1
свива,1
възпрепятствана,1
санаториум,1
издадения,1
бързина,1
анели,1
обезценяване,1
подчинят,1
упражняват,1
плакаха,1
солница,1
замери,1
превключвам,1
котлона,1
сготвено,1
пренесеш,1
идвай,1
извращенията,1
обезопасиха,1
плочка,1
оголен,1
мрачна,1
железничарския,1
старосел,1
хисарското,1
пенов,1
заравя,1
работилницата,1
закарва,1
разчленява,1
клетка,1
мебелиста,1
изделието,1
възпламенител,1
капсул,1
представляваща,1
цеховете,1
възкръсне,1
рожденичка,1
понито,1
тамара,1
мислехме,1
неизяснена,1
звукова,1
регистратори,1
новопостъпилите,1
започнатите,1
триажирана,1
образувало,1
констатираното,1
ркц,1
нуждаещата,1
спешността,1
затиснал,1
раю,1
бесарабската,1
експозицията,1
повдигат,1
чувствителна,1
насилените,1
достигнато,1
сисание,1
недоволен,1
подобие,1
кукли,1
исси,1
застраховане,1
отрасли,1
нископлатените,1
икономистите,1
сготвя,1
time,1
чистя,1
властен,1
доживее,1
любмия,1
тълпи,1
цветния,1
носителките,1
извършителки,1
скандализираха,1
претърпи,1
нарушила,1
оправдаване,1
основават,1
довеждат,1
позвънява,1
предшестващи,1
lex,1
присъжда,1
базираният,1
подчертаван,1
конфискуват,1
отнесли,1
игнорирал,1
изплатено,1
пожелая,1
нощувахме,1
подарени,1
прессъобщението,1
призовавали,1
плазми,1
нощницата,1
концентрат,1
електроцитен,1
предоперативно,1
стабилизират,1
преспи,1
бончо,1
донесете,1
купонът,1
навременни,1
кръводарителска,1
употребено,1
противопожарни,1
процесния,1
сторили,1
специфичната,1
достоверните,1
колективен,1
входирани,1
прегражда,1
съображение,1
протестирах,1
замислено,1
съмнявате,1
върховата,1
етилов,1
приемът,1
изпие,1
психиатричен,1
алкохолизъм,1
лазарина,1
изглеждаха,1
посочви,1
заможни,1
тъпанче,1
спукано,1
ивайла,1
доверителя,1
лентичка,1
цветовете,1
хитлеристка,1
юристката,1
бусът,1
усилена,1
христева,1
бичът,1
параноя,1
ревностова,1
невербално,1
съставлява,1
вродено,1
реализирането,1
умисъла,1
анализираме,1
пашова,1
напускал,1
скъпоструващи,1
генетично,1
заможен,1
подслушващите,1
загъната,1
слабини,1
разрив,1
тоталния,1
усложнил,1
свързаните,1
разрива,1
родиха,1
доскорошният,1
определим,1
съквартирант,1
излежана,1
удовлетворено,1
проследяващи,1
точното,1
гостът,1
чукат,1
отседнал,1
спяхме,1
връчена,1
буксува,1
динамичността,1
наблегнем,1
врат,1
слабите,1
противникът,1
работещата,1
инструкторът,1
обезвредим,1
избухнем,1
понесем,1
заживее,1
инструктори,1
преувеличени,1
ненаказано,1
импровизации,1
замаскирани,1
християнските,1
израснат,1
рейсян,1
елиминирането,1
поведено,1
танцьори,1
объркано,1
индикатори,1
прегледалият,1
анонимният,1
кацарска,1
инфаркта,1
показвала,1
кардиограмата,1
зрителски,1
обучи,1
спиров,1
копаров,1
режисьорите,1
фотографът,1
подозираме,1
буковска,1
смазани,1
прикриват,1
журнала,1
прегледала,1
подаващи,1
базовите,1
изразяване,1
бари,1
фирузе,1
заглушава,1
разтърсвана,1
знаменитости,1
иранците,1
боядисваме,1
мирното,1
иранци,1
нравствената,1
палеха,1
maha,1
people,1
движим,1
тъжни,1
грижеха,1
жаблинков,1
емоционалният,1
респондентите,1
улеснение,1
чувствителния,1
capi,1
извадковия,1
видовете,1
пълнолетна,1
партньорските,1
cawi,1
упражняващ,1
висококвалифицирана,1
измъкнеш,1
възстановиш,1
непримирим,1
възрожденците,1
пантеонът,1
самоанкетиране,1
излъчена,1
логистично,1
ивановден,1
обявя,1
участвам,1
трезвен,1
четворно,1
поглежда,1
събуе,1
портмантото,1
кошмарния,1
представителна,1
сготвила,1
реагираше,1
разстроят,1
обезпокоителни,1
предупреждаваме,1
оневинява,1
извадка,1
краводер,1
съмнителната,1
отказване,1
тога,1
всява,1
играчката,1
откраднало,1
катерушки,1
очевидката,1
ступор,1
заобиколих,1
съобразява,1
витрина,1
стъклената,1
clexane,1
търговците,1
фиксират,1
заместители,1
фраксипарина,1
фиксираме,1
препарат,1
суматоха,1
охрид,1
дипломатически,1
конкурсът,1
прокуроратура,1
аврен,1
глоуб,1
красавици,1
празноглави,1
корони,1
достойната,1
страдаш,1
искри,1
вселена,1
османи,1
буяр,1
осъдете,1
лютят,1
разлютят,1
внимават,1
фраксипарин,1
меджедиев,1
загънат,1
ангиология,1
натъкнахме,1
преравяме,1
начачлник,1
избистри,1
слизал,1
съощение,1
появило,1
идващ,1
текстовото,1
мистериозен,1
пуловер,1
кафяв,1
ветеринарна,1
конов,1
оказвали,1
оценявахме,1
обемистите,1
насети,1
наподобяващи,1
бамбукова,1
алтернативно,1
луканова,1
броиш,1
отиваш,1
хепариновите,1
опаковка,1
тромбофилия,1
заместващ,1
наличен,1
разравяне,1
хепарини,1
нискомолекулни,1
трева,1
траката,1
имитираща,1
tялото,1
белязано,1
еднопосочен,1
режимът,1
репресивен,1
профилактично,1
възпроизведените,1
честитят,1
зарята,1
изневерявам,1
новогодишните,1
джипките,1
боран,1
давидов,1
милован,1
кинчева,1
термокамера,1
паздеров,1
тръпнене,1
ортопедична,1
посиня,1
дишаше,1
неотложния,1
изпито,1
почуках,1
сведен,1
точи,1
гърбът,1
каналджийте,1
график,1
теглил,1
светят,1
драстична,1
неправителствен,1
добронамерени,1
постоянният,1
завиеш,1
легнеш,1
завита,1
повдигнали,1
извършихме,1
ззадържаният,1
увеличено,1
поглъщане,1
обработвано,1
неотложен,1
спечелен,1
стремим,1
компетентна,1
обхванем,1
отварянето,1
осигуряваше,1
действаше,1
поемане,1
виза,1
призовем,1
бежанската,1
търсещият,1
прищявка,1
степанова,1
старая,1
дмитрирева,1
намекнат,1
повишим,1
напомним,1
посиняло,1
установявахме,1
ледено,1
отпаднало,1
отпращат,1
затрупал,1
завали,1
баталовата,1
телофон,1
каналджиите,1
контактния,1
трафикират,1
порядъка,1
тарифата,1
петцифрени,1
хавалар,1
стигала,1
мигрантския,1
оспорваме,1
организаторката,1
административнонаказателен,1
трапезица,1
добрички,1
замаскират,1
коментирали,1
иманно,1
хлебопекарната,1
вилното,1
швейцарски,1
войски,1
инженерни,1
възпроизведени,1
военнослужещия,1
предхождана,1
траурния,1
ритуали,1
радостни,1
кидерова,1
светлозария,1
неврохирурзи,1
повалена,1
падайки,1
инерционни,1
изискващи,1
тиражиран,1
двустранен,1
круша,1
захарий,1
заместничка,1
спирките,1
изземват,1
камъните,1
субдурален,1
срещаното,1
сформирахме,1
транспортираха,1
приех,1
ростислава,1
специализантката,1
гаден,1
патрулката,1
засякла,1
прощален,1
campaign,1
pavelandreev,1
кbc,1
боляло,1
поемеш,1
засенчено,1
забременяване,1
подозирали,1
професионалистите,1
осъществиха,1
самосерира,1
надживее,1
комунистическата,1
въдворяване,1
общежития,1
следвала,1
джерманова,1
jivot,1
nataliya,1
евакуираха,1
отгледам,1
висококвалифицирани,1
насилиетою,1
осмелили,1
задикян,1
зарухи,1
изпускат,1
озъртам,1
неизменна,1
изкачвала,1
улички,1
чупейки,1
съпругa,1
керкелев,1
ферата,1
виа,1
катерене,1
удовлетворяваме,1
потребностите,1
лилова,1
неправомерното,1
бойдева,1
трошиха,1
каруци,1
околност,1
огоя,1
свогенското,1
забити,1
всеотдайни,1
помръдне,1
придвижихме,1
англичанинът,1
карането,1
спартански,1
парковете,1
площади,1
градските,1
движещи,1
беарнт,1
зубрент,1
провинилия,1
отзиви,1
наказването,1
административното,1
препратят,1
задължаване,1
валидността,1
невероятното,1
оценките,1
критиците,1
трейлър,1
нарочен,1
mariabakalovaofficial,1
bakalova,1
maria,1
ураган,1
върлуващия,1
разточително,1
нарушителката,1
глобяват,1
спазвам,1
възпламенят,1
поиграе,1
втв,1
многодетно,1
микрево,1
кравеферма,1
подлъгал,1
докладваха,1
тлеещи,1
сладолед,1
прилагаме,1
набелязахме,1
коментирахме,1
рогош,1
злоупотребявали,1
пазача,1
приобщаване,1
люлките,1
кравефермата,1
извършвам,1
замества,1
околовръстният,1
електрическите,1
нарушителят,1
малтретират,1
скутаре,1
избухвали,1
безпомощен,1
ниския,1
завръзва,1
назначеният,1
павлин,1
хуманитарната,1
неспазване,1
члена,1
вербални,1
удареното,1
електрозахранване,1
бедстващия,1
осъждайки,1
старателно,1
театрални,1
язва,1
помпа,1
инсулинова,1
иновативно,1
мишева,1
изкарано,1
предпочитаме,1
скрия,1
ореол,1
изследваме,1
експертност,1
йерархия,1
вертикали,1
сближава,1
прозрения,1
подходи,1
миниатюри,1
изследвахме,1
режисьорката,1
проиграл,1
отбие,1
съселяни,1
алимова,1
севдие,1
комшията,1
пазаруваш,1
повдигнахме,1
обменя,1
числата,1
пачки,1
потушаване,1
удряй,1
нападателно,1
въздействащи,1
документалният,1
боравим,1
обменят,1
облепили,1
яхта,1
изпищяла,1
разследвано,1
бригаден,1
летеца,1
тонева,1
погребани,1
разрешили,1
даринка,1
събора,1
надяваше,1
маникюристка,1
отрязаните,1
завързаха,1
режими,1
демократичния,1
отзоваването,1
иранските,1
справедливото,1
обвързано,1
съпътстващата,1
рождена,1
устава,1
кухненския,1
обв,1
прецизирала,1
почете,1
йерархичната,1
пренебрегвайки,1
обезсмисли,1
измерение,1
изпълняваш,1
закъснялата,1
десетия,1
привлякоха,1
отговорният,1
турската,1
ненчев,1
опряно,1
обадихме,1
алтънай,1
ереджебова,1
застрояването,1
дисквалифициран,1
ценностите,1
осиновеното,1
проследявали,1
осиновила,1
отливка,1
зъбна,1
снема,1
осиновяването,1
хапала,1
извънпроцесуални,1
избирателната,1
протичат,1
куриозни,1
вяло,1
рик,1
квотите,1
оскар,1
диалозите,1
изполвания,1
статулов,1
катер,1
спасителния,1
отнесени,1
връхлетялата,1
падналите,1
асторация,1
кинокритик,1
конспирация,1
автентичния,1
никарагуа,1
гениален,1
достойнствата,1
киногилдията,1
излъчат,1
песните,1
киноакадемията,1
шансовете,1
изхвърчало,1
тътен,1
тотова,1
протестен,1
анатолий,1
аспарухова,1
предприемем,1
съгласува,1
насърчила,1
махмудова,1
проверил,1
местопроизшеството,1
оборотни,1
лафка,1
герасимов,1
фанчето,1
горката,1
кокошките,1
радваше,1
експлозията,1
казанлъшката,1
оръжейницата,1
оръжейните,1
правилниците,1
производствения,1
нискоквалифицирани,1
заводите,1
неквалифицираният,1
готовата,1
неспазването,1
оръжейният,1
оръжейница,1
хранилища,1
надвишават,1
производственият,1
взривотехническа,1
смесите,1
смеси,1
смесване,1
некоректното,1
