14-09-2025 13:26:04 INFO     Opening: 'export/btvnovinite.bg/btvnovinite.bg_archive.csv' >>>
14-09-2025 13:26:04 INFO     	For media btvnovinite.bg (TV news) searching in page https://btvnovinite.bg/bulgaria/?page=1	The number of found articles is: 0
14-09-2025 13:26:04 INFO     Info: ('btvnovinite.bg', 'TV news')
Current page is 1
14-09-2025 13:26:04 INFO     	For media btvnovinite.bg (TV news) searching in page https://btvnovinite.bg/bulgaria/?page=2	The number of found articles is: 0
14-09-2025 13:26:04 INFO     Info: ('btvnovinite.bg', 'TV news')
Current page is 2
14-09-2025 13:26:04 INFO     ---Article with title: 18-годишно момиче с два месеца шофьорски стаж катастрофира във Врачанско was not added because contains words from article title exclusion list: ['катастроф', 'шофьор']
14-09-2025 13:26:04 INFO     	For media btvnovinite.bg (TV news) searching in page https://btvnovinite.bg/bulgaria/?page=3	The number of found articles is: 0
14-09-2025 13:26:04 INFO     Info: ('btvnovinite.bg', 'TV news')
Current page is 3
14-09-2025 13:26:05 INFO     	For media btvnovinite.bg (TV news) searching in page https://btvnovinite.bg/bulgaria/?page=4	The number of found articles is: 0
14-09-2025 13:26:05 INFO     Info: ('btvnovinite.bg', 'TV news')
Current page is 4
14-09-2025 13:26:06 INFO     ---News article: <<< Трима души получиха шанс за живот, след като близките на 52-годишна жена дариха органите ѝ >>> was not included in the data because none of BaseWebsite._second_level keywords were found in the article text Article url: https://btvnovinite.bg/bulgaria/trima-dushi-poluchiha-shans-za-zhivot-sled-kato-blizkite-na-52-godishna-zhena-dariha-organite.html
14-09-2025 13:26:06 INFO     	For media btvnovinite.bg (TV news) searching in page https://btvnovinite.bg/bulgaria/?page=5	The number of found articles is: 0
14-09-2025 13:26:06 INFO     Info: ('btvnovinite.bg', 'TV news')
Current page is 5
14-09-2025 13:26:06 INFO     ---Article with title: Даниел Терзиев, засилил трамвай към подлез: Искал да се грижи за онкоболната си баба (ВИДЕО) was not added because contains words from article title exclusion list: ['трамва', 'онко']
14-09-2025 13:26:06 INFO     	For media btvnovinite.bg (TV news) searching in page https://btvnovinite.bg/bulgaria/?page=6	The number of found articles is: 0
14-09-2025 13:26:06 INFO     Info: ('btvnovinite.bg', 'TV news')
Current page is 6
14-09-2025 13:26:07 INFO     +++ Records for the news with Жестоко убийство: Мъж закла жена си в дупнишко село with url https://btvnovinite.bg/bulgaria/zhestoko-ubijstvo-mazh-e-zakla-zhena-si-v-dupnishko-selo.html and text Мъж от дупнишкото село Крайници уби по особено жесток начин жена  си, научи кореспондентът на bTV в региона. По първоначална информация,  мъжът е заклал съпругата си в семейния им дом и е избягал. Полицията го издирва. В селото е пълно с полиция, потвърди за bTV кметът на Крайници Десислав Начев. Очаквайте подробности! Последвайте ни за още актуални новини в Google News Showcase Последвайте btvnovinite.bg във VIBER Последвайте btvnovinite.bg в INSTAGRAM Последвайте btvnovinite.bg във FACEBOOK Последвайте btvnovinite.bg в TIKTOK from source: btvnovinite.bg was successfully added to the BaseWebsite._data_dict
14-09-2025 13:26:07 INFO     	For media btvnovinite.bg (TV news) searching in page https://btvnovinite.bg/bulgaria/?page=7	The number of found articles is: 1
14-09-2025 13:26:07 INFO     Info: ('btvnovinite.bg', 'TV news')
Current page is 7
14-09-2025 13:26:08 INFO     +++ Records for the news with Жестоко убийство: Мъж закла жена си в дупнишко село with url https://btvnovinite.bg/bulgaria/zhestoko-ubijstvo-mazh-e-zakla-zhena-si-v-dupnishko-selo.html and text Мъж от дупнишкото село Крайници уби по особено жесток начин жена  си, научи кореспондентът на bTV в региона. По първоначална информация,  мъжът е заклал съпругата си в семейния им дом и е избягал. Полицията го издирва. В селото е пълно с полиция, потвърди за bTV кметът на Крайници Десислав Начев. Очаквайте подробности! Последвайте ни за още актуални новини в Google News Showcase Последвайте btvnovinite.bg във VIBER Последвайте btvnovinite.bg в INSTAGRAM Последвайте btvnovinite.bg във FACEBOOK Последвайте btvnovinite.bg в TIKTOK from source: btvnovinite.bg was successfully added to the BaseWebsite._data_dict
14-09-2025 13:26:08 INFO     	For media btvnovinite.bg (TV news) searching in page https://btvnovinite.bg/bulgaria/?page=8	The number of found articles is: 2
14-09-2025 13:26:08 INFO     Info: ('btvnovinite.bg', 'TV news')
Current page is 8
14-09-2025 13:26:09 INFO     +++ Records for the news with 47-годишен пребил майка си: Заканил се, че ще убие нея и съседката им with url https://btvnovinite.bg/bulgaria/sadjat-mazh-prebil-majka-si-i-zaplashil-neja-i-sasedka-s-ubijstvo.html and text Софийска районна прокуратура привлече към наказателна отговорност 47-годишен мъж, нанесъл телесна повреда на майка си и заканил се с убийство на нея и на съседката им, съобщиха от прокуратурата. На 08.09.2025 г. около 22,30 часа в двор на къща в град София, обвиняемият Я.Б. удрял с юмруци в главата възрастната си майка и й нанесъл лека телесна повреда. След това обвиняемият се заканил и с убийство спрямо жената и тяхната съседка, като им крещял „Ще ви убия! Ще ви заколя“ и демонстративно поставил пред тях брадва и нож. По случая се води досъдебно производство за престъпления по  чл. 131, ал. 1, т. 5а, вр. чл. 130, ал. 2 от НК и по чл.144, ал. 3, т. 1 и т. 3, вр. ал. 1 от НК, за които се предвижда наказание „лишаване от свобода“. Предвид възможността да извърши друго престъпление Я.Б. е задържан за срок до 72 часа. Днес, 10.09.2025 г., наблюдаващ прокурор внесе в Софийски районен съд искане за определяне на мярка „задържане под стража“ спрямо обвиняемия. Последвайте ни за още актуални новини в Google News Showcase Последвайте btvnovinite.bg във VIBER Последвайте btvnovinite.bg в INSTAGRAM Последвайте btvnovinite.bg във FACEBOOK Последвайте btvnovinite.bg в TIKTOK  from source: btvnovinite.bg was successfully added to the BaseWebsite._data_dict
14-09-2025 13:26:09 INFO     	For media btvnovinite.bg (TV news) searching in page https://btvnovinite.bg/bulgaria/?page=9	The number of found articles is: 3
14-09-2025 13:26:09 INFO     Info: ('btvnovinite.bg', 'TV news')
Current page is 9
14-09-2025 13:26:09 INFO     ---Article with title: „Видях я чак когато беше на капака ми“: Кола удари 63-годишна жена с тротинетка was not added because contains words from article title exclusion list: [' кола']
14-09-2025 13:26:09 INFO     ---Article with title: Самоотвод по делото за трагедията в Разград: Майката на 19-годишния, блъснал трима до заведение, работи в съда (ВИДЕО) was not added because contains words from article title exclusion list: ['блъсна']
14-09-2025 13:26:09 INFO     	For media btvnovinite.bg (TV news) searching in page https://btvnovinite.bg/bulgaria/?page=10	The number of found articles is: 3
14-09-2025 13:26:09 INFO     Info: ('btvnovinite.bg', 'TV news')
Current page is 10
14-09-2025 13:26:10 INFO     +++ Records for the news with Първо по bTV: Говори съпругата на началника на полицията в Русе with url https://btvnovinite.bg/bulgaria/parvo-po-btv-govori-saprugata-na-nachalnika-na-policijata-v-ruse.html and text Първо по bTV - говори съпругата на началника на полицията в Русе старши комисар Николай Кожухаров. Пред екипа ни Диана Петрова обясни, че състоянието на съпруга ѝ се подобрява, но той остава в интензивно отделение на болницата в града. Жената беше категорична, че причината за конфликта е превишената скорост, с която младежите са се движили. На този фон в социалните мрежи се появиха записи от улична камера, които запечатват конфликта между младежите и компанията на Кожухаров. Кадрите предизвикаха и политически отзвук. Съпругата на комисар Кожухаров пристига секунди след сблъсъка. Заварва го паднал на земята. „Нещото, което видях, аз си пазех дето, бяхме по-напред, видях, че Николай се държи за кръста. Отидох да видя какво му е. Болеше го“, каза Диана Петрова, жена на пребития полицай. През това време момчета бяха ли там? Да. Държаха се арогантно и нагло - Какво ме интересува, че си полицай. Той отиде веднага в болница. По думите на Петрова те и приятелско семейство са били на вечеря, след която са се прибирали. Тя беше категорична, че мъжете в компанията не са били пияни. Диана Петрова няма обяснение за случилото се. Пред журналистите днес говори и мъжът, който влиза в сблъсък с шофьора. Георги Димитров разказа, че искал да направи забележка за високата скорост, с която младежите са преминали покрай малки деца. „И направих забележка, вдигнах ръце. Предполагам, че всеки родител би постъпил така, при което получавам някакъв удар, после се отваря врата и те вече се скупчват на главата ми. Само се чуваше как отстрани Николай крещи: Спрете, спрете, аз съм полицай. По никакъв начин не сме били пияни. Няма такова нещо. Ако сме пили, сме пили по една бира“, разказва Георги Димитров. В ранните часове на 4 септември директорът на ОДМВР-Русе ст. комисар Николай Кожухаров беше пребит след спречкване с четирима младежи след забележка за опасно шофиране в центъра на града. 00:24 минути - автомобилът на младежите влиза в обхвата на камерата. На пътя има жена Виждат се стопове. Пред колата застава мъж. Светлините не позволяват да се види ясно кой нанася първия удар. От автомобила се подава ръка, а мъжът отвръща. Предполага се, че това е съседът на началника на русенската полиция. Полицейският началник вероятно е мъжът от другата страна на колата. Когато спорът на шофьорският прозорец ескалира, се намесват и останалите. От записа се вижда, че боят се случва пред очите на жена и малко дете. До пристигането на няколко полицейски автомобила записът прекъсва на два пъти за по две минути. На 15-ата минута от боя пристига и линейка, която остава на мястото няколко секунди. Според защитата на младежите записите доказват, че не те са нанесли първия удар. И още: „Очевидно е от тези записи, че има провокация от страна на възрастни, че има удар, докато са в колата. Това не е непровокирана агресия, както е приела прокуратурата. Скоростта, тя може да бъде изчислена. Тя е 40. Основание ли е, ако има превишена скорост, един възрастен да започне физическа саморазправа“, каза Методи Лалов – адвокат. Според защитата решението на Окръжния съд в Русе да остави младежите в ареста е -  „безобразно“. Съдиите пък разпространиха становище, в което уверяват, че външни фактори не могат да повлияят на преценката им. „Ръководството на институцията гарантира, че правосъдието се осъществява в пълно съответствие със закона, при зачитане правата и законните интереси на всички страни в процеса.“ Разпространените кадри провокираха и политически коментари. Опозицията в лицето на „Демократична България“ призова за оставки. „Това което се вижда на камерите е че правилната версия е тази на обвиняемите. Затова ние считаме че в МВР вече е време за оставки“, каза Ивайло Мирчев – ДБ. От МВР заявиха за bTV, че няма да коментират, докато по случая тече досъдебно производство. Междувременно старши комисар Николай Кожухаров остава в интензивното отделение на русенската болница. „Пациентът е със стабилизирани жизнени функции и продължава интензивното наблюдение и лечение“, казаха от болницата. Прокуратурата също запазва мълчание. В петък апелативният съд във Велико Търново трябва да реши дали четиримата младежи ще останат зад решетките за постоянно. Последвайте ни за още актуални новини в Google News Showcase Последвайте btvnovinite.bg във VIBER Последвайте btvnovinite.bg в INSTAGRAM Последвайте btvnovinite.bg във FACEBOOK Последвайте btvnovinite.bg в TIKTOK from source: btvnovinite.bg was successfully added to the BaseWebsite._data_dict
14-09-2025 13:26:10 INFO     	For media btvnovinite.bg (TV news) searching in page https://btvnovinite.bg/bulgaria/?page=11	The number of found articles is: 4
14-09-2025 13:26:10 INFO     Info: ('btvnovinite.bg', 'TV news')
Current page is 11
14-09-2025 13:26:10 INFO     	For media btvnovinite.bg (TV news) searching in page https://btvnovinite.bg/bulgaria/?page=12	The number of found articles is: 4
14-09-2025 13:26:10 INFO     Info: ('btvnovinite.bg', 'TV news')
Current page is 12
14-09-2025 13:26:11 INFO     	For media btvnovinite.bg (TV news) searching in page https://btvnovinite.bg/bulgaria/?page=13	The number of found articles is: 4
14-09-2025 13:26:11 INFO     Info: ('btvnovinite.bg', 'TV news')
Current page is 13
14-09-2025 13:26:11 INFO     	For media btvnovinite.bg (TV news) searching in page https://btvnovinite.bg/bulgaria/?page=14	The number of found articles is: 4
14-09-2025 13:26:11 INFO     Info: ('btvnovinite.bg', 'TV news')
Current page is 14
14-09-2025 13:26:11 INFO     	For media btvnovinite.bg (TV news) searching in page https://btvnovinite.bg/bulgaria/?page=15	The number of found articles is: 4
14-09-2025 13:26:11 INFO     Info: ('btvnovinite.bg', 'TV news')
Current page is 15
14-09-2025 13:26:11 INFO     	For media btvnovinite.bg (TV news) searching in page https://btvnovinite.bg/bulgaria/?page=16	The number of found articles is: 4
14-09-2025 13:26:11 INFO     Info: ('btvnovinite.bg', 'TV news')
Current page is 16
14-09-2025 13:26:13 INFO     +++ Records for the news with При битов скандал: Мъж простреля съпругата си и избяга, полицията го издирва with url https://btvnovinite.bg/bulgaria/pri-bitov-skandal-mazh-prostrelja-saprugata-si-i-izbjaga-policijata-go-izdirva.html and text Издирват 70-годишен мъж, направил опит да убие съпругата си. Инцидентът е станал вчера около обяд в къща в монтанското село Благово. 68-годишна жена от село Благово е настанена за лечение в болницата в Монтана с опасност за живота. "Направени са нужните операции, животоспасяващи“, съобщи изпълнителният директор на лечебното заведение д-р Тони Тодоров, цитиран от БНР. Сигналът е подаден около 13 часа вчера. По информация на полицията жената е простреляна с боен пистолет от съпруга си, който е на 70-години. "Отидох натам, тъкмо беше дошла полицията. Оказа се, че жена е простреляна, от мъжа си. Някакъв битов скандал“, разказа кметът на Благово Лъчезар Асенов. Полицията издирва мъжът от Благово, който е напуснал местопроизшествието. Той е на 70 години и е пенсионер. "Последните години преди пенсия работеше в болницата, след това като пенсионер, може би като охранител", добави кметът. По случая с опит за убийство в Благово е образувано досъдебно производство. Последвайте ни за още актуални новини в Google News Showcase Последвайте btvnovinite.bg във VIBER Последвайте btvnovinite.bg в INSTAGRAM Последвайте btvnovinite.bg във FACEBOOK Последвайте btvnovinite.bg в TIKTOK from source: btvnovinite.bg was successfully added to the BaseWebsite._data_dict
14-09-2025 13:26:13 INFO     	For media btvnovinite.bg (TV news) searching in page https://btvnovinite.bg/bulgaria/?page=17	The number of found articles is: 5
14-09-2025 13:26:13 INFO     Info: ('btvnovinite.bg', 'TV news')
Current page is 17
14-09-2025 13:26:13 INFO     	For media btvnovinite.bg (TV news) searching in page https://btvnovinite.bg/bulgaria/?page=18	The number of found articles is: 5
14-09-2025 13:26:13 INFO     Info: ('btvnovinite.bg', 'TV news')
Current page is 18
14-09-2025 13:26:14 INFO     +++ Records for the news with Майка стана жертва на домашно насилие от дъщеря си в Стара Загора with url https://btvnovinite.bg/bulgaria/zhena-na-56-godini-e-zadarzhana-za-domashno-nasilie-nad-majka-si-v-stara-zagora.html and text Жена на 56 години е задържана за срок до 24 часа за упражняване на домашно насилие над нейната майка в Стара Загора. Това съобщават от пресцентъра на Областната дирекция на МВР. Вчера на спешния телефон 112 е получен сигнал от 46-годишна жена, че нейна съседка на 76 г. ѝ е споделила, че дъщеря ѝ упражнява домашно насилие спрямо нея. На място е изпратен полицейски екип, който е задържал дъщерята на пострадалата. По случая е образувано досъдебно производство. През април мъж на 72 г. пострада след побой, нанесен от сина му в Стара Загора. Районната прокуратура в Стара Загора е ръководила разследвания по 237 досъдебни производства за престъпления, извършени в условията на домашно насилие през миналата година. Това е с близо 100 случая повече в сравнение с 2023 година. from source: btvnovinite.bg was successfully added to the BaseWebsite._data_dict
14-09-2025 13:26:14 INFO     	For media btvnovinite.bg (TV news) searching in page https://btvnovinite.bg/bulgaria/?page=19	The number of found articles is: 6
14-09-2025 13:26:14 INFO     Info: ('btvnovinite.bg', 'TV news')
Current page is 19
14-09-2025 13:26:15 INFO     ---News article: <<< Ще остане ли в ареста учителят, обвинен за сексуално посегателство над момиче? >>> was not included in the data because none of BaseWebsite._second_level keywords were found in the article text Article url: https://btvnovinite.bg/bulgaria/sadat-gleda-mjarkata-na-uchitelja-po-fizichesko-ot-sofija-obvinen-v-seksualno-prestaplenie-sprjamo-sedmoklasnichka.html
14-09-2025 13:26:16 INFO     +++ Records for the news with След смъртта на жената, ударена от АТВ: Преквалифицират обвинението срещу 18-годишния водач with url https://btvnovinite.bg/bulgaria/sled-smartta-na-zhenata-udarena-ot-atv-prekvalificirat-obvinenieto-sreshtu-18-godishnija-vodach.html and text Окръжната прокуратура в Бургас ще преквалифицира обвинението срещу 18-годишния Никола Бургазлиев, който на 14 август блъсна с АТВ и рани петима души в курорта „Слънчев бряг“. Това ще стане, след като делото бъде изпратено от Районната в Окръжната прокуратура, тъй като тежестта на извършеното престъпление е променена. Причината е смъртта на 35-годишната Христина Здравкова, ударена от АТВ-то. Повече от 2 седмици жената беше в критично състояние, в мозъчна смърт. От Окръжната прокуратура уточниха, че ще се прецени дали преквалификацията да бъде за престъпление, осъществено в условията на евентуален умисъл, или в неумишлено деяние. Няма конкретен срок за извършване на промяна в квалификацията на обвинението, казаха още от Окръжната прокуратура в Бургас. Резултатите от токсико-химичната експертиза на Бургазлиев показаха, че той е карал под въздействието на наркотици. Междувременно състоянието на 4-годишния син на Христина – Мартин, остава тежко. Христина и съпругът ѝ имат още един син. Последвайте ни за още актуални новини в Google News Showcase Последвайте btvnovinite.bg във VIBER Последвайте btvnovinite.bg в INSTAGRAM Последвайте btvnovinite.bg във FACEBOOK Последвайте btvnovinite.bg в TIKTOK from source: btvnovinite.bg was successfully added to the BaseWebsite._data_dict
14-09-2025 13:26:16 INFO     	For media btvnovinite.bg (TV news) searching in page https://btvnovinite.bg/bulgaria/?page=20	The number of found articles is: 7
14-09-2025 13:26:16 INFO     Info: ('btvnovinite.bg', 'TV news')
Current page is 20
14-09-2025 13:26:17 INFO     	For media btvnovinite.bg (TV news) searching in page https://btvnovinite.bg/bulgaria/?page=21	The number of found articles is: 7
14-09-2025 13:26:17 INFO     Info: ('btvnovinite.bg', 'TV news')
Current page is 21
14-09-2025 13:26:17 INFO     	For media btvnovinite.bg (TV news) searching in page https://btvnovinite.bg/bulgaria/?page=22	The number of found articles is: 7
14-09-2025 13:26:17 INFO     Info: ('btvnovinite.bg', 'TV news')
Current page is 22
14-09-2025 13:26:18 INFO     	For media btvnovinite.bg (TV news) searching in page https://btvnovinite.bg/bulgaria/?page=23	The number of found articles is: 7
14-09-2025 13:26:18 INFO     Info: ('btvnovinite.bg', 'TV news')
Current page is 23
14-09-2025 13:26:18 INFO     ---Article with title: Заради спор: 21-годишна блъсна с колата си 70-годишна жена в Перник was not added because contains words from article title exclusion list: [' кола', 'блъсна']
14-09-2025 13:26:18 INFO     	For media btvnovinite.bg (TV news) searching in page https://btvnovinite.bg/bulgaria/?page=24	The number of found articles is: 7
14-09-2025 13:26:18 INFO     Info: ('btvnovinite.bg', 'TV news')
Current page is 24
14-09-2025 13:26:19 INFO     	For media btvnovinite.bg (TV news) searching in page https://btvnovinite.bg/bulgaria/?page=25	The number of found articles is: 7
14-09-2025 13:26:19 INFO     Info: ('btvnovinite.bg', 'TV news')
Current page is 25
14-09-2025 13:26:20 INFO     ***Either article_text_scope or article_text was not present for some reason!Article url: https://btvnovinite.bg/bulgaria/zhenite-u-nas-poluchavat-pensija-sredno-27-g-i-5-meseca-mazhete-20-g-i-1-mesec.html Article title: Kолко години взимаме пенсия: Жените - средно 27 г. и 5 месеца, мъжете - 20 г. и 1 месец 
14-09-2025 13:26:20 INFO     	For media btvnovinite.bg (TV news) searching in page https://btvnovinite.bg/bulgaria/?page=26	The number of found articles is: 7
14-09-2025 13:26:20 INFO     Info: ('btvnovinite.bg', 'TV news')
Current page is 26
14-09-2025 13:26:21 INFO     +++ Records for the news with С юмрук в лицето: Мъж счупи челюстта на съпругата си with url https://btvnovinite.bg/bulgaria/s-jumruk-v-liceto-mazh-schupi-cheljustta-na-saprugata-si.html and text Софийска районна прокуратура привлече към наказателна отговорност 40-годишен мъж, нанесъл телесна повреда на съпругата си, съобщава БГНЕС. На 30 август обвиняемият В.К. ударил с юмрук в лицето А.К. и ѝ причинил телесна повреда, изразяваща се в счупване на челюстта. Деянието е извършено в условията на домашно насилие в София. Мъжът с инициали В.К. е задържан за срок до 72 часа. По случая се води досъдебно производство за престъпление, за което се предвижда наказание „лишаване от свобода“ от 2 до 10 години. Днес наблюдаващ прокурор внесе искане в Софийски районен съд за определяне на мярка за неотклонение „задържане под стража“ спрямо обвиняемия. Последвайте ни за още актуални новини в Google News Showcase Последвайте btvnovinite.bg във VIBER Последвайте btvnovinite.bg в INSTAGRAM Последвайте btvnovinite.bg във FACEBOOK Последвайте btvnovinite.bg в TIKTOK from source: btvnovinite.bg was successfully added to the BaseWebsite._data_dict
14-09-2025 13:26:21 INFO     	For media btvnovinite.bg (TV news) searching in page https://btvnovinite.bg/bulgaria/?page=27	The number of found articles is: 8
14-09-2025 13:26:21 INFO     Info: ('btvnovinite.bg', 'TV news')
Current page is 27
14-09-2025 13:26:22 INFO     	For media btvnovinite.bg (TV news) searching in page https://btvnovinite.bg/bulgaria/?page=28	The number of found articles is: 8
14-09-2025 13:26:22 INFO     Info: ('btvnovinite.bg', 'TV news')
Current page is 28
14-09-2025 13:26:23 INFO     ---News article: <<< Църквата отбелязва празник, свързан с Божията майка. Имен ден имат Генадий и Генка >>> was not included in the data because none of BaseWebsite._second_level keywords were found in the article text Article url: https://btvnovinite.bg/bulgaria/carkvata-pochita-chestnija-pojas-na-presveta-bogorodica-imen-den-imat-genadij-i-genka.html
14-09-2025 13:26:23 INFO     	For media btvnovinite.bg (TV news) searching in page https://btvnovinite.bg/bulgaria/?page=29	The number of found articles is: 8
14-09-2025 13:26:23 INFO     Info: ('btvnovinite.bg', 'TV news')
Current page is 29
14-09-2025 13:26:23 INFO     	For media btvnovinite.bg (TV news) searching in page https://btvnovinite.bg/bulgaria/?page=30	The number of found articles is: 8
14-09-2025 13:26:23 INFO     Info: ('btvnovinite.bg', 'TV news')
Current page is 30
14-09-2025 13:26:24 INFO     	For media btvnovinite.bg (TV news) searching in page https://btvnovinite.bg/bulgaria/?page=31	The number of found articles is: 8
14-09-2025 13:26:24 INFO     Info: ('btvnovinite.bg', 'TV news')
Current page is 31
14-09-2025 13:26:24 INFO     	For media btvnovinite.bg (TV news) searching in page https://btvnovinite.bg/bulgaria/?page=32	The number of found articles is: 8
14-09-2025 13:26:24 INFO     Info: ('btvnovinite.bg', 'TV news')
Current page is 32
14-09-2025 13:26:25 INFO     	For media btvnovinite.bg (TV news) searching in page https://btvnovinite.bg/bulgaria/?page=33	The number of found articles is: 8
14-09-2025 13:26:25 INFO     Info: ('btvnovinite.bg', 'TV news')
Current page is 33
14-09-2025 13:26:25 INFO     ---Article with title: Бой между две жени в мола: Свидетели са десетки посетители, сред тях и деца was not added because contains words from article title exclusion list: ['деца', 'дете']
14-09-2025 13:26:25 INFO     	For media btvnovinite.bg (TV news) searching in page https://btvnovinite.bg/bulgaria/?page=34	The number of found articles is: 8
14-09-2025 13:26:25 INFO     Info: ('btvnovinite.bg', 'TV news')
Current page is 34
14-09-2025 13:26:26 INFO     ---News article: <<< Челен сблъсък в Провадия: 25-годишен загина, две жени са ранени >>> was not included in the data because none of BaseWebsite._second_level keywords were found in the article text Article url: https://btvnovinite.bg/bulgaria/chelen-sblasak-v-provadija-mazh-e-v-tezhko-sastojanie-drugi-dve-zheni-sa-raneni.html
14-09-2025 13:26:27 INFO     ---News article: <<< Откъснала се ламарина от блок удари жена в Самоков >>> was not included in the data because none of BaseWebsite._second_level keywords were found in the article text Article url: https://btvnovinite.bg/bulgaria/lamarina-ot-blok-padna-i-udari-86-godishna-zhena-v-samokov.html
14-09-2025 13:26:27 INFO     ---Article with title: Почина едно от момичетата, скочили от движещ се влак в Клисура was not added because contains words from article title exclusion list: ['влак', 'скочи']
14-09-2025 13:26:27 INFO     	For media btvnovinite.bg (TV news) searching in page https://btvnovinite.bg/bulgaria/?page=35	The number of found articles is: 8
14-09-2025 13:26:27 INFO     Info: ('btvnovinite.bg', 'TV news')
Current page is 35
14-09-2025 13:26:28 INFO     ---Article with title: Катастрофата с АТВ в Слънчев бряг: Преди 2 г. в инцидент на същото място със същата кола жена губи бебето си was not added because contains words from article title exclusion list: ['катастроф', ' кола', 'бебе', 'инцидент']
14-09-2025 13:26:28 INFO     ---News article: <<< Майката на избягалите от детска градина момчета обвини ръководството в дискриминация >>> was not included in the data because none of BaseWebsite._second_level keywords were found in the article text Article url: https://btvnovinite.bg/bulgaria/majkata-na-izbjagalite-ot-detska-gradina-v-sapareva-banja-momcheta-obvini-rakovodstvoto-v-diskriminacija.html
14-09-2025 13:26:28 INFO     	For media btvnovinite.bg (TV news) searching in page https://btvnovinite.bg/bulgaria/?page=36	The number of found articles is: 8
14-09-2025 13:26:28 INFO     Info: ('btvnovinite.bg', 'TV news')
Current page is 36
14-09-2025 13:26:29 INFO     ---Article with title: Дехидратирана, но добре: Откриха изчезналата жена от "Горна баня" was not added because contains words from article title exclusion list: ['тир']
14-09-2025 13:26:30 INFO     +++ Records for the news with От 2 до 8 г. затвор грозят учителя от София, имал сексуални отношения със своя ученичка with url https://btvnovinite.bg/bulgaria/ot-2-do-8-g-zatvor-grozjat-uchitelja-ot-sofija-imal-seksualni-otnoshenija-sas-svoja-uchenichka.html and text От две до осем години затвор грозят 31-годишния учител от София, за когото се твърди, че е имал продължителни сексуални отношения със своя ученичка. Софийска районна прокуратура го привлече като обвиняем. По данни на държавното обвинение през юни 2025 г. и месец юли 2025 г. в столичен хостел е извършил сексуално престъпление спрямо лице, ненавършило 14-годишна възраст – дете, учащо в същото училище. По информация на bTV момичето е 7. клас и е на 13 години, а мъжът е преподавател по физическо. По предварителни данни не е имало принуда и насилие спрямо 13-годишната ученичка. Мъжът е в ареста за срок до 72 часа с цел внасяне на искане до Софийски районен съд за вземане на мярка за неотклонение „задържане под стража“. Последвайте ни за още актуални новини в Google News Showcase Последвайте btvnovinite.bg във VIBER Последвайте btvnovinite.bg в INSTAGRAM Последвайте btvnovinite.bg във FACEBOOK Последвайте btvnovinite.bg в TIKTOK from source: btvnovinite.bg was successfully added to the BaseWebsite._data_dict
14-09-2025 13:26:30 INFO     	For media btvnovinite.bg (TV news) searching in page https://btvnovinite.bg/bulgaria/?page=37	The number of found articles is: 9
14-09-2025 13:26:30 INFO     Info: ('btvnovinite.bg', 'TV news')
Current page is 37
14-09-2025 13:26:30 INFO     ---Article with title: 20-годишен младеж и момиче на 17 г. загинаха в катастрофа край Котел (ВИДЕО) was not added because contains words from article title exclusion list: ['катастроф']
14-09-2025 13:26:30 INFO     ---Article with title: В критично състояние е едно от момичетата, скочило от движещ се влак в Клисура was not added because contains words from article title exclusion list: ['влак', 'скочи']
14-09-2025 13:26:30 INFO     	For media btvnovinite.bg (TV news) searching in page https://btvnovinite.bg/bulgaria/?page=38	The number of found articles is: 9
14-09-2025 13:26:30 INFO     Info: ('btvnovinite.bg', 'TV news')
Current page is 38
14-09-2025 13:26:31 INFO     ---Article with title: Две момичета скочиха от влак в движение на жп гара Клисура was not added because contains words from article title exclusion list: ['влак', 'скочи']
14-09-2025 13:26:31 INFO     +++ Records for the news with Майката на Христина, ударена от АТВ: Имам чувството, че всеки момент Тинето ще отвори очи with url https://btvnovinite.bg/bulgaria/majkata-na-hristina-udarena-ot-atv-imam-chuvstvoto-che-vseki-moment-tineto-shte-otvori-ochi-no-njama.html and text Лекарите продължават да се борят за живота на прегазеното от АТВ дете. Вчера Марти беше транспортиран с въздушна линейка от Университетската болница в Бургас към детската реанимация на „Пирогов“.   Пред bTV говориха близки на детето и майка му, която продължава да е в мозъчна смърт. Със свито сърце те изпратиха медицинския хеликоптер с Марти към София. „Има и други травми освен травмата в главата, има счупени ребра и лечението ще бъде дълго. Обади се един човек и каза, че пътуването е минало добре и детето е в добро състояние след пътуването“, каза Златка Соколова, баба на Марти. В „Пирогов“ на 4-годишното момченце е направен скенер, който потвърждава тежката черепно-мозъчна травма. Марти остава в кома. Предстоят още изследвания.   „Не е контактен, не издава звуци. Все пак е на спонтанно дишане и следваме план за консервативно лечение. Правим всичко възможно, имали сме много такива деца, никой не може да каже някакви прогнози“, каза д-р Христо Пседерски, детски реаниматор в УМБАЛСМ „Пирогов“. 35-годишната му майка Христина остава в мозъчна смърт, което според лекарите е необратимо състояние.  „Имам чувството, че всеки момент Тинето ще отвори очи и ще каже: „майко, ти пак ли плачеш“, но няма…“, каза Златка Соколова, майка на Христина и баба на Марти. „Вчера бяхме при нея, положението е същото. В божиите ръце сме“, добави Йордан Соколов, баща на Хриси.  С по-голямото дете на семейството вече работи психолог. Момчето не спира да пита за майка си и братчето си, разказват близките. „Снощи като се върнахме от болницата ни пита „Видяхте ли мама, какво каза доктора“, разказа Златка Соколова.  По сигнал на близките и след разпореждане от вътрешния министър МВР започна втора проверка за действията на полицаите при фаталния инцидент. Последвайте ни за още актуални новини в Google News Showcase Последвайте btvnovinite.bg във VIBER Последвайте btvnovinite.bg в INSTAGRAM Последвайте btvnovinite.bg във FACEBOOK Последвайте btvnovinite.bg в TIKTOK from source: btvnovinite.bg was successfully added to the BaseWebsite._data_dict
14-09-2025 13:26:31 INFO     	For media btvnovinite.bg (TV news) searching in page https://btvnovinite.bg/bulgaria/?page=39	The number of found articles is: 10
14-09-2025 13:26:31 INFO     Info: ('btvnovinite.bg', 'TV news')
Current page is 39
14-09-2025 13:26:33 INFO     +++ Records for the news with Полицаи от Варна върнаха 16 000 лева на измамена жена with url https://btvnovinite.bg/bulgaria/policai-ot-varna-varnaha-16-000-leva-na-izmamena-zhena.html and text Полицаи от Варна предотвратиха телефонна измама. 79-годишна жена е била заблудена, че трябва да „помогне на полицията за залавяне на измамници“ и е предала спестяванията си от около 16 000 лева. След незабавните действия на полицията парите вече са върнати на жената. По случая е задържан 26-годишен мъж без предишни криминални прояви. Образувано е досъдебно производство. От полицията отново призовават гражданите никога да не предават пари или ценности на непознати, независимо за какво ги убеждават. Припомнят, че органите на реда никога не искат съдействие по този начин. В началото на миналия месец жертва на телефонна измама стана друга възрастна жена, която предаде 4000 лева на измамник. По случая тогава бе задържан 21-годишен жител на Белослав, който е взел парите. Последвайте ни за още актуални новини в Google News Showcase Последвайте btvnovinite.bg във VIBER Последвайте btvnovinite.bg в INSTAGRAM Последвайте btvnovinite.bg във FACEBOOK Последвайте btvnovinite.bg в TIKTOK  from source: btvnovinite.bg was successfully added to the BaseWebsite._data_dict
14-09-2025 13:26:33 INFO     	For media btvnovinite.bg (TV news) searching in page https://btvnovinite.bg/bulgaria/?page=40	The number of found articles is: 11
14-09-2025 13:26:33 INFO     Info: ('btvnovinite.bg', 'TV news')
Current page is 40
14-09-2025 13:26:33 INFO     ---Article with title: Бабата на удареното от АТВ дете: Контузията му е не само в главата. Има пет счупени ребра was not added because contains words from article title exclusion list: ['дете']
14-09-2025 13:26:33 INFO     ---Article with title: Издирва се 78-годишна жена от София was not added because contains words from article title exclusion list: ['издирва ']
14-09-2025 13:26:33 INFO     	For media btvnovinite.bg (TV news) searching in page https://btvnovinite.bg/bulgaria/?page=41	The number of found articles is: 11
14-09-2025 13:26:33 INFO     Info: ('btvnovinite.bg', 'TV news')
Current page is 41
14-09-2025 13:26:34 INFO     	For media btvnovinite.bg (TV news) searching in page https://btvnovinite.bg/bulgaria/?page=42	The number of found articles is: 11
14-09-2025 13:26:34 INFO     Info: ('btvnovinite.bg', 'TV news')
Current page is 42
14-09-2025 13:26:34 INFO     	For media btvnovinite.bg (TV news) searching in page https://btvnovinite.bg/bulgaria/?page=43	The number of found articles is: 11
14-09-2025 13:26:34 INFO     Info: ('btvnovinite.bg', 'TV news')
Current page is 43
14-09-2025 13:26:34 INFO     	For media btvnovinite.bg (TV news) searching in page https://btvnovinite.bg/bulgaria/?page=44	The number of found articles is: 11
14-09-2025 13:26:34 INFO     Info: ('btvnovinite.bg', 'TV news')
Current page is 44
14-09-2025 13:26:35 INFO     	For media btvnovinite.bg (TV news) searching in page https://btvnovinite.bg/bulgaria/?page=45	The number of found articles is: 11
14-09-2025 13:26:35 INFO     Info: ('btvnovinite.bg', 'TV news')
Current page is 45
14-09-2025 13:26:35 INFO     ---Article with title: Адвокат за катастрофата с АТВ в Слънчев бряг: Майката е в клинична смърт, обвинението би трябвало да се промени was not added because contains words from article title exclusion list: ['катастроф']
14-09-2025 13:26:36 INFO     +++ Records for the news with Никола Бургазлиев бил с момиче на АТВ-то. Твърди, че спирачката е отказала with url https://btvnovinite.bg/bulgaria/nikola-burgazliev-bil-s-momiche-na-atv-to-tvardi-che-spirachkata-e-otkazala.html and text Окръжният съд в Бургас върна в арестa 18-годишния Никола Бургазлиев, който помете петима души с АТВ в Слънчев бряг. Така беше отменено първоначалното решение на съда в Несебър, който пусна ученика под домашен арест. „Незабавно - само може да уведоми родителите си за това решение“, заяви прокурорът. Освен това то не подлежи на обжалване. Решението беше посрещнато с аплодисменти вътре в съдебната зала, където бяха роднините на пострадалите Христина и малкия Мартин. И отвън, където протестиращите търпеливо изчакваха от 11 часа решението на съда. Аргументите на прокуратурата да искат задържане под стража, са, че Бургазлиев може да се укрие, да извърши друго престъпление или да повлие на свидетел - момиче, което е било с него на АТВ-то във фаталния ден. От защитата контрираха, че той е добър ученик, няма да се укрие, няма да извърши ново престъпление. Самият той запази мълчание в коридорите, но в съдъбната зала при последната си дума каза, че много съжалява и технически проблем в АТВ-то е причината всичко това да се случи.  „Данните, които са по делото, е, че е имало средна телесна повреда изначално при повдигане на обвинението. Говорим за факти, които се доказват с писмени доказателства. В момента състоянието на пострадалите, които са в болница, е много тежко, поради което със сигурност ще има преквалификация в по-тежко престъпление“, коментира прокурорът Христо Колев. ""Ако лицето почине, ще бъде квалифицирано като причиняване на смърт при особено тежък случай - с наказание от 15-20 години. Тук съм да заявя категоричната позиция на прокуратурата , че тежите престъпления както в случая, няма да бъдат толерирани", заяви още той. „В момента, в който е слязъл от тротоара, педалът на газта е залепнал в долно положение, а педалът на спирачката е отказал да действа. Той сега пред съда обясни, че самият пункт за наемане на количката е бил в тази част на пътнато платно, в насрещната“, обясни адвокат Колева, защитник на Бургазлиев.  „Според мен много спекулативно се интерпретира пуснатият в интернет пространството запис, където се вижда, че количката е в насрещното“, смята защитникът. „Ще искаме доживотна присъда - както той отне живота на нашето дете, така и неговите родители да усетят какво значи да бъдеш в безизходница“, коментираха родителите на Христина.  „Това не е край на битката. Разбирам го много добре и няма да се откажа пред нищо. Апелирам към вас хора - пазете си децата“, заяви Светослав Соколов, брат на Христина.  Имаше съмнение от родителите и адвокатите на пострадалите, че първият тест за алкохол и наркотици на Бургазлиев, който е отрицателен, е подменен. Затова е направена ДНК проба по искане на прокуратурата. Тя доказва, че тестът е негов. Направен е и втори, кръвен тест. Резултатите все още се изчакват. Последвайте ни за още актуални новини в Google News Showcase Последвайте btvnovinite.bg във VIBER Последвайте btvnovinite.bg в INSTAGRAM Последвайте btvnovinite.bg във FACEBOOK Последвайте btvnovinite.bg в TIKTOK from source: btvnovinite.bg was successfully added to the BaseWebsite._data_dict
14-09-2025 13:26:36 INFO     	For media btvnovinite.bg (TV news) searching in page https://btvnovinite.bg/bulgaria/?page=46	The number of found articles is: 12
14-09-2025 13:26:36 INFO     Info: ('btvnovinite.bg', 'TV news')
Current page is 46
14-09-2025 13:26:38 INFO     +++ Records for the news with "Сега ще те запаля": Мъжът, заканил се да убие жена и врязал се в детска площадка, остава в ареста with url https://btvnovinite.bg/bulgaria/sega-shte-te-zapalja-mazhat-zakanil-se-da-ubie-zhena-i-vrjazal-se-v-detska-ploshtadka-ostava-v-aresta.html and text Софийски районен съд наложи мярка за неотклонение „задържане под стража“ на 55-годишния мъж, който се закани да убие жена и катастрофира пиян в детска площадка в София. Искането бе внесено от Софийска районна прокуратура. Съдът се съгласи с доводите на наблюдаващия прокурор, че обвиняемият може да се укрие или да извърши друго престъпление и му наложи най-тежката мярка за неотклонение. Мярката подлежи на обжалване пред Софийски градски съд. Мъжът бе привлечен към наказателна отговорност за това, че на 20 август, около 22 часа в ж.к. „Христо Смирненски“ в София, се заканил с убийство на жена, като я полял с неустановена течност, след което й казал: „Ей сега ще те запаля“ и извадил запалка. Жената избягала, а обвиняемият тръгнал след нея с товарен автомобил. Докато шофирал, ударил три паркирали коли и навлязъл в детска площадка. Пристигналите на място полицаи му направили тест с дрегер, който отчел, че е шофирал с 2,72 промила алкохол в кръвта. Дал и кръвна проба, която показала, че е управлявал автомобила с ­­­­2,38 промила. По случая се води досъдебно производство за престъпления, за които се предвижда наказание „лишаване от свобода“. Последвайте ни за още актуални новини в Google News Showcase Последвайте btvnovinite.bg във VIBER Последвайте btvnovinite.bg в INSTAGRAM Последвайте btvnovinite.bg във FACEBOOK Последвайте btvnovinite.bg в TIKTOK from source: btvnovinite.bg was successfully added to the BaseWebsite._data_dict
14-09-2025 13:26:38 INFO     	For media btvnovinite.bg (TV news) searching in page https://btvnovinite.bg/bulgaria/?page=47	The number of found articles is: 13
14-09-2025 13:26:38 INFO     Info: ('btvnovinite.bg', 'TV news')
Current page is 47
14-09-2025 13:26:38 INFO     ---Article with title: Оперираха 18-годишното момиче, пострадало при катастрофата между кола и автобус в София was not added because contains words from article title exclusion list: ['катастроф', 'автобус', ' кола']
14-09-2025 13:26:38 INFO     	For media btvnovinite.bg (TV news) searching in page https://btvnovinite.bg/bulgaria/?page=48	The number of found articles is: 13
14-09-2025 13:26:38 INFO     Info: ('btvnovinite.bg', 'TV news')
Current page is 48
14-09-2025 13:26:39 INFO     ---Article with title: От 3 града излизат на протест заради критичното състояние на майката и детето, ударени от АТВ was not added because contains words from article title exclusion list: ['дете']
14-09-2025 13:26:40 INFO     +++ Records for the news with Съдят мъж, заплашил да убие съпругата си with url https://btvnovinite.bg/bulgaria/rajonna-prokuratura-vidin-predade-na-sad-obvinjaem-za-zakani-s-ubijstvo-sprjamo-saprugata-si.html and text 38-годишният Д.Б. е предаден на съд с обвинителен акт на Районна прокуратура – Видин по дело за закана с убийство, отправена при условията на домашно насилие. През м. септември 2024 г. К.Т., съпругата на обвиняемия, напуснала семейното им жилище в гр. Монтана с двете им деца, като се преместила да живее при родителите си в с. Карбинци, област Видин. Поводът за това бил дългогодишен тормоз спрямо нея, упражняван от обвиняемия по време на 20-годишното им съвместно съжителство, включително многократно нанасяне на побои. Въпреки че жената прекратила контактите с него, на 05.11.2024 г. обвиняемият Д.Б. се опитал да се свърже с нея по мобилното приложение „Месинджър“ от профил на друго лице. След липса на отговор на многократните му обаждания, той й изпратил гласови съобщения, съдържащи закани с убийство. К.Т. била много притеснена, познавайки нрава на съпруга си и физическото насилие, на което била подложена през продължителен период от време. Тя изпитвала непрекъснат ежедневен страх от него, за което споделила на родителите си. По случая бил подаден сигнал до органите на реда. В хода на разследването са събрани достатъчно доказателства за виновността на Д.Б. Делото срещу обвиняемия, който е осъждан, продължава в съда. from source: btvnovinite.bg was successfully added to the BaseWebsite._data_dict
14-09-2025 13:26:40 INFO     	For media btvnovinite.bg (TV news) searching in page https://btvnovinite.bg/bulgaria/?page=49	The number of found articles is: 14
14-09-2025 13:26:40 INFO     Info: ('btvnovinite.bg', 'TV news')
Current page is 49
14-09-2025 13:26:40 INFO     	For media btvnovinite.bg (TV news) searching in page https://btvnovinite.bg/bulgaria/?page=50	The number of found articles is: 14
14-09-2025 13:26:40 INFO     Info: ('btvnovinite.bg', 'TV news')
Current page is 50
14-09-2025 13:26:41 INFO     ---Article with title: Трагедия край Исперих: Жена загина при тежка катастрофа was not added because contains words from article title exclusion list: ['катастроф']
14-09-2025 13:26:41 INFO     	For media btvnovinite.bg (TV news) searching in page https://btvnovinite.bg/bulgaria/?page=51	The number of found articles is: 14
14-09-2025 13:26:41 INFO     Info: ('btvnovinite.bg', 'TV news')
Current page is 51
14-09-2025 13:26:42 INFO     +++ Records for the news with 47-годишен мъж наруши заповед за защита от домашно насилие и удари жена пред магазин в София with url https://btvnovinite.bg/bulgaria/47-godishen-mazh-narushi-zapoved-za-zashtita-ot-domashno-nasilie.html and text Софийската районна прокуратура привлече към наказателна отговорност 47-годишен мъж, нарушил заповед за защита от домашно насилие и нанесъл телесна повреда на жена. На 18 август 2025 г. около 21 часа пред магазин в столичния ж.к. „Младост 4“ обвиняемият мъж не изпълнил заповед за незабавна защита от домашно насилие, с която се задължавал да се въздържа от насилие по отношение на жената и да не я доближава на разстояние по-малко от 200 метра. Обвиняемият ударил жената с юмрук в лицето и ѝ причинил лека телесна повреда. Деянието е извършено в условията на домашно насилие. По случая е образувано досъдебно производство за престъпления и се редвижда наказание „лишаване от свобода“. Мъжът е осъждан. Предвид възможността да извърши друго престъпление, с постановление на наблюдаващ прокурор, той е задържан за срок до 72 часа. Предстои да бъде внесено искане в Софийски районен съд за определяне на мярка „задържане под стража“ спрямо обвиняемия. Последвайте ни за още актуални новини в Google News Showcase Последвайте btvnovinite.bg в INSTAGRAM Последвайте btvnovinite.bg във FACEBOOK Последвайте btvnovinite.bg в TIKTOK from source: btvnovinite.bg was successfully added to the BaseWebsite._data_dict
14-09-2025 13:26:42 INFO     	For media btvnovinite.bg (TV news) searching in page https://btvnovinite.bg/bulgaria/?page=52	The number of found articles is: 15
14-09-2025 13:26:42 INFO     Info: ('btvnovinite.bg', 'TV news')
Current page is 52
14-09-2025 13:26:43 INFO     ---Article with title: Майката на загиналото дете в Несебър пред bTV: Преди полета не получихме инструктаж was not added because contains words from article title exclusion list: ['дете']
14-09-2025 13:26:43 INFO     	For media btvnovinite.bg (TV news) searching in page https://btvnovinite.bg/bulgaria/?page=53	The number of found articles is: 15
14-09-2025 13:26:43 INFO     Info: ('btvnovinite.bg', 'TV news')
Current page is 53
14-09-2025 13:26:43 INFO     ---Article with title: Критично остава състоянието на майката и детето, ударени от АТВ в „Слънчев бряг“ was not added because contains words from article title exclusion list: ['дете']
14-09-2025 13:26:43 INFO     	For media btvnovinite.bg (TV news) searching in page https://btvnovinite.bg/bulgaria/?page=54	The number of found articles is: 15
14-09-2025 13:26:43 INFO     Info: ('btvnovinite.bg', 'TV news')
Current page is 54
14-09-2025 13:26:44 INFO     	For media btvnovinite.bg (TV news) searching in page https://btvnovinite.bg/bulgaria/?page=55	The number of found articles is: 15
14-09-2025 13:26:44 INFO     Info: ('btvnovinite.bg', 'TV news')
Current page is 55
14-09-2025 13:26:44 INFO     ---Article with title: Оперираха една от жените,  пострадали в тежката катастрофа с автобуса was not added because contains words from article title exclusion list: ['катастроф', 'автобус']
14-09-2025 13:26:44 INFO     ---Article with title: Възрастна жена хвърли 40 000 лева, мислила, че участва в спецоперация was not added because contains words from article title exclusion list: ['операц']
14-09-2025 13:26:45 INFO     +++ Records for the news with Съпруга на полицай е убита в дома ѝ, въпрос на часове е извършителят да бъде заловен with url https://btvnovinite.bg/bulgaria/sapruga-na-policaj-e-ubita-v-doma-v-parvoma.html and text Съпруга на полицай е убита в дома ѝ в Първомай при вероятен обир. Тежкото престъпление е станало около полунощ. Жената е починала от остра кръвозагуба, потвърдиха източници на bTV. Тя е имала порезна рана в областта на шията. На тялото ѝ се е натъкнал синът ѝ, който веднага се обадил на баща си – полицай, който в този момент бил дежурен в районното полицейско управление. Той работи в районното повече от 20 години, бил е патрулен полицай, а последните пет работи в дежурната част. В района има камери, които се преглеждат от разследващите. Въпрос на часове е извършителят да бъде заловен, научи bTV от свои източници. Починалата жена е работила в детската градина в града.  Последвайте ни за още актуални новини в Google News Showcase Последвайте btvnovinite.bg във VIBER Последвайте btvnovinite.bg в INSTAGRAM Последвайте btvnovinite.bg във FACEBOOK Последвайте btvnovinite.bg в TIKTOK from source: btvnovinite.bg was successfully added to the BaseWebsite._data_dict
14-09-2025 13:26:45 INFO     	For media btvnovinite.bg (TV news) searching in page https://btvnovinite.bg/bulgaria/?page=56	The number of found articles is: 16
14-09-2025 13:26:45 INFO     Info: ('btvnovinite.bg', 'TV news')
Current page is 56
14-09-2025 13:26:46 INFO     +++ Records for the news with Мъж уби съпругата си на улица в Пловдив и се простреля (СНИМКИ) with url https://btvnovinite.bg/bulgaria/mazh-ubi-saprugata-si-v-plovdiv-i-se-prostrelja.html and text Мъж уби съпругата си в пловдивския квартал „Столипиново“. На място има много полиция и спешна помощ. Сигналът е подаден в 17:10 часа. Мъжът е криминално проявен. След като е прострелял съпругата си, той се е самопрострелял – в опит да сложи сам край на живота си със същото оръжие. Загиналата жена е на 37 години. Разследващи от Областната дирекция на полицията в Пловдив изясняват обстоятелствата около тежкото криминално престъпление. То е станало на улица "Кедър". В момента там са се събрали стотици съседи.  Уведомена е Окръжната прокуратура в Пловдив.  Последвайте ни за още актуални новини в Google News Showcase Последвайте btvnovinite.bg във VIBER Последвайте btvnovinite.bg в INSTAGRAM Последвайте btvnovinite.bg във FACEBOOK Последвайте btvnovinite.bg в TIKTOK from source: btvnovinite.bg was successfully added to the BaseWebsite._data_dict
14-09-2025 13:26:46 INFO     	For media btvnovinite.bg (TV news) searching in page https://btvnovinite.bg/bulgaria/?page=57	The number of found articles is: 17
14-09-2025 13:26:46 INFO     Info: ('btvnovinite.bg', 'TV news')
Current page is 57
14-09-2025 13:26:47 INFO     ---Article with title: Апел за обща молитва за двете момичета, возили се в колата на Виктор, която се вряза в автобус was not added because contains words from article title exclusion list: ['автобус', ' кола']
14-09-2025 13:26:47 INFO     ---Article with title: Хванаха осъждана жена с отнемана книжка да шофира с 3,31 промила алкохол was not added because contains words from article title exclusion list: ['шофир', 'алкохол']
14-09-2025 13:26:47 INFO     	For media btvnovinite.bg (TV news) searching in page https://btvnovinite.bg/bulgaria/?page=58	The number of found articles is: 17
14-09-2025 13:26:47 INFO     Info: ('btvnovinite.bg', 'TV news')
Current page is 58
14-09-2025 13:26:48 INFO     +++ Records for the news with Само пред bTV говори жената до загиналия лекар Иса Али - отзовал се на молба за помощ и излязъл with url https://btvnovinite.bg/bulgaria/samo-pred-btv-govori-zhenata-do-zaginalija-isa-ali.html and text Само пред bTV говори жената до загиналия Иса Али. 61-годишният лекар е жертвата на вчерашната катастрофа, при която автомобил се вряза в автобус. Пред камерата на bTV жената разказа, че живее със сириеца от няколко години. Във фаталната вечер също са били заедно. След полунощ лекарят получил обаждане с молба за помощ и излязал. Инцидентът станал буквално минути след като сириецът се качил в автобуса - разказва жената.  Д-р Иса Али идва у нас преди около 40 години. Тук завършва висшето си образование. Близките му разказвал, че е учил медицина и по-конкретно гинекология.  Последвайте ни за още актуални новини в Google News Showcase Последвайте btvnovinite.bg във VIBER Последвайте btvnovinite.bg в INSTAGRAM Последвайте btvnovinite.bg във FACEBOOK Последвайте btvnovinite.bg в TIKTOK from source: btvnovinite.bg was successfully added to the BaseWebsite._data_dict
14-09-2025 13:26:48 INFO     	For media btvnovinite.bg (TV news) searching in page https://btvnovinite.bg/bulgaria/?page=59	The number of found articles is: 18
14-09-2025 13:26:48 INFO     Info: ('btvnovinite.bg', 'TV news')
Current page is 59
14-09-2025 13:26:49 INFO     ---Article with title: „Не искам пари, а справедливост“: Как инцидент с АТВ преобърна живота на една млада жена? was not added because contains words from article title exclusion list: ['пари', 'инцидент']
14-09-2025 13:26:49 INFO     	For media btvnovinite.bg (TV news) searching in page https://btvnovinite.bg/bulgaria/?page=60	The number of found articles is: 18
14-09-2025 13:26:49 INFO     Info: ('btvnovinite.bg', 'TV news')
Current page is 60
14-09-2025 13:26:50 INFO     ---News article: <<< Мъж съобщи, че жена носи бомба на летището в София, последва допълна проверка >>> was not included in the data because none of BaseWebsite._second_level keywords were found in the article text Article url: https://btvnovinite.bg/bulgaria/mazh-saobshti-che-zhena-nosi-bomba-na-letishteto-v-sofija-posledva-dopalna-proverka.html
14-09-2025 13:26:50 INFO     	For media btvnovinite.bg (TV news) searching in page https://btvnovinite.bg/bulgaria/?page=61	The number of found articles is: 18
14-09-2025 13:26:50 INFO     Info: ('btvnovinite.bg', 'TV news')
Current page is 61
14-09-2025 13:26:51 INFO     +++ Records for the news with Задържаха мъж, пребил жената, с която живее и не я пускал да излезе от дома му с дни with url https://btvnovinite.bg/bulgaria/zadarzhaha-mazh-prebil-zhenata-s-kojato-zhivee-i-ne-ja-puskal-da-izleze-ot-doma-mu-s-dni.html and text Софийска районна прокуратура привлече към наказателна отговорност 52-годишен мъж, противозаконно лишил от свобода жената, с която живее на съпружески начала и й нанесъл телесна повреда, съобщиха от обвинението. За времето от 9 август 2025 г. до около 20 ч. на 11 август 2025 г. в апартамент в София, обвиняемият Н.В. противозаконно лишил от свобода С.М. и възпрепятствал възможността й да напусне дома му. На 11 август 2025 г. около  17 ч., С.М. нанесъл на жената множество удари с юмруци в главата и с ритници в тялото и й причинили лека телесна повреда. Деянията се извършени в условията на домашно насилие. По случая е образувано досъдебно производство. С постановление на наблюдаващ прокурор Н.В. е задържан за срок до 72 часа. Предстои да бъде внесено искане в Софийски районен съд за определяне на мярка „задържане под стража“ спрямо обвиняемия. Последвайте ни за още актуални новини в Google News Showcase Последвайте btvnovinite.bg във VIBER Последвайте btvnovinite.bg в INSTAGRAM Последвайте btvnovinite.bg във FACEBOOK Последвайте btvnovinite.bg в TIKTOK from source: btvnovinite.bg was successfully added to the BaseWebsite._data_dict
14-09-2025 13:26:51 INFO     	For media btvnovinite.bg (TV news) searching in page https://btvnovinite.bg/bulgaria/?page=62	The number of found articles is: 19
14-09-2025 13:26:51 INFO     Info: ('btvnovinite.bg', 'TV news')
Current page is 62
14-09-2025 13:26:52 INFO     ---Article with title: 18-годишен помете с АТВ пешеходци: Майка и дете са в реанимация was not added because contains words from article title exclusion list: ['пешеход', 'дете']
14-09-2025 13:26:52 INFO     	For media btvnovinite.bg (TV news) searching in page https://btvnovinite.bg/bulgaria/?page=63	The number of found articles is: 19
14-09-2025 13:26:52 INFO     Info: ('btvnovinite.bg', 'TV news')
Current page is 63
14-09-2025 13:26:52 INFO     ---Article with title: Повдигнаха обвинение на шофьора, който помете мъж и жена край Ахелой и избяга was not added because contains words from article title exclusion list: ['мъж и жена', 'шофьор']
14-09-2025 13:26:53 INFO     ---News article: <<< Жена благодари на полицаи в Царево: Погрижили се за дъщеря ѝ, докато тя пристигне >>> was not included in the data because none of BaseWebsite._second_level keywords were found in the article text Article url: https://btvnovinite.bg/bulgaria/zhena-blagodari-na-policai-v-carevo-pogrizhili-se-za-dashterja-dokato-tja-pristigne.html
14-09-2025 13:26:53 INFO     	For media btvnovinite.bg (TV news) searching in page https://btvnovinite.bg/bulgaria/?page=64	The number of found articles is: 19
14-09-2025 13:26:53 INFO     Info: ('btvnovinite.bg', 'TV news')
Current page is 64
14-09-2025 13:26:53 INFO     	For media btvnovinite.bg (TV news) searching in page https://btvnovinite.bg/bulgaria/?page=65	The number of found articles is: 19
14-09-2025 13:26:53 INFO     Info: ('btvnovinite.bg', 'TV news')
Current page is 65
14-09-2025 13:26:55 INFO     +++ Records for the news with Задържаха мъж, пребил жената, с която живее и не я пускал да излезе от дома му с дни with url https://btvnovinite.bg/bulgaria/zadarzhaha-mazh-prebil-zhenata-s-kojato-zhivee-i-ne-ja-puskal-da-izleze-ot-doma-mu-s-dni.html and text Софийска районна прокуратура привлече към наказателна отговорност 52-годишен мъж, противозаконно лишил от свобода жената, с която живее на съпружески начала и й нанесъл телесна повреда, съобщиха от обвинението. За времето от 9 август 2025 г. до около 20 ч. на 11 август 2025 г. в апартамент в София, обвиняемият Н.В. противозаконно лишил от свобода С.М. и възпрепятствал възможността й да напусне дома му. На 11 август 2025 г. около  17 ч., С.М. нанесъл на жената множество удари с юмруци в главата и с ритници в тялото и й причинили лека телесна повреда. Деянията се извършени в условията на домашно насилие. По случая е образувано досъдебно производство. С постановление на наблюдаващ прокурор Н.В. е задържан за срок до 72 часа. Предстои да бъде внесено искане в Софийски районен съд за определяне на мярка „задържане под стража“ спрямо обвиняемия. Последвайте ни за още актуални новини в Google News Showcase Последвайте btvnovinite.bg във VIBER Последвайте btvnovinite.bg в INSTAGRAM Последвайте btvnovinite.bg във FACEBOOK Последвайте btvnovinite.bg в TIKTOK from source: btvnovinite.bg was successfully added to the BaseWebsite._data_dict
14-09-2025 13:26:55 INFO     	For media btvnovinite.bg (TV news) searching in page https://btvnovinite.bg/bulgaria/?page=66	The number of found articles is: 20
14-09-2025 13:26:55 INFO     Info: ('btvnovinite.bg', 'TV news')
Current page is 66
14-09-2025 13:26:55 INFO     	For media btvnovinite.bg (TV news) searching in page https://btvnovinite.bg/bulgaria/?page=67	The number of found articles is: 20
14-09-2025 13:26:55 INFO     Info: ('btvnovinite.bg', 'TV news')
Current page is 67
14-09-2025 13:26:56 INFO     	For media btvnovinite.bg (TV news) searching in page https://btvnovinite.bg/bulgaria/?page=68	The number of found articles is: 20
14-09-2025 13:26:56 INFO     Info: ('btvnovinite.bg', 'TV news')
Current page is 68
14-09-2025 13:26:56 INFO     	For media btvnovinite.bg (TV news) searching in page https://btvnovinite.bg/bulgaria/?page=69	The number of found articles is: 20
14-09-2025 13:26:56 INFO     Info: ('btvnovinite.bg', 'TV news')
Current page is 69
14-09-2025 13:26:57 INFO     	For media btvnovinite.bg (TV news) searching in page https://btvnovinite.bg/bulgaria/?page=70	The number of found articles is: 20
14-09-2025 13:26:57 INFO     Info: ('btvnovinite.bg', 'TV news')
Current page is 70
14-09-2025 13:26:58 INFO     ---News article: <<< Мним полицай измами възрастна жена от Монтанско с 4500 лева >>> was not included in the data because none of BaseWebsite._second_level keywords were found in the article text Article url: https://btvnovinite.bg/bulgaria/mnim-policaj-izmami-vazrastna-zhena-ot-montansko-s-4500-leva.html
14-09-2025 13:26:58 INFO     	For media btvnovinite.bg (TV news) searching in page https://btvnovinite.bg/bulgaria/?page=71	The number of found articles is: 20
14-09-2025 13:26:58 INFO     Info: ('btvnovinite.bg', 'TV news')
Current page is 71
14-09-2025 13:26:59 INFO     +++ Records for the news with Полицията в Бургас пита: Познавате ли тази жена? with url https://btvnovinite.bg/bulgaria/policijata-v-burgas-pita-poznavate-li-tazi-zhena.html and text Областната дикреция на МВР в Бургас издирва данни за самоличността на жена, която вероятно е украинка. Същата е установена в района на бензиностанция край автогара "Запад", като е била агресивна спрямо служителите от обекта. Гражданите, разполагащи с някакви данни относно самоличността или адреса за пребиваване на жената, са призовани да съобщят незабавно на тел. 112 или в най-близкото поделение на МВР. Снимка:  									ОДМВР-Бу Последвайте ни за още актуални новини в Google News Showcase Последвайте btvnovinite.bg във VIBER Последвайте btvnovinite.bg в INSTAGRAM Последвайте btvnovinite.bg във FACEBOOK Последвайте btvnovinite.bg в TIKTOK from source: btvnovinite.bg was successfully added to the BaseWebsite._data_dict
14-09-2025 13:26:59 INFO     	For media btvnovinite.bg (TV news) searching in page https://btvnovinite.bg/bulgaria/?page=72	The number of found articles is: 21
14-09-2025 13:26:59 INFO     Info: ('btvnovinite.bg', 'TV news')
Current page is 72
14-09-2025 13:27:00 INFO     	For media btvnovinite.bg (TV news) searching in page https://btvnovinite.bg/bulgaria/?page=73	The number of found articles is: 21
14-09-2025 13:27:00 INFO     Info: ('btvnovinite.bg', 'TV news')
Current page is 73
14-09-2025 13:27:00 INFO     	For media btvnovinite.bg (TV news) searching in page https://btvnovinite.bg/bulgaria/?page=74	The number of found articles is: 21
14-09-2025 13:27:00 INFO     Info: ('btvnovinite.bg', 'TV news')
Current page is 74
14-09-2025 13:27:01 INFO     	For media btvnovinite.bg (TV news) searching in page https://btvnovinite.bg/bulgaria/?page=75	The number of found articles is: 21
14-09-2025 13:27:01 INFO     Info: ('btvnovinite.bg', 'TV news')
Current page is 75
14-09-2025 13:27:01 INFO     ---Article with title: Сблъсък между каруца и кола в Разградскко, майка и син пострадаха was not added because contains words from article title exclusion list: [' кола']
14-09-2025 13:27:01 INFO     	For media btvnovinite.bg (TV news) searching in page https://btvnovinite.bg/bulgaria/?page=76	The number of found articles is: 21
14-09-2025 13:27:01 INFO     Info: ('btvnovinite.bg', 'TV news')
Current page is 76
14-09-2025 13:27:01 INFO     	For media btvnovinite.bg (TV news) searching in page https://btvnovinite.bg/bulgaria/?page=77	The number of found articles is: 21
14-09-2025 13:27:01 INFO     Info: ('btvnovinite.bg', 'TV news')
Current page is 77
14-09-2025 13:27:02 INFO     ---News article: <<< Хирургът, спасил две момичета в Поморие от удавяне: Спасителите ги извадиха, ние направихме останалото >>> was not included in the data because none of BaseWebsite._second_level keywords were found in the article text Article url: https://btvnovinite.bg/bulgaria/hirurgat-spasil-dve-momicheta-v-pomorie-ot-udavjane-spasitelite-gi-izvadiha-nie-napravihme-ostanaloto.html
14-09-2025 13:27:02 INFO     	For media btvnovinite.bg (TV news) searching in page https://btvnovinite.bg/bulgaria/?page=78	The number of found articles is: 21
14-09-2025 13:27:02 INFO     Info: ('btvnovinite.bg', 'TV news')
Current page is 78
14-09-2025 13:27:04 INFO     +++ Records for the news with Жена съди община Пазарджик след като в гроба на майка ѝ погребали непозната with url https://btvnovinite.bg/bulgaria/zhena-sadi-obshtina-pazardzhik-sled-kato-v-groba-na-majka-pogrebali-nepoznata.html and text Абсурдна и същевременно зловеща история. Жена от Пазарджик сигнализира, че в гроба на майка ѝ, който е платен за „вечни времена“, наскоро е погребана друга жена. Погребението било извършено без да бъдат уведомявани близките. Майката на Димитрийка Делова заплаща право за вечно ползване на гробно място. Преди 18 години жената е погребана там. Наскоро обаче Димитрийка разбира, че в гроба на майка ѝ е погребана друга жена със същото малко име и фамилия. „Ами, да ви кажа честно... припаднах. Не можех да повярвам, защото картината, която погледнах, беше ужасяваща“, казва ни тя. „Разровен гроба на майка Ви?“, питаме ние. „Да, все едно я погребвам втори път“, отвръща ни тя.  Според директора на общинското предприятие „Обредни дейности“, грешката е допусната заради странни съвпадения – двете жени имат сходство в имената и живеят на една улица. Близките на втората Мария заявили, че също  са платили за гробно място, но не показали документ. „Фактура – казаха, че някъде е изгубена във времето. Нали, много често хората си ги губят. Не всеки ни ги предоставя такава фактура за платено гробно място“, каза Теодора Добрева, директор на ОП „Обредни дейности“, община Пазарджик. В смъртния акт на погребаната през 2007 година Мария Павлова е вписано и бащиното ѝ име -Лазарова. От гробищния парк не са се свързали с единствената ѝ дъщеря преди да погребат друга жена при майка ѝ: „Най-силно ме възмущава безхаберието на гробищния парк. Те е трябвало да погледнат това нещо, да ме потърсят като неин наследник“, каза Димитрийка Делова. Тя съди община Пазарджик за нанесени морални неимуществени вреди. Последвайте ни за още актуални новини в Google News Showcase Последвайте btvnovinite.bg във VIBER Последвайте btvnovinite.bg в INSTAGRAM Последвайте btvnovinite.bg във FACEBOOK Последвайте btvnovinite.bg в TIKTOK from source: btvnovinite.bg was successfully added to the BaseWebsite._data_dict
14-09-2025 13:27:04 INFO     	For media btvnovinite.bg (TV news) searching in page https://btvnovinite.bg/bulgaria/?page=79	The number of found articles is: 22
14-09-2025 13:27:04 INFO     Info: ('btvnovinite.bg', 'TV news')
Current page is 79
14-09-2025 13:27:04 INFO     	For media btvnovinite.bg (TV news) searching in page https://btvnovinite.bg/bulgaria/?page=80	The number of found articles is: 22
14-09-2025 13:27:04 INFO     Info: ('btvnovinite.bg', 'TV news')
Current page is 80
14-09-2025 13:27:05 INFO     ---Article with title: Д-р Мария Георгиева от Центъра за асистирана репродукция: Биологичното предназначение на жената е да ражда деца was not added because contains words from article title exclusion list: ['тир', 'деца']
14-09-2025 13:27:05 INFO     	For media btvnovinite.bg (TV news) searching in page https://btvnovinite.bg/bulgaria/?page=81	The number of found articles is: 22
14-09-2025 13:27:05 INFO     Info: ('btvnovinite.bg', 'TV news')
Current page is 81
14-09-2025 13:27:05 INFO     	For media btvnovinite.bg (TV news) searching in page https://btvnovinite.bg/bulgaria/?page=82	The number of found articles is: 22
14-09-2025 13:27:05 INFO     Info: ('btvnovinite.bg', 'TV news')
Current page is 82
14-09-2025 13:27:06 INFO     ---Article with title: Мъж преби майката на децата си пред поликлиниката в Монтана was not added because contains words from article title exclusion list: ['деца']
14-09-2025 13:27:06 INFO     	For media btvnovinite.bg (TV news) searching in page https://btvnovinite.bg/bulgaria/?page=83	The number of found articles is: 22
14-09-2025 13:27:06 INFO     Info: ('btvnovinite.bg', 'TV news')
Current page is 83
14-09-2025 13:27:06 INFO     	For media btvnovinite.bg (TV news) searching in page https://btvnovinite.bg/bulgaria/?page=84	The number of found articles is: 22
14-09-2025 13:27:06 INFO     Info: ('btvnovinite.bg', 'TV news')
Current page is 84
14-09-2025 13:27:06 INFO     ---Article with title: „Днес е нашата внучка, утре може да е друга“: Близките на детето, ударено от ток в Плевен, ще съдят мола was not added because contains words from article title exclusion list: ['дете']
14-09-2025 13:27:06 INFO     	For media btvnovinite.bg (TV news) searching in page https://btvnovinite.bg/bulgaria/?page=85	The number of found articles is: 22
14-09-2025 13:27:06 INFO     Info: ('btvnovinite.bg', 'TV news')
Current page is 85
14-09-2025 13:27:08 INFO     ---News article: <<< Задържани са трима столичани, измамили с 20 000 лева жена от Ямбол по схемата „теглене на кредит“ >>> was not included in the data because none of BaseWebsite._second_level keywords were found in the article text Article url: https://btvnovinite.bg/bulgaria/zadarzhani-sa-trima-stolichani-izmamili-s-20-000-leva-zhena-ot-jambol-po-shemata-teglene-na-kredit.html
14-09-2025 13:27:08 INFO     ---Article with title: Апелативният съд намали присъдата на майката, убила двете си деца в Сандански was not added because contains words from article title exclusion list: ['деца']
14-09-2025 13:27:08 INFO     	For media btvnovinite.bg (TV news) searching in page https://btvnovinite.bg/bulgaria/?page=86	The number of found articles is: 22
14-09-2025 13:27:08 INFO     Info: ('btvnovinite.bg', 'TV news')
Current page is 86
14-09-2025 13:27:08 INFO     	For media btvnovinite.bg (TV news) searching in page https://btvnovinite.bg/bulgaria/?page=87	The number of found articles is: 22
14-09-2025 13:27:08 INFO     Info: ('btvnovinite.bg', 'TV news')
Current page is 87
14-09-2025 13:27:09 INFO     ---Article with title: „Днес е нашата внучка, утре може да е друга“: Близките на детето, ударено от ток в Плевен, ще съдят мола was not added because contains words from article title exclusion list: ['дете']
14-09-2025 13:27:09 INFO     	For media btvnovinite.bg (TV news) searching in page https://btvnovinite.bg/bulgaria/?page=88	The number of found articles is: 22
14-09-2025 13:27:09 INFO     Info: ('btvnovinite.bg', 'TV news')
Current page is 88
14-09-2025 13:27:09 INFO     	For media btvnovinite.bg (TV news) searching in page https://btvnovinite.bg/bulgaria/?page=89	The number of found articles is: 22
14-09-2025 13:27:09 INFO     Info: ('btvnovinite.bg', 'TV news')
Current page is 89
14-09-2025 13:27:09 INFO     ---Article with title: „Тя просто лежеше с посиняла уста“: Майката на удареното от ток дете в Плевен иска справедливост was not added because contains words from article title exclusion list: ['дете']
14-09-2025 13:27:09 INFO     	For media btvnovinite.bg (TV news) searching in page https://btvnovinite.bg/bulgaria/?page=90	The number of found articles is: 22
14-09-2025 13:27:09 INFO     Info: ('btvnovinite.bg', 'TV news')
Current page is 90
14-09-2025 13:27:10 INFO     ---Article with title: Бабата на загиналата Сияна: Сутрин, обед, вечер, като заспивам, ударът и детето са ми пред очите was not added because contains words from article title exclusion list: ['дете']
14-09-2025 13:27:10 INFO     	For media btvnovinite.bg (TV news) searching in page https://btvnovinite.bg/bulgaria/?page=91	The number of found articles is: 22
14-09-2025 13:27:10 INFO     Info: ('btvnovinite.bg', 'TV news')
Current page is 91
14-09-2025 13:27:10 INFO     	For media btvnovinite.bg (TV news) searching in page https://btvnovinite.bg/bulgaria/?page=92	The number of found articles is: 22
14-09-2025 13:27:10 INFO     Info: ('btvnovinite.bg', 'TV news')
Current page is 92
14-09-2025 13:27:11 INFO     	For media btvnovinite.bg (TV news) searching in page https://btvnovinite.bg/bulgaria/?page=93	The number of found articles is: 22
14-09-2025 13:27:11 INFO     Info: ('btvnovinite.bg', 'TV news')
Current page is 93
14-09-2025 13:27:11 INFO     	For media btvnovinite.bg (TV news) searching in page https://btvnovinite.bg/bulgaria/?page=94	The number of found articles is: 22
14-09-2025 13:27:11 INFO     Info: ('btvnovinite.bg', 'TV news')
Current page is 94
14-09-2025 13:27:12 INFO     ---Article with title: Кола самокатастрофира в нива в Бургаско, 19-годишно момиче загина was not added because contains words from article title exclusion list: ['катастроф']
14-09-2025 13:27:12 INFO     	For media btvnovinite.bg (TV news) searching in page https://btvnovinite.bg/bulgaria/?page=95	The number of found articles is: 22
14-09-2025 13:27:12 INFO     Info: ('btvnovinite.bg', 'TV news')
Current page is 95
14-09-2025 13:27:12 INFO     	For media btvnovinite.bg (TV news) searching in page https://btvnovinite.bg/bulgaria/?page=96	The number of found articles is: 22
14-09-2025 13:27:12 INFO     Info: ('btvnovinite.bg', 'TV news')
Current page is 96
14-09-2025 13:27:13 INFO     	For media btvnovinite.bg (TV news) searching in page https://btvnovinite.bg/bulgaria/?page=97	The number of found articles is: 22
14-09-2025 13:27:13 INFO     Info: ('btvnovinite.bg', 'TV news')
Current page is 97
14-09-2025 13:27:13 INFO     ---Article with title: Почина 84-годишната жена, извадена от огнеборците след пожара в свищовското село Александрово was not added because contains words from article title exclusion list: ['пожар']
14-09-2025 13:27:13 INFO     	For media btvnovinite.bg (TV news) searching in page https://btvnovinite.bg/bulgaria/?page=98	The number of found articles is: 22
14-09-2025 13:27:13 INFO     Info: ('btvnovinite.bg', 'TV news')
Current page is 98
14-09-2025 13:27:14 INFO     	For media btvnovinite.bg (TV news) searching in page https://btvnovinite.bg/bulgaria/?page=99	The number of found articles is: 22
14-09-2025 13:27:14 INFO     Info: ('btvnovinite.bg', 'TV news')
Current page is 99
14-09-2025 13:27:14 INFO     	For media btvnovinite.bg (TV news) searching in page https://btvnovinite.bg/bulgaria/?page=100	The number of found articles is: 22
14-09-2025 13:27:14 INFO     Info: ('btvnovinite.bg', 'TV news')
Current page is 100
14-09-2025 13:27:15 INFO     	For media btvnovinite.bg (TV news) searching in page https://btvnovinite.bg/bulgaria/?page=101	The number of found articles is: 22
14-09-2025 13:27:15 INFO     Info: ('btvnovinite.bg', 'TV news')
Current page is 101
14-09-2025 13:27:15 INFO     ---Article with title: Почина 84-годишната жена, извадена от огнеборците след пожара в свищовското село Александрово was not added because contains words from article title exclusion list: ['пожар']
14-09-2025 13:27:15 INFO     	For media btvnovinite.bg (TV news) searching in page https://btvnovinite.bg/bulgaria/?page=102	The number of found articles is: 22
14-09-2025 13:27:15 INFO     Info: ('btvnovinite.bg', 'TV news')
Current page is 102
14-09-2025 13:27:16 INFO     	For media btvnovinite.bg (TV news) searching in page https://btvnovinite.bg/bulgaria/?page=103	The number of found articles is: 22
14-09-2025 13:27:16 INFO     Info: ('btvnovinite.bg', 'TV news')
Current page is 103
14-09-2025 13:27:17 INFO     ---News article: <<< Огнеборци откриха жена с тежки изгаряния в двор на горящо село в Свищовско >>> was not included in the data because none of BaseWebsite._second_level keywords were found in the article text Article url: https://btvnovinite.bg/bulgaria/ogneborci-otkriha-zhena-s-tezhki-izgarjanija-v-dvor-na-gorjashto-selo-v-svishtovsko.html
14-09-2025 13:27:17 INFO     ---Article with title: Голям пожар обхвана 10 къщи в Свищовско: Възрастна жена е с опасност за живота was not added because contains words from article title exclusion list: ['пожар']
14-09-2025 13:27:17 INFO     	For media btvnovinite.bg (TV news) searching in page https://btvnovinite.bg/bulgaria/?page=104	The number of found articles is: 22
14-09-2025 13:27:17 INFO     Info: ('btvnovinite.bg', 'TV news')
Current page is 104
14-09-2025 13:27:17 INFO     	For media btvnovinite.bg (TV news) searching in page https://btvnovinite.bg/bulgaria/?page=105	The number of found articles is: 22
14-09-2025 13:27:17 INFO     Info: ('btvnovinite.bg', 'TV news')
Current page is 105
14-09-2025 13:27:18 INFO     ---News article: <<< Въпреки ограничителната заповед: Мъж преби млада жена в Сандански >>> was not included in the data because none of BaseWebsite._second_level keywords were found in the article text Article url: https://btvnovinite.bg/bulgaria/vapreki-ogranichitelnata-zapoved-mazh-prebi-mlada-zhena-v-sandanski.html
14-09-2025 13:27:18 INFO     	For media btvnovinite.bg (TV news) searching in page https://btvnovinite.bg/bulgaria/?page=106	The number of found articles is: 22
14-09-2025 13:27:18 INFO     Info: ('btvnovinite.bg', 'TV news')
Current page is 106
14-09-2025 13:27:19 INFO     ---News article: <<< Метанова бутилка се взриви на бензиностанция в Бургас, момиче и дядо ѝ са в болница >>> was not included in the data because none of BaseWebsite._second_level keywords were found in the article text Article url: https://btvnovinite.bg/bulgaria/13-godishno-momiche-i-djado-sa-v-bolnica-sled-vzriv-na-metanova-butilka-na-benzinostancija.html
14-09-2025 13:27:19 INFO     	For media btvnovinite.bg (TV news) searching in page https://btvnovinite.bg/bulgaria/?page=107	The number of found articles is: 22
14-09-2025 13:27:19 INFO     Info: ('btvnovinite.bg', 'TV news')
Current page is 107
14-09-2025 13:27:20 INFO     	For media btvnovinite.bg (TV news) searching in page https://btvnovinite.bg/bulgaria/?page=108	The number of found articles is: 22
14-09-2025 13:27:20 INFO     Info: ('btvnovinite.bg', 'TV news')
Current page is 108
14-09-2025 13:27:20 INFO     	For media btvnovinite.bg (TV news) searching in page https://btvnovinite.bg/bulgaria/?page=109	The number of found articles is: 22
14-09-2025 13:27:20 INFO     Info: ('btvnovinite.bg', 'TV news')
Current page is 109
14-09-2025 13:27:20 INFO     	For media btvnovinite.bg (TV news) searching in page https://btvnovinite.bg/bulgaria/?page=110	The number of found articles is: 22
14-09-2025 13:27:20 INFO     Info: ('btvnovinite.bg', 'TV news')
Current page is 110
14-09-2025 13:27:21 INFO     	For media btvnovinite.bg (TV news) searching in page https://btvnovinite.bg/bulgaria/?page=111	The number of found articles is: 22
14-09-2025 13:27:21 INFO     Info: ('btvnovinite.bg', 'TV news')
Current page is 111
14-09-2025 13:27:21 INFO     	For media btvnovinite.bg (TV news) searching in page https://btvnovinite.bg/bulgaria/?page=112	The number of found articles is: 22
14-09-2025 13:27:21 INFO     Info: ('btvnovinite.bg', 'TV news')
Current page is 112
14-09-2025 13:27:21 INFO     ---Article with title: „Кой си ти, че ще ми правиш забележка“: Жена кара тролей в София, а в скута ѝ – дете (ВИДЕО) was not added because contains words from article title exclusion list: ['тролей', 'дете']
14-09-2025 13:27:21 INFO     	For media btvnovinite.bg (TV news) searching in page https://btvnovinite.bg/bulgaria/?page=113	The number of found articles is: 22
14-09-2025 13:27:21 INFO     Info: ('btvnovinite.bg', 'TV news')
Current page is 113
14-09-2025 13:27:22 INFO     	For media btvnovinite.bg (TV news) searching in page https://btvnovinite.bg/bulgaria/?page=114	The number of found articles is: 22
14-09-2025 13:27:22 INFO     Info: ('btvnovinite.bg', 'TV news')
Current page is 114
14-09-2025 13:27:22 INFO     ---Article with title: На пешеходна пътека в Русе: Млад мъж бутна с електрическата си тротинетка 82-годишна жена was not added because contains words from article title exclusion list: ['пешеход']
14-09-2025 13:27:22 INFO     	For media btvnovinite.bg (TV news) searching in page https://btvnovinite.bg/bulgaria/?page=115	The number of found articles is: 22
14-09-2025 13:27:22 INFO     Info: ('btvnovinite.bg', 'TV news')
Current page is 115
14-09-2025 13:27:23 INFO     	For media btvnovinite.bg (TV news) searching in page https://btvnovinite.bg/bulgaria/?page=116	The number of found articles is: 22
14-09-2025 13:27:23 INFO     Info: ('btvnovinite.bg', 'TV news')
Current page is 116
14-09-2025 13:27:23 INFO     	For media btvnovinite.bg (TV news) searching in page https://btvnovinite.bg/bulgaria/?page=117	The number of found articles is: 22
14-09-2025 13:27:23 INFO     Info: ('btvnovinite.bg', 'TV news')
Current page is 117
14-09-2025 13:27:23 INFO     ---Article with title: „Кой си ти, че ще ми правиш забележка“: Жена кара тролей в София, а в скута ѝ – дете (ВИДЕО) was not added because contains words from article title exclusion list: ['тролей', 'дете']
14-09-2025 13:27:23 INFO     	For media btvnovinite.bg (TV news) searching in page https://btvnovinite.bg/bulgaria/?page=118	The number of found articles is: 22
14-09-2025 13:27:23 INFO     Info: ('btvnovinite.bg', 'TV news')
Current page is 118
14-09-2025 13:27:24 INFO     ---Article with title: На пешеходна пътека в Русе: Млад мъж бутна с електрическата си тротинетка 82-годишна жена was not added because contains words from article title exclusion list: ['пешеход']
14-09-2025 13:27:24 INFO     	For media btvnovinite.bg (TV news) searching in page https://btvnovinite.bg/bulgaria/?page=119	The number of found articles is: 22
14-09-2025 13:27:24 INFO     Info: ('btvnovinite.bg', 'TV news')
Current page is 119
14-09-2025 13:27:24 INFO     ---Article with title: Мъж и жена загинаха при катастрофа на пътя Ловеч - Плевен was not added because contains words from article title exclusion list: ['мъж и жена', 'катастроф']
14-09-2025 13:27:25 INFO     +++ Records for the news with Два протеста пред „Майчин дом“: В защита на младата майка Антония и в подкрепа на д-р Шикова with url https://btvnovinite.bg/bulgaria/dva-protesta-pred-majchin-dom-v-zashtita-na-mladata-majka-antonija-i-v-podkrepa-na-d-r-shikova.html and text Два протеста пред „Майчин дом“ ще се проведат във вторник - първият в защита на младата майка Антония Андонова, а другият в подкрепа на д-р Ирена Шикова. Поводът е сигналът на родилката от преди дни за насилие и грубо отношение по време на раждането ѝ в „Майчин дом“. Близките на Андонова призовават други потърпевши от д-р Ирена Шикова да се свържат с тях, за да заведат общ съдебен иск за отнемането на лекарските ѝ права. Д-р Шикова отрече обвиненията за грубо отношение, включително и да е удряла шамари по време на раждането. Акушер-гинекологът от „Майчин дом“, съобщи също, че се оттегля от поста си, докато тече проверката по случая на Изпълнителна агенция „Медицински надзор“. Междувременно ръководителите на водещи акушеро-гинекологични структури в страната изпратиха отворено писмо до медиите, в което изразиха пълна подкрепа към колегите им от „Майчин дом“. Последвайте ни за още актуални новини в Google News Showcase Последвайте btvnovinite.bg във VIBER Последвайте btvnovinite.bg в INSTAGRAM Последвайте btvnovinite.bg във FACEBOOK Последвайте btvnovinite.bg в TIKTOK from source: btvnovinite.bg was successfully added to the BaseWebsite._data_dict
14-09-2025 13:27:25 INFO     	For media btvnovinite.bg (TV news) searching in page https://btvnovinite.bg/bulgaria/?page=120	The number of found articles is: 23
14-09-2025 13:27:25 INFO     Info: ('btvnovinite.bg', 'TV news')
Current page is 120
14-09-2025 13:27:26 INFO     	For media btvnovinite.bg (TV news) searching in page https://btvnovinite.bg/bulgaria/?page=121	The number of found articles is: 23
14-09-2025 13:27:26 INFO     Info: ('btvnovinite.bg', 'TV news')
Current page is 121
14-09-2025 13:27:27 INFO     +++ Records for the news with Започва безплатната ваксинация на момичета и момчета срещу HPV по новата програма with url https://btvnovinite.bg/bulgaria/zapochva-bezplatnata-vaksinacija-na-momicheta-i-momcheta-sreshtu-hpv-po-novata-programa.html and text Министерството на здравеопазването и Националната здравноосигурителна каса стартират дейностите по Националната програма за първична профилактика на ракови заболявания, причинени от човешки папилома вирус (HPV) 2025-2030 г. В рамките на новата програма, право на безплатна ваксинация срещу HPV тази година ще имат както момичета на възраст от 10 до 15 ненавършени години, така и момчета от 10 до 14 ненавършени години. Ваксините ще се поставят от общопрактикуващите лекари и от лекари педиатри и акушер-гинеколози. Повече ще намерите на Специализирания сайт на Министерството на здравеопазването за имунизациите в България. Човешкият папилома вирус (HPV) е най-честият причинител на сексуално-предавана инфекция и е причина за появата на кожни брадавици, аногенитални брадавици и папиломни образувания на  дихателните пътища. Освен това обаче HPV причиняват 5% от всички онкологични заболявания при жените и мъжете по света, като напр. рак на маточната шийка, рак на вагината, рак на влагалището, рак на пениса, рак на ануса, рак на глава и шия, рак на устната кухина, рак на гърлото и др. Най-често срещаният е рака на маточната шийка. Всяка година около 67 500 ракови заболявания, причинени от HPV се диагностицират в държавите членки на ЕС. От тях около 33 000 са новодиагностицирани случая на рак на маточната шийка, а 15 000 са починалите от това раково заболяване. Ракът на маточната шийка е втората водеща причина за смърт от рак при жените до 45 години у нас. Раковите заболявания, причинени от HPV  могат да бъдат предотвратени чрез ваксинация. Натрупаните данни през последните 20 години сочат, че ваксините срещу HPV са високоефективни и безопасни. При ваксинираните лица рискът от ракови заболявания, причинени от HPV намалява с над 80%. В държави като Австралия, Канада, Дания, Испания, Швеция, Обединеното кралство (Шотландия) и САЩ се отчита съществено намаляване назаболели от рак на маточната шийка при ваксинирани лица, като в някои държави (Великобритания, Австралия) ракът на маточната шийка се счита за почти ликвидиран. През 2025 г. по Националната програма за първична профилактика на ракови заболявания, причинени от човешки папилома вирус (HPV) След интервал от 6-12 месеца от първа доза, независимо дали е поставена по национална програма, или не. Последвайте ни за още актуални новини в Google News Showcase Последвайте btvnovinite.bg във VIBER Последвайте btvnovinite.bg в INSTAGRAM Последвайте btvnovinite.bg във FACEBOOK Последвайте btvnovinite.bg в TIKTOK from source: btvnovinite.bg was successfully added to the BaseWebsite._data_dict
14-09-2025 13:27:27 INFO     	For media btvnovinite.bg (TV news) searching in page https://btvnovinite.bg/bulgaria/?page=122	The number of found articles is: 24
14-09-2025 13:27:27 INFO     Info: ('btvnovinite.bg', 'TV news')
Current page is 122
14-09-2025 13:27:27 INFO     ---Article with title: 19-годишен блъсна с каруца жена и 3-годишно дете в Хасково was not added because contains words from article title exclusion list: ['блъсна', 'дете']
14-09-2025 13:27:27 INFO     	For media btvnovinite.bg (TV news) searching in page https://btvnovinite.bg/bulgaria/?page=123	The number of found articles is: 24
14-09-2025 13:27:27 INFO     Info: ('btvnovinite.bg', 'TV news')
Current page is 123
14-09-2025 13:27:28 INFO     +++ Records for the news with Започва безплатната ваксинация на момичета и момчета срещу HPV по новата програма with url https://btvnovinite.bg/bulgaria/zapochva-bezplatnata-vaksinacija-na-momicheta-i-momcheta-sreshtu-hpv-po-novata-programa.html and text Министерството на здравеопазването и Националната здравноосигурителна каса стартират дейностите по Националната програма за първична профилактика на ракови заболявания, причинени от човешки папилома вирус (HPV) 2025-2030 г. В рамките на новата програма, право на безплатна ваксинация срещу HPV тази година ще имат както момичета на възраст от 10 до 15 ненавършени години, така и момчета от 10 до 14 ненавършени години. Ваксините ще се поставят от общопрактикуващите лекари и от лекари педиатри и акушер-гинеколози. Повече ще намерите на Специализирания сайт на Министерството на здравеопазването за имунизациите в България. Човешкият папилома вирус (HPV) е най-честият причинител на сексуално-предавана инфекция и е причина за появата на кожни брадавици, аногенитални брадавици и папиломни образувания на  дихателните пътища. Освен това обаче HPV причиняват 5% от всички онкологични заболявания при жените и мъжете по света, като напр. рак на маточната шийка, рак на вагината, рак на влагалището, рак на пениса, рак на ануса, рак на глава и шия, рак на устната кухина, рак на гърлото и др. Най-често срещаният е рака на маточната шийка. Всяка година около 67 500 ракови заболявания, причинени от HPV се диагностицират в държавите членки на ЕС. От тях около 33 000 са новодиагностицирани случая на рак на маточната шийка, а 15 000 са починалите от това раково заболяване. Ракът на маточната шийка е втората водеща причина за смърт от рак при жените до 45 години у нас. Раковите заболявания, причинени от HPV  могат да бъдат предотвратени чрез ваксинация. Натрупаните данни през последните 20 години сочат, че ваксините срещу HPV са високоефективни и безопасни. При ваксинираните лица рискът от ракови заболявания, причинени от HPV намалява с над 80%. В държави като Австралия, Канада, Дания, Испания, Швеция, Обединеното кралство (Шотландия) и САЩ се отчита съществено намаляване назаболели от рак на маточната шийка при ваксинирани лица, като в някои държави (Великобритания, Австралия) ракът на маточната шийка се счита за почти ликвидиран. През 2025 г. по Националната програма за първична профилактика на ракови заболявания, причинени от човешки папилома вирус (HPV) След интервал от 6-12 месеца от първа доза, независимо дали е поставена по национална програма, или не. Последвайте ни за още актуални новини в Google News Showcase Последвайте btvnovinite.bg във VIBER Последвайте btvnovinite.bg в INSTAGRAM Последвайте btvnovinite.bg във FACEBOOK Последвайте btvnovinite.bg в TIKTOK from source: btvnovinite.bg was successfully added to the BaseWebsite._data_dict
14-09-2025 13:27:28 INFO     	For media btvnovinite.bg (TV news) searching in page https://btvnovinite.bg/bulgaria/?page=124	The number of found articles is: 25
14-09-2025 13:27:28 INFO     Info: ('btvnovinite.bg', 'TV news')
Current page is 124
14-09-2025 13:27:28 INFO     	For media btvnovinite.bg (TV news) searching in page https://btvnovinite.bg/bulgaria/?page=125	The number of found articles is: 25
14-09-2025 13:27:28 INFO     Info: ('btvnovinite.bg', 'TV news')
Current page is 125
14-09-2025 13:27:29 INFO     	For media btvnovinite.bg (TV news) searching in page https://btvnovinite.bg/bulgaria/?page=126	The number of found articles is: 25
14-09-2025 13:27:29 INFO     Info: ('btvnovinite.bg', 'TV news')
Current page is 126
14-09-2025 13:27:29 INFO     	For media btvnovinite.bg (TV news) searching in page https://btvnovinite.bg/bulgaria/?page=127	The number of found articles is: 25
14-09-2025 13:27:29 INFO     Info: ('btvnovinite.bg', 'TV news')
Current page is 127
14-09-2025 13:27:30 INFO     ---News article: <<< Обиди и шамари: Жена със сигнал за грубо отношение на акушер-гинеколожка в "Майчин дом" >>> was not included in the data because none of BaseWebsite._second_level keywords were found in the article text Article url: https://btvnovinite.bg/bulgaria/obidi-i-shamari-zhena-sas-signal-za-grubo-otnoshenie-na-akusher-ginekolozhka-v-majchin-dom.html
14-09-2025 13:27:30 INFO     	For media btvnovinite.bg (TV news) searching in page https://btvnovinite.bg/bulgaria/?page=128	The number of found articles is: 25
14-09-2025 13:27:30 INFO     Info: ('btvnovinite.bg', 'TV news')
Current page is 128
14-09-2025 13:27:31 INFO     ---News article: <<< Обиди и шамари: Жена със сигнал за грубо отношение на акушер-гинеколожка в "Майчин дом" >>> was not included in the data because none of BaseWebsite._second_level keywords were found in the article text Article url: https://btvnovinite.bg/bulgaria/obidi-i-shamari-zhena-sas-signal-za-grubo-otnoshenie-na-akusher-ginekolozhka-v-majchin-dom.html
14-09-2025 13:27:32 INFO     +++ Records for the news with Убийство в Сливен: Мъж наръга майка си 20 пъти with url https://btvnovinite.bg/bulgaria/ubijstvo-v-sliven-mazh-naraga-majka-si-20-pati.html and text Задържаха мъж за убийството на майка му в Сливен. Това казаха от ОДМВР-Сливен, цитирани от Фокус. Престъплението е извършено тази сутрин. По време на разследването е установено, че убийството е извършено с нож, с който са били нанесени близо 20 удара по тялото на 68-годишната жена. Предстои Окръжна прокуратура-Сливен да задържи за срок до 72 часа обвиняемия Г.И., след което да внесе в съда искане за вземане на мярка за неотклонение "задържане под стажа“ по отношение на него. Последвайте ни за още актуални новини в Google News Showcase Последвайте btvnovinite.bg във VIBER Последвайте btvnovinite.bg в INSTAGRAM Последвайте btvnovinite.bg във FACEBOOK Последвайте btvnovinite.bg в TIKTOK  from source: btvnovinite.bg was successfully added to the BaseWebsite._data_dict
14-09-2025 13:27:32 INFO     	For media btvnovinite.bg (TV news) searching in page https://btvnovinite.bg/bulgaria/?page=129	The number of found articles is: 26
14-09-2025 13:27:32 INFO     Info: ('btvnovinite.bg', 'TV news')
Current page is 129
14-09-2025 13:27:33 INFO     	For media btvnovinite.bg (TV news) searching in page https://btvnovinite.bg/bulgaria/?page=130	The number of found articles is: 26
14-09-2025 13:27:33 INFO     Info: ('btvnovinite.bg', 'TV news')
Current page is 130
14-09-2025 13:27:33 INFO     ---Article with title: "Там нямаше ли жена до дете": Атакуваха Лена Бориславова в парламента, след като прочете разказа на жената до Коцев was not added because contains words from article title exclusion list: ['дете']
14-09-2025 13:27:33 INFO     	For media btvnovinite.bg (TV news) searching in page https://btvnovinite.bg/bulgaria/?page=131	The number of found articles is: 26
14-09-2025 13:27:33 INFO     Info: ('btvnovinite.bg', 'TV news')
Current page is 131
14-09-2025 13:27:33 INFO     	For media btvnovinite.bg (TV news) searching in page https://btvnovinite.bg/bulgaria/?page=132	The number of found articles is: 26
14-09-2025 13:27:33 INFO     Info: ('btvnovinite.bg', 'TV news')
Current page is 132
14-09-2025 13:27:34 INFO     ---Article with title: Обгазена жена и замърсен въздух след пожар в Пазарджик was not added because contains words from article title exclusion list: ['пожар']
14-09-2025 13:27:34 INFO     +++ Records for the news with "Майка му е призовкар в съда": Заради това ли е домашният арест на младежа, помел трима души в Разград? with url https://btvnovinite.bg/bulgaria/domashen-arest-za-19-godishnija-pomel-trima-dushi-v-razgrad.html and text Протест в Разград след катастрофата, отнела три човешки живота. Близки и приятели на жертвите изразяват своето недоволство, след като 19-годишният водач, причинил инцидента, беше пуснат под домашен арест. Пред сградата на съда се събират хора с искане за справедливо разследване на инцидента, причинен от 19-годишен шофьор, който с автомобила на баща си причини смъртта на трима души. Младежът бе пуснат под домашен арест. Съмненията на хората са, че това се случва, въпреки трите жертви, защото майката на момчето работи - в съда. На мястото на трагедията, при която загинаха трима мъже на 58, 62 и 64 години, близките им призоваха за справедливо и адекватно разследване. „Болката ни е много голяма. Искаме справедливост. Няма как човек, който е убил трима, да е под домашен арест в дома си, за мен това не е справедливо“, коментира Тансу Фикретова. Катастрофата става, след като младият шофьор изпреварва при ограничение на скоростта до 40 км в час.  „За мен те най-вероятно са се опитвали да направят някаква гонка. Преди инцидента е имало някакво изпреварване, доколкото разбрах, и човекът не се е опитвал на спре, понеже няма спирачен път, нито друго“, коментира Юксел Фикрет. След като окръжен съд постанови домашен арест за 19-годишния шофьор, семействата изразиха съмнения в обективността на решението, тъй като майката на младежа работи като призовкар в съда.  “Ние вярваме в това, че майка му работи там, той за това след 72 часа си е излязъл, това не е справедливо”, казва Сузан Гюрсе. "В отговор на запитване на bTV от Окръжния съд в Разград отхвърлиха съмненията за обективността на магистратите. И заявиха, че роднинските връзки на служителя на институцията с обвиняемия шофьор не са причина състав да си направи отвод. Семейството на 19-годишния шофьор и той самият засега запазват мълчание. Последвайте ни за още актуални новини в Google News Showcase Последвайте btvnovinite.bg във VIBER Последвайте btvnovinite.bg в INSTAGRAM Последвайте btvnovinite.bg във FACEBOOK Последвайте btvnovinite.bg в TIKTOK from source: btvnovinite.bg was successfully added to the BaseWebsite._data_dict
14-09-2025 13:27:34 INFO     	For media btvnovinite.bg (TV news) searching in page https://btvnovinite.bg/bulgaria/?page=133	The number of found articles is: 27
14-09-2025 13:27:34 INFO     Info: ('btvnovinite.bg', 'TV news')
Current page is 133
14-09-2025 13:27:35 INFO     ---Article with title: Спасиха майка и 13-месечно дете със заклещени пръсти в асансьор в Бургас was not added because contains words from article title exclusion list: ['дете']
14-09-2025 13:27:35 INFO     ---News article: <<< Съпругата на кмета на Варна за ареста му: Бях по нощница за кърмачки. В дома ни нямаше кислород >>> was not included in the data because none of BaseWebsite._second_level keywords were found in the article text Article url: https://btvnovinite.bg/bulgaria/saprugata-na-kmeta-na-varna-za-aresta-mu-bjah-po-noshtnica-za-karmachki-v-doma-ni-njamashe-kislorod.html
14-09-2025 13:27:35 INFO     	For media btvnovinite.bg (TV news) searching in page https://btvnovinite.bg/bulgaria/?page=134	The number of found articles is: 27
14-09-2025 13:27:35 INFO     Info: ('btvnovinite.bg', 'TV news')
Current page is 134
14-09-2025 13:27:36 INFO     ---Article with title: Майка и бебе са блъснати на пешеходна пътека в Казанлък, детето е в болница was not added because contains words from article title exclusion list: ['блъсна', 'пешеход', 'бебе', 'дете']
14-09-2025 13:27:36 INFO     ---Article with title: Хванаха майка и син за телефонна измама was not added because contains words from article title exclusion list: ['телефон']
14-09-2025 13:27:36 INFO     	For media btvnovinite.bg (TV news) searching in page https://btvnovinite.bg/bulgaria/?page=135	The number of found articles is: 27
14-09-2025 13:27:36 INFO     Info: ('btvnovinite.bg', 'TV news')
Current page is 135
14-09-2025 13:27:36 INFO     	For media btvnovinite.bg (TV news) searching in page https://btvnovinite.bg/bulgaria/?page=136	The number of found articles is: 27
14-09-2025 13:27:36 INFO     Info: ('btvnovinite.bg', 'TV news')
Current page is 136
14-09-2025 13:27:36 INFO     	For media btvnovinite.bg (TV news) searching in page https://btvnovinite.bg/bulgaria/?page=137	The number of found articles is: 27
14-09-2025 13:27:36 INFO     Info: ('btvnovinite.bg', 'TV news')
Current page is 137
14-09-2025 13:27:37 INFO     ---Article with title: Родителите на маскираните младежи, нападнали хора в центъра на София: Опитали са се да защитят момиче was not added because contains words from article title exclusion list: ['родител', 'роди']
14-09-2025 13:27:37 INFO     +++ Records for the news with Въпреки ограничителната заповед: Мъж разби с кирка вратата и нападна жена си в Дупница with url https://btvnovinite.bg/bulgaria/vapreki-ogranichitelnata-zapoved-mazh-razbi-s-kirka-vratata-i-napadna-zhena-si-v-dupnica.html and text Районната прокуратура в Кюстендил привлече като обвиняем 40-годишен мъж за упражнено домашно насилие в Дупница, съобщиха от Апелативната прокуратура в София. Мъжът, с инициали П. Т., е задържан за 72 часа по постановление на прокурор от Районната прокуратура – Кюстендил, Териториално отделение – Дупница. На 8 юли Районният съд в Дупница ще разгледа искането на прокуратурата за задържане под стража на обвиняемия. По-рано полицията в Кюстендил съобщи, че през почивните дни са задържани двама души за домашно насилие. На 6 юли обвиняемият не е изпълнил съдебна заповед за защита от домашно насилие, която му забранява да се приближава на по-малко от 50 метра до пострадалата жена – Ц. Д., до местоработата ѝ и други места за личен отдих и социални контакти за срок от 18 месеца. Прокуратурата уточнява, че обвиняемият е разбил с кирка входната врата на къщата, обитавана от жената, и е останал в дома ѝ. Той е нанесъл удари по главата, раменете и ребрата на жената и я е душил. Деянията са извършени в условията на домашно насилие. Разследването е установило, че П. Т. наскоро е изтърпял една година лишаване от свобода при строг режим за неизпълнение на съдебна заповед за защита от домашно насилие. Последвайте ни за още актуални новини в Google News Showcase Последвайте btvnovinite.bg във VIBER Последвайте btvnovinite.bg в INSTAGRAM Последвайте btvnovinite.bg във FACEBOOK Последвайте btvnovinite.bg в TIKTOK from source: btvnovinite.bg was successfully added to the BaseWebsite._data_dict
14-09-2025 13:27:37 INFO     	For media btvnovinite.bg (TV news) searching in page https://btvnovinite.bg/bulgaria/?page=138	The number of found articles is: 28
14-09-2025 13:27:37 INFO     Info: ('btvnovinite.bg', 'TV news')
Current page is 138
14-09-2025 13:27:38 INFO     	For media btvnovinite.bg (TV news) searching in page https://btvnovinite.bg/bulgaria/?page=139	The number of found articles is: 28
14-09-2025 13:27:38 INFO     Info: ('btvnovinite.bg', 'TV news')
Current page is 139
14-09-2025 13:27:38 INFO     	For media btvnovinite.bg (TV news) searching in page https://btvnovinite.bg/bulgaria/?page=140	The number of found articles is: 28
14-09-2025 13:27:38 INFO     Info: ('btvnovinite.bg', 'TV news')
Current page is 140
14-09-2025 13:27:38 INFO     	For media btvnovinite.bg (TV news) searching in page https://btvnovinite.bg/bulgaria/?page=141	The number of found articles is: 28
14-09-2025 13:27:38 INFO     Info: ('btvnovinite.bg', 'TV news')
Current page is 141
14-09-2025 13:27:39 INFO     	For media btvnovinite.bg (TV news) searching in page https://btvnovinite.bg/bulgaria/?page=142	The number of found articles is: 28
14-09-2025 13:27:39 INFO     Info: ('btvnovinite.bg', 'TV news')
Current page is 142
14-09-2025 13:27:40 INFO     ---News article: <<< След авария на магистралата: Полицаи помогнаха на жена да стигне до столична болница >>> was not included in the data because none of BaseWebsite._second_level keywords were found in the article text Article url: https://btvnovinite.bg/bulgaria/sled-avarija-na-magistralata-policai-pomognaha-na-zhena-da-stigne-v-stolichna-bolnica.html
14-09-2025 13:27:40 INFO     ---Article with title: Мъж на 22 г. от Петрич пребил приятелката си в напреднала бременност пред родителите му was not added because contains words from article title exclusion list: ['родител', 'роди']
14-09-2025 13:27:40 INFO     ---Article with title: Пожар в рекламна агенция във Велико Търново, евакуираха бременна жена и още петима (СНИМКИ) was not added because contains words from article title exclusion list: ['пожар']
14-09-2025 13:27:40 INFO     	For media btvnovinite.bg (TV news) searching in page https://btvnovinite.bg/bulgaria/?page=143	The number of found articles is: 28
14-09-2025 13:27:40 INFO     Info: ('btvnovinite.bg', 'TV news')
Current page is 143
14-09-2025 13:27:40 INFO     	For media btvnovinite.bg (TV news) searching in page https://btvnovinite.bg/bulgaria/?page=144	The number of found articles is: 28
14-09-2025 13:27:40 INFO     Info: ('btvnovinite.bg', 'TV news')
Current page is 144
14-09-2025 13:27:40 INFO     ---Article with title: Прокуратурата разследва измамата със 79-годишна жена, пострадала при катастрофа was not added because contains words from article title exclusion list: ['катастроф']
14-09-2025 13:27:40 INFO     	For media btvnovinite.bg (TV news) searching in page https://btvnovinite.bg/bulgaria/?page=145	The number of found articles is: 28
14-09-2025 13:27:40 INFO     Info: ('btvnovinite.bg', 'TV news')
Current page is 145
14-09-2025 13:27:41 INFO     ---Article with title: Глобиха майка, подала сигнал за полицейска стрелба, която будила бебето ѝ was not added because contains words from article title exclusion list: ['бебе']
14-09-2025 13:27:41 INFO     ---Article with title: „Докато лежах в болница, продадоха дома ми“ – Възрастна жена преживява катастрофа и става жертва на измама was not added because contains words from article title exclusion list: ['катастроф']
14-09-2025 13:27:41 INFO     ---News article: <<< След жестока измама от мними адвокати и нотариуси: Възрастна жена едва не загуби всичко >>> was not included in the data because none of BaseWebsite._second_level keywords were found in the article text Article url: https://btvnovinite.bg/bulgaria/sled-zhestoka-izmama-ot-mnimi-advokati-i-notariusi-vazrastna-zhena-edva-ne-zagubi-vsichko.html
14-09-2025 13:27:41 INFO     	For media btvnovinite.bg (TV news) searching in page https://btvnovinite.bg/bulgaria/?page=146	The number of found articles is: 28
14-09-2025 13:27:41 INFO     Info: ('btvnovinite.bg', 'TV news')
Current page is 146
14-09-2025 13:27:41 INFO     	For media btvnovinite.bg (TV news) searching in page https://btvnovinite.bg/bulgaria/?page=147	The number of found articles is: 28
14-09-2025 13:27:41 INFO     Info: ('btvnovinite.bg', 'TV news')
Current page is 147
14-09-2025 13:27:42 INFO     	For media btvnovinite.bg (TV news) searching in page https://btvnovinite.bg/bulgaria/?page=148	The number of found articles is: 28
14-09-2025 13:27:42 INFO     Info: ('btvnovinite.bg', 'TV news')
Current page is 148
14-09-2025 13:27:42 INFO     ---Article with title: 20 години затвор за майка, пребила почти до смърт 3-месечното си бебе в с. Скравена was not added because contains words from article title exclusion list: ['бебе']
14-09-2025 13:27:42 INFO     	For media btvnovinite.bg (TV news) searching in page https://btvnovinite.bg/bulgaria/?page=149	The number of found articles is: 28
14-09-2025 13:27:42 INFO     Info: ('btvnovinite.bg', 'TV news')
Current page is 149
14-09-2025 13:27:43 INFO     ---Article with title: Бабата на пребитото дете в Габрово: Баща му блъскаше главата му в бетона и го налагаше с точилка was not added because contains words from article title exclusion list: ['дете']
14-09-2025 13:27:43 INFO     	For media btvnovinite.bg (TV news) searching in page https://btvnovinite.bg/bulgaria/?page=150	The number of found articles is: 28
14-09-2025 13:27:43 INFO     Info: ('btvnovinite.bg', 'TV news')
Current page is 150
14-09-2025 13:27:43 INFO     ---Article with title: Инцидентът със 7-членно семейство: Говори мъжът, извадил децата и майка им от обърнатата кола was not added because contains words from article title exclusion list: [' кола', 'инцидент', 'деца']
14-09-2025 13:27:43 INFO     	For media btvnovinite.bg (TV news) searching in page https://btvnovinite.bg/bulgaria/?page=151	The number of found articles is: 28
14-09-2025 13:27:43 INFO     Info: ('btvnovinite.bg', 'TV news')
Current page is 151
14-09-2025 13:27:43 INFO     	For media btvnovinite.bg (TV news) searching in page https://btvnovinite.bg/bulgaria/?page=152	The number of found articles is: 28
14-09-2025 13:27:43 INFO     Info: ('btvnovinite.bg', 'TV news')
Current page is 152
14-09-2025 13:27:44 INFO     	For media btvnovinite.bg (TV news) searching in page https://btvnovinite.bg/bulgaria/?page=153	The number of found articles is: 28
14-09-2025 13:27:44 INFO     Info: ('btvnovinite.bg', 'TV news')
Current page is 153
14-09-2025 13:27:44 INFO     	For media btvnovinite.bg (TV news) searching in page https://btvnovinite.bg/bulgaria/?page=154	The number of found articles is: 28
14-09-2025 13:27:44 INFO     Info: ('btvnovinite.bg', 'TV news')
Current page is 154
14-09-2025 13:27:45 INFO     ***Article with title: <<< Чех удуши до смърт 36-годишната си приятелка в хотелска стая в Приморско >>> already existed within the media archive as URL and Title. 
14-09-2025 13:27:45 INFO     	For media btvnovinite.bg (TV news) searching in page https://btvnovinite.bg/bulgaria/?page=155	The number of found articles is: 28
14-09-2025 13:27:45 INFO     Info: ('btvnovinite.bg', 'TV news')
Current page is 155
14-09-2025 13:27:45 INFO     The info of the df after transform it from the _data_dict is: (28, 9) (rows/cols)
14-09-2025 13:27:45 INFO     Info: ('btvnovinite.bg', 'TV news')
Last page was: 155
14-09-2025 13:27:45 INFO     The 'export/btvnovinite.bg/btvnovinite.bg_archive.csv' was updated with 28 articles
14-09-2025 13:27:45 INFO     @The article collection for btvnovinite.bg is done!
14-09-2025 13:27:45 INFO     Opening: 'export/bntnews.bg/bntnews.bg_archive.csv' >>>
14-09-2025 13:27:45 INFO     	For media bntnews.bg (TV news) searching in page https://bntnews.bg/bg/c/bulgaria?page=1	The number of found articles is: 0
14-09-2025 13:27:45 INFO     Info: ('bntnews.bg', 'TV news')
Current page is 1
14-09-2025 13:27:45 INFO     ***Can't find the html section/box by self.section_class or self.title_class
14-09-2025 13:27:45 INFO     ***!get_data function interruption for some reason
14-09-2025 13:27:45 INFO     	For media bntnews.bg (TV news) searching in page https://bntnews.bg/bg/c/bulgaria?page=2	The number of found articles is: 0
14-09-2025 13:27:45 INFO     Info: ('bntnews.bg', 'TV news')
Current page is 2
14-09-2025 13:27:45 INFO     The info of the df after transform it from the _data_dict is: (0, 9) (rows/cols)
14-09-2025 13:27:45 INFO     Info: ('bntnews.bg', 'TV news')
Last page was: 2
14-09-2025 13:27:45 INFO     The 'export/bntnews.bg/bntnews.bg_archive.csv' was updated with 0 articles
14-09-2025 13:27:46 INFO     @The article collection for bntnews.bg is done!
14-09-2025 13:27:46 INFO     Opening: 'export/nova.bg/nova.bg_archive.csv' >>>
14-09-2025 13:27:46 INFO     	For media nova.bg (TV news) searching in page https://nova.bg/news/category/2/%D0%B1%D1%8A%D0%BB%D0%B3%D0%B0%D1%80%D0%B8%D1%8F/1	The number of found articles is: 0
14-09-2025 13:27:46 INFO     Info: ('nova.bg', 'TV news')
Current page is 1
14-09-2025 13:27:46 INFO     	For media nova.bg (TV news) searching in page https://nova.bg/news/category/2/%D0%B1%D1%8A%D0%BB%D0%B3%D0%B0%D1%80%D0%B8%D1%8F/2	The number of found articles is: 0
14-09-2025 13:27:46 INFO     Info: ('nova.bg', 'TV news')
Current page is 2
14-09-2025 13:27:46 INFO     	For media nova.bg (TV news) searching in page https://nova.bg/news/category/2/%D0%B1%D1%8A%D0%BB%D0%B3%D0%B0%D1%80%D0%B8%D1%8F/3	The number of found articles is: 0
14-09-2025 13:27:46 INFO     Info: ('nova.bg', 'TV news')
Current page is 3
14-09-2025 13:27:46 INFO     	For media nova.bg (TV news) searching in page https://nova.bg/news/category/2/%D0%B1%D1%8A%D0%BB%D0%B3%D0%B0%D1%80%D0%B8%D1%8F/4	The number of found articles is: 0
14-09-2025 13:27:46 INFO     Info: ('nova.bg', 'TV news')
Current page is 4
14-09-2025 13:27:46 INFO     	For media nova.bg (TV news) searching in page https://nova.bg/news/category/2/%D0%B1%D1%8A%D0%BB%D0%B3%D0%B0%D1%80%D0%B8%D1%8F/5	The number of found articles is: 0
14-09-2025 13:27:46 INFO     Info: ('nova.bg', 'TV news')
Current page is 5
14-09-2025 13:27:46 INFO     ---Article with title: Нова донорска ситуация у нас даде шанс за живот на три жени was not added because contains words from article title exclusion list: ['донор']
14-09-2025 13:27:46 INFO     	For media nova.bg (TV news) searching in page https://nova.bg/news/category/2/%D0%B1%D1%8A%D0%BB%D0%B3%D0%B0%D1%80%D0%B8%D1%8F/6	The number of found articles is: 0
14-09-2025 13:27:46 INFO     Info: ('nova.bg', 'TV news')
Current page is 6
14-09-2025 13:27:46 INFO     	For media nova.bg (TV news) searching in page https://nova.bg/news/category/2/%D0%B1%D1%8A%D0%BB%D0%B3%D0%B0%D1%80%D0%B8%D1%8F/7	The number of found articles is: 0
14-09-2025 13:27:46 INFO     Info: ('nova.bg', 'TV news')
Current page is 7
14-09-2025 13:27:47 INFO     	For media nova.bg (TV news) searching in page https://nova.bg/news/category/2/%D0%B1%D1%8A%D0%BB%D0%B3%D0%B0%D1%80%D0%B8%D1%8F/8	The number of found articles is: 0
14-09-2025 13:27:47 INFO     Info: ('nova.bg', 'TV news')
Current page is 8
14-09-2025 13:27:47 INFO     	For media nova.bg (TV news) searching in page https://nova.bg/news/category/2/%D0%B1%D1%8A%D0%BB%D0%B3%D0%B0%D1%80%D0%B8%D1%8F/9	The number of found articles is: 0
14-09-2025 13:27:47 INFO     Info: ('nova.bg', 'TV news')
Current page is 9
14-09-2025 13:27:47 INFO     	For media nova.bg (TV news) searching in page https://nova.bg/news/category/2/%D0%B1%D1%8A%D0%BB%D0%B3%D0%B0%D1%80%D0%B8%D1%8F/10	The number of found articles is: 0
14-09-2025 13:27:47 INFO     Info: ('nova.bg', 'TV news')
Current page is 10
14-09-2025 13:27:47 INFO     	For media nova.bg (TV news) searching in page https://nova.bg/news/category/2/%D0%B1%D1%8A%D0%BB%D0%B3%D0%B0%D1%80%D0%B8%D1%8F/11	The number of found articles is: 0
14-09-2025 13:27:47 INFO     Info: ('nova.bg', 'TV news')
Current page is 11
14-09-2025 13:27:47 INFO     ---News article: <<< Книга за майки и дъщери: „Двете" разкрива красивото и горчиво общуване между поколенията >>> was not included in the data because none of BaseWebsite._second_level keywords were found in the article text Article url: https://nova.bg/news/view/2025/09/10/510099/%D0%BA%D0%BD%D0%B8%D0%B3%D0%B0-%D0%B7%D0%B0-%D0%BC%D0%B0%D0%B9%D0%BA%D0%B8-%D0%B8-%D0%B4%D1%8A%D1%89%D0%B5%D1%80%D0%B8-%D0%B4%D0%B2%D0%B5%D1%82%D0%B5-%D1%80%D0%B0%D0%B7%D0%BA%D1%80%D0%B8%D0%B2%D0%B0-%D0%BA%D1%80%D0%B0%D1%81%D0%B8%D0%B2%D0%BE%D1%82%D0%BE-%D0%B8-%D0%B3%D0%BE%D1%80%D1%87%D0%B8%D0%B2%D0%BE-%D0%BE%D0%B1%D1%89%D1%83%D0%B2%D0%B0%D0%BD%D0%B5-%D0%BC%D0%B5%D0%B6%D0%B4%D1%83-%D0%BF%D0%BE%D0%BA%D0%BE%D0%BB%D0%B5%D0%BD%D0%B8%D1%8F%D1%82%D0%B0/
14-09-2025 13:27:47 INFO     	For media nova.bg (TV news) searching in page https://nova.bg/news/category/2/%D0%B1%D1%8A%D0%BB%D0%B3%D0%B0%D1%80%D0%B8%D1%8F/12	The number of found articles is: 0
14-09-2025 13:27:47 INFO     Info: ('nova.bg', 'TV news')
Current page is 12
14-09-2025 13:27:48 INFO     	For media nova.bg (TV news) searching in page https://nova.bg/news/category/2/%D0%B1%D1%8A%D0%BB%D0%B3%D0%B0%D1%80%D0%B8%D1%8F/13	The number of found articles is: 0
14-09-2025 13:27:48 INFO     Info: ('nova.bg', 'TV news')
Current page is 13
14-09-2025 13:27:48 INFO     ---Article with title: Съседът и съпругата на пребития полицейски шеф в Русе разказаха за инцидента was not added because contains words from article title exclusion list: ['инцидент']
14-09-2025 13:27:48 INFO     +++ Records for the news with Юлия Андонова: Сарафов даде ясна позиция, че домашното насилие е неприемливо with url https://nova.bg/news/view/2025/09/09/509983/%D1%8E%D0%BB%D0%B8%D1%8F-%D0%B0%D0%BD%D0%B4%D0%BE%D0%BD%D0%BE%D0%B2%D0%B0-%D1%81%D0%B0%D1%80%D0%B0%D1%84%D0%BE%D0%B2-%D0%B4%D0%B0%D0%B4%D0%B5-%D1%8F%D1%81%D0%BD%D0%B0-%D0%BF%D0%BE%D0%B7%D0%B8%D1%86%D0%B8%D1%8F-%D1%87%D0%B5-%D0%B4%D0%BE%D0%BC%D0%B0%D1%88%D0%BD%D0%BE%D1%82%D0%BE-%D0%BD%D0%B0%D1%81%D0%B8%D0%BB%D0%B8%D0%B5-%D0%B5-%D0%BD%D0%B5%D0%BF%D1%80%D0%B8%D0%B5%D0%BC%D0%BB%D0%B8%D0%B2%D0%BE/ and text Главният прокурор Борислав Сарафов издаде указания за работа по делата за домашно насилие, които ще бъдат проследявани от прокурорите по места. Дали те ще дадат още един важен инструмент в ръцете на институциите в борбата с пандемичното домашно насилие коментира в ефира на “Социална мрежа” по NOVA NEWS Юлия Андонова от фондация „П.У.Л.С”. Скритите жертви: 7% от пострадалите от домашно насилие са жени над 65 години “Бих искала да изразя нашата подкрепа към това институцията на главния прокурор да излезе с такъв тип указания и да даде ясна позиция, че домашното насилие е неприемливо, че е престъпление и че ангажираните институции и организации следва да изпълняват ясни и стрикти норми и правила, които да гарантират защитата на пострадалите и преследването на извършителите на това престъпление”, обясни Андонова. Тръмп иска домашното насилие да не се счита за престъпление (ВИДЕО) “Този документ означава ангажираност на главния прокурор по темата за домашното насилие и един призив за координация и действие. Наистина приветствам такъв тип усилия от страна на МВР, Министерски съвет и на отговорните институции”, коментира тя. Целия разговор гледайте във видеото. Последвайте ни from source: nova.bg was successfully added to the BaseWebsite._data_dict
14-09-2025 13:27:48 INFO     	For media nova.bg (TV news) searching in page https://nova.bg/news/category/2/%D0%B1%D1%8A%D0%BB%D0%B3%D0%B0%D1%80%D0%B8%D1%8F/14	The number of found articles is: 1
14-09-2025 13:27:48 INFO     Info: ('nova.bg', 'TV news')
Current page is 14
14-09-2025 13:27:49 INFO     +++ Records for the news with Нови кадри показват боя над полицейския шеф, пред NOVA говорят съпругата му и мъжът, който е бил с него with url https://nova.bg/news/view/2025/09/09/510003/%D0%BD%D0%BE%D0%B2%D0%B8-%D0%BA%D0%B0%D0%B4%D1%80%D0%B8-%D0%BF%D0%BE%D0%BA%D0%B0%D0%B7%D0%B2%D0%B0%D1%82-%D0%B1%D0%BE%D1%8F-%D0%BD%D0%B0%D0%B4-%D0%BF%D0%BE%D0%BB%D0%B8%D1%86%D0%B5%D0%B9%D1%81%D0%BA%D0%B8%D1%8F-%D1%88%D0%B5%D1%84-%D0%BF%D1%80%D0%B5%D0%B4-nova-%D0%B3%D0%BE%D0%B2%D0%BE%D1%80%D1%8F%D1%82-%D1%81%D1%8A%D0%BF%D1%80%D1%83%D0%B3%D0%B0%D1%82%D0%B0-%D0%BC%D1%83-%D0%B8-%D0%BC%D1%8A%D0%B6%D1%8A%D1%82-%D0%BA%D0%BE%D0%B9%D1%82%D0%BE-%D0%B5-%D0%B1%D0%B8%D0%BB-%D1%81-%D0%BD%D0%B5%D0%B3%D0%BE/ and text За първи път говори жената на пребития шеф на полицията в Русе старши комисар Николай Кожухаров. Пред камерата на NOVA  застана и мъжът, който е бил с полицейския началник. В същото време  възникна буря от въпроси, след като в сайта на „Българските елфи” бяха пуснати два записа, които показват секундите преди конфликта и началото на боя. Според едната страна по случая -  кадрите доказват, че четиримата обвинени младежи са били нападнати.  Другата страна вижда на записа точно обратното- че момчетата започват агресията. Записите повдигнаха нови въпроси вместо да дадат отговор кой виновен. Първите кадри, публикувани на страницата на "Българските елфи", бяха разчетени от защитата на четиримата младежи като подкрепа за тяхната теза. А именно, че младежите, които към момента са в ареста по обвинение за боя над Кожухаров, са били нападнати безпричинно от спътника на шефа на русенската полиция. По-късно от МВР бяха категорични, че записите са поне два. На втория се вижда ясно моментът, в който спътникът на старши комисар Николай Кожухаров прави опит да спре движещата се кола. Причината - била много шумна. Но вместо момчетата в автомобила да си вземат бележка - нападат спътника на Николай Кожухаров. Случаят с побоя в Русе: Даниел Митов определи като "защитна теза" твърденията на задържаните И тъй като всички се надяват съдът да каже къде е истината - и от съда, и от прокуратурата обявика, че всички налични записи вече са при тях и се се прави експертиза доколко те са автентични и дали не са били манипулирани. Резултатите от тези експертизи трябва да бъдат готови преди петък, когато Апелативният съд във Велико Търново ще заседава по мерките за неотклонение на четиримата задържани и ще реши окончателно дали остават в ареста. Записите, качени от "Българските елфи", са три. Това, което се вижда на тях, е как мъжът, който е с шефа на русенската полиция, се приближава към колата откъм страната на шофьора. Оттам нататък версиите на двете страни се разминават. Георги Димитров, който е бил с полицейския началник, застана пред камерата на NOVA. "Може би моето ръкомахане е предизвикало такова впечатление, че съм опитал да спра колата. По никакъв начин не съм. Не казвам, че е дрифтил. Не казвам, че е бил с висока скорост. Това си е мое предположение, според мен скоростта си е висока. Колата мина може би на 1 метър от децата", разказва Георги Димитров, участник в инцидента и съсед на старши комисар Кожухаров. И допълва, че затова е ръкомахал: "За да поискам някакво обяснение все пак". Побоят в Русе: Противоречива информация и различни версии По думите на Георги Димитров, той предупреждава да са по-внимателни, но е бил нападнат. "Дръпнах се назад, при което подпрях вратата. Да избегна при последващ конфликт някой да слезе. Те ме избутаха, аз паднах и вече всичко става на кадър", твърди той.    Димитров не е видял старши комисар Николай Кожухаров да се легитимира, но по думите му "крещял, че е полицай". На въпрос видял ли е кога полицейският началник е бил ударен отговори: "Не, не съм видял. Не мога да кажа".    На метри от случващото се е и съпругата на старши комисар Николай Кожухаров. "Викаше се, псуваше се. Не съм го видяла кога и как се е легитимирал", разказва Диана Петрова, съпруга на Николай Кожухаров Всичко започва след като групата чува шум от бързо движеща се кола. Диана твърди, че не е видяла кой е започнал боя. Чула викове и се обърнала да види какво става. "Просто видях моя мъж да се държи за кръста. При което помислих дали някой да не го е наръгал с нещо. Отидох да го проверя да няма някъде нещо - кръв", заяви Петрова.     На кадрите се виждат две патрулки и линейка, като спешният автомобил си тръгва минута по-късно без пациент. Близките на четиримата обвинени младежи продължават да твърдят, че те са били нападнати. Адвокатът на 15-годишното момче заяви, че кадрите опровергават тезата на полицията и прокуратурата. Състоянието на старши комисар Николай Кожухаров остава без промяна   "Това е един провокиран случай от Кожухаров и неговия съсед, приятел, спътник... който е. Спира кола. Виждаме нанасяния на удари от възрастния отвън на шофьора и след това развитието на случая", твърди Методи Лалов, адвокат на обвиняемия.    По думите на Лалов, по време на процеса на първата инстанция, записите от охранителни камери не са гледани, а е използвана само направената им експертиза.   "Съдия Милена Пейчева от Окръжен съд- Русе казва с определението, с което е задължала 15-годишния младеж, че е проявена непровокирана агресия. Чакайте, видяхме провокирана агресия. Удар. Пръв", твърди защитникът.    От МВР са категорични - всички записи са предадени на разследващите. "Този запис от "БГ елфите", по мое виждане, не знам доколко е коректен. Защото се появи друг запис  - този на  "БГ елфите", на който не се вижда как другият пострадал, който е с разбита и зашита устна, се дърпа, защото се опитват да му бъде нанесен удар", заяви Филип Попов, зам.-министър на вътрешните работи. От Окръжния съд в Русе излязоха с официално становище по казуса със старши комисар Кожухаров. Съдиите уверяват обществеността в своята обективност и заявяват, че работят съобразно закона и вътрешното си убеждение, при съблюдаване на основните принципи, които гарантират равенство на страните, справедлив процес и правна сигурност за всички граждани. Родителите на единия от задържаните за побоя над шефа на МВР: Синът ни учи "Национална сигурност", отличник е Политическа реакция, след като тези записи станаха публични. Политическа реакция след като тези записи станаха публични. От "Демократична България" внесоха искане за изслушване на премиера Росен Желязков и искат оставката на вътрешния министър Даниел Митов. Аргументът им е, че обществото е било дезинформирано. „Това, което видяхме, е една откровена лъжа и опити от страна на МВР да дезинформира обществото за пореден път. Както се е случило и не веднъж. Това, което се вижда на камерите, е, че правилната версия е тази на обвинените. Затова ние считаме, че в МВР вече е време за оставки. И ако това не се случи -  премиерът трябва да поиска оставката на вътрешния министър”, заяви Ивайло Мирчев от „Демократична България”. „Не виждам по какъв начин този запис и искането на ПП-ДБ по някакъв начин кореспондират с действията на МВР. Още в същия ден министър Митов и ръководството на МВР предприеха всички необходими действия. Бяха на място в Русе, за да се запознаят лично със случая. Гласният секретар, както и министър Митов - разпоредиха колеги от ГДНП да отидат в Русе, за да бъде обективно разследването. Така че  - тези щения на ПП-ДБ по никакъв начин не кореспондират с реалността и с това, което се е случило на практика”, подчерта от своя страна зам.-министърът на МВР Филип Попов. Обвиниха четирима за хулиганство, а двама - и за побоя на шефа на полицията в Русе Зад служителите в министерството обаче застанаха от синдикалния алианс "Сигурност" в МВР. В декларация те обявиха, че искат пълно и всестранно разследване. По думите им в момента само се нагнетява обществено напрежение. "Започва да се приема за нормално някои хора - или някои социални групи, или професионални групи -  да бъдат демонизирани и сатанизирани. И да се твърди, че на тях е нормално да им се случват лоши неща. Не казваме някой да бъде прикрит. Едновременно с еднакво усърдие трябва да се работи", категоричен е Галентин Грозев, адвокат към Синдикален Алианс "Сигуност" в МВР. Последвайте ни from source: nova.bg was successfully added to the BaseWebsite._data_dict
14-09-2025 13:27:49 INFO     	For media nova.bg (TV news) searching in page https://nova.bg/news/category/2/%D0%B1%D1%8A%D0%BB%D0%B3%D0%B0%D1%80%D0%B8%D1%8F/15	The number of found articles is: 2
14-09-2025 13:27:49 INFO     Info: ('nova.bg', 'TV news')
Current page is 15
14-09-2025 13:27:49 INFO     	For media nova.bg (TV news) searching in page https://nova.bg/news/category/2/%D0%B1%D1%8A%D0%BB%D0%B3%D0%B0%D1%80%D0%B8%D1%8F/16	The number of found articles is: 2
14-09-2025 13:27:49 INFO     Info: ('nova.bg', 'TV news')
Current page is 16
14-09-2025 13:27:49 INFO     	For media nova.bg (TV news) searching in page https://nova.bg/news/category/2/%D0%B1%D1%8A%D0%BB%D0%B3%D0%B0%D1%80%D0%B8%D1%8F/17	The number of found articles is: 2
14-09-2025 13:27:49 INFO     Info: ('nova.bg', 'TV news')
Current page is 17
14-09-2025 13:27:49 INFO     	For media nova.bg (TV news) searching in page https://nova.bg/news/category/2/%D0%B1%D1%8A%D0%BB%D0%B3%D0%B0%D1%80%D0%B8%D1%8F/18	The number of found articles is: 2
14-09-2025 13:27:49 INFO     Info: ('nova.bg', 'TV news')
Current page is 18
14-09-2025 13:27:49 INFO     	For media nova.bg (TV news) searching in page https://nova.bg/news/category/2/%D0%B1%D1%8A%D0%BB%D0%B3%D0%B0%D1%80%D0%B8%D1%8F/19	The number of found articles is: 2
14-09-2025 13:27:49 INFO     Info: ('nova.bg', 'TV news')
Current page is 19
14-09-2025 13:27:49 INFO     	For media nova.bg (TV news) searching in page https://nova.bg/news/category/2/%D0%B1%D1%8A%D0%BB%D0%B3%D0%B0%D1%80%D0%B8%D1%8F/20	The number of found articles is: 2
14-09-2025 13:27:49 INFO     Info: ('nova.bg', 'TV news')
Current page is 20
14-09-2025 13:27:50 INFO     	For media nova.bg (TV news) searching in page https://nova.bg/news/category/2/%D0%B1%D1%8A%D0%BB%D0%B3%D0%B0%D1%80%D0%B8%D1%8F/21	The number of found articles is: 2
14-09-2025 13:27:50 INFO     Info: ('nova.bg', 'TV news')
Current page is 21
14-09-2025 13:27:50 INFO     	For media nova.bg (TV news) searching in page https://nova.bg/news/category/2/%D0%B1%D1%8A%D0%BB%D0%B3%D0%B0%D1%80%D0%B8%D1%8F/22	The number of found articles is: 2
14-09-2025 13:27:50 INFO     Info: ('nova.bg', 'TV news')
Current page is 22
14-09-2025 13:27:50 INFO     ---News article: <<< Празник на релси с БДЖ: Легендарният парен локомотив "Баба Меца" потегли за Фестивала на чесъна >>> was not included in the data because none of BaseWebsite._second_level keywords were found in the article text Article url: https://nova.bg/news/view/2025/09/06/509709/%D0%BF%D1%80%D0%B0%D0%B7%D0%BD%D0%B8%D0%BA-%D0%BD%D0%B0-%D1%80%D0%B5%D0%BB%D1%81%D0%B8-%D1%81-%D0%B1%D0%B4%D0%B6-%D0%BB%D0%B5%D0%B3%D0%B5%D0%BD%D0%B4%D0%B0%D1%80%D0%BD%D0%B8%D1%8F%D1%82-%D0%BF%D0%B0%D1%80%D0%B5%D0%BD-%D0%BB%D0%BE%D0%BA%D0%BE%D0%BC%D0%BE%D1%82%D0%B8%D0%B2-%D0%B1%D0%B0%D0%B1%D0%B0-%D0%BC%D0%B5%D1%86%D0%B0-%D0%BF%D0%BE%D1%82%D0%B5%D0%B3%D0%BB%D0%B8-%D0%B7%D0%B0-%D1%84%D0%B5%D1%81%D1%82%D0%B8%D0%B2%D0%B0%D0%BB%D0%B0-%D0%BD%D0%B0-%D1%87%D0%B5%D1%81%D1%8A%D0%BD%D0%B0/
14-09-2025 13:27:50 INFO     	For media nova.bg (TV news) searching in page https://nova.bg/news/category/2/%D0%B1%D1%8A%D0%BB%D0%B3%D0%B0%D1%80%D0%B8%D1%8F/23	The number of found articles is: 2
14-09-2025 13:27:50 INFO     Info: ('nova.bg', 'TV news')
Current page is 23
14-09-2025 13:27:51 INFO     ---News article: <<< Заветите на баба Дешка: Как се плетат трибагреници и се пази българщината >>> was not included in the data because none of BaseWebsite._second_level keywords were found in the article text Article url: https://nova.bg/news/view/2025/09/06/509696/%D0%B7%D0%B0%D0%B2%D0%B5%D1%82%D0%B8%D1%82%D0%B5-%D0%BD%D0%B0-%D0%B1%D0%B0%D0%B1%D0%B0-%D0%B4%D0%B5%D1%88%D0%BA%D0%B0-%D0%BA%D0%B0%D0%BA-%D1%81%D0%B5-%D0%BF%D0%BB%D0%B5%D1%82%D0%B0%D1%82-%D1%82%D1%80%D0%B8%D0%B1%D0%B0%D0%B3%D1%80%D0%B5%D0%BD%D0%B8%D1%86%D0%B8-%D0%B8-%D1%81%D0%B5-%D0%BF%D0%B0%D0%B7%D0%B8-%D0%B1%D1%8A%D0%BB%D0%B3%D0%B0%D1%80%D1%89%D0%B8%D0%BD%D0%B0%D1%82%D0%B0/
14-09-2025 13:27:51 INFO     	For media nova.bg (TV news) searching in page https://nova.bg/news/category/2/%D0%B1%D1%8A%D0%BB%D0%B3%D0%B0%D1%80%D0%B8%D1%8F/24	The number of found articles is: 2
14-09-2025 13:27:51 INFO     Info: ('nova.bg', 'TV news')
Current page is 24
14-09-2025 13:27:51 INFO     	For media nova.bg (TV news) searching in page https://nova.bg/news/category/2/%D0%B1%D1%8A%D0%BB%D0%B3%D0%B0%D1%80%D0%B8%D1%8F/25	The number of found articles is: 2
14-09-2025 13:27:51 INFO     Info: ('nova.bg', 'TV news')
Current page is 25
14-09-2025 13:27:51 INFO     	For media nova.bg (TV news) searching in page https://nova.bg/news/category/2/%D0%B1%D1%8A%D0%BB%D0%B3%D0%B0%D1%80%D0%B8%D1%8F/26	The number of found articles is: 2
14-09-2025 13:27:51 INFO     Info: ('nova.bg', 'TV news')
Current page is 26
14-09-2025 13:27:51 INFO     ---Article with title: Въздушната линейка транспортира жена с мозъчен кръвоизлив от Смолян до София was not added because contains words from article title exclusion list: ['тир']
14-09-2025 13:27:51 INFO     	For media nova.bg (TV news) searching in page https://nova.bg/news/category/2/%D0%B1%D1%8A%D0%BB%D0%B3%D0%B0%D1%80%D0%B8%D1%8F/27	The number of found articles is: 2
14-09-2025 13:27:51 INFO     Info: ('nova.bg', 'TV news')
Current page is 27
14-09-2025 13:27:51 INFO     ---Article with title: 80-годишен шофьор помете и уби жена на пешеходна пътека в Габрово was not added because contains words from article title exclusion list: ['шофьор', 'пешеход']
14-09-2025 13:27:51 INFO     	For media nova.bg (TV news) searching in page https://nova.bg/news/category/2/%D0%B1%D1%8A%D0%BB%D0%B3%D0%B0%D1%80%D0%B8%D1%8F/28	The number of found articles is: 2
14-09-2025 13:27:51 INFO     Info: ('nova.bg', 'TV news')
Current page is 28
14-09-2025 13:27:51 INFO     	For media nova.bg (TV news) searching in page https://nova.bg/news/category/2/%D0%B1%D1%8A%D0%BB%D0%B3%D0%B0%D1%80%D0%B8%D1%8F/29	The number of found articles is: 2
14-09-2025 13:27:51 INFO     Info: ('nova.bg', 'TV news')
Current page is 29
14-09-2025 13:27:51 INFO     	For media nova.bg (TV news) searching in page https://nova.bg/news/category/2/%D0%B1%D1%8A%D0%BB%D0%B3%D0%B0%D1%80%D0%B8%D1%8F/30	The number of found articles is: 2
14-09-2025 13:27:51 INFO     Info: ('nova.bg', 'TV news')
Current page is 30
14-09-2025 13:27:51 INFO     	For media nova.bg (TV news) searching in page https://nova.bg/news/category/2/%D0%B1%D1%8A%D0%BB%D0%B3%D0%B0%D1%80%D0%B8%D1%8F/31	The number of found articles is: 2
14-09-2025 13:27:51 INFO     Info: ('nova.bg', 'TV news')
Current page is 31
14-09-2025 13:27:52 INFO     	For media nova.bg (TV news) searching in page https://nova.bg/news/category/2/%D0%B1%D1%8A%D0%BB%D0%B3%D0%B0%D1%80%D0%B8%D1%8F/32	The number of found articles is: 2
14-09-2025 13:27:52 INFO     Info: ('nova.bg', 'TV news')
Current page is 32
14-09-2025 13:27:52 INFO     ---Article with title: Бабата на обвинения за катастрофата с трамвай: Каза ми, че се е опитал да го спре was not added because contains words from article title exclusion list: ['катастроф', 'трамва']
14-09-2025 13:27:52 INFO     	For media nova.bg (TV news) searching in page https://nova.bg/news/category/2/%D0%B1%D1%8A%D0%BB%D0%B3%D0%B0%D1%80%D0%B8%D1%8F/33	The number of found articles is: 2
14-09-2025 13:27:52 INFO     Info: ('nova.bg', 'TV news')
Current page is 33
14-09-2025 13:27:52 INFO     ---Article with title: Бабата на обвиняемия за катастрофата с трамвай: Добро дете е, не проумявам какво е извършил was not added because contains words from article title exclusion list: ['катастроф', 'трамва', 'добро', 'дете']
14-09-2025 13:27:52 INFO     	For media nova.bg (TV news) searching in page https://nova.bg/news/category/2/%D0%B1%D1%8A%D0%BB%D0%B3%D0%B0%D1%80%D0%B8%D1%8F/34	The number of found articles is: 2
14-09-2025 13:27:52 INFO     Info: ('nova.bg', 'TV news')
Current page is 34
14-09-2025 13:27:52 INFO     +++ Records for the news with Почина жената, пометена от АТВ в "Слънчев бряг" with url https://nova.bg/news/view/2025/09/03/509328/%D0%BF%D0%BE%D1%87%D0%B8%D0%BD%D0%B0-%D0%B6%D0%B5%D0%BD%D0%B0%D1%82%D0%B0-%D0%BF%D0%BE%D0%BC%D0%B5%D1%82%D0%B5%D0%BD%D0%B0-%D0%BE%D1%82-%D0%B0%D1%82%D0%B2-%D0%B2-%D1%81%D0%BB%D1%8A%D0%BD%D1%87%D0%B5%D0%B2-%D0%B1%D1%80%D1%8F%D0%B3/ and text Христина, майката на 4-годишния Марти, който беше ударен заедно с нея от АТВ в "Слънчев бряг", е починала. Детето беше транспортирано в болница "Пирогов", а Христина изпадна в мозъчна смърт, като жизнените ѝ показатели се поддържаха по изкуствен път. Продължава борбата за живот на 4-годишния Мартин, пометен от АТВ в „Слънчев бряг” Инцидентът в черноморския курорт се случи на 14 август в ранния следобед. 18-годишният Никола Бургазлиев от Несебър наел мощното електрическо превозно средство и го подкарал по алеята в курорта. Изгубил контрол и за да избегне удар с насрещно движещ се автомобил, се качил на тротоара. Там блъска 35-годишни съпрузи от Пловдив заедно с 4-годишното им момченце и двете племеннички на мъжа - на 6 и 12 години. Задържаният водач на АТВ-то имал марихуана в кръвта и урината. Това показаха резултатите от химико-токсикологичната експертиза. Очаква се обвинението срещу него да бъде преквалифицирано в умишлено.  Последвайте ни from source: nova.bg was successfully added to the BaseWebsite._data_dict
14-09-2025 13:27:52 INFO     	For media nova.bg (TV news) searching in page https://nova.bg/news/category/2/%D0%B1%D1%8A%D0%BB%D0%B3%D0%B0%D1%80%D0%B8%D1%8F/35	The number of found articles is: 3
14-09-2025 13:27:52 INFO     Info: ('nova.bg', 'TV news')
Current page is 35
14-09-2025 13:27:53 INFO     +++ Records for the news with Мнима врачка обра възрастна жена от Горна Оряховица with url https://nova.bg/news/view/2025/09/03/509301/%D0%BC%D0%BD%D0%B8%D0%BC%D0%B0-%D0%B2%D1%80%D0%B0%D1%87%D0%BA%D0%B0-%D0%BE%D0%B1%D1%80%D0%B0-%D0%B2%D1%8A%D0%B7%D1%80%D0%B0%D1%81%D1%82%D0%BD%D0%B0-%D0%B6%D0%B5%D0%BD%D0%B0-%D0%BE%D1%82-%D0%B3%D0%BE%D1%80%D0%BD%D0%B0-%D0%BE%D1%80%D1%8F%D1%85%D0%BE%D0%B2%D0%B8%D1%86%D0%B0/ and text Мнима врачка обра възрастна жена от Горна Оряховица. Случаят е от 31 август 2025 г. около 18 ч., когато на път за пазар 79-годишна жителка на града била спряна от непозната. Тя казала, че на възрастната жена ѝ била направена “черна магия за смърт в семейството”. Извършителката искала от потърпевшата различни вещи, както и сума пари, за да „развали магията”.  В кърпа вързала 2400 лева, за които било указано да не се пипат в продължение на три дни. Пострадалата се усъмнила в ритуала и след проверка на сумата установила липса на 650 лева. Осъдиха жена, измамила „омагьосан” да ѝ плати 9000 лв. за ритуал с восък и яйца След подаване на сигнал на 02.09.2025 г. в РУ Горна Оряховица е образувано досъдебно производство за извършено престъпление. Последвайте ни from source: nova.bg was successfully added to the BaseWebsite._data_dict
14-09-2025 13:27:53 INFO     	For media nova.bg (TV news) searching in page https://nova.bg/news/category/2/%D0%B1%D1%8A%D0%BB%D0%B3%D0%B0%D1%80%D0%B8%D1%8F/36	The number of found articles is: 4
14-09-2025 13:27:53 INFO     Info: ('nova.bg', 'TV news')
Current page is 36
14-09-2025 13:27:54 INFO     +++ Records for the news with Скритите жертви: 7% от пострадалите от домашно насилие са жени над 65 години with url https://nova.bg/news/view/2025/09/03/509240/%D1%81%D0%BA%D1%80%D0%B8%D1%82%D0%B8%D1%82%D0%B5-%D0%B6%D0%B5%D1%80%D1%82%D0%B2%D0%B8-7-%D0%BE%D1%82-%D0%BF%D0%BE%D1%81%D1%82%D1%80%D0%B0%D0%B4%D0%B0%D0%BB%D0%B8%D1%82%D0%B5-%D0%BE%D1%82-%D0%B4%D0%BE%D0%BC%D0%B0%D1%88%D0%BD%D0%BE-%D0%BD%D0%B0%D1%81%D0%B8%D0%BB%D0%B8%D0%B5-%D1%81%D0%B0-%D0%B6%D0%B5%D0%BD%D0%B8-%D0%BD%D0%B0%D0%B4-65-%D0%B3%D0%BE%D0%B4%D0%B8%D0%BD%D0%B8/ and text Възрастните жени са една от най-уязвимите и често невидими групи, страдащи от домашно насилие. Според официалната статистика 7% от жените, жертви на насилие, са на възраст над 65 години. За техните проблеми, социалната им изолация и липсата на изход разказва Лиляна Янакиева, социален работник и координатор на програма за работа с извършители на домашно насилие към Асоциация „Ния“ в предаването "Социална мрежа" по NOVA NEWS. Кои са насилниците и защо? В голяма част от случаите извършителите на насилие над възрастни жени са техните пораснали синове. Тези жени често са останали вдовици и грижата за тях се поема от децата им. Проблемът възниква, когато синовете имат множество зависимости, безработни са и разчитат изцяло на малките пенсии на своите майки. Вместо синовете да полагат грижи за родителите си, възрастните жени са принудени да ги издържат, което често води до тежко насилие. Жените търпят насилие през целия си живот, което продължава и в напреднала възраст. Случаят с починалата родилка в Русе: Липсата на медицински стандарти отново на дневен ред Социална изолация и страх Възрастните жени, жертви на насилие, търсят подкрепа едва когато ситуацията ескалира – след жесток физически тормоз или когато насилникът им отнеме парите до степен, в която не могат да си платят тока, водата или лекарствата. За тях е изключително трудно да заведат дело по Закона за защита от домашно насилие. Проблемът остава скрит и поради страха в обществото. Съседи и близки често премълчават, опасявайки се от отмъщение от страна на насилника. „Съседът няма да подаде сигнал, защото казва: „Ами той ще се напие и ще дойде при мен, аз ще трябва да понеса отговорност след това“, обяснява Янакиева. Механизми за подкрепа и работа с извършителите Въпреки трудностите, има механизми за помощ. В малките населени места жените често се обръщат към кварталния полицай или кмета, които познават. Оттам те биват насочвани към организации като Асоциация „Ния“. Оказва се комплексна грижа, която включва достъпни здравни грижи, патронажна и асистентска помощ, както и хуманитарни пакети. Когато жена заведе дело, една от мерките срещу насилника е задължението да посещава програма за извършители на домашно насилие. Тази програма е с продължителност шест месеца и с извършителите работят социални работници и психолози. Асоциация „Ния“ поддържа телефонна линия, на която пострадалите или свидетели могат да подават сигнали, включително и анонимни. „Когато една пострадала от домашно насилие знае, че не е сама и има към кого да се обърне, тя се чувства подкрепена“, заключава Лиляна Янакиева. Целия разговор гледайте във видеото. Последвайте ни from source: nova.bg was successfully added to the BaseWebsite._data_dict
14-09-2025 13:27:54 INFO     	For media nova.bg (TV news) searching in page https://nova.bg/news/category/2/%D0%B1%D1%8A%D0%BB%D0%B3%D0%B0%D1%80%D0%B8%D1%8F/37	The number of found articles is: 5
14-09-2025 13:27:54 INFO     Info: ('nova.bg', 'TV news')
Current page is 37
14-09-2025 13:27:54 INFO     ---Article with title: Майката на пострадалите в катастрофата край Монтана остава в болница was not added because contains words from article title exclusion list: ['катастроф']
14-09-2025 13:27:54 INFO     	For media nova.bg (TV news) searching in page https://nova.bg/news/category/2/%D0%B1%D1%8A%D0%BB%D0%B3%D0%B0%D1%80%D0%B8%D1%8F/38	The number of found articles is: 5
14-09-2025 13:27:54 INFO     Info: ('nova.bg', 'TV news')
Current page is 38
14-09-2025 13:27:54 INFO     	For media nova.bg (TV news) searching in page https://nova.bg/news/category/2/%D0%B1%D1%8A%D0%BB%D0%B3%D0%B0%D1%80%D0%B8%D1%8F/39	The number of found articles is: 5
14-09-2025 13:27:54 INFO     Info: ('nova.bg', 'TV news')
Current page is 39
14-09-2025 13:27:54 INFO     	For media nova.bg (TV news) searching in page https://nova.bg/news/category/2/%D0%B1%D1%8A%D0%BB%D0%B3%D0%B0%D1%80%D0%B8%D1%8F/40	The number of found articles is: 5
14-09-2025 13:27:54 INFO     Info: ('nova.bg', 'TV news')
Current page is 40
14-09-2025 13:27:54 INFO     	For media nova.bg (TV news) searching in page https://nova.bg/news/category/2/%D0%B1%D1%8A%D0%BB%D0%B3%D0%B0%D1%80%D0%B8%D1%8F/41	The number of found articles is: 5
14-09-2025 13:27:54 INFO     Info: ('nova.bg', 'TV news')
Current page is 41
14-09-2025 13:27:54 INFO     	For media nova.bg (TV news) searching in page https://nova.bg/news/category/2/%D0%B1%D1%8A%D0%BB%D0%B3%D0%B0%D1%80%D0%B8%D1%8F/42	The number of found articles is: 5
14-09-2025 13:27:54 INFO     Info: ('nova.bg', 'TV news')
Current page is 42
14-09-2025 13:27:54 INFO     	For media nova.bg (TV news) searching in page https://nova.bg/news/category/2/%D0%B1%D1%8A%D0%BB%D0%B3%D0%B0%D1%80%D0%B8%D1%8F/43	The number of found articles is: 5
14-09-2025 13:27:54 INFO     Info: ('nova.bg', 'TV news')
Current page is 43
14-09-2025 13:27:55 INFO     ---News article: <<< „Новите известни”: Димитър Христов - момчето на баба, което промени българския TikTok >>> was not included in the data because none of BaseWebsite._second_level keywords were found in the article text Article url: https://nova.bg/news/view/2025/09/01/508980/%D0%BD%D0%BE%D0%B2%D0%B8%D1%82%D0%B5-%D0%B8%D0%B7%D0%B2%D0%B5%D1%81%D1%82%D0%BD%D0%B8-%D0%B4%D0%B8%D0%BC%D0%B8%D1%82%D1%8A%D1%80-%D1%85%D1%80%D0%B8%D1%81%D1%82%D0%BE%D0%B2-%D0%BC%D0%BE%D0%BC%D1%87%D0%B5%D1%82%D0%BE-%D0%BD%D0%B0-%D0%B1%D0%B0%D0%B1%D0%B0-%D0%BA%D0%BE%D0%B5%D1%82%D0%BE-%D0%BF%D1%80%D0%BE%D0%BC%D0%B5%D0%BD%D0%B8-%D0%B1%D1%8A%D0%BB%D0%B3%D0%B0%D1%80%D1%81%D0%BA%D0%B8%D1%8F-tiktok/
14-09-2025 13:27:55 INFO     +++ Records for the news with Може ли адвокатът на задържания за сексуални отношения с ученичка също да се окаже с обвинение with url https://nova.bg/news/view/2025/09/01/508981/%D0%BC%D0%BE%D0%B6%D0%B5-%D0%BB%D0%B8-%D0%B0%D0%B4%D0%B2%D0%BE%D0%BA%D0%B0%D1%82%D1%8A%D1%82-%D0%BD%D0%B0-%D0%B7%D0%B0%D0%B4%D1%8A%D1%80%D0%B6%D0%B0%D0%BD%D0%B8%D1%8F-%D0%B7%D0%B0-%D1%81%D0%B5%D0%BA%D1%81%D1%83%D0%B0%D0%BB%D0%BD%D0%B8-%D0%BE%D1%82%D0%BD%D0%BE%D1%88%D0%B5%D0%BD%D0%B8%D1%8F-%D1%81-%D1%83%D1%87%D0%B5%D0%BD%D0%B8%D1%87%D0%BA%D0%B0-%D1%81%D1%8A%D1%89%D0%BE-%D0%B4%D0%B0-%D1%81%D0%B5-%D0%BE%D0%BA%D0%B0%D0%B6%D0%B5-%D1%81-%D0%BE%D0%B1%D0%B2%D0%B8%D0%BD%D0%B5%D0%BD%D0%B8%D0%B5/ and text Думите на адвоката на задържания за сексуални отношения с 13-годишно момиче учител предизвикаха буря от реакции. Пред медиите той прехвърли вината върху ученичката. Според него момичето дори не е дете. „Тя не е дете. Знаете как се развиват 13-годишните днес. Клиентът ми е обвинен по текст от 1968 г. Проблемът е чисто морален и психологически, защото инициативата за цялата връзка е била на ученичката”, заяви адвокат Петър Чалъмов, след като клиентът му беше задържан за постоянно миналата седмица. Обвиненият за сексуални отношения с ученичка остава в ареста В ефира на „Здравей, България” адвокатът Ивета Анадолска и психологът Иван Игов изразиха мнение, че думите на защитата са опасна форма на легитимиране на насилието. „Този човек си позволи публично да дискредитира закона. Ако адвокатурата има някаква етична комисия, тя би трябвало да се заеме веднага с него. Дори може да му се повдигне обвинение. Това е провокация към обществено насилие срещу деца. Трябва да се намеси и Агенцията за закрила на детето”, смята психологът. „Имаш право да защитаваш клиента си, но не с всякакви средства. Тези са непозволени”, допълни адвокат Анадолска. Тя поясни, че все още не е ясно каква присъда ще получи учителят. „Дали ще е условна, зависи от много фактори. Адвокатът каза, че мъжът признава вината си. Не мисля обаче, че може да се върви към съкратено съдебно следствие с намаляване с 1/3 на определеното наказание, ако признае фактите по обвинителния акт”, каза още Анадолска. ► Дете ли е момиче на 13 години и какви граници слага законът относно така наречената възраст за съгласие? „Законът е категоричен – 14 години. Няма никакво място за тълкуване и импровизация. Когато осъществиш сексуален контакт с лице под тази възраст, това е престъпление. Законодателят е предвидил, че под тази възраст лицето не може да дава валидно съгласие. Ако има принуда, тогава ще бъде по много по-тежък текст от НК – блудство, изнасилване. Тук говорим за осъществен контакт между двамата. Тя е на възраст под 14 години и не може да дава съгласие, което да има правна стойност. Всички твърдения, че е зряла жена и  инициативата е била нейна, нямат никакво значение от правна гледна точка. Морално-етичният аспект няма да коментирам, защото ми е неудобно. Няма никакво съмнение, че е престъпление. Правилно беше посочено, че е предвидено наказание от 2 до 8 години затвор. Момичето е поставено под надзор, той е неин учител. Тя е била във форма на зависимост и това му дава по-тежка квалификация”, каза Анадолска. Задържаха учител за сексуални контакти със седмокласничка Според психолога има разлика между физическо и психическо развитие. „Акселерацията кара децата да се развиват по-бързо. Момичетата по-бързо придобиват женствени черти, но това не означава, че тяхната психика е развита. Имал съм случаи, в които такива момичета искат да са по-провокативни и интересни. И в този казус е така. Момичето си мисли: „Искам да покажа пред моите връстници, че учителят, когото всички харесват, обръща внимание на мен”, обясни психологът. По думите му толкова ранни сексуални контакти може до доведат до депресии и страх от общуване с другия пол. ► Ролята на училището „Няма никакви часове по сексуално образование. Тези деца не са подготвени да разбират своите чувства. Ако си учител, влизайки в училище, ти ставаш асексуален. Не може да гледаш на момичетата по друг начин, освен като на твои ученички. Ако това нещо го няма, би трябвало да си тръгнеш. Учителите по физкултура са изложени на повече напрежение. Момичетата са със спортни екипи, събличат се. Когато бях училищен психолог, при мен идваха да се оплакват, че учителят ги пляска по дупетата, защото смята, че така по-бързо ще ги вкара в салона”, допълни Игов. Целия разговор гледайте във видеото. Последвайте ни from source: nova.bg was successfully added to the BaseWebsite._data_dict
14-09-2025 13:27:55 INFO     	For media nova.bg (TV news) searching in page https://nova.bg/news/category/2/%D0%B1%D1%8A%D0%BB%D0%B3%D0%B0%D1%80%D0%B8%D1%8F/44	The number of found articles is: 6
14-09-2025 13:27:55 INFO     Info: ('nova.bg', 'TV news')
Current page is 44
14-09-2025 13:27:56 INFO     	For media nova.bg (TV news) searching in page https://nova.bg/news/category/2/%D0%B1%D1%8A%D0%BB%D0%B3%D0%B0%D1%80%D0%B8%D1%8F/45	The number of found articles is: 6
14-09-2025 13:27:56 INFO     Info: ('nova.bg', 'TV news')
Current page is 45
14-09-2025 13:27:56 INFO     	For media nova.bg (TV news) searching in page https://nova.bg/news/category/2/%D0%B1%D1%8A%D0%BB%D0%B3%D0%B0%D1%80%D0%B8%D1%8F/46	The number of found articles is: 6
14-09-2025 13:27:56 INFO     Info: ('nova.bg', 'TV news')
Current page is 46
14-09-2025 13:27:56 INFO     	For media nova.bg (TV news) searching in page https://nova.bg/news/category/2/%D0%B1%D1%8A%D0%BB%D0%B3%D0%B0%D1%80%D0%B8%D1%8F/47	The number of found articles is: 6
14-09-2025 13:27:56 INFO     Info: ('nova.bg', 'TV news')
Current page is 47
14-09-2025 13:27:56 INFO     	For media nova.bg (TV news) searching in page https://nova.bg/news/category/2/%D0%B1%D1%8A%D0%BB%D0%B3%D0%B0%D1%80%D0%B8%D1%8F/48	The number of found articles is: 6
14-09-2025 13:27:56 INFO     Info: ('nova.bg', 'TV news')
Current page is 48
14-09-2025 13:27:56 INFO     ---Article with title: Ретро влак с легендарния локомотив „Баба Меца“ пристига в Долни Раковец was not added because contains words from article title exclusion list: ['влак']
14-09-2025 13:27:56 INFO     	For media nova.bg (TV news) searching in page https://nova.bg/news/category/2/%D0%B1%D1%8A%D0%BB%D0%B3%D0%B0%D1%80%D0%B8%D1%8F/49	The number of found articles is: 6
14-09-2025 13:27:56 INFO     Info: ('nova.bg', 'TV news')
Current page is 49
14-09-2025 13:27:56 INFO     	For media nova.bg (TV news) searching in page https://nova.bg/news/category/2/%D0%B1%D1%8A%D0%BB%D0%B3%D0%B0%D1%80%D0%B8%D1%8F/50	The number of found articles is: 6
14-09-2025 13:27:56 INFO     Info: ('nova.bg', 'TV news')
Current page is 50
14-09-2025 13:27:56 INFO     	For media nova.bg (TV news) searching in page https://nova.bg/news/category/2/%D0%B1%D1%8A%D0%BB%D0%B3%D0%B0%D1%80%D0%B8%D1%8F/51	The number of found articles is: 6
14-09-2025 13:27:56 INFO     Info: ('nova.bg', 'TV news')
Current page is 51
14-09-2025 13:27:56 INFO     	For media nova.bg (TV news) searching in page https://nova.bg/news/category/2/%D0%B1%D1%8A%D0%BB%D0%B3%D0%B0%D1%80%D0%B8%D1%8F/52	The number of found articles is: 6
14-09-2025 13:27:56 INFO     Info: ('nova.bg', 'TV news')
Current page is 52
14-09-2025 13:27:57 INFO     	For media nova.bg (TV news) searching in page https://nova.bg/news/category/2/%D0%B1%D1%8A%D0%BB%D0%B3%D0%B0%D1%80%D0%B8%D1%8F/53	The number of found articles is: 6
14-09-2025 13:27:57 INFO     Info: ('nova.bg', 'TV news')
Current page is 53
14-09-2025 13:27:57 INFO     ---Article with title: Ламарина от блок падна върху жена в Самоков was not added because contains words from article title exclusion list: [' падна ']
14-09-2025 13:27:57 INFO     ---News article: <<< Задържаха трима, залели с екскременти жена в Димитровград >>> was not included in the data because none of BaseWebsite._second_level keywords were found in the article text Article url: https://nova.bg/news/view/2025/08/28/508616/%D0%B7%D0%B0%D0%B4%D1%8A%D1%80%D0%B6%D0%B0%D1%85%D0%B0-%D1%82%D1%80%D0%B8%D0%BC%D0%B0-%D0%B7%D0%B0%D0%BB%D0%B5%D0%BB%D0%B8-%D1%81-%D0%B5%D0%BA%D1%81%D0%BA%D1%80%D0%B5%D0%BC%D0%B5%D0%BD%D1%82%D0%B8-%D0%B6%D0%B5%D0%BD%D0%B0-%D0%B2-%D0%B4%D0%B8%D0%BC%D0%B8%D1%82%D1%80%D0%BE%D0%B2%D0%B3%D1%80%D0%B0%D0%B4/
14-09-2025 13:27:57 INFO     ---Article with title: Почина едно от момичетата, скочило от влак край Клисура was not added because contains words from article title exclusion list: ['влак', 'скочи']
14-09-2025 13:27:57 INFO     	For media nova.bg (TV news) searching in page https://nova.bg/news/category/2/%D0%B1%D1%8A%D0%BB%D0%B3%D0%B0%D1%80%D0%B8%D1%8F/54	The number of found articles is: 6
14-09-2025 13:27:57 INFO     Info: ('nova.bg', 'TV news')
Current page is 54
14-09-2025 13:27:57 INFO     ---Article with title: Спор заради размерите на куфар: Защо онкоболна жена не успя да се качи на самолет was not added because contains words from article title exclusion list: ['самолет', 'онко']
14-09-2025 13:27:57 INFO     ---News article: <<< Обвиненият за сексуални отношения с ученичка остава в ареста >>> was not included in the data because none of BaseWebsite._second_level keywords were found in the article text Article url: https://nova.bg/news/view/2025/08/28/508593/%D0%BE%D0%B1%D0%B2%D0%B8%D0%BD%D0%B5%D0%BD%D0%B8%D1%8F%D1%82-%D0%B7%D0%B0-%D1%81%D0%B5%D0%BA%D1%81%D1%83%D0%B0%D0%BB%D0%BD%D0%B8-%D0%BE%D1%82%D0%BD%D0%BE%D1%88%D0%B5%D0%BD%D0%B8%D1%8F-%D1%81-%D1%83%D1%87%D0%B5%D0%BD%D0%B8%D1%87%D0%BA%D0%B0-%D0%BE%D1%81%D1%82%D0%B0%D0%B2%D0%B0-%D0%B2-%D0%B0%D1%80%D0%B5%D1%81%D1%82%D0%B0/
14-09-2025 13:27:57 INFO     	For media nova.bg (TV news) searching in page https://nova.bg/news/category/2/%D0%B1%D1%8A%D0%BB%D0%B3%D0%B0%D1%80%D0%B8%D1%8F/55	The number of found articles is: 6
14-09-2025 13:27:57 INFO     Info: ('nova.bg', 'TV news')
Current page is 55
14-09-2025 13:27:58 INFO     ---News article: <<< Откриха възрастната жена, изчезнала в района на Втора МБАЛ - София >>> was not included in the data because none of BaseWebsite._second_level keywords were found in the article text Article url: https://nova.bg/news/view/2025/08/27/508528/%D0%BE%D1%82%D0%BA%D1%80%D0%B8%D1%85%D0%B0-%D0%B2%D1%8A%D0%B7%D1%80%D0%B0%D1%81%D1%82%D0%BD%D0%B0%D1%82%D0%B0-%D0%B6%D0%B5%D0%BD%D0%B0-%D0%B8%D0%B7%D1%87%D0%B5%D0%B7%D0%BD%D0%B0%D0%BB%D0%B0-%D0%B2-%D1%80%D0%B0%D0%B9%D0%BE%D0%BD%D0%B0-%D0%BD%D0%B0-%D0%B2%D1%82%D0%BE%D1%80%D0%B0-%D0%BC%D0%B1%D0%B0%D0%BB-%D1%81%D0%BE%D1%84%D0%B8%D1%8F/
14-09-2025 13:27:58 INFO     	For media nova.bg (TV news) searching in page https://nova.bg/news/category/2/%D0%B1%D1%8A%D0%BB%D0%B3%D0%B0%D1%80%D0%B8%D1%8F/56	The number of found articles is: 6
14-09-2025 13:27:58 INFO     Info: ('nova.bg', 'TV news')
Current page is 56
14-09-2025 13:27:58 INFO     ---Article with title: В критично състояние е студентката, скочила от влак край Клисура was not added because contains words from article title exclusion list: ['влак', 'скочи']
14-09-2025 13:27:58 INFO     	For media nova.bg (TV news) searching in page https://nova.bg/news/category/2/%D0%B1%D1%8A%D0%BB%D0%B3%D0%B0%D1%80%D0%B8%D1%8F/57	The number of found articles is: 6
14-09-2025 13:27:58 INFO     Info: ('nova.bg', 'TV news')
Current page is 57
14-09-2025 13:27:58 INFO     ---News article: <<< Сексуални контакти с ученичка: Защо от хостела, в който учител е завел седмокласничка, не са подали сигнал >>> was not included in the data because none of BaseWebsite._second_level keywords were found in the article text Article url: https://nova.bg/news/view/2025/08/27/508487/%D1%81%D0%B5%D0%BA%D1%81%D1%83%D0%B0%D0%BB%D0%BD%D0%B8-%D0%BA%D0%BE%D0%BD%D1%82%D0%B0%D0%BA%D1%82%D0%B8-%D1%81-%D1%83%D1%87%D0%B5%D0%BD%D0%B8%D1%87%D0%BA%D0%B0-%D0%B7%D0%B0%D1%89%D0%BE-%D0%BE%D1%82-%D1%85%D0%BE%D1%81%D1%82%D0%B5%D0%BB%D0%B0-%D0%B2-%D0%BA%D0%BE%D0%B9%D1%82%D0%BE-%D1%83%D1%87%D0%B8%D1%82%D0%B5%D0%BB-%D0%B5-%D0%B7%D0%B0%D0%B2%D0%B5%D0%BB-%D1%81%D0%B5%D0%B4%D0%BC%D0%BE%D0%BA%D0%BB%D0%B0%D1%81%D0%BD%D0%B8%D1%87%D0%BA%D0%B0-%D0%BD%D0%B5-%D1%81%D0%B0-%D0%BF%D0%BE%D0%B4%D0%B0%D0%BB%D0%B8-%D1%81%D0%B8%D0%B3%D0%BD%D0%B0%D0%BB/
14-09-2025 13:27:58 INFO     	For media nova.bg (TV news) searching in page https://nova.bg/news/category/2/%D0%B1%D1%8A%D0%BB%D0%B3%D0%B0%D1%80%D0%B8%D1%8F/58	The number of found articles is: 6
14-09-2025 13:27:58 INFO     Info: ('nova.bg', 'TV news')
Current page is 58
14-09-2025 13:27:59 INFO     ---Article with title: Две момичета скочиха от движещ се влак, пропуснали спирката was not added because contains words from article title exclusion list: ['влак', 'спирка', 'скочи']
14-09-2025 13:27:59 INFO     ---News article: <<< Издирват възрастна жена, изчезнала в района на Втора МБАЛ - София >>> was not included in the data because none of BaseWebsite._second_level keywords were found in the article text Article url: https://nova.bg/news/view/2025/08/26/508458/%D0%B8%D0%B7%D0%B4%D0%B8%D1%80%D0%B2%D0%B0%D1%82-%D0%B2%D1%8A%D0%B7%D1%80%D0%B0%D1%81%D1%82%D0%BD%D0%B0-%D0%B6%D0%B5%D0%BD%D0%B0-%D0%B8%D0%B7%D1%87%D0%B5%D0%B7%D0%BD%D0%B0%D0%BB%D0%B0-%D0%B2-%D1%80%D0%B0%D0%B9%D0%BE%D0%BD%D0%B0-%D0%BD%D0%B0-%D0%B2%D1%82%D0%BE%D1%80%D0%B0-%D0%BC%D0%B1%D0%B0%D0%BB-%D1%81%D0%BE%D1%84%D0%B8%D1%8F/
14-09-2025 13:27:59 INFO     	For media nova.bg (TV news) searching in page https://nova.bg/news/category/2/%D0%B1%D1%8A%D0%BB%D0%B3%D0%B0%D1%80%D0%B8%D1%8F/59	The number of found articles is: 6
14-09-2025 13:27:59 INFO     Info: ('nova.bg', 'TV news')
Current page is 59
14-09-2025 13:27:59 INFO     ---News article: <<< Откриха жената, изчезнала в района на „Горна баня" >>> was not included in the data because none of BaseWebsite._second_level keywords were found in the article text Article url: https://nova.bg/news/view/2025/08/26/508432/%D0%BE%D1%82%D0%BA%D1%80%D0%B8%D1%85%D0%B0-%D0%B6%D0%B5%D0%BD%D0%B0%D1%82%D0%B0-%D0%B8%D0%B7%D1%87%D0%B5%D0%B7%D0%BD%D0%B0%D0%BB%D0%B0-%D0%B2-%D1%80%D0%B0%D0%B9%D0%BE%D0%BD%D0%B0-%D0%BD%D0%B0-%D0%B3%D0%BE%D1%80%D0%BD%D0%B0-%D0%B1%D0%B0%D0%BD%D1%8F/
14-09-2025 13:27:59 INFO     	For media nova.bg (TV news) searching in page https://nova.bg/news/category/2/%D0%B1%D1%8A%D0%BB%D0%B3%D0%B0%D1%80%D0%B8%D1%8F/60	The number of found articles is: 6
14-09-2025 13:27:59 INFO     Info: ('nova.bg', 'TV news')
Current page is 60
14-09-2025 13:27:59 INFO     	For media nova.bg (TV news) searching in page https://nova.bg/news/category/2/%D0%B1%D1%8A%D0%BB%D0%B3%D0%B0%D1%80%D0%B8%D1%8F/61	The number of found articles is: 6
14-09-2025 13:27:59 INFO     Info: ('nova.bg', 'TV news')
Current page is 61
14-09-2025 13:28:00 INFO     +++ Records for the news with След трагедията в Пловдив: Съпругата на загиналия завежда дело with url https://nova.bg/news/view/2025/08/26/508344/%D1%81%D0%BB%D0%B5%D0%B4-%D1%82%D1%80%D0%B0%D0%B3%D0%B5%D0%B4%D0%B8%D1%8F%D1%82%D0%B0-%D0%B2-%D0%BF%D0%BB%D0%BE%D0%B2%D0%B4%D0%B8%D0%B2-%D1%81%D1%8A%D0%BF%D1%80%D1%83%D0%B3%D0%B0%D1%82%D0%B0-%D0%BD%D0%B0-%D0%B7%D0%B0%D0%B3%D0%B8%D0%BD%D0%B0%D0%BB%D0%B8%D1%8F-%D0%B7%D0%B0%D0%B2%D0%B5%D0%B6%D0%B4%D0%B0-%D0%B4%D0%B5%D0%BB%D0%BE/ and text След фаталния инцидент в Пловдив, при който 78-годишен мъж загина, ударен от паднал клон на дърво, съпругата на жертвата заяви, че веднага след погребението завежда дело. „Набелязала съм си хора, ще ги съдя до последно. Не за пари, а за да разберат, че не си гледат работата. За това получават заплати”, каза Елена Богутлиева. Заради инцидента вече беше отстранен директорът на Общинско предприятия „Градини и паркове”. От общината съобщиха, че започва проверка на състоянието на дърветата по поречието на река Марица и ще премахват потенциално опасните клони. Очаква се инспекциите да обхванат и други паркови зони в града, за да се предотвратят подобни инциденти. Еколозите ще обследват състоянието на всички дървета и ще изготвят доклад за най-опасните от тях. Кметът Костадин Димитров обяви, че приоритет ще бъдат старите тополи, засадени преди повече от 50 години, които според експерти са силно компрометирани. Към момента в общинското предприятие „Градини и паркове” има над 1200 необработени сигнала. Живеещият в района Владимир Илиев твърди, че лично е подавал сигнали към общината за опасни дървета. „Преди две години с журналисти направихме репортаж за цялата редица от тополи. Познат съм в социалните мрежи като експерт по микология и биология. Това е моe хоби. Забелязах, че всяко второ дърво е засегнато от дърворазрушаваща гъба - тополова панчушка. Тя засяга  само мъртви дървета. Това означава, че дървесината им е компрометирана и те се разрушават отвътре. Решението е отстраняване. Дърветата отдавна са в края на живота си”, заяви Илиев. Елена Богутлиева разказа и как се е случил инцидентът. „В 13:00 часа ми се обадиха от полицията, че мъжът ми е в Спешното. Щях да припадна от притеснение. Обадих се на сина ми. Отидохме веднага. Беше в шокова зала. Казаха, че трябва да се оперира, защото е с три счупени шийни и тазови прешлени, ръката му била почти счупена, а на главата му имало огромна рана. Получил е силна аритмия. На сутринта дежурният лекар ми се обади и каза, че е починал от масивен инфаркт”, обясни Елена Богутлиева. Съпругът й редовно правел разходки покрай Марица. „Когато клонът се е отчупил, е паднал директно върху главата му. Момче и момиче от съседната пейка са се обадили на полицията и пожарната”, каза още почернената съпруга. Последвайте ни from source: nova.bg was successfully added to the BaseWebsite._data_dict
14-09-2025 13:28:00 INFO     	For media nova.bg (TV news) searching in page https://nova.bg/news/category/2/%D0%B1%D1%8A%D0%BB%D0%B3%D0%B0%D1%80%D0%B8%D1%8F/62	The number of found articles is: 7
14-09-2025 13:28:00 INFO     Info: ('nova.bg', 'TV news')
Current page is 62
14-09-2025 13:28:00 INFO     	For media nova.bg (TV news) searching in page https://nova.bg/news/category/2/%D0%B1%D1%8A%D0%BB%D0%B3%D0%B0%D1%80%D0%B8%D1%8F/63	The number of found articles is: 7
14-09-2025 13:28:00 INFO     Info: ('nova.bg', 'TV news')
Current page is 63
14-09-2025 13:28:00 INFO     	For media nova.bg (TV news) searching in page https://nova.bg/news/category/2/%D0%B1%D1%8A%D0%BB%D0%B3%D0%B0%D1%80%D0%B8%D1%8F/64	The number of found articles is: 7
14-09-2025 13:28:00 INFO     Info: ('nova.bg', 'TV news')
Current page is 64
14-09-2025 13:28:00 INFO     	For media nova.bg (TV news) searching in page https://nova.bg/news/category/2/%D0%B1%D1%8A%D0%BB%D0%B3%D0%B0%D1%80%D0%B8%D1%8F/65	The number of found articles is: 7
14-09-2025 13:28:00 INFO     Info: ('nova.bg', 'TV news')
Current page is 65
14-09-2025 13:28:01 INFO     	For media nova.bg (TV news) searching in page https://nova.bg/news/category/2/%D0%B1%D1%8A%D0%BB%D0%B3%D0%B0%D1%80%D0%B8%D1%8F/66	The number of found articles is: 7
14-09-2025 13:28:01 INFO     Info: ('nova.bg', 'TV news')
Current page is 66
14-09-2025 13:28:01 INFO     	For media nova.bg (TV news) searching in page https://nova.bg/news/category/2/%D0%B1%D1%8A%D0%BB%D0%B3%D0%B0%D1%80%D0%B8%D1%8F/67	The number of found articles is: 7
14-09-2025 13:28:01 INFO     Info: ('nova.bg', 'TV news')
Current page is 67
14-09-2025 13:28:01 INFO     ---Article with title: Майката на загиналото дете в Несебър: Очаквам да има наказани, ние вече сме обречени was not added because contains words from article title exclusion list: ['дете']
14-09-2025 13:28:01 INFO     	For media nova.bg (TV news) searching in page https://nova.bg/news/category/2/%D0%B1%D1%8A%D0%BB%D0%B3%D0%B0%D1%80%D0%B8%D1%8F/68	The number of found articles is: 7
14-09-2025 13:28:01 INFO     Info: ('nova.bg', 'TV news')
Current page is 68
14-09-2025 13:28:01 INFO     ---Article with title: Майката на загиналото дете в Несебър: Иван цяла година събираше пари за морето. Парашутът за него беше мечта was not added because contains words from article title exclusion list: [' море', 'пари', 'дете']
14-09-2025 13:28:01 INFO     	For media nova.bg (TV news) searching in page https://nova.bg/news/category/2/%D0%B1%D1%8A%D0%BB%D0%B3%D0%B0%D1%80%D0%B8%D1%8F/69	The number of found articles is: 7
14-09-2025 13:28:01 INFO     Info: ('nova.bg', 'TV news')
Current page is 69
14-09-2025 13:28:01 INFO     ---Article with title: Две жени се удавиха на Южното Черноморие was not added because contains words from article title exclusion list: ['удави']
14-09-2025 13:28:01 INFO     	For media nova.bg (TV news) searching in page https://nova.bg/news/category/2/%D0%B1%D1%8A%D0%BB%D0%B3%D0%B0%D1%80%D0%B8%D1%8F/70	The number of found articles is: 7
14-09-2025 13:28:01 INFO     Info: ('nova.bg', 'TV news')
Current page is 70
14-09-2025 13:28:01 INFO     	For media nova.bg (TV news) searching in page https://nova.bg/news/category/2/%D0%B1%D1%8A%D0%BB%D0%B3%D0%B0%D1%80%D0%B8%D1%8F/71	The number of found articles is: 7
14-09-2025 13:28:01 INFO     Info: ('nova.bg', 'TV news')
Current page is 71
14-09-2025 13:28:02 INFO     +++ Records for the news with Преди гонката: Мъжът, врязал се в детска площадка, опитал да запали жена with url https://nova.bg/news/view/2025/08/21/507981/%D0%BF%D1%80%D0%B5%D0%B4%D0%B8-%D0%B3%D0%BE%D0%BD%D0%BA%D0%B0%D1%82%D0%B0-%D0%BC%D1%8A%D0%B6%D1%8A%D1%82-%D0%B2%D1%80%D1%8F%D0%B7%D0%B0%D0%BB-%D1%81%D0%B5-%D0%B2-%D0%B4%D0%B5%D1%82%D1%81%D0%BA%D0%B0-%D0%BF%D0%BB%D0%BE%D1%89%D0%B0%D0%B4%D0%BA%D0%B0-%D0%BE%D0%BF%D0%B8%D1%82%D0%B0%D0%BB-%D0%B4%D0%B0-%D0%B7%D0%B0%D0%BF%D0%B0%D0%BB%D0%B8-%D0%B6%D0%B5%D0%BD%D0%B0/ and text Мъжът, който се вряза с бус в детска площадка, имал свада с жена преди гонката с полицията. Той отправял заплахи срещу живота ѝ и дори я залял с течност и опитал да я запали. Това заяви на брифинг началникът на 1-РУ-СДВР комисар Иво Захариев. По думите му, след кат получили сигнала, на мястото е изпратен полицейски екип, който установява участниците в конфликта. Мъжът прави опит да избяга от органите на реда, като при бягството удря три паркирани автомобила, губи контрол над превозното средство и се забива в детска площадка. За щастие, на площадката не е имало деца, но свидетели потвърждават фактическата обстановка. След гонка с полицията: Шофьор, употребил алкохол, се вряза в детска площадка в София При задържането полицаите установяват, че водачът е в нетрезво състояние – пробата му отчита 2,7 промила алкохол алкохол в кръвта. На нарушителя са съставени актове за шофиране в нетрезво състояние, неподчинение на органите на реда и причиняване на пътнотранспортно произшествие. Отнето му е свидетелството за управление и регистрационните табели, а автомобилът е иззет съгласно закона. Преди намесата на полицията мъжът е отправил закани към жената – негова позната – и е успял да я залее с течност, чийто състав се изяснява, правейки опит да я подпали. Извършителят е осъждан многократно, включително няколко пъти за управление на автомобил след употреба на алкохол. По думите на говорителя на Софийска районна прокуратура Николай Николаев за шофирането му в нетрезво състояние го грозят от 1 до 5 години затвор, а за закана срещу живота на жената от 1 до 6 години. Николаев посочи, че обвиняемият е задържан за 72 часа, като прокуратурата ще поиска постоянното му задържане. „Чухме едно „бам“. Погледнах от балкона и видях, че полицаят тичаше след шофьора. Там имаше много хора, а след малко пристигнаха още полицаи. Такива неща не се случват често. Просто имаше късмет, защото вечер майките с децата стоят до късно. Снощи обаче нямаше хора, нямаше деца“, заяви пред NOVA свидетелката Анета. Последвайте ни from source: nova.bg was successfully added to the BaseWebsite._data_dict
14-09-2025 13:28:02 INFO     	For media nova.bg (TV news) searching in page https://nova.bg/news/category/2/%D0%B1%D1%8A%D0%BB%D0%B3%D0%B0%D1%80%D0%B8%D1%8F/72	The number of found articles is: 8
14-09-2025 13:28:02 INFO     Info: ('nova.bg', 'TV news')
Current page is 72
14-09-2025 13:28:02 INFO     	For media nova.bg (TV news) searching in page https://nova.bg/news/category/2/%D0%B1%D1%8A%D0%BB%D0%B3%D0%B0%D1%80%D0%B8%D1%8F/73	The number of found articles is: 8
14-09-2025 13:28:02 INFO     Info: ('nova.bg', 'TV news')
Current page is 73
14-09-2025 13:28:02 INFO     	For media nova.bg (TV news) searching in page https://nova.bg/news/category/2/%D0%B1%D1%8A%D0%BB%D0%B3%D0%B0%D1%80%D0%B8%D1%8F/74	The number of found articles is: 8
14-09-2025 13:28:02 INFO     Info: ('nova.bg', 'TV news')
Current page is 74
14-09-2025 13:28:03 INFO     +++ Records for the news with Инструктор по парасейлинг: Не е имало проблем с въжетата, защото те държат и майката with url https://nova.bg/news/view/2025/08/20/507893/%D0%B8%D0%BD%D1%81%D1%82%D1%80%D1%83%D0%BA%D1%82%D0%BE%D1%80-%D0%BF%D0%BE-%D0%BF%D0%B0%D1%80%D0%B0%D1%81%D0%B5%D0%B9%D0%BB%D0%B8%D0%BD%D0%B3-%D0%BD%D0%B5-%D0%B5-%D0%B8%D0%BC%D0%B0%D0%BB%D0%BE-%D0%BF%D1%80%D0%BE%D0%B1%D0%BB%D0%B5%D0%BC-%D1%81-%D0%B2%D1%8A%D0%B6%D0%B5%D1%82%D0%B0%D1%82%D0%B0-%D0%B7%D0%B0%D1%89%D0%BE%D1%82%D0%BE-%D1%82%D0%B5-%D0%B4%D1%8A%D1%80%D0%B6%D0%B0%D1%82-%D0%B8-%D0%BC%D0%B0%D0%B9%D0%BA%D0%B0%D1%82%D0%B0/ and text „Със сигурност не е имало проблем с въжетата, защото те държат и майката, която остава на парашута. Това означава, че детето се е отделило. Това е възможно само при скъсване на коланите. Те са многократно презапасени и издържат над 5 тона. Ако няма видимо износване, няма как коланът да се скъса”, заяви в „Интервюто в новините на NOVA“ капитанът и инструктор по парасейлинг Теодор Огнянов във връзка със загиналото 8-годишно дете в Несебър. „Майката няма вина. Всички възрастови групи могат да летят безопасно на парашут”, посочи той. Установиха причината за смъртта на детето, паднало от парашут По думите му инцидентът се дължи на недостатъчно подготвен екипаж – капитан и моряк на лодката, както и на пренебрегване на ежедневните проверки. „Българската парасейлинг асоциация има сертифицирани обучители и е въвела ясни стандарти за обучения”, категоричен беше Огнянов. Контролът върху атракционите: Правителството обеща нови регулации (ОБЗОР) „Държавен орган, който да следи обучението и всеки полет с парашут, няма. Дори и да имаше, не би могъл ежедневно да присъства на лодката и да проверява оборудването. То се проверява редовно, защото дори най-малка неизправност може да компрометира безопасността – например обезопасителният колан или въжетата, които държат парашута”, подчерта той. Последвайте ни from source: nova.bg was successfully added to the BaseWebsite._data_dict
14-09-2025 13:28:03 INFO     	For media nova.bg (TV news) searching in page https://nova.bg/news/category/2/%D0%B1%D1%8A%D0%BB%D0%B3%D0%B0%D1%80%D0%B8%D1%8F/75	The number of found articles is: 9
14-09-2025 13:28:03 INFO     Info: ('nova.bg', 'TV news')
Current page is 75
14-09-2025 13:28:03 INFO     	For media nova.bg (TV news) searching in page https://nova.bg/news/category/2/%D0%B1%D1%8A%D0%BB%D0%B3%D0%B0%D1%80%D0%B8%D1%8F/76	The number of found articles is: 9
14-09-2025 13:28:03 INFO     Info: ('nova.bg', 'TV news')
Current page is 76
14-09-2025 13:28:03 INFO     	For media nova.bg (TV news) searching in page https://nova.bg/news/category/2/%D0%B1%D1%8A%D0%BB%D0%B3%D0%B0%D1%80%D0%B8%D1%8F/77	The number of found articles is: 9
14-09-2025 13:28:03 INFO     Info: ('nova.bg', 'TV news')
Current page is 77
14-09-2025 13:28:04 INFO     +++ Records for the news with Страх в Първомай след жестокото убийство на жена with url https://nova.bg/news/view/2025/08/19/507772/%D1%81%D1%82%D1%80%D0%B0%D1%85-%D0%B2-%D0%BF%D1%8A%D1%80%D0%B2%D0%BE%D0%BC%D0%B0%D0%B9-%D1%81%D0%BB%D0%B5%D0%B4-%D0%B6%D0%B5%D1%81%D1%82%D0%BE%D0%BA%D0%BE%D1%82%D0%BE-%D1%83%D0%B1%D0%B8%D0%B9%D1%81%D1%82%D0%B2%D0%BE-%D0%BD%D0%B0-%D0%B6%D0%B5%D0%BD%D0%B0/ and text Как в Първомай приемат новината, че вече има заподозрян за жестокото убийство на жена на полицай? Хората все още не могат да си обяснят жестокостта, с която е убита Димитрина. „Неприятна новина, такова не се е случвало с години, ама какво да правиш. Хубаво, че са го хванали”, каза местен. Трагедията е основна тема на разговор в града. Всичко познават семейството и споделят само хубави думи за тях. 44-годишната жена е работела като домакин в детска градина, а съпругът й е бил на работа във фаталната нощ. До разкриването на престъплението се е стигнало основно чрез записи от видеокамери. Задържаният за убийството в Първомай живеел в общежитие в „Студентски град”, с повдигнато обвинение е Дори и най-близките съседи не са чули нищо във фаталната вечер, нито са виждали заподозрения за убийството. „Аз специално не съм го виждал, някои казват, че са го виждали”, обясни друг жител на селото. Записи от видеокамери от къщите на ул. „Богомил” и от общинското видеонаблюдение са иззети още вчера сутринта. Предстои обаче засилване на сигурността за спокойствието на хората тук. „Ще предвидим допълнително камери. Смятам, че ще са от полза при разследване”, коментира кметът на селото Николай Митков. Последвайте ни from source: nova.bg was successfully added to the BaseWebsite._data_dict
14-09-2025 13:28:04 INFO     	For media nova.bg (TV news) searching in page https://nova.bg/news/category/2/%D0%B1%D1%8A%D0%BB%D0%B3%D0%B0%D1%80%D0%B8%D1%8F/78	The number of found articles is: 10
14-09-2025 13:28:04 INFO     Info: ('nova.bg', 'TV news')
Current page is 78
14-09-2025 13:28:04 INFO     ---News article: <<< Издирват 78-годишна жена, изчезнала в Средна гора >>> was not included in the data because none of BaseWebsite._second_level keywords were found in the article text Article url: https://nova.bg/news/view/2025/08/19/507741/%D0%B8%D0%B7%D0%B4%D0%B8%D1%80%D0%B2%D0%B0%D1%82-78-%D0%B3%D0%BE%D0%B4%D0%B8%D1%88%D0%BD%D0%B0-%D0%B6%D0%B5%D0%BD%D0%B0-%D0%B8%D0%B7%D1%87%D0%B5%D0%B7%D0%BD%D0%B0%D0%BB%D0%B0-%D0%B2-%D1%81%D1%80%D0%B5%D0%B4%D0%BD%D0%B0-%D0%B3%D0%BE%D1%80%D0%B0/
14-09-2025 13:28:04 INFO     	For media nova.bg (TV news) searching in page https://nova.bg/news/category/2/%D0%B1%D1%8A%D0%BB%D0%B3%D0%B0%D1%80%D0%B8%D1%8F/79	The number of found articles is: 10
14-09-2025 13:28:04 INFO     Info: ('nova.bg', 'TV news')
Current page is 79
14-09-2025 13:28:04 INFO     	For media nova.bg (TV news) searching in page https://nova.bg/news/category/2/%D0%B1%D1%8A%D0%BB%D0%B3%D0%B0%D1%80%D0%B8%D1%8F/80	The number of found articles is: 10
14-09-2025 13:28:04 INFO     Info: ('nova.bg', 'TV news')
Current page is 80
14-09-2025 13:28:04 INFO     	For media nova.bg (TV news) searching in page https://nova.bg/news/category/2/%D0%B1%D1%8A%D0%BB%D0%B3%D0%B0%D1%80%D0%B8%D1%8F/81	The number of found articles is: 10
14-09-2025 13:28:04 INFO     Info: ('nova.bg', 'TV news')
Current page is 81
14-09-2025 13:28:05 INFO     	For media nova.bg (TV news) searching in page https://nova.bg/news/category/2/%D0%B1%D1%8A%D0%BB%D0%B3%D0%B0%D1%80%D0%B8%D1%8F/82	The number of found articles is: 10
14-09-2025 13:28:05 INFO     Info: ('nova.bg', 'TV news')
Current page is 82
14-09-2025 13:28:05 INFO     	For media nova.bg (TV news) searching in page https://nova.bg/news/category/2/%D0%B1%D1%8A%D0%BB%D0%B3%D0%B0%D1%80%D0%B8%D1%8F/83	The number of found articles is: 10
14-09-2025 13:28:05 INFO     Info: ('nova.bg', 'TV news')
Current page is 83
14-09-2025 13:28:05 INFO     	For media nova.bg (TV news) searching in page https://nova.bg/news/category/2/%D0%B1%D1%8A%D0%BB%D0%B3%D0%B0%D1%80%D0%B8%D1%8F/84	The number of found articles is: 10
14-09-2025 13:28:05 INFO     Info: ('nova.bg', 'TV news')
Current page is 84
14-09-2025 13:28:05 INFO     	For media nova.bg (TV news) searching in page https://nova.bg/news/category/2/%D0%B1%D1%8A%D0%BB%D0%B3%D0%B0%D1%80%D0%B8%D1%8F/85	The number of found articles is: 10
14-09-2025 13:28:05 INFO     Info: ('nova.bg', 'TV news')
Current page is 85
14-09-2025 13:28:05 INFO     	For media nova.bg (TV news) searching in page https://nova.bg/news/category/2/%D0%B1%D1%8A%D0%BB%D0%B3%D0%B0%D1%80%D0%B8%D1%8F/86	The number of found articles is: 10
14-09-2025 13:28:05 INFO     Info: ('nova.bg', 'TV news')
Current page is 86
14-09-2025 13:28:05 INFO     	For media nova.bg (TV news) searching in page https://nova.bg/news/category/2/%D0%B1%D1%8A%D0%BB%D0%B3%D0%B0%D1%80%D0%B8%D1%8F/87	The number of found articles is: 10
14-09-2025 13:28:05 INFO     Info: ('nova.bg', 'TV news')
Current page is 87
14-09-2025 13:28:05 INFO     	For media nova.bg (TV news) searching in page https://nova.bg/news/category/2/%D0%B1%D1%8A%D0%BB%D0%B3%D0%B0%D1%80%D0%B8%D1%8F/88	The number of found articles is: 10
14-09-2025 13:28:05 INFO     Info: ('nova.bg', 'TV news')
Current page is 88
14-09-2025 13:28:06 INFO     	For media nova.bg (TV news) searching in page https://nova.bg/news/category/2/%D0%B1%D1%8A%D0%BB%D0%B3%D0%B0%D1%80%D0%B8%D1%8F/89	The number of found articles is: 10
14-09-2025 13:28:06 INFO     Info: ('nova.bg', 'TV news')
Current page is 89
14-09-2025 13:28:06 INFO     	For media nova.bg (TV news) searching in page https://nova.bg/news/category/2/%D0%B1%D1%8A%D0%BB%D0%B3%D0%B0%D1%80%D0%B8%D1%8F/90	The number of found articles is: 10
14-09-2025 13:28:06 INFO     Info: ('nova.bg', 'TV news')
Current page is 90
14-09-2025 13:28:06 INFO     	For media nova.bg (TV news) searching in page https://nova.bg/news/category/2/%D0%B1%D1%8A%D0%BB%D0%B3%D0%B0%D1%80%D0%B8%D1%8F/91	The number of found articles is: 10
14-09-2025 13:28:06 INFO     Info: ('nova.bg', 'TV news')
Current page is 91
14-09-2025 13:28:06 INFO     	For media nova.bg (TV news) searching in page https://nova.bg/news/category/2/%D0%B1%D1%8A%D0%BB%D0%B3%D0%B0%D1%80%D0%B8%D1%8F/92	The number of found articles is: 10
14-09-2025 13:28:06 INFO     Info: ('nova.bg', 'TV news')
Current page is 92
14-09-2025 13:28:06 INFO     	For media nova.bg (TV news) searching in page https://nova.bg/news/category/2/%D0%B1%D1%8A%D0%BB%D0%B3%D0%B0%D1%80%D0%B8%D1%8F/93	The number of found articles is: 10
14-09-2025 13:28:06 INFO     Info: ('nova.bg', 'TV news')
Current page is 93
14-09-2025 13:28:06 INFO     	For media nova.bg (TV news) searching in page https://nova.bg/news/category/2/%D0%B1%D1%8A%D0%BB%D0%B3%D0%B0%D1%80%D0%B8%D1%8F/94	The number of found articles is: 10
14-09-2025 13:28:06 INFO     Info: ('nova.bg', 'TV news')
Current page is 94
14-09-2025 13:28:06 INFO     	For media nova.bg (TV news) searching in page https://nova.bg/news/category/2/%D0%B1%D1%8A%D0%BB%D0%B3%D0%B0%D1%80%D0%B8%D1%8F/95	The number of found articles is: 10
14-09-2025 13:28:06 INFO     Info: ('nova.bg', 'TV news')
Current page is 95
14-09-2025 13:28:06 INFO     	For media nova.bg (TV news) searching in page https://nova.bg/news/category/2/%D0%B1%D1%8A%D0%BB%D0%B3%D0%B0%D1%80%D0%B8%D1%8F/96	The number of found articles is: 10
14-09-2025 13:28:06 INFO     Info: ('nova.bg', 'TV news')
Current page is 96
14-09-2025 13:28:07 INFO     	For media nova.bg (TV news) searching in page https://nova.bg/news/category/2/%D0%B1%D1%8A%D0%BB%D0%B3%D0%B0%D1%80%D0%B8%D1%8F/97	The number of found articles is: 10
14-09-2025 13:28:07 INFO     Info: ('nova.bg', 'TV news')
Current page is 97
14-09-2025 13:28:07 INFO     ---News article: <<< След заплахи за арест: Жена от Девин превела на измамници 6 000 лева >>> was not included in the data because none of BaseWebsite._second_level keywords were found in the article text Article url: https://nova.bg/news/view/2025/08/12/507037/%D1%81%D0%BB%D0%B5%D0%B4-%D0%B7%D0%B0%D0%BF%D0%BB%D0%B0%D1%85%D0%B8-%D0%B7%D0%B0-%D0%B0%D1%80%D0%B5%D1%81%D1%82-%D0%B6%D0%B5%D0%BD%D0%B0-%D0%BE%D1%82-%D0%B4%D0%B5%D0%B2%D0%B8%D0%BD-%D0%BF%D1%80%D0%B5%D0%B2%D0%B5%D0%BB%D0%B0-%D0%BD%D0%B0-%D0%B8%D0%B7%D0%BC%D0%B0%D0%BC%D0%BD%D0%B8%D1%86%D0%B8-6-000-%D0%BB%D0%B5%D0%B2%D0%B0/
14-09-2025 13:28:07 INFO     ---Article with title: Отново детска агресия: Заснеха 13-годишно момиче да рита, скубе и бие друго дете was not added because contains words from article title exclusion list: ['дете']
14-09-2025 13:28:07 INFO     	For media nova.bg (TV news) searching in page https://nova.bg/news/category/2/%D0%B1%D1%8A%D0%BB%D0%B3%D0%B0%D1%80%D0%B8%D1%8F/98	The number of found articles is: 10
14-09-2025 13:28:07 INFO     Info: ('nova.bg', 'TV news')
Current page is 98
14-09-2025 13:28:07 INFO     	For media nova.bg (TV news) searching in page https://nova.bg/news/category/2/%D0%B1%D1%8A%D0%BB%D0%B3%D0%B0%D1%80%D0%B8%D1%8F/99	The number of found articles is: 10
14-09-2025 13:28:07 INFO     Info: ('nova.bg', 'TV news')
Current page is 99
14-09-2025 13:28:07 INFO     	For media nova.bg (TV news) searching in page https://nova.bg/news/category/2/%D0%B1%D1%8A%D0%BB%D0%B3%D0%B0%D1%80%D0%B8%D1%8F/100	The number of found articles is: 10
14-09-2025 13:28:07 INFO     Info: ('nova.bg', 'TV news')
Current page is 100
14-09-2025 13:28:08 INFO     +++ Records for the news with Постоянен арест за мъжа, опитал да открадне 114 000 лева от жена в София with url https://nova.bg/news/view/2025/08/11/506930/%D0%BF%D0%BE%D1%81%D1%82%D0%BE%D1%8F%D0%BD%D0%B5%D0%BD-%D0%B0%D1%80%D0%B5%D1%81%D1%82-%D0%B7%D0%B0-%D0%BC%D1%8A%D0%B6%D0%B0-%D0%BE%D0%BF%D0%B8%D1%82%D0%B0%D0%BB-%D0%B4%D0%B0-%D0%BE%D1%82%D0%BA%D1%80%D0%B0%D0%B4%D0%BD%D0%B5-114-000-%D0%BB%D0%B5%D0%B2%D0%B0-%D0%BE%D1%82-%D0%B6%D0%B5%D0%BD%D0%B0-%D0%B2-%D1%81%D0%BE%D1%84%D0%B8%D1%8F/ and text Постоянен арест за мъжа, опитал да ограби жена пред банков клон в София в петък. Това постанови Софийският градски съд, като намери достатъчно данни, че задържаният Мартин Цанков е извършител на престъплението. Според магистратите няма опасност Цанков да се укрие, но може да извърши ново престъпление. И съдът, и прокуратурата наблегнаха на факта, че по време на грабежа в колата на мъжа е било оставено заключено неговото 11-годишно дете. След ареста му се е наложила намесата на ключар за отваряне на автомобила и спешна поява на дядото. Решението на съда не е окончателно и може да се обжалва в тридневен срок. Парите - над 114 000 лева, са били на голяма частна болница. От там на този етап не коментират. Опит за грабеж пред клон на банка в София, нападателят е задържан В петък малко преди 09:30 часа Мартин Цанков паркира колата си близо до банков клон в столичния квартал „Дианабад”. В същото време към финансовата институция отива и счетоводителката на голяма частна болница, която в чанта от лаптоп носи 114 000 лв.   Според магистратите, 49-годишният Мартин Цанков съвсем съзнателно е причакал жертвата си пред входа на банковия клон и е издърпал чантата с парите от ръцете ѝ. След това е побягнал от местопрестъплението. Според прокуратурата, мъжът е действал съвсем обмислено и съзнателно. „Осигурил си е средства - един велосипед на място, за да може да избяга с него. Бил е с каска. И побягва с това колело”, каза Георги Мойсев, прокурор в СГП. „Разследването е още в ранен етап, не мога да коментирам нищо. Преценката е на съда за оставане в ареста”, заяви Петя Митрева, адвокат на Мартин Цанков. Грабежът е неуспешен. „Единствено заради липсата му на късмет и двама много смели мъже, които го подгонват, се стига до задържането му. В момента, когато преминава покрай един автомобил, човекът отворил вратата си, той се ударил в нея, паднал е, започнал да бяга пеша, спъва се, пада, контузва се и не може да бяга. Там е задържан от тези двама много смели мъже”, каза прокурор Георги Мойсев. „Парите са изхвърлени. Дали е доброволен отказ, тепърва ще се установява. Има данни по делото, че парите са хвърлени”, каза адвокат Митрева. Високата обществена опасност на престъплението, което се наказва със затвор от 5 до 15 години, не са единствената причина прокуратурата да поиска постоянен арест за Цанков.   „Завежда детето си на извършване на грабеж. Това показва, че този човек е обмислил, приемайки, че е недосегаем и няма да бъде задържан. Това означава, че е лице с висока обществена опасност. Щом дори присъствието на детето му не го спира да извърши престъпление”, заяви прокурор Мойсев. Частната болница обаче също е укорима, тъй като е позволила на счетоводителката си да пренася 114 000 лв. в обикновена чанта от лаптоп. МВР ще направи проверка по случая. Парите - над 114 000 лева, са били на голяма частна болница. Последвайте ни from source: nova.bg was successfully added to the BaseWebsite._data_dict
14-09-2025 13:28:08 INFO     	For media nova.bg (TV news) searching in page https://nova.bg/news/category/2/%D0%B1%D1%8A%D0%BB%D0%B3%D0%B0%D1%80%D0%B8%D1%8F/101	The number of found articles is: 11
14-09-2025 13:28:08 INFO     Info: ('nova.bg', 'TV news')
Current page is 101
14-09-2025 13:28:08 INFO     	For media nova.bg (TV news) searching in page https://nova.bg/news/category/2/%D0%B1%D1%8A%D0%BB%D0%B3%D0%B0%D1%80%D0%B8%D1%8F/102	The number of found articles is: 11
14-09-2025 13:28:08 INFO     Info: ('nova.bg', 'TV news')
Current page is 102
14-09-2025 13:28:08 INFO     ---News article: <<< "Ало" измама: Възрастна жена от Монтанско даде 4500 лева на мним полицай >>> was not included in the data because none of BaseWebsite._second_level keywords were found in the article text Article url: https://nova.bg/news/view/2025/08/10/506829/%D0%B0%D0%BB%D0%BE-%D0%B8%D0%B7%D0%BC%D0%B0%D0%BC%D0%B0-%D0%B2%D1%8A%D0%B7%D1%80%D0%B0%D1%81%D1%82%D0%BD%D0%B0-%D0%B6%D0%B5%D0%BD%D0%B0-%D0%BE%D1%82-%D0%BC%D0%BE%D0%BD%D1%82%D0%B0%D0%BD%D1%81%D0%BA%D0%BE-%D0%B4%D0%B0%D0%B4%D0%B5-4500-%D0%BB%D0%B5%D0%B2%D0%B0-%D0%BD%D0%B0-%D0%BC%D0%BD%D0%B8%D0%BC-%D0%BF%D0%BE%D0%BB%D0%B8%D1%86%D0%B0%D0%B9/
14-09-2025 13:28:08 INFO     	For media nova.bg (TV news) searching in page https://nova.bg/news/category/2/%D0%B1%D1%8A%D0%BB%D0%B3%D0%B0%D1%80%D0%B8%D1%8F/103	The number of found articles is: 11
14-09-2025 13:28:08 INFO     Info: ('nova.bg', 'TV news')
Current page is 103
14-09-2025 13:28:09 INFO     	For media nova.bg (TV news) searching in page https://nova.bg/news/category/2/%D0%B1%D1%8A%D0%BB%D0%B3%D0%B0%D1%80%D0%B8%D1%8F/104	The number of found articles is: 11
14-09-2025 13:28:09 INFO     Info: ('nova.bg', 'TV news')
Current page is 104
14-09-2025 13:28:09 INFO     	For media nova.bg (TV news) searching in page https://nova.bg/news/category/2/%D0%B1%D1%8A%D0%BB%D0%B3%D0%B0%D1%80%D0%B8%D1%8F/105	The number of found articles is: 11
14-09-2025 13:28:09 INFO     Info: ('nova.bg', 'TV news')
Current page is 105
14-09-2025 13:28:09 INFO     	For media nova.bg (TV news) searching in page https://nova.bg/news/category/2/%D0%B1%D1%8A%D0%BB%D0%B3%D0%B0%D1%80%D0%B8%D1%8F/106	The number of found articles is: 11
14-09-2025 13:28:09 INFO     Info: ('nova.bg', 'TV news')
Current page is 106
14-09-2025 13:28:09 INFO     	For media nova.bg (TV news) searching in page https://nova.bg/news/category/2/%D0%B1%D1%8A%D0%BB%D0%B3%D0%B0%D1%80%D0%B8%D1%8F/107	The number of found articles is: 11
14-09-2025 13:28:09 INFO     Info: ('nova.bg', 'TV news')
Current page is 107
14-09-2025 13:28:09 INFO     	For media nova.bg (TV news) searching in page https://nova.bg/news/category/2/%D0%B1%D1%8A%D0%BB%D0%B3%D0%B0%D1%80%D0%B8%D1%8F/108	The number of found articles is: 11
14-09-2025 13:28:09 INFO     Info: ('nova.bg', 'TV news')
Current page is 108
14-09-2025 13:28:09 INFO     ---Article with title: Изпотрошиха кола и апартамент на плевенчанка, задържани са мъж и жена was not added because contains words from article title exclusion list: ['мъж и жена', ' кола']
14-09-2025 13:28:09 INFO     	For media nova.bg (TV news) searching in page https://nova.bg/news/category/2/%D0%B1%D1%8A%D0%BB%D0%B3%D0%B0%D1%80%D0%B8%D1%8F/109	The number of found articles is: 11
14-09-2025 13:28:09 INFO     Info: ('nova.bg', 'TV news')
Current page is 109
14-09-2025 13:28:10 INFO     ---Article with title: Зов за помощ: Майка на две деца се нуждае от спешна операция was not added because contains words from article title exclusion list: ['операц', 'деца']
14-09-2025 13:28:10 INFO     ---News article: <<< След репортаж на NOVA: Отмениха глобата на жена, спукала гума в огромна дупка >>> was not included in the data because none of BaseWebsite._second_level keywords were found in the article text Article url: https://nova.bg/news/view/2025/08/08/506642/%D1%81%D0%BB%D0%B5%D0%B4-%D1%80%D0%B5%D0%BF%D0%BE%D1%80%D1%82%D0%B0%D0%B6-%D0%BD%D0%B0-nova-%D0%BE%D1%82%D0%BC%D0%B5%D0%BD%D0%B8%D1%85%D0%B0-%D0%B3%D0%BB%D0%BE%D0%B1%D0%B0%D1%82%D0%B0-%D0%BD%D0%B0-%D0%B6%D0%B5%D0%BD%D0%B0-%D1%81%D0%BF%D1%83%D0%BA%D0%B0%D0%BB%D0%B0-%D0%B3%D1%83%D0%BC%D0%B0-%D0%B2-%D0%BE%D0%B3%D1%80%D0%BE%D0%BC%D0%BD%D0%B0-%D0%B4%D1%83%D0%BF%D0%BA%D0%B0/
14-09-2025 13:28:10 INFO     +++ Records for the news with Дебора Михайлова за освобождаването на Георгиев: Шамар в лицата на всички жени, които крещят за помощ with url https://nova.bg/news/view/2025/08/07/506622/%D0%B4%D0%B5%D0%B1%D0%BE%D1%80%D0%B0-%D0%BC%D0%B8%D1%85%D0%B0%D0%B9%D0%BB%D0%BE%D0%B2%D0%B0-%D0%B7%D0%B0-%D0%BE%D1%81%D0%B2%D0%BE%D0%B1%D0%BE%D0%B6%D0%B4%D0%B0%D0%B2%D0%B0%D0%BD%D0%B5%D1%82%D0%BE-%D0%BD%D0%B0-%D0%B3%D0%B5%D0%BE%D1%80%D0%B3%D0%B8%D0%B5%D0%B2-%D1%88%D0%B0%D0%BC%D0%B0%D1%80-%D0%B2-%D0%BB%D0%B8%D1%86%D0%B0%D1%82%D0%B0-%D0%BD%D0%B0-%D0%B2%D1%81%D0%B8%D1%87%D0%BA%D0%B8-%D0%B6%D0%B5%D0%BD%D0%B8-%D0%BA%D0%BE%D0%B8%D1%82%D0%BE-%D0%BA%D1%80%D0%B5%D1%89%D1%8F%D1%82-%D0%B7%D0%B0-%D0%BF%D0%BE%D0%BC%D0%BE%D1%89/ and text „Две години чакам присъда, две години чакам да бъда чута и разбрана и насреща получавам…Това, което се случи днес, е шамар в лицата на всички жени, които крещят за помощ. Не знам хората, които са го пуснали, как биха заспали тази вечер и как са пуснали на свобода този човек, който има толкова присъди зад гърба си". Това заяви пред NOVA Дебора Михайлова. „Много се притеснявам за семейството ми, за роднините ми и за мен, разбира се", допълни Дебора. Делото „Дебора”: Обвиненият Георги Георгиев излезе от затвора, каза, че ще си търси правата По-рано днес от затвора в Стара Загора беше освободен обвиненият Георги Георгиев. „Не съм виновен. Надявам се това да се докаже. Ще търся правата си навсякъде”, заяви пред журналисти Георги Георгиев, който беше освободен под парична гаранция в размер на 10 000 лева. Случаят „Дебора” е от 2023 година. Той доведе до масови протести в България под надслова „Нито една повече”. Срещу Георги Георгиев са повдигнати три обвинения - за причинена с особена жестокост и по особено мъчителен начин многостепенна средна телесна повреда с макетен нож, в следствие на което 18-годишната Дебора Михайлова е получила над 400 шева, за принуда и за закани с убийство спрямо Дебора Михайлова. Делото срещу Георгиев беше прехвърлено от Стара Загора в Пловдив, тъй като всички съдии в Града на липите направиха отвод. В Пловдив също се стигна до гледане наново на делото, тъй като беше установено от адвокатите, че един от съдебните заседатели не е безпристрастен и е участвал в протестите. Така след няколко пъти внасяне на искане за освобождаване, днес Георги Георгиев бе пуснат на свобода. Още от коментара на Дебора Михайлова очаквайте утре сутрин в „Здравей България”  Последвайте ни from source: nova.bg was successfully added to the BaseWebsite._data_dict
14-09-2025 13:28:10 INFO     	For media nova.bg (TV news) searching in page https://nova.bg/news/category/2/%D0%B1%D1%8A%D0%BB%D0%B3%D0%B0%D1%80%D0%B8%D1%8F/110	The number of found articles is: 12
14-09-2025 13:28:10 INFO     Info: ('nova.bg', 'TV news')
Current page is 110
14-09-2025 13:28:11 INFO     	For media nova.bg (TV news) searching in page https://nova.bg/news/category/2/%D0%B1%D1%8A%D0%BB%D0%B3%D0%B0%D1%80%D0%B8%D1%8F/111	The number of found articles is: 12
14-09-2025 13:28:11 INFO     Info: ('nova.bg', 'TV news')
Current page is 111
14-09-2025 13:28:11 INFO     	For media nova.bg (TV news) searching in page https://nova.bg/news/category/2/%D0%B1%D1%8A%D0%BB%D0%B3%D0%B0%D1%80%D0%B8%D1%8F/112	The number of found articles is: 12
14-09-2025 13:28:11 INFO     Info: ('nova.bg', 'TV news')
Current page is 112
14-09-2025 13:28:11 INFO     	For media nova.bg (TV news) searching in page https://nova.bg/news/category/2/%D0%B1%D1%8A%D0%BB%D0%B3%D0%B0%D1%80%D0%B8%D1%8F/113	The number of found articles is: 12
14-09-2025 13:28:11 INFO     Info: ('nova.bg', 'TV news')
Current page is 113
14-09-2025 13:28:11 INFO     	For media nova.bg (TV news) searching in page https://nova.bg/news/category/2/%D0%B1%D1%8A%D0%BB%D0%B3%D0%B0%D1%80%D0%B8%D1%8F/114	The number of found articles is: 12
14-09-2025 13:28:11 INFO     Info: ('nova.bg', 'TV news')
Current page is 114
14-09-2025 13:28:11 INFO     	For media nova.bg (TV news) searching in page https://nova.bg/news/category/2/%D0%B1%D1%8A%D0%BB%D0%B3%D0%B0%D1%80%D0%B8%D1%8F/115	The number of found articles is: 12
14-09-2025 13:28:11 INFO     Info: ('nova.bg', 'TV news')
Current page is 115
14-09-2025 13:28:11 INFO     	For media nova.bg (TV news) searching in page https://nova.bg/news/category/2/%D0%B1%D1%8A%D0%BB%D0%B3%D0%B0%D1%80%D0%B8%D1%8F/116	The number of found articles is: 12
14-09-2025 13:28:11 INFO     Info: ('nova.bg', 'TV news')
Current page is 116
14-09-2025 13:28:12 INFO     ---News article: <<< Задържаха жена за агресия срещу лекар в спешен кабинет в Пловдив >>> was not included in the data because none of BaseWebsite._second_level keywords were found in the article text Article url: https://nova.bg/news/view/2025/08/05/506375/%D0%B7%D0%B0%D0%B4%D1%8A%D1%80%D0%B6%D0%B0%D1%85%D0%B0-%D0%B6%D0%B5%D0%BD%D0%B0-%D0%B7%D0%B0-%D0%B0%D0%B3%D1%80%D0%B5%D1%81%D0%B8%D1%8F-%D1%81%D1%80%D0%B5%D1%89%D1%83-%D0%BB%D0%B5%D0%BA%D0%B0%D1%80-%D0%B2-%D1%81%D0%BF%D0%B5%D1%88%D0%B5%D0%BD-%D0%BA%D0%B0%D0%B1%D0%B8%D0%BD%D0%B5%D1%82-%D0%B2-%D0%BF%D0%BB%D0%BE%D0%B2%D0%B4%D0%B8%D0%B2/
14-09-2025 13:28:12 INFO     	For media nova.bg (TV news) searching in page https://nova.bg/news/category/2/%D0%B1%D1%8A%D0%BB%D0%B3%D0%B0%D1%80%D0%B8%D1%8F/117	The number of found articles is: 12
14-09-2025 13:28:12 INFO     Info: ('nova.bg', 'TV news')
Current page is 117
14-09-2025 13:28:12 INFO     	For media nova.bg (TV news) searching in page https://nova.bg/news/category/2/%D0%B1%D1%8A%D0%BB%D0%B3%D0%B0%D1%80%D0%B8%D1%8F/118	The number of found articles is: 12
14-09-2025 13:28:12 INFO     Info: ('nova.bg', 'TV news')
Current page is 118
14-09-2025 13:28:12 INFO     	For media nova.bg (TV news) searching in page https://nova.bg/news/category/2/%D0%B1%D1%8A%D0%BB%D0%B3%D0%B0%D1%80%D0%B8%D1%8F/119	The number of found articles is: 12
14-09-2025 13:28:12 INFO     Info: ('nova.bg', 'TV news')
Current page is 119
14-09-2025 13:28:12 INFO     ---News article: <<< 5 години затвор за жена, откраднала над 100 хиляди лева от пенсионер >>> was not included in the data because none of BaseWebsite._second_level keywords were found in the article text Article url: https://nova.bg/news/view/2025/08/04/506259/5-%D0%B3%D0%BE%D0%B4%D0%B8%D0%BD%D0%B8-%D0%B7%D0%B0%D1%82%D0%B2%D0%BE%D1%80-%D0%B7%D0%B0-%D0%B6%D0%B5%D0%BD%D0%B0-%D0%BE%D1%82%D0%BA%D1%80%D0%B0%D0%B4%D0%BD%D0%B0%D0%BB%D0%B0-%D0%BD%D0%B0%D0%B4-100-%D1%85%D0%B8%D0%BB%D1%8F%D0%B4%D0%B8-%D0%BB%D0%B5%D0%B2%D0%B0-%D0%BE%D1%82-%D0%BF%D0%B5%D0%BD%D1%81%D0%B8%D0%BE%D0%BD%D0%B5%D1%80/
14-09-2025 13:28:12 INFO     	For media nova.bg (TV news) searching in page https://nova.bg/news/category/2/%D0%B1%D1%8A%D0%BB%D0%B3%D0%B0%D1%80%D0%B8%D1%8F/120	The number of found articles is: 12
14-09-2025 13:28:12 INFO     Info: ('nova.bg', 'TV news')
Current page is 120
14-09-2025 13:28:13 INFO     	For media nova.bg (TV news) searching in page https://nova.bg/news/category/2/%D0%B1%D1%8A%D0%BB%D0%B3%D0%B0%D1%80%D0%B8%D1%8F/121	The number of found articles is: 12
14-09-2025 13:28:13 INFO     Info: ('nova.bg', 'TV news')
Current page is 121
14-09-2025 13:28:13 INFO     	For media nova.bg (TV news) searching in page https://nova.bg/news/category/2/%D0%B1%D1%8A%D0%BB%D0%B3%D0%B0%D1%80%D0%B8%D1%8F/122	The number of found articles is: 12
14-09-2025 13:28:13 INFO     Info: ('nova.bg', 'TV news')
Current page is 122
14-09-2025 13:28:13 INFO     +++ Records for the news with Задържаха мъж за побой на жена пред поликлиниката в Монтана with url https://nova.bg/news/view/2025/08/03/506143/%D0%B7%D0%B0%D0%B4%D1%8A%D1%80%D0%B6%D0%B0%D1%85%D0%B0-%D0%BC%D1%8A%D0%B6-%D0%B7%D0%B0-%D0%BF%D0%BE%D0%B1%D0%BE%D0%B9-%D0%BD%D0%B0-%D0%B6%D0%B5%D0%BD%D0%B0-%D0%BF%D1%80%D0%B5%D0%B4-%D0%BF%D0%BE%D0%BB%D0%B8%D0%BA%D0%BB%D0%B8%D0%BD%D0%B8%D0%BA%D0%B0%D1%82%D0%B0-%D0%B2-%D0%BC%D0%BE%D0%BD%D1%82%D0%B0%D0%BD%D0%B0/ and text 37-годишен мъж от Монтана е задържан за нанесен побой на жена на 25 години, с която живее на семейни начала и имат две деца. Саморазправата е станала на публично място – пред поликлиниката в Монтана, в близост до сградата на ОД на МВР в града. Омбудсманът сигнализира за сексуално насилие и побои над деца в интернат в Силистренско Престъплението е извършено към 21:30 часа в събота. На място веднага пристигнал полицейски екип, който установил, че мъжът е ритал жената и е наранил едната ѝ ръка. През първите шест месеца на тази година в региона има 58 случая на домашно насилие, при които са издадени заповеди за незабавна защита, а за същия период на миналата година има 45 случая. Последвайте ни from source: nova.bg was successfully added to the BaseWebsite._data_dict
14-09-2025 13:28:13 INFO     	For media nova.bg (TV news) searching in page https://nova.bg/news/category/2/%D0%B1%D1%8A%D0%BB%D0%B3%D0%B0%D1%80%D0%B8%D1%8F/123	The number of found articles is: 13
14-09-2025 13:28:13 INFO     Info: ('nova.bg', 'TV news')
Current page is 123
14-09-2025 13:28:14 INFO     	For media nova.bg (TV news) searching in page https://nova.bg/news/category/2/%D0%B1%D1%8A%D0%BB%D0%B3%D0%B0%D1%80%D0%B8%D1%8F/124	The number of found articles is: 13
14-09-2025 13:28:14 INFO     Info: ('nova.bg', 'TV news')
Current page is 124
14-09-2025 13:28:14 INFO     	For media nova.bg (TV news) searching in page https://nova.bg/news/category/2/%D0%B1%D1%8A%D0%BB%D0%B3%D0%B0%D1%80%D0%B8%D1%8F/125	The number of found articles is: 13
14-09-2025 13:28:14 INFO     Info: ('nova.bg', 'TV news')
Current page is 125
14-09-2025 13:28:14 INFO     	For media nova.bg (TV news) searching in page https://nova.bg/news/category/2/%D0%B1%D1%8A%D0%BB%D0%B3%D0%B0%D1%80%D0%B8%D1%8F/126	The number of found articles is: 13
14-09-2025 13:28:14 INFO     Info: ('nova.bg', 'TV news')
Current page is 126
14-09-2025 13:28:14 INFO     ---News article: <<< Над 1200 момчета и момичета са ваксинирани срещу HPV за три седмици >>> was not included in the data because none of BaseWebsite._second_level keywords were found in the article text Article url: https://nova.bg/news/view/2025/08/01/506021/%D0%BD%D0%B0%D0%B4-1200-%D0%BC%D0%BE%D0%BC%D1%87%D0%B5%D1%82%D0%B0-%D0%B8-%D0%BC%D0%BE%D0%BC%D0%B8%D1%87%D0%B5%D1%82%D0%B0-%D1%81%D0%B0-%D0%B2%D0%B0%D0%BA%D1%81%D0%B8%D0%BD%D0%B8%D1%80%D0%B0%D0%BD%D0%B8-%D1%81%D1%80%D0%B5%D1%89%D1%83-hpv-%D0%B7%D0%B0-%D1%82%D1%80%D0%B8-%D1%81%D0%B5%D0%B4%D0%BC%D0%B8%D1%86%D0%B8/
14-09-2025 13:28:14 INFO     	For media nova.bg (TV news) searching in page https://nova.bg/news/category/2/%D0%B1%D1%8A%D0%BB%D0%B3%D0%B0%D1%80%D0%B8%D1%8F/127	The number of found articles is: 13
14-09-2025 13:28:14 INFO     Info: ('nova.bg', 'TV news')
Current page is 127
14-09-2025 13:28:14 INFO     	For media nova.bg (TV news) searching in page https://nova.bg/news/category/2/%D0%B1%D1%8A%D0%BB%D0%B3%D0%B0%D1%80%D0%B8%D1%8F/128	The number of found articles is: 13
14-09-2025 13:28:14 INFO     Info: ('nova.bg', 'TV news')
Current page is 128
14-09-2025 13:28:15 INFO     	For media nova.bg (TV news) searching in page https://nova.bg/news/category/2/%D0%B1%D1%8A%D0%BB%D0%B3%D0%B0%D1%80%D0%B8%D1%8F/129	The number of found articles is: 13
14-09-2025 13:28:15 INFO     Info: ('nova.bg', 'TV news')
Current page is 129
14-09-2025 13:28:15 INFO     	For media nova.bg (TV news) searching in page https://nova.bg/news/category/2/%D0%B1%D1%8A%D0%BB%D0%B3%D0%B0%D1%80%D0%B8%D1%8F/130	The number of found articles is: 13
14-09-2025 13:28:15 INFO     Info: ('nova.bg', 'TV news')
Current page is 130
14-09-2025 13:28:15 INFO     	For media nova.bg (TV news) searching in page https://nova.bg/news/category/2/%D0%B1%D1%8A%D0%BB%D0%B3%D0%B0%D1%80%D0%B8%D1%8F/131	The number of found articles is: 13
14-09-2025 13:28:15 INFO     Info: ('nova.bg', 'TV news')
Current page is 131
14-09-2025 13:28:15 INFO     	For media nova.bg (TV news) searching in page https://nova.bg/news/category/2/%D0%B1%D1%8A%D0%BB%D0%B3%D0%B0%D1%80%D0%B8%D1%8F/132	The number of found articles is: 13
14-09-2025 13:28:15 INFO     Info: ('nova.bg', 'TV news')
Current page is 132
14-09-2025 13:28:15 INFO     	For media nova.bg (TV news) searching in page https://nova.bg/news/category/2/%D0%B1%D1%8A%D0%BB%D0%B3%D0%B0%D1%80%D0%B8%D1%8F/133	The number of found articles is: 13
14-09-2025 13:28:15 INFO     Info: ('nova.bg', 'TV news')
Current page is 133
14-09-2025 13:28:15 INFO     	For media nova.bg (TV news) searching in page https://nova.bg/news/category/2/%D0%B1%D1%8A%D0%BB%D0%B3%D0%B0%D1%80%D0%B8%D1%8F/134	The number of found articles is: 13
14-09-2025 13:28:15 INFO     Info: ('nova.bg', 'TV news')
Current page is 134
14-09-2025 13:28:16 INFO     	For media nova.bg (TV news) searching in page https://nova.bg/news/category/2/%D0%B1%D1%8A%D0%BB%D0%B3%D0%B0%D1%80%D0%B8%D1%8F/135	The number of found articles is: 13
14-09-2025 13:28:16 INFO     Info: ('nova.bg', 'TV news')
Current page is 135
14-09-2025 13:28:16 INFO     	For media nova.bg (TV news) searching in page https://nova.bg/news/category/2/%D0%B1%D1%8A%D0%BB%D0%B3%D0%B0%D1%80%D0%B8%D1%8F/136	The number of found articles is: 13
14-09-2025 13:28:16 INFO     Info: ('nova.bg', 'TV news')
Current page is 136
14-09-2025 13:28:16 INFO     	For media nova.bg (TV news) searching in page https://nova.bg/news/category/2/%D0%B1%D1%8A%D0%BB%D0%B3%D0%B0%D1%80%D0%B8%D1%8F/137	The number of found articles is: 13
14-09-2025 13:28:16 INFO     Info: ('nova.bg', 'TV news')
Current page is 137
14-09-2025 13:28:16 INFO     	For media nova.bg (TV news) searching in page https://nova.bg/news/category/2/%D0%B1%D1%8A%D0%BB%D0%B3%D0%B0%D1%80%D0%B8%D1%8F/138	The number of found articles is: 13
14-09-2025 13:28:16 INFO     Info: ('nova.bg', 'TV news')
Current page is 138
14-09-2025 13:28:16 INFO     ---Article with title: ЗОВ ЗА ПОМОЩ: 35-годишна майка на две деца се нуждае от средства за операция на гръбначния стълб was not added because contains words from article title exclusion list: ['операц', 'деца']
14-09-2025 13:28:16 INFO     	For media nova.bg (TV news) searching in page https://nova.bg/news/category/2/%D0%B1%D1%8A%D0%BB%D0%B3%D0%B0%D1%80%D0%B8%D1%8F/139	The number of found articles is: 13
14-09-2025 13:28:16 INFO     Info: ('nova.bg', 'TV news')
Current page is 139
14-09-2025 13:28:17 INFO     ---News article: <<< Асен Василев внесе съдебен иск срещу жената, подала сигнала срещу кмета на Варна >>> was not included in the data because none of BaseWebsite._second_level keywords were found in the article text Article url: https://nova.bg/news/view/2025/07/29/505641/%D0%B0%D1%81%D0%B5%D0%BD-%D0%B2%D0%B0%D1%81%D0%B8%D0%BB%D0%B5%D0%B2-%D0%B2%D0%BD%D0%B5%D1%81%D0%B5-%D1%81%D1%8A%D0%B4%D0%B5%D0%B1%D0%B5%D0%BD-%D0%B8%D1%81%D0%BA-%D1%81%D1%80%D0%B5%D1%89%D1%83-%D0%B6%D0%B5%D0%BD%D0%B0%D1%82%D0%B0-%D0%BF%D0%BE%D0%B4%D0%B0%D0%BB%D0%B0-%D1%81%D0%B8%D0%B3%D0%BD%D0%B0%D0%BB%D0%B0-%D1%81%D1%80%D0%B5%D1%89%D1%83-%D0%BA%D0%BC%D0%B5%D1%82%D0%B0-%D0%BD%D0%B0-%D0%B2%D0%B0%D1%80%D0%BD%D0%B0/
14-09-2025 13:28:17 INFO     	For media nova.bg (TV news) searching in page https://nova.bg/news/category/2/%D0%B1%D1%8A%D0%BB%D0%B3%D0%B0%D1%80%D0%B8%D1%8F/140	The number of found articles is: 13
14-09-2025 13:28:17 INFO     Info: ('nova.bg', 'TV news')
Current page is 140
14-09-2025 13:28:17 INFO     ---Article with title: 19-годишно момиче загина при катастрофа в Бургаско was not added because contains words from article title exclusion list: ['катастроф']
14-09-2025 13:28:17 INFO     ---News article: <<< Майката на задържания за палежа във Велико Търново: Каза ми само, че се е почерпил и направил беля >>> was not included in the data because none of BaseWebsite._second_level keywords were found in the article text Article url: https://nova.bg/news/view/2025/07/28/505603/%D0%BC%D0%B0%D0%B9%D0%BA%D0%B0%D1%82%D0%B0-%D0%BD%D0%B0-%D0%B7%D0%B0%D0%B4%D1%8A%D1%80%D0%B6%D0%B0%D0%BD%D0%B8%D1%8F-%D0%B7%D0%B0-%D0%BF%D0%B0%D0%BB%D0%B5%D0%B6%D0%B0-%D0%B2%D1%8A%D0%B2-%D0%B2%D0%B5%D0%BB%D0%B8%D0%BA%D0%BE-%D1%82%D1%8A%D1%80%D0%BD%D0%BE%D0%B2%D0%BE-%D0%BA%D0%B0%D0%B7%D0%B0-%D0%BC%D0%B8-%D1%81%D0%B0%D0%BC%D0%BE-%D1%87%D0%B5-%D1%81%D0%B5-%D0%B5-%D0%BF%D0%BE%D1%87%D0%B5%D1%80%D0%BF%D0%B8%D0%BB-%D0%B8-%D0%BD%D0%B0%D0%BF%D1%80%D0%B0%D0%B2%D0%B8%D0%BB-%D0%B1%D0%B5%D0%BB%D1%8F/
14-09-2025 13:28:17 INFO     	For media nova.bg (TV news) searching in page https://nova.bg/news/category/2/%D0%B1%D1%8A%D0%BB%D0%B3%D0%B0%D1%80%D0%B8%D1%8F/141	The number of found articles is: 13
14-09-2025 13:28:17 INFO     Info: ('nova.bg', 'TV news')
Current page is 141
14-09-2025 13:28:18 INFO     +++ Records for the news with „Не успях да спася внучката си“ – дядото на Сияна с разтърсващо обръщение преди делото (СНИМКА) with url https://nova.bg/news/view/2025/07/28/505566/%D0%BD%D0%B5-%D1%83%D1%81%D0%BF%D1%8F%D1%85-%D0%B4%D0%B0-%D1%81%D0%BF%D0%B0%D1%81%D1%8F-%D0%B2%D0%BD%D1%83%D1%87%D0%BA%D0%B0%D1%82%D0%B0-%D1%81%D0%B8-%D0%B4%D1%8F%D0%B4%D0%BE%D1%82%D0%BE-%D0%BD%D0%B0-%D1%81%D0%B8%D1%8F%D0%BD%D0%B0-%D1%81-%D1%80%D0%B0%D0%B7%D1%82%D1%8A%D1%80%D1%81%D0%B2%D0%B0%D1%89%D0%BE-%D0%BE%D0%B1%D1%80%D1%8A%D1%89%D0%B5%D0%BD%D0%B8%D0%B5-%D0%BF%D1%80%D0%B5%D0%B4%D0%B8-%D0%B4%D0%B5%D0%BB%D0%BE%D1%82%D0%BE-%D1%81%D0%BD%D0%B8%D0%BC%D0%BA%D0%B0/ and text Старши пожарникар Георги Ламбев, дядо на загиналата Сияна Попова, отправи разтърсващ призив за подкрепа преди делото срещу виновника за смъртта ѝ. В емоционално обръщение, разпространено от бащата на Сияна, Ламбев споделя своята болка и дългогодишен опит като спасител, предаде DarikNews. Шофьорът, причинил катастрофата, в която загина Сияна, остава в ареста "Над 15 години служих в пожарната... спасили сме много човешки животи. Много деца. Точно там – на този път", пише той. Въпреки това, той признава най-голямата си лична трагедия: "Сияна е една от тези, които не успях да спася. В тази мисия се провалих – не успях да помогна на собствената си внучка." Ламбев, който не помни самата катастрофа, си спомня само как Сияна го е помолила да я закара, за да изпрати гривна на болно детенце: "Нямаше как да ѝ откажа – тя беше моята най-голяма слабост, най-обичаното дете."  Бащата на Сияна: Войната по пътищата остава водещ проблем, въпреки напредъка Завършвайки с апел за прекратяване на пътната война, той заявява: "Тази война на пътя е страшна. В нея врагът е невидим, непознат. За един миг всичко свършва. Това безумие трябва да спре." Дядото на Сияна призовава за подкрепа: "Моля ви – подкрепете Николай и семейството ми в сряда, 30 юли от 9:30 ч. пред съда в Плевен. Там ще се гледа делото срещу убиеца." Последвайте ни from source: nova.bg was successfully added to the BaseWebsite._data_dict
14-09-2025 13:28:18 INFO     	For media nova.bg (TV news) searching in page https://nova.bg/news/category/2/%D0%B1%D1%8A%D0%BB%D0%B3%D0%B0%D1%80%D0%B8%D1%8F/142	The number of found articles is: 14
14-09-2025 13:28:18 INFO     Info: ('nova.bg', 'TV news')
Current page is 142
14-09-2025 13:28:18 INFO     ---Article with title: Ужасяващо 7-часово пътуване: Жена се вози във влак без климатик при над 50 градуса was not added because contains words from article title exclusion list: ['влак']
14-09-2025 13:28:18 INFO     	For media nova.bg (TV news) searching in page https://nova.bg/news/category/2/%D0%B1%D1%8A%D0%BB%D0%B3%D0%B0%D1%80%D0%B8%D1%8F/143	The number of found articles is: 14
14-09-2025 13:28:18 INFO     Info: ('nova.bg', 'TV news')
Current page is 143
14-09-2025 13:28:18 INFO     ---Article with title: Домашен питбул без намордник нападна момиче и нейното куче в столичния квартал "Люлин" was not added because contains words from article title exclusion list: ['куче']
14-09-2025 13:28:18 INFO     	For media nova.bg (TV news) searching in page https://nova.bg/news/category/2/%D0%B1%D1%8A%D0%BB%D0%B3%D0%B0%D1%80%D0%B8%D1%8F/144	The number of found articles is: 14
14-09-2025 13:28:18 INFO     Info: ('nova.bg', 'TV news')
Current page is 144
14-09-2025 13:28:18 INFO     	For media nova.bg (TV news) searching in page https://nova.bg/news/category/2/%D0%B1%D1%8A%D0%BB%D0%B3%D0%B0%D1%80%D0%B8%D1%8F/145	The number of found articles is: 14
14-09-2025 13:28:18 INFO     Info: ('nova.bg', 'TV news')
Current page is 145
14-09-2025 13:28:19 INFO     +++ Records for the news with Зов за помощ: Майка се бори с прогресиращ рак with url https://nova.bg/news/view/2025/07/27/505413/%D0%B7%D0%BE%D0%B2-%D0%B7%D0%B0-%D0%BF%D0%BE%D0%BC%D0%BE%D1%89-%D0%BC%D0%B0%D0%B9%D0%BA%D0%B0-%D1%81%D0%B5-%D0%B1%D0%BE%D1%80%D0%B8-%D1%81-%D0%BF%D1%80%D0%BE%D0%B3%D1%80%D0%B5%D1%81%D0%B8%D1%80%D0%B0%D1%89-%D1%80%D0%B0%D0%BA/ and text Млада българска учителка се бори с коварно заболяване, което въпреки усилията на лекарите, прогресира. Близки, приятели, а и зрители на NOVA опитват да ѝ помогнат, защото в очите на едно българско дете болната жена намира най-големия стимул да се бори и да се опитва да оцелее. Историята й разказва Румяна Попова. „Да ме обича завинаги!”. Това иска малката дъщеричка на Галя Попова. Майка ѝ е учителка и води дълга борба с рака. Галя не губи надежда и иска да оздравее, за да вижда как расте момиченцето ѝ и да се върне при другите деца в класната стая. Срещали сме ви с нея и преди, но сега тя отново има нужда от подкрепата на добрите хора.  „Обръщам се към вас пак, както с голяма благодарност за всички, които подкрепиха кампанията ми и благодарение на тях съм жива, така и с огромна молба. Ракът прогресира”, споделя жената. „Има дни, в които не може да стане от леглото, с температура, повръщания, адски силни болки”, разказа сестрата на Галя – Весела Попова. Тя работи хоум офис, за да може да се грижи за нея. И двете са ипотекирали жилищата си, за да осигуряват пари за лечение, но парите са недостатъчни за скъпо струващото лекарство, което трябва да се достави от Съединените щати. „Аз съм събрала 100 хиляди лева. Остават още 224 хиляди”, обясни Галя. „В последствие и втората част от лекарството ще го закупим, но трябва първо да го започнем. Поне половината средства да съберем, за да може да се започне. Да можем да победим тази лоша болест и Галя да си бъде, както преди”, моли се Весела. Днес Галя отново е в болница за пореден курс на лечение, но лекарите й казали, че сигурният й  шанс е в скъпото лекарство отвъд океана, за което тя няма нито пари, нито време.  Ако желаете да помогнете на Галя в борбата ѝ с болестта, може да го направите като преведете средства по следната банкова сметка:  Титуляр: Галина Олегова Попова  IBAN: BG24STSA93000030219814  BIC: STSABGSF  Основание: Лечение Последвайте ни from source: nova.bg was successfully added to the BaseWebsite._data_dict
14-09-2025 13:28:19 INFO     	For media nova.bg (TV news) searching in page https://nova.bg/news/category/2/%D0%B1%D1%8A%D0%BB%D0%B3%D0%B0%D1%80%D0%B8%D1%8F/146	The number of found articles is: 15
14-09-2025 13:28:19 INFO     Info: ('nova.bg', 'TV news')
Current page is 146
14-09-2025 13:28:19 INFO     	For media nova.bg (TV news) searching in page https://nova.bg/news/category/2/%D0%B1%D1%8A%D0%BB%D0%B3%D0%B0%D1%80%D0%B8%D1%8F/147	The number of found articles is: 15
14-09-2025 13:28:19 INFO     Info: ('nova.bg', 'TV news')
Current page is 147
14-09-2025 13:28:19 INFO     	For media nova.bg (TV news) searching in page https://nova.bg/news/category/2/%D0%B1%D1%8A%D0%BB%D0%B3%D0%B0%D1%80%D0%B8%D1%8F/148	The number of found articles is: 15
14-09-2025 13:28:19 INFO     Info: ('nova.bg', 'TV news')
Current page is 148
14-09-2025 13:28:19 INFO     	For media nova.bg (TV news) searching in page https://nova.bg/news/category/2/%D0%B1%D1%8A%D0%BB%D0%B3%D0%B0%D1%80%D0%B8%D1%8F/149	The number of found articles is: 15
14-09-2025 13:28:19 INFO     Info: ('nova.bg', 'TV news')
Current page is 149
14-09-2025 13:28:20 INFO     	For media nova.bg (TV news) searching in page https://nova.bg/news/category/2/%D0%B1%D1%8A%D0%BB%D0%B3%D0%B0%D1%80%D0%B8%D1%8F/150	The number of found articles is: 15
14-09-2025 13:28:20 INFO     Info: ('nova.bg', 'TV news')
Current page is 150
14-09-2025 13:28:20 INFO     	For media nova.bg (TV news) searching in page https://nova.bg/news/category/2/%D0%B1%D1%8A%D0%BB%D0%B3%D0%B0%D1%80%D0%B8%D1%8F/151	The number of found articles is: 15
14-09-2025 13:28:20 INFO     Info: ('nova.bg', 'TV news')
Current page is 151
14-09-2025 13:28:20 INFO     ---Article with title: Почина възрастната жена, пострадала при пожар в Свищовско was not added because contains words from article title exclusion list: ['пожар']
14-09-2025 13:28:20 INFO     	For media nova.bg (TV news) searching in page https://nova.bg/news/category/2/%D0%B1%D1%8A%D0%BB%D0%B3%D0%B0%D1%80%D0%B8%D1%8F/152	The number of found articles is: 15
14-09-2025 13:28:20 INFO     Info: ('nova.bg', 'TV news')
Current page is 152
14-09-2025 13:28:20 INFO     	For media nova.bg (TV news) searching in page https://nova.bg/news/category/2/%D0%B1%D1%8A%D0%BB%D0%B3%D0%B0%D1%80%D0%B8%D1%8F/153	The number of found articles is: 15
14-09-2025 13:28:20 INFO     Info: ('nova.bg', 'TV news')
Current page is 153
14-09-2025 13:28:20 INFO     	For media nova.bg (TV news) searching in page https://nova.bg/news/category/2/%D0%B1%D1%8A%D0%BB%D0%B3%D0%B0%D1%80%D0%B8%D1%8F/154	The number of found articles is: 15
14-09-2025 13:28:20 INFO     Info: ('nova.bg', 'TV news')
Current page is 154
14-09-2025 13:28:20 INFO     	For media nova.bg (TV news) searching in page https://nova.bg/news/category/2/%D0%B1%D1%8A%D0%BB%D0%B3%D0%B0%D1%80%D0%B8%D1%8F/155	The number of found articles is: 15
14-09-2025 13:28:20 INFO     Info: ('nova.bg', 'TV news')
Current page is 155
14-09-2025 13:28:20 INFO     ---Article with title: Пожарникари спасиха възрастна жена при пожар в сухи треви в Свищовско was not added because contains words from article title exclusion list: ['пожар']
14-09-2025 13:28:20 INFO     	For media nova.bg (TV news) searching in page https://nova.bg/news/category/2/%D0%B1%D1%8A%D0%BB%D0%B3%D0%B0%D1%80%D0%B8%D1%8F/156	The number of found articles is: 15
14-09-2025 13:28:20 INFO     Info: ('nova.bg', 'TV news')
Current page is 156
14-09-2025 13:28:21 INFO     	For media nova.bg (TV news) searching in page https://nova.bg/news/category/2/%D0%B1%D1%8A%D0%BB%D0%B3%D0%B0%D1%80%D0%B8%D1%8F/157	The number of found articles is: 15
14-09-2025 13:28:21 INFO     Info: ('nova.bg', 'TV news')
Current page is 157
14-09-2025 13:28:21 INFO     	For media nova.bg (TV news) searching in page https://nova.bg/news/category/2/%D0%B1%D1%8A%D0%BB%D0%B3%D0%B0%D1%80%D0%B8%D1%8F/158	The number of found articles is: 15
14-09-2025 13:28:21 INFO     Info: ('nova.bg', 'TV news')
Current page is 158
14-09-2025 13:28:21 INFO     	For media nova.bg (TV news) searching in page https://nova.bg/news/category/2/%D0%B1%D1%8A%D0%BB%D0%B3%D0%B0%D1%80%D0%B8%D1%8F/159	The number of found articles is: 15
14-09-2025 13:28:21 INFO     Info: ('nova.bg', 'TV news')
Current page is 159
14-09-2025 13:28:21 INFO     ---Article with title: Живот в страх: Млада майка сигнализира за заплахи и тормоз от бащата на детето ѝ was not added because contains words from article title exclusion list: ['дете']
14-09-2025 13:28:21 INFO     	For media nova.bg (TV news) searching in page https://nova.bg/news/category/2/%D0%B1%D1%8A%D0%BB%D0%B3%D0%B0%D1%80%D0%B8%D1%8F/160	The number of found articles is: 15
14-09-2025 13:28:21 INFO     Info: ('nova.bg', 'TV news')
Current page is 160
14-09-2025 13:28:21 INFO     	For media nova.bg (TV news) searching in page https://nova.bg/news/category/2/%D0%B1%D1%8A%D0%BB%D0%B3%D0%B0%D1%80%D0%B8%D1%8F/161	The number of found articles is: 15
14-09-2025 13:28:21 INFO     Info: ('nova.bg', 'TV news')
Current page is 161
14-09-2025 13:28:21 INFO     	For media nova.bg (TV news) searching in page https://nova.bg/news/category/2/%D0%B1%D1%8A%D0%BB%D0%B3%D0%B0%D1%80%D0%B8%D1%8F/162	The number of found articles is: 15
14-09-2025 13:28:21 INFO     Info: ('nova.bg', 'TV news')
Current page is 162
14-09-2025 13:28:22 INFO     	For media nova.bg (TV news) searching in page https://nova.bg/news/category/2/%D0%B1%D1%8A%D0%BB%D0%B3%D0%B0%D1%80%D0%B8%D1%8F/163	The number of found articles is: 15
14-09-2025 13:28:22 INFO     Info: ('nova.bg', 'TV news')
Current page is 163
14-09-2025 13:28:22 INFO     	For media nova.bg (TV news) searching in page https://nova.bg/news/category/2/%D0%B1%D1%8A%D0%BB%D0%B3%D0%B0%D1%80%D0%B8%D1%8F/164	The number of found articles is: 15
14-09-2025 13:28:22 INFO     Info: ('nova.bg', 'TV news')
Current page is 164
14-09-2025 13:28:22 INFO     	For media nova.bg (TV news) searching in page https://nova.bg/news/category/2/%D0%B1%D1%8A%D0%BB%D0%B3%D0%B0%D1%80%D0%B8%D1%8F/165	The number of found articles is: 15
14-09-2025 13:28:22 INFO     Info: ('nova.bg', 'TV news')
Current page is 165
14-09-2025 13:28:22 INFO     ---Article with title: Окончателно: Над три години затвор за шофьора, предизвикал катастрофа със загинала студентка в Шумен was not added because contains words from article title exclusion list: ['катастроф', 'шофьор']
14-09-2025 13:28:22 INFO     	For media nova.bg (TV news) searching in page https://nova.bg/news/category/2/%D0%B1%D1%8A%D0%BB%D0%B3%D0%B0%D1%80%D0%B8%D1%8F/166	The number of found articles is: 15
14-09-2025 13:28:22 INFO     Info: ('nova.bg', 'TV news')
Current page is 166
14-09-2025 13:28:22 INFO     	For media nova.bg (TV news) searching in page https://nova.bg/news/category/2/%D0%B1%D1%8A%D0%BB%D0%B3%D0%B0%D1%80%D0%B8%D1%8F/167	The number of found articles is: 15
14-09-2025 13:28:22 INFO     Info: ('nova.bg', 'TV news')
Current page is 167
14-09-2025 13:28:22 INFO     	For media nova.bg (TV news) searching in page https://nova.bg/news/category/2/%D0%B1%D1%8A%D0%BB%D0%B3%D0%B0%D1%80%D0%B8%D1%8F/168	The number of found articles is: 15
14-09-2025 13:28:22 INFO     Info: ('nova.bg', 'TV news')
Current page is 168
14-09-2025 13:28:22 INFO     	For media nova.bg (TV news) searching in page https://nova.bg/news/category/2/%D0%B1%D1%8A%D0%BB%D0%B3%D0%B0%D1%80%D0%B8%D1%8F/169	The number of found articles is: 15
14-09-2025 13:28:22 INFO     Info: ('nova.bg', 'TV news')
Current page is 169
14-09-2025 13:28:23 INFO     	For media nova.bg (TV news) searching in page https://nova.bg/news/category/2/%D0%B1%D1%8A%D0%BB%D0%B3%D0%B0%D1%80%D0%B8%D1%8F/170	The number of found articles is: 15
14-09-2025 13:28:23 INFO     Info: ('nova.bg', 'TV news')
Current page is 170
14-09-2025 13:28:23 INFO     ---News article: <<< Взрив на бензиностанция в Бургас: Пострадаха дядо и 13-годишната му внучка (ВИДЕО+СНИМКИ) >>> was not included in the data because none of BaseWebsite._second_level keywords were found in the article text Article url: https://nova.bg/news/view/2025/07/19/504713/%D0%B2%D0%B7%D1%80%D0%B8%D0%B2-%D0%BD%D0%B0-%D0%B1%D0%B5%D0%BD%D0%B7%D0%B8%D0%BD%D0%BE%D1%81%D1%82%D0%B0%D0%BD%D1%86%D0%B8%D1%8F-%D0%B2-%D0%B1%D1%83%D1%80%D0%B3%D0%B0%D1%81-%D0%BF%D0%BE%D1%81%D1%82%D1%80%D0%B0%D0%B4%D0%B0%D1%85%D0%B0-%D0%B4%D1%8F%D0%B4%D0%BE-%D0%B8-13-%D0%B3%D0%BE%D0%B4%D0%B8%D1%88%D0%BD%D0%B0%D1%82%D0%B0-%D0%BC%D1%83-%D0%B2%D0%BD%D1%83%D1%87%D0%BA%D0%B0-%D0%B2%D0%B8%D0%B4%D0%B5%D0%BE%D1%81%D0%BD%D0%B8%D0%BC%D0%BA%D0%B8/
14-09-2025 13:28:23 INFO     	For media nova.bg (TV news) searching in page https://nova.bg/news/category/2/%D0%B1%D1%8A%D0%BB%D0%B3%D0%B0%D1%80%D0%B8%D1%8F/171	The number of found articles is: 15
14-09-2025 13:28:23 INFO     Info: ('nova.bg', 'TV news')
Current page is 171
14-09-2025 13:28:23 INFO     	For media nova.bg (TV news) searching in page https://nova.bg/news/category/2/%D0%B1%D1%8A%D0%BB%D0%B3%D0%B0%D1%80%D0%B8%D1%8F/172	The number of found articles is: 15
14-09-2025 13:28:23 INFO     Info: ('nova.bg', 'TV news')
Current page is 172
14-09-2025 13:28:24 INFO     ---News article: <<< Деляна Маринова-Джуджи: Гала е по-добрата баба от мен (ВИДЕО) >>> was not included in the data because none of BaseWebsite._second_level keywords were found in the article text Article url: https://nova.bg/news/view/2025/07/19/504664/%D0%B4%D0%B5%D0%BB%D1%8F%D0%BD%D0%B0-%D0%BC%D0%B0%D1%80%D0%B8%D0%BD%D0%BE%D0%B2%D0%B0-%D0%B4%D0%B6%D1%83%D0%B4%D0%B6%D0%B8-%D0%B3%D0%B0%D0%BB%D0%B0-%D0%B5-%D0%BF%D0%BE-%D0%B4%D0%BE%D0%B1%D1%80%D0%B0%D1%82%D0%B0-%D0%B1%D0%B0%D0%B1%D0%B0-%D0%BE%D1%82-%D0%BC%D0%B5%D0%BD-%D0%B2%D0%B8%D0%B4%D0%B5%D0%BE/
14-09-2025 13:28:24 INFO     	For media nova.bg (TV news) searching in page https://nova.bg/news/category/2/%D0%B1%D1%8A%D0%BB%D0%B3%D0%B0%D1%80%D0%B8%D1%8F/173	The number of found articles is: 15
14-09-2025 13:28:24 INFO     Info: ('nova.bg', 'TV news')
Current page is 173
14-09-2025 13:28:24 INFO     	For media nova.bg (TV news) searching in page https://nova.bg/news/category/2/%D0%B1%D1%8A%D0%BB%D0%B3%D0%B0%D1%80%D0%B8%D1%8F/174	The number of found articles is: 15
14-09-2025 13:28:24 INFO     Info: ('nova.bg', 'TV news')
Current page is 174
14-09-2025 13:28:25 INFO     +++ Records for the news with Задържаха мъж за жестоко убийство на жена в Сливен with url https://nova.bg/news/view/2025/07/18/504592/%D0%B7%D0%B0%D0%B4%D1%8A%D1%80%D0%B6%D0%B0%D1%85%D0%B0-%D0%BC%D1%8A%D0%B6-%D0%B7%D0%B0-%D0%B6%D0%B5%D1%81%D1%82%D0%BE%D0%BA%D0%BE-%D1%83%D0%B1%D0%B8%D0%B9%D1%81%D1%82%D0%B2%D0%BE-%D0%BD%D0%B0-%D0%B6%D0%B5%D0%BD%D0%B0-%D0%B2-%D1%81%D0%BB%D0%B8%D0%B2%D0%B5%D0%BD/ and text Окръжният съд в Сливен постанови най-тежката мярка за неотклонение – „задържане под стража“ – спрямо мъж, обвинен в умишлено убийство на жена, с която е живеел на семейни начала. Престъплението е извършено на 13 юли в условията на домашно насилие. Задържаният е обвинен, че е умъртвил жената с особена жестокост. Законът предвижда сурово наказание за подобно деяние – „лишаване от свобода“ от 15 до 20 години, „доживотен затвор“ или „доживотен затвор без замяна“. Празненство за бебе завърши с убийство в Каравелово Съдебната мярка е взета на 17 юли. Определението на съда може да бъде обжалвано пред Апелативния съд в Бургас в тридневен срок. Припомняме, че само няколко дни по-рано, на 11 юли, 46-годишен мъж беше задържан в Сливен за убийството на майка си. Последвайте ни from source: nova.bg was successfully added to the BaseWebsite._data_dict
14-09-2025 13:28:25 INFO     	For media nova.bg (TV news) searching in page https://nova.bg/news/category/2/%D0%B1%D1%8A%D0%BB%D0%B3%D0%B0%D1%80%D0%B8%D1%8F/175	The number of found articles is: 16
14-09-2025 13:28:25 INFO     Info: ('nova.bg', 'TV news')
Current page is 175
14-09-2025 13:28:25 INFO     	For media nova.bg (TV news) searching in page https://nova.bg/news/category/2/%D0%B1%D1%8A%D0%BB%D0%B3%D0%B0%D1%80%D0%B8%D1%8F/176	The number of found articles is: 16
14-09-2025 13:28:25 INFO     Info: ('nova.bg', 'TV news')
Current page is 176
14-09-2025 13:28:25 INFO     	For media nova.bg (TV news) searching in page https://nova.bg/news/category/2/%D0%B1%D1%8A%D0%BB%D0%B3%D0%B0%D1%80%D0%B8%D1%8F/177	The number of found articles is: 16
14-09-2025 13:28:25 INFO     Info: ('nova.bg', 'TV news')
Current page is 177
14-09-2025 13:28:25 INFO     	For media nova.bg (TV news) searching in page https://nova.bg/news/category/2/%D0%B1%D1%8A%D0%BB%D0%B3%D0%B0%D1%80%D0%B8%D1%8F/178	The number of found articles is: 16
14-09-2025 13:28:25 INFO     Info: ('nova.bg', 'TV news')
Current page is 178
14-09-2025 13:28:25 INFO     	For media nova.bg (TV news) searching in page https://nova.bg/news/category/2/%D0%B1%D1%8A%D0%BB%D0%B3%D0%B0%D1%80%D0%B8%D1%8F/179	The number of found articles is: 16
14-09-2025 13:28:25 INFO     Info: ('nova.bg', 'TV news')
Current page is 179
14-09-2025 13:28:25 INFO     	For media nova.bg (TV news) searching in page https://nova.bg/news/category/2/%D0%B1%D1%8A%D0%BB%D0%B3%D0%B0%D1%80%D0%B8%D1%8F/180	The number of found articles is: 16
14-09-2025 13:28:25 INFO     Info: ('nova.bg', 'TV news')
Current page is 180
14-09-2025 13:28:26 INFO     	For media nova.bg (TV news) searching in page https://nova.bg/news/category/2/%D0%B1%D1%8A%D0%BB%D0%B3%D0%B0%D1%80%D0%B8%D1%8F/181	The number of found articles is: 16
14-09-2025 13:28:26 INFO     Info: ('nova.bg', 'TV news')
Current page is 181
14-09-2025 13:28:26 INFO     	For media nova.bg (TV news) searching in page https://nova.bg/news/category/2/%D0%B1%D1%8A%D0%BB%D0%B3%D0%B0%D1%80%D0%B8%D1%8F/182	The number of found articles is: 16
14-09-2025 13:28:26 INFO     Info: ('nova.bg', 'TV news')
Current page is 182
14-09-2025 13:28:26 INFO     	For media nova.bg (TV news) searching in page https://nova.bg/news/category/2/%D0%B1%D1%8A%D0%BB%D0%B3%D0%B0%D1%80%D0%B8%D1%8F/183	The number of found articles is: 16
14-09-2025 13:28:26 INFO     Info: ('nova.bg', 'TV news')
Current page is 183
14-09-2025 13:28:26 INFO     	For media nova.bg (TV news) searching in page https://nova.bg/news/category/2/%D0%B1%D1%8A%D0%BB%D0%B3%D0%B0%D1%80%D0%B8%D1%8F/184	The number of found articles is: 16
14-09-2025 13:28:26 INFO     Info: ('nova.bg', 'TV news')
Current page is 184
14-09-2025 13:28:26 INFO     ---Article with title: Условна присъда за шофьор, блъснал и убил жена на пешеходна пътека в Пловдив was not added because contains words from article title exclusion list: ['блъсна', 'шофьор', 'пешеход']
14-09-2025 13:28:26 INFO     	For media nova.bg (TV news) searching in page https://nova.bg/news/category/2/%D0%B1%D1%8A%D0%BB%D0%B3%D0%B0%D1%80%D0%B8%D1%8F/185	The number of found articles is: 16
14-09-2025 13:28:26 INFO     Info: ('nova.bg', 'TV news')
Current page is 185
14-09-2025 13:28:26 INFO     	For media nova.bg (TV news) searching in page https://nova.bg/news/category/2/%D0%B1%D1%8A%D0%BB%D0%B3%D0%B0%D1%80%D0%B8%D1%8F/186	The number of found articles is: 16
14-09-2025 13:28:26 INFO     Info: ('nova.bg', 'TV news')
Current page is 186
14-09-2025 13:28:27 INFO     	For media nova.bg (TV news) searching in page https://nova.bg/news/category/2/%D0%B1%D1%8A%D0%BB%D0%B3%D0%B0%D1%80%D0%B8%D1%8F/187	The number of found articles is: 16
14-09-2025 13:28:27 INFO     Info: ('nova.bg', 'TV news')
Current page is 187
14-09-2025 13:28:27 INFO     	For media nova.bg (TV news) searching in page https://nova.bg/news/category/2/%D0%B1%D1%8A%D0%BB%D0%B3%D0%B0%D1%80%D0%B8%D1%8F/188	The number of found articles is: 16
14-09-2025 13:28:27 INFO     Info: ('nova.bg', 'TV news')
Current page is 188
14-09-2025 13:28:27 INFO     	For media nova.bg (TV news) searching in page https://nova.bg/news/category/2/%D0%B1%D1%8A%D0%BB%D0%B3%D0%B0%D1%80%D0%B8%D1%8F/189	The number of found articles is: 16
14-09-2025 13:28:27 INFO     Info: ('nova.bg', 'TV news')
Current page is 189
14-09-2025 13:28:27 INFO     	For media nova.bg (TV news) searching in page https://nova.bg/news/category/2/%D0%B1%D1%8A%D0%BB%D0%B3%D0%B0%D1%80%D0%B8%D1%8F/190	The number of found articles is: 16
14-09-2025 13:28:27 INFO     Info: ('nova.bg', 'TV news')
Current page is 190
14-09-2025 13:28:27 INFO     ---Article with title: Свидетелка потвърди версията на жената, подала сигнал за шамари по време на раждане в „Майчин дом” (ОБЗОР) was not added because contains words from article title exclusion list: ['дете']
14-09-2025 13:28:27 INFO     	For media nova.bg (TV news) searching in page https://nova.bg/news/category/2/%D0%B1%D1%8A%D0%BB%D0%B3%D0%B0%D1%80%D0%B8%D1%8F/191	The number of found articles is: 16
14-09-2025 13:28:27 INFO     Info: ('nova.bg', 'TV news')
Current page is 191
14-09-2025 13:28:27 INFO     	For media nova.bg (TV news) searching in page https://nova.bg/news/category/2/%D0%B1%D1%8A%D0%BB%D0%B3%D0%B0%D1%80%D0%B8%D1%8F/192	The number of found articles is: 16
14-09-2025 13:28:27 INFO     Info: ('nova.bg', 'TV news')
Current page is 192
14-09-2025 13:28:27 INFO     	For media nova.bg (TV news) searching in page https://nova.bg/news/category/2/%D0%B1%D1%8A%D0%BB%D0%B3%D0%B0%D1%80%D0%B8%D1%8F/193	The number of found articles is: 16
14-09-2025 13:28:27 INFO     Info: ('nova.bg', 'TV news')
Current page is 193
14-09-2025 13:28:28 INFO     	For media nova.bg (TV news) searching in page https://nova.bg/news/category/2/%D0%B1%D1%8A%D0%BB%D0%B3%D0%B0%D1%80%D0%B8%D1%8F/194	The number of found articles is: 16
14-09-2025 13:28:28 INFO     Info: ('nova.bg', 'TV news')
Current page is 194
14-09-2025 13:28:28 INFO     ---Article with title: „Тя едва не уби цялото ми семейство”: Говори жената, шофирала блъснатата от Дебора кола was not added because contains words from article title exclusion list: [' кола', 'блъсна', 'шофир']
14-09-2025 13:28:28 INFO     	For media nova.bg (TV news) searching in page https://nova.bg/news/category/2/%D0%B1%D1%8A%D0%BB%D0%B3%D0%B0%D1%80%D0%B8%D1%8F/195	The number of found articles is: 16
14-09-2025 13:28:28 INFO     Info: ('nova.bg', 'TV news')
Current page is 195
14-09-2025 13:28:28 INFO     	For media nova.bg (TV news) searching in page https://nova.bg/news/category/2/%D0%B1%D1%8A%D0%BB%D0%B3%D0%B0%D1%80%D0%B8%D1%8F/196	The number of found articles is: 16
14-09-2025 13:28:28 INFO     Info: ('nova.bg', 'TV news')
Current page is 196
14-09-2025 13:28:28 INFO     	For media nova.bg (TV news) searching in page https://nova.bg/news/category/2/%D0%B1%D1%8A%D0%BB%D0%B3%D0%B0%D1%80%D0%B8%D1%8F/197	The number of found articles is: 16
14-09-2025 13:28:28 INFO     Info: ('nova.bg', 'TV news')
Current page is 197
14-09-2025 13:28:28 INFO     ---Article with title: Равни, приети и щастливи: Две момичета със Синдром на Даун вече имат работа в Пазарджик was not added because contains words from article title exclusion list: ['приет']
14-09-2025 13:28:28 INFO     	For media nova.bg (TV news) searching in page https://nova.bg/news/category/2/%D0%B1%D1%8A%D0%BB%D0%B3%D0%B0%D1%80%D0%B8%D1%8F/198	The number of found articles is: 16
14-09-2025 13:28:28 INFO     Info: ('nova.bg', 'TV news')
Current page is 198
14-09-2025 13:28:29 INFO     ---News article: <<< Млада майка със сигнал за шамари и обиди по време на раждане, започнаха проверки >>> was not included in the data because none of BaseWebsite._second_level keywords were found in the article text Article url: https://nova.bg/news/view/2025/07/11/503869/%D0%BC%D0%BB%D0%B0%D0%B4%D0%B0-%D0%BC%D0%B0%D0%B9%D0%BA%D0%B0-%D1%81%D1%8A%D1%81-%D1%81%D0%B8%D0%B3%D0%BD%D0%B0%D0%BB-%D0%B7%D0%B0-%D1%88%D0%B0%D0%BC%D0%B0%D1%80%D0%B8-%D0%B8-%D0%BE%D0%B1%D0%B8%D0%B4%D0%B8-%D0%BF%D0%BE-%D0%B2%D1%80%D0%B5%D0%BC%D0%B5-%D0%BD%D0%B0-%D1%80%D0%B0%D0%B6%D0%B4%D0%B0%D0%BD%D0%B5-%D0%B7%D0%B0%D0%BF%D0%BE%D1%87%D0%BD%D0%B0%D1%85%D0%B0-%D0%BF%D1%80%D0%BE%D0%B2%D0%B5%D1%80%D0%BA%D0%B8/
14-09-2025 13:28:29 INFO     	For media nova.bg (TV news) searching in page https://nova.bg/news/category/2/%D0%B1%D1%8A%D0%BB%D0%B3%D0%B0%D1%80%D0%B8%D1%8F/199	The number of found articles is: 16
14-09-2025 13:28:29 INFO     Info: ('nova.bg', 'TV news')
Current page is 199
14-09-2025 13:28:29 INFO     ---Article with title: След спор за жена: Шофьор блъсна племенника си и разцепи с брадва колата му was not added because contains words from article title exclusion list: [' кола', 'блъсна', 'шофьор']
14-09-2025 13:28:29 INFO     	For media nova.bg (TV news) searching in page https://nova.bg/news/category/2/%D0%B1%D1%8A%D0%BB%D0%B3%D0%B0%D1%80%D0%B8%D1%8F/200	The number of found articles is: 16
14-09-2025 13:28:29 INFO     Info: ('nova.bg', 'TV news')
Current page is 200
14-09-2025 13:28:29 INFO     	For media nova.bg (TV news) searching in page https://nova.bg/news/category/2/%D0%B1%D1%8A%D0%BB%D0%B3%D0%B0%D1%80%D0%B8%D1%8F/201	The number of found articles is: 16
14-09-2025 13:28:29 INFO     Info: ('nova.bg', 'TV news')
Current page is 201
14-09-2025 13:28:29 INFO     	For media nova.bg (TV news) searching in page https://nova.bg/news/category/2/%D0%B1%D1%8A%D0%BB%D0%B3%D0%B0%D1%80%D0%B8%D1%8F/202	The number of found articles is: 16
14-09-2025 13:28:29 INFO     Info: ('nova.bg', 'TV news')
Current page is 202
14-09-2025 13:28:29 INFO     	For media nova.bg (TV news) searching in page https://nova.bg/news/category/2/%D0%B1%D1%8A%D0%BB%D0%B3%D0%B0%D1%80%D0%B8%D1%8F/203	The number of found articles is: 16
14-09-2025 13:28:29 INFO     Info: ('nova.bg', 'TV news')
Current page is 203
14-09-2025 13:28:30 INFO     	For media nova.bg (TV news) searching in page https://nova.bg/news/category/2/%D0%B1%D1%8A%D0%BB%D0%B3%D0%B0%D1%80%D0%B8%D1%8F/204	The number of found articles is: 16
14-09-2025 13:28:30 INFO     Info: ('nova.bg', 'TV news')
Current page is 204
14-09-2025 13:28:30 INFO     ---Article with title: Задържаха мъж и жена, превозвали нелегални мигранти от Мароко was not added because contains words from article title exclusion list: ['мъж и жена', 'мигранти']
14-09-2025 13:28:30 INFO     	For media nova.bg (TV news) searching in page https://nova.bg/news/category/2/%D0%B1%D1%8A%D0%BB%D0%B3%D0%B0%D1%80%D0%B8%D1%8F/205	The number of found articles is: 16
14-09-2025 13:28:30 INFO     Info: ('nova.bg', 'TV news')
Current page is 205
14-09-2025 13:28:30 INFO     	For media nova.bg (TV news) searching in page https://nova.bg/news/category/2/%D0%B1%D1%8A%D0%BB%D0%B3%D0%B0%D1%80%D0%B8%D1%8F/206	The number of found articles is: 16
14-09-2025 13:28:30 INFO     Info: ('nova.bg', 'TV news')
Current page is 206
14-09-2025 13:28:30 INFO     	For media nova.bg (TV news) searching in page https://nova.bg/news/category/2/%D0%B1%D1%8A%D0%BB%D0%B3%D0%B0%D1%80%D0%B8%D1%8F/207	The number of found articles is: 16
14-09-2025 13:28:30 INFO     Info: ('nova.bg', 'TV news')
Current page is 207
14-09-2025 13:28:31 INFO     ---News article: <<< „Никоя майка не бива да изживява този кошмар“: Жената на Благомир Коцев разказа за акцията на КПК >>> was not included in the data because none of BaseWebsite._second_level keywords were found in the article text Article url: https://nova.bg/news/view/2025/07/09/503611/%D0%BD%D0%B8%D0%BA%D0%BE%D1%8F-%D0%BC%D0%B0%D0%B9%D0%BA%D0%B0-%D0%BD%D0%B5-%D0%B1%D0%B8%D0%B2%D0%B0-%D0%B4%D0%B0-%D0%B8%D0%B7%D0%B6%D0%B8%D0%B2%D1%8F%D0%B2%D0%B0-%D1%82%D0%BE%D0%B7%D0%B8-%D0%BA%D0%BE%D1%88%D0%BC%D0%B0%D1%80-%D0%B6%D0%B5%D0%BD%D0%B0%D1%82%D0%B0-%D0%BD%D0%B0-%D0%B1%D0%BB%D0%B0%D0%B3%D0%BE%D0%BC%D0%B8%D1%80-%D0%BA%D0%BE%D1%86%D0%B5%D0%B2-%D1%80%D0%B0%D0%B7%D0%BA%D0%B0%D0%B7%D0%B0-%D0%B7%D0%B0-%D0%B0%D0%BA%D1%86%D0%B8%D1%8F%D1%82%D0%B0-%D0%BD%D0%B0-%D0%BA%D0%BF%D0%BA/
14-09-2025 13:28:31 INFO     +++ Records for the news with Задържаха майка и непълнолетния ѝ син за „ало” измами за над 30 000 лв. with url https://nova.bg/news/view/2025/07/09/503588/%D0%B7%D0%B0%D0%B4%D1%8A%D1%80%D0%B6%D0%B0%D1%85%D0%B0-%D0%BC%D0%B0%D0%B9%D0%BA%D0%B0-%D0%B8-%D0%BD%D0%B5%D0%BF%D1%8A%D0%BB%D0%BD%D0%BE%D0%BB%D0%B5%D1%82%D0%BD%D0%B8%D1%8F-%D1%9D-%D1%81%D0%B8%D0%BD-%D0%B7%D0%B0-%D0%B0%D0%BB%D0%BE-%D0%B8%D0%B7%D0%BC%D0%B0%D0%BC%D0%B8-%D0%B7%D0%B0-%D0%BD%D0%B0%D0%B4-30-000-%D0%BB%D0%B2/ and text Майка и син са задържани след телефонна измама, съобщиха от пресцентъра на Областната дирекция на ОДМВР в Хасково. Жената, която е на 53 години, и 15-годишният ѝ син са от Димитровград. Те са арестувани като съпричастни към общо три измами по телефона с жертви от Хасково, уточниха от полицията. МВР предупреди за нова схема за телефонна измама ​ Двамата са разкрити, след като на 8 юли са успели да измамат поредната си жертва - възрастна жена на 81 години от Хасково. Първото телефонно обаждане е било на стационарния ѝ телефон. Гласът се е представил за нейна дъщеря, но възрастната жена не се е заблудила и е затворила. Часове по-късно обаче мъжки глас позвънил и заявил, че е комисар от полицията. Този път по схемата „съдействие на полицията“ измамниците са заблудили жертвата си, която през терасата на дома си на улица „Гургулят“ хвърлила в торбичка 16 000 лева. Когато се усетила, измамената жена е подала сигнал в полицейското управление. Незабавно е сформирана група от криминалисти от Районното управление в Хасково и областната полиция, които са установили и задържали извършителите на измамата. Нова схема за „ало” измами: Жена преведе пари чрез QR код Пред униформените двамата са признали за деянието и са описали подробно схемата, от която са част. Признали са и за още две измами, извършени през миналата седмица в областния град. При тях били въведени в заблуждение 77-годишен мъж, оставил в парк 7000 лева, и 89-годишна жена, хвърлила през прозореца на дома си 10 000 лева. След самопризнанията си задържаната майка е върнала с протокол част от инкриминираните пари - малко над 13 000 лева. Заедно със сина си са задържани за срок до 24 часа. Последвайте ни from source: nova.bg was successfully added to the BaseWebsite._data_dict
14-09-2025 13:28:31 INFO     	For media nova.bg (TV news) searching in page https://nova.bg/news/category/2/%D0%B1%D1%8A%D0%BB%D0%B3%D0%B0%D1%80%D0%B8%D1%8F/208	The number of found articles is: 17
14-09-2025 13:28:31 INFO     Info: ('nova.bg', 'TV news')
Current page is 208
14-09-2025 13:28:31 INFO     ---Article with title: Кола блъсна майка с малко дете на пешеходна пътека в Казанлък was not added because contains words from article title exclusion list: ['блъсна', 'пешеход', 'дете']
14-09-2025 13:28:31 INFO     	For media nova.bg (TV news) searching in page https://nova.bg/news/category/2/%D0%B1%D1%8A%D0%BB%D0%B3%D0%B0%D1%80%D0%B8%D1%8F/209	The number of found articles is: 17
14-09-2025 13:28:31 INFO     Info: ('nova.bg', 'TV news')
Current page is 209
14-09-2025 13:28:31 INFO     	For media nova.bg (TV news) searching in page https://nova.bg/news/category/2/%D0%B1%D1%8A%D0%BB%D0%B3%D0%B0%D1%80%D0%B8%D1%8F/210	The number of found articles is: 17
14-09-2025 13:28:31 INFO     Info: ('nova.bg', 'TV news')
Current page is 210
14-09-2025 13:28:32 INFO     	For media nova.bg (TV news) searching in page https://nova.bg/news/category/2/%D0%B1%D1%8A%D0%BB%D0%B3%D0%B0%D1%80%D0%B8%D1%8F/211	The number of found articles is: 17
14-09-2025 13:28:32 INFO     Info: ('nova.bg', 'TV news')
Current page is 211
14-09-2025 13:28:32 INFO     	For media nova.bg (TV news) searching in page https://nova.bg/news/category/2/%D0%B1%D1%8A%D0%BB%D0%B3%D0%B0%D1%80%D0%B8%D1%8F/212	The number of found articles is: 17
14-09-2025 13:28:32 INFO     Info: ('nova.bg', 'TV news')
Current page is 212
14-09-2025 13:28:32 INFO     	For media nova.bg (TV news) searching in page https://nova.bg/news/category/2/%D0%B1%D1%8A%D0%BB%D0%B3%D0%B0%D1%80%D0%B8%D1%8F/213	The number of found articles is: 17
14-09-2025 13:28:32 INFO     Info: ('nova.bg', 'TV news')
Current page is 213
14-09-2025 13:28:32 INFO     	For media nova.bg (TV news) searching in page https://nova.bg/news/category/2/%D0%B1%D1%8A%D0%BB%D0%B3%D0%B0%D1%80%D0%B8%D1%8F/214	The number of found articles is: 17
14-09-2025 13:28:32 INFO     Info: ('nova.bg', 'TV news')
Current page is 214
14-09-2025 13:28:32 INFO     ---News article: <<< След репортаж на NOVA: Започва ремонт на участъка, след като жена спука гума и получи глоба >>> was not included in the data because none of BaseWebsite._second_level keywords were found in the article text Article url: https://nova.bg/news/view/2025/07/08/503420/%D1%81%D0%BB%D0%B5%D0%B4-%D1%80%D0%B5%D0%BF%D0%BE%D1%80%D1%82%D0%B0%D0%B6-%D0%BD%D0%B0-nova-%D0%B7%D0%B0%D0%BF%D0%BE%D1%87%D0%B2%D0%B0-%D1%80%D0%B5%D0%BC%D0%BE%D0%BD%D1%82-%D0%BD%D0%B0-%D1%83%D1%87%D0%B0%D1%81%D1%82%D1%8A%D0%BA%D0%B0-%D1%81%D0%BB%D0%B5%D0%B4-%D0%BA%D0%B0%D1%82%D0%BE-%D0%B6%D0%B5%D0%BD%D0%B0-%D1%81%D0%BF%D1%83%D0%BA%D0%B0-%D0%B3%D1%83%D0%BC%D0%B0-%D0%B8-%D0%BF%D0%BE%D0%BB%D1%83%D1%87%D0%B8-%D0%B3%D0%BB%D0%BE%D0%B1%D0%B0/
14-09-2025 13:28:32 INFO     	For media nova.bg (TV news) searching in page https://nova.bg/news/category/2/%D0%B1%D1%8A%D0%BB%D0%B3%D0%B0%D1%80%D0%B8%D1%8F/215	The number of found articles is: 17
14-09-2025 13:28:32 INFO     Info: ('nova.bg', 'TV news')
Current page is 215
14-09-2025 13:28:33 INFO     +++ Records for the news with Съдът освободи задържаните за побой над граждани на "Славейков". Майката на един от тях твърди, че защитили момиче with url https://nova.bg/news/view/2025/07/07/503380/%D1%81%D1%8A%D0%B4%D1%8A%D1%82-%D0%BE%D1%81%D0%B2%D0%BE%D0%B1%D0%BE%D0%B4%D0%B8-%D0%B7%D0%B0%D0%B4%D1%8A%D1%80%D0%B6%D0%B0%D0%BD%D0%B8%D1%82%D0%B5-%D0%B7%D0%B0-%D0%BF%D0%BE%D0%B1%D0%BE%D0%B9-%D0%BD%D0%B0%D0%B4-%D0%B3%D1%80%D0%B0%D0%B6%D0%B4%D0%B0%D0%BD%D0%B8-%D0%BD%D0%B0-%D1%81%D0%BB%D0%B0%D0%B2%D0%B5%D0%B9%D0%BA%D0%BE%D0%B2-%D0%BC%D0%B0%D0%B9%D0%BA%D0%B0%D1%82%D0%B0-%D0%BD%D0%B0-%D0%B5%D0%B4%D0%B8%D0%BD-%D0%BE%D1%82-%D1%82%D1%8F%D1%85-%D1%82%D0%B2%D1%8A%D1%80%D0%B4%D0%B8-%D1%87%D0%B5-%D0%B7%D0%B0%D1%89%D0%B8%D1%82%D0%B8%D0%BB%D0%B8-%D0%BC%D0%BE%D0%BC%D0%B8%D1%87%D0%B5/ and text Софийският районен съд освободи тримата младежи, задържани за побой над минувачи в центъра на София. Магистратите наложиха на двамата непълнолетни мярка "надзор на инспектор от Детска педагогическа стая", а на пълнолетния - "подписка". Основна разлика в тезите на разследващите и на родителите са свързани с причината за насилието. Според близките на трите момчета, те са помогнали на момиче, към което е имало непристойни намеци, според полицията в основата стои цигара. Тримата вече получиха обвинения. Те са за хулиганство, извършено с особена дързост и цинизъм. Заради това прокуратурата поиска от съда тримата да бъдат оставени зад решетките, въпреки че двама от тях са непълнолетни. Припомняме, че на 5 юли трима души бяха задържани за нападение над граждани на столичния площад "Славейков". Те са на възраст 15,16 и 18 години. От Прокуратурата определят действията им като извършени с изключителна дързост и цинизъм. "Единият "невинен" гражданин я е опипвал и тя е отишла при младежите и е казала- моля защитете ме", разказа Анна Иванова, майка на 16-годишния. Тогава, по думите ѝ, един от непълнолетните, обвинени за хулигански прояви, започват да ритат и да налагат с юмруци мъжа. "Ще го науча, въпреки всичко, да не помага на хората. Това иска държавата. Не са локали, категорично, познавам ги, не са локали", допълни тя. Бащата на пълнолетния пък обясни пред медиите, че синът му се е защитавал. "Да отстъпи да го остави да го убият ли? Това момиче, което снима, ми е интересно какво прави в 2 часа, вместо да си стои вкъщи", попита Галин Асенов. Според комисар Любомир Николов от СДВР обаче има друга версия. "Те са срещнали за малко на шадравана, единият от извършителите се е афектирал, че мъж му е поискал цигара. Последващото нападение е защото пострадалото лице е имало пререкания с жената от денонощния магазин", посочва Николов. Главен инспектор Стефан Попов от “Детска престъпност и криминален контингент” съобщи, че е  установено, че младежите са пили алкохол. Това се случи след като в интернет пространството се появиха кадри, показващи група младежи, които атакуват случайни граждани в центъра на столицата в малките часове на нощта. Проверката в регистрите на полицията е показала, че пълнолетният младеж е задържан в миналото за извършени кражби, а срещу 16-годишния е подаван сигнал за нанесен побой над чужди граждани. Продължава работата по изясняване на всички обстоятелства, свързани с хулиганското поведение на тримата, както и за установяване на пострадали хора, допълват от полицията. Родителите на непълнолетните бяха уведомени и се явиха в СДВР. Наказанието, което може да бъде наложено на непълнолетните лица, е до 2 години лишаване от свобода. Пълнолетният е заплашен от до 5 години затвор. Предстои прокуратурата да реши дали ще обжалва решението и дали ще поиска връщането на тримата обвинени в ареста. Последвайте ни from source: nova.bg was successfully added to the BaseWebsite._data_dict
14-09-2025 13:28:33 INFO     	For media nova.bg (TV news) searching in page https://nova.bg/news/category/2/%D0%B1%D1%8A%D0%BB%D0%B3%D0%B0%D1%80%D0%B8%D1%8F/216	The number of found articles is: 18
14-09-2025 13:28:33 INFO     Info: ('nova.bg', 'TV news')
Current page is 216
14-09-2025 13:28:33 INFO     	For media nova.bg (TV news) searching in page https://nova.bg/news/category/2/%D0%B1%D1%8A%D0%BB%D0%B3%D0%B0%D1%80%D0%B8%D1%8F/217	The number of found articles is: 18
14-09-2025 13:28:33 INFO     Info: ('nova.bg', 'TV news')
Current page is 217
14-09-2025 13:28:34 INFO     	For media nova.bg (TV news) searching in page https://nova.bg/news/category/2/%D0%B1%D1%8A%D0%BB%D0%B3%D0%B0%D1%80%D0%B8%D1%8F/218	The number of found articles is: 18
14-09-2025 13:28:34 INFO     Info: ('nova.bg', 'TV news')
Current page is 218
14-09-2025 13:28:34 INFO     	For media nova.bg (TV news) searching in page https://nova.bg/news/category/2/%D0%B1%D1%8A%D0%BB%D0%B3%D0%B0%D1%80%D0%B8%D1%8F/219	The number of found articles is: 18
14-09-2025 13:28:34 INFO     Info: ('nova.bg', 'TV news')
Current page is 219
14-09-2025 13:28:34 INFO     	For media nova.bg (TV news) searching in page https://nova.bg/news/category/2/%D0%B1%D1%8A%D0%BB%D0%B3%D0%B0%D1%80%D0%B8%D1%8F/220	The number of found articles is: 18
14-09-2025 13:28:34 INFO     Info: ('nova.bg', 'TV news')
Current page is 220
14-09-2025 13:28:34 INFO     	For media nova.bg (TV news) searching in page https://nova.bg/news/category/2/%D0%B1%D1%8A%D0%BB%D0%B3%D0%B0%D1%80%D0%B8%D1%8F/221	The number of found articles is: 18
14-09-2025 13:28:34 INFO     Info: ('nova.bg', 'TV news')
Current page is 221
14-09-2025 13:28:34 INFO     	For media nova.bg (TV news) searching in page https://nova.bg/news/category/2/%D0%B1%D1%8A%D0%BB%D0%B3%D0%B0%D1%80%D0%B8%D1%8F/222	The number of found articles is: 18
14-09-2025 13:28:34 INFO     Info: ('nova.bg', 'TV news')
Current page is 222
14-09-2025 13:28:35 INFO     ---News article: <<< Баба Надка от Монтанско и ChatGPT: Приятелство, довело до добра реколта от домати (ВИДЕО) >>> was not included in the data because none of BaseWebsite._second_level keywords were found in the article text Article url: https://nova.bg/news/view/2025/07/05/503140/%D0%B1%D0%B0%D0%B1%D0%B0-%D0%BD%D0%B0%D0%B4%D0%BA%D0%B0-%D0%BE%D1%82-%D0%BC%D0%BE%D0%BD%D1%82%D0%B0%D0%BD%D1%81%D0%BA%D0%BE-%D0%B8-chatgpt-%D0%BF%D1%80%D0%B8%D1%8F%D1%82%D0%B5%D0%BB%D1%81%D1%82%D0%B2%D0%BE-%D0%B4%D0%BE%D0%B2%D0%B5%D0%BB%D0%BE-%D0%B4%D0%BE-%D0%B4%D0%BE%D0%B1%D1%80%D0%B0-%D1%80%D0%B5%D0%BA%D0%BE%D0%BB%D1%82%D0%B0-%D0%BE%D1%82-%D0%B4%D0%BE%D0%BC%D0%B0%D1%82%D0%B8-%D0%B2%D0%B8%D0%B4%D0%B5%D0%BE/
14-09-2025 13:28:35 INFO     	For media nova.bg (TV news) searching in page https://nova.bg/news/category/2/%D0%B1%D1%8A%D0%BB%D0%B3%D0%B0%D1%80%D0%B8%D1%8F/223	The number of found articles is: 18
14-09-2025 13:28:35 INFO     Info: ('nova.bg', 'TV news')
Current page is 223
14-09-2025 13:28:35 INFO     	For media nova.bg (TV news) searching in page https://nova.bg/news/category/2/%D0%B1%D1%8A%D0%BB%D0%B3%D0%B0%D1%80%D0%B8%D1%8F/224	The number of found articles is: 18
14-09-2025 13:28:35 INFO     Info: ('nova.bg', 'TV news')
Current page is 224
14-09-2025 13:28:35 INFO     ---News article: <<< След репортаж на NOVA: Премахнаха акта на жената, оплакала се от шумни полицейски стрелби >>> was not included in the data because none of BaseWebsite._second_level keywords were found in the article text Article url: https://nova.bg/news/view/2025/07/04/503081/%D1%81%D0%BB%D0%B5%D0%B4-%D1%80%D0%B5%D0%BF%D0%BE%D1%80%D1%82%D0%B0%D0%B6-%D0%BD%D0%B0-nova-%D0%BF%D1%80%D0%B5%D0%BC%D0%B0%D1%85%D0%BD%D0%B0%D1%85%D0%B0-%D0%B0%D0%BA%D1%82%D0%B0-%D0%BD%D0%B0-%D0%B6%D0%B5%D0%BD%D0%B0%D1%82%D0%B0-%D0%BE%D0%BF%D0%BB%D0%B0%D0%BA%D0%B0%D0%BB%D0%B0-%D1%81%D0%B5-%D0%BE%D1%82-%D1%88%D1%83%D0%BC%D0%BD%D0%B8-%D0%BF%D0%BE%D0%BB%D0%B8%D1%86%D0%B5%D0%B9%D1%81%D0%BA%D0%B8-%D1%81%D1%82%D1%80%D0%B5%D0%BB%D0%B1%D0%B8/
14-09-2025 13:28:35 INFO     	For media nova.bg (TV news) searching in page https://nova.bg/news/category/2/%D0%B1%D1%8A%D0%BB%D0%B3%D0%B0%D1%80%D0%B8%D1%8F/225	The number of found articles is: 18
14-09-2025 13:28:35 INFO     Info: ('nova.bg', 'TV news')
Current page is 225
14-09-2025 13:28:35 INFO     	For media nova.bg (TV news) searching in page https://nova.bg/news/category/2/%D0%B1%D1%8A%D0%BB%D0%B3%D0%B0%D1%80%D0%B8%D1%8F/226	The number of found articles is: 18
14-09-2025 13:28:35 INFO     Info: ('nova.bg', 'TV news')
Current page is 226
14-09-2025 13:28:36 INFO     ---News article: <<< Съставиха акт на жена, оплакала се от силен шум от учебни полицейски стрелби >>> was not included in the data because none of BaseWebsite._second_level keywords were found in the article text Article url: https://nova.bg/news/view/2025/07/04/503042/%D1%81%D1%8A%D1%81%D1%82%D0%B0%D0%B2%D0%B8%D1%85%D0%B0-%D0%B0%D0%BA%D1%82-%D0%BD%D0%B0-%D0%B6%D0%B5%D0%BD%D0%B0-%D0%BE%D0%BF%D0%BB%D0%B0%D0%BA%D0%B0%D0%BB%D0%B0-%D1%81%D0%B5-%D0%BE%D1%82-%D1%81%D0%B8%D0%BB%D0%B5%D0%BD-%D1%88%D1%83%D0%BC-%D0%BE%D1%82-%D1%83%D1%87%D0%B5%D0%B1%D0%BD%D0%B8-%D0%BF%D0%BE%D0%BB%D0%B8%D1%86%D0%B5%D0%B9%D1%81%D0%BA%D0%B8-%D1%81%D1%82%D1%80%D0%B5%D0%BB%D0%B1%D0%B8/
14-09-2025 13:28:36 INFO     	For media nova.bg (TV news) searching in page https://nova.bg/news/category/2/%D0%B1%D1%8A%D0%BB%D0%B3%D0%B0%D1%80%D0%B8%D1%8F/227	The number of found articles is: 18
14-09-2025 13:28:36 INFO     Info: ('nova.bg', 'TV news')
Current page is 227
14-09-2025 13:28:36 INFO     ***Article with title: <<< Адвокат и негов бивш сътрудник с позиции по казуса с имотната измама срещу възрастна жена от Казанлък >>> already existed within the media archive as URL and Title. 
14-09-2025 13:28:36 INFO     	For media nova.bg (TV news) searching in page https://nova.bg/news/category/2/%D0%B1%D1%8A%D0%BB%D0%B3%D0%B0%D1%80%D0%B8%D1%8F/228	The number of found articles is: 18
14-09-2025 13:28:36 INFO     Info: ('nova.bg', 'TV news')
Current page is 228
14-09-2025 13:28:36 INFO     The info of the df after transform it from the _data_dict is: (18, 9) (rows/cols)
14-09-2025 13:28:36 INFO     Info: ('nova.bg', 'TV news')
Last page was: 228
14-09-2025 13:28:36 INFO     The 'export/nova.bg/nova.bg_archive.csv' was updated with 18 articles
14-09-2025 13:28:37 INFO     @The article collection for nova.bg is done!
