25-04-2026 10:38:11 INFO     Opening: 'export/btvnovinite.bg/btvnovinite.bg_archive.csv' >>>
25-04-2026 10:38:11 INFO     	For media btvnovinite.bg (TV news) searching in page https://btvnovinite.bg/bulgaria/?page=1	The number of found articles is: 0
25-04-2026 10:38:11 INFO     Info: ('btvnovinite.bg', 'TV news')
Current page is 1
25-04-2026 10:38:12 INFO     	For media btvnovinite.bg (TV news) searching in page https://btvnovinite.bg/bulgaria/?page=2	The number of found articles is: 0
25-04-2026 10:38:12 INFO     Info: ('btvnovinite.bg', 'TV news')
Current page is 2
25-04-2026 10:38:13 INFO     +++ Records for the news with Органите на 48-годишна жена дадоха втори шанс за живот на трима души with url https://btvnovinite.bg/bulgaria/organite-na-48-godishna-zhena-dadoha-vtori-shans-za-zhivot-na-trima-dushi.html and text На 22 април в УМБАЛ „Свети Георги“ в Пловдив е идентифициран потенциален донор – жена на 48 години. Процесът по установяване на мозъчната смърт и подготовката за донорство са реализирани от екип на лечебното заведение. На 23 април е извършена експлантацията на органите от екипи на УМБАЛ „Александровска“ и на Военномедицинска академия (ВМА) в София. След подбор между потенциалните реципиенти екип на ВМА извърши успешна трансплантация на черен дроб на жена на 31 г. В Александровска болница екип от лекари реализира две бъбречни трансплантации на мъже на 52 и на 54 години, които получиха своя втори шанс за живот. Министерство на здравеопазването и Изпълнителна агенция „Медицински надзор“ изразяват своята дълбока признателност към близките на донора за проявената човечност и сила да дарят живот в момент на тежка загуба, превръщайки болката в надежда. from source: btvnovinite.bg was successfully added to the BaseWebsite._data_dict
25-04-2026 10:38:13 INFO     	For media btvnovinite.bg (TV news) searching in page https://btvnovinite.bg/bulgaria/?page=3	The number of found articles is: 1
25-04-2026 10:38:13 INFO     Info: ('btvnovinite.bg', 'TV news')
Current page is 3
25-04-2026 10:38:13 INFO     	For media btvnovinite.bg (TV news) searching in page https://btvnovinite.bg/bulgaria/?page=4	The number of found articles is: 1
25-04-2026 10:38:13 INFO     Info: ('btvnovinite.bg', 'TV news')
Current page is 4
25-04-2026 10:38:14 INFO     	For media btvnovinite.bg (TV news) searching in page https://btvnovinite.bg/bulgaria/?page=5	The number of found articles is: 1
25-04-2026 10:38:14 INFO     Info: ('btvnovinite.bg', 'TV news')
Current page is 5
25-04-2026 10:38:14 INFO     	For media btvnovinite.bg (TV news) searching in page https://btvnovinite.bg/bulgaria/?page=6	The number of found articles is: 1
25-04-2026 10:38:14 INFO     Info: ('btvnovinite.bg', 'TV news')
Current page is 6
25-04-2026 10:38:15 INFO     ---News article: <<< Задържаха мъж за отвличане на жена в Ловешко >>> was not included in the data because none of BaseWebsite._second_level keywords were found in the article text Article url: https://btvnovinite.bg/bulgaria/zadarzhaha-mazh-za-otvlichane-na-zhena-v-loveshko.html
25-04-2026 10:38:15 INFO     	For media btvnovinite.bg (TV news) searching in page https://btvnovinite.bg/bulgaria/?page=7	The number of found articles is: 1
25-04-2026 10:38:15 INFO     Info: ('btvnovinite.bg', 'TV news')
Current page is 7
25-04-2026 10:38:15 INFO     	For media btvnovinite.bg (TV news) searching in page https://btvnovinite.bg/bulgaria/?page=8	The number of found articles is: 1
25-04-2026 10:38:15 INFO     Info: ('btvnovinite.bg', 'TV news')
Current page is 8
25-04-2026 10:38:15 INFO     ---Article with title: Изпреварване, завършило в катастрофа: Бебе и майка са в реанимация след тежък удар was not added because contains words from article title exclusion list: ['катастроф', 'бебе']
25-04-2026 10:38:15 INFO     	For media btvnovinite.bg (TV news) searching in page https://btvnovinite.bg/bulgaria/?page=9	The number of found articles is: 1
25-04-2026 10:38:15 INFO     Info: ('btvnovinite.bg', 'TV news')
Current page is 9
25-04-2026 10:38:16 INFO     ---Article with title: Изпреварване, завършило в катастрофа: Бебе и майка са в реанимация след тежък удар was not added because contains words from article title exclusion list: ['катастроф', 'бебе']
25-04-2026 10:38:16 INFO     	For media btvnovinite.bg (TV news) searching in page https://btvnovinite.bg/bulgaria/?page=10	The number of found articles is: 1
25-04-2026 10:38:16 INFO     Info: ('btvnovinite.bg', 'TV news')
Current page is 10
25-04-2026 10:38:17 INFO     ---News article: <<< Невиждан интерес от световните медии към Радев. Развръзката той посрещна със съпругата си >>> was not included in the data because none of BaseWebsite._second_level keywords were found in the article text Article url: https://btvnovinite.bg/bulgaria/nevizhdan-interes-ot-strana-na-svetovnite-medii-kam-rumen-radev-v.html
25-04-2026 10:38:17 INFO     ---News article: <<< Без обвинения за дъщерята на кмета на Великденче и нейна приятелка, които "помагаха" при гласуването (ВИДЕО) >>> was not included in the data because none of BaseWebsite._second_level keywords were found in the article text Article url: https://btvnovinite.bg/bulgaria/bez-obvinenija-za-dashterjata-na-kmeta-na-velikdenche-i-nejna-prijatelka-koito-pomagaha-pri-glasuvaneto-v-seloto.html
25-04-2026 10:38:17 INFO     	For media btvnovinite.bg (TV news) searching in page https://btvnovinite.bg/bulgaria/?page=11	The number of found articles is: 1
25-04-2026 10:38:17 INFO     Info: ('btvnovinite.bg', 'TV news')
Current page is 11
25-04-2026 10:38:18 INFO     ---News article: <<< Медицински хеликоптер е задействан за 40-годишна жена в кома >>> was not included in the data because none of BaseWebsite._second_level keywords were found in the article text Article url: https://btvnovinite.bg/bulgaria/medicinski-helikopter-e-zadejstvan-za-40-godishna-zhena-v-koma.html
25-04-2026 10:38:18 INFO     	For media btvnovinite.bg (TV news) searching in page https://btvnovinite.bg/bulgaria/?page=12	The number of found articles is: 1
25-04-2026 10:38:18 INFO     Info: ('btvnovinite.bg', 'TV news')
Current page is 12
25-04-2026 10:38:18 INFO     	For media btvnovinite.bg (TV news) searching in page https://btvnovinite.bg/bulgaria/?page=13	The number of found articles is: 1
25-04-2026 10:38:18 INFO     Info: ('btvnovinite.bg', 'TV news')
Current page is 13
25-04-2026 10:38:19 INFO     	For media btvnovinite.bg (TV news) searching in page https://btvnovinite.bg/bulgaria/?page=14	The number of found articles is: 1
25-04-2026 10:38:19 INFO     Info: ('btvnovinite.bg', 'TV news')
Current page is 14
25-04-2026 10:38:19 INFO     	For media btvnovinite.bg (TV news) searching in page https://btvnovinite.bg/bulgaria/?page=15	The number of found articles is: 1
25-04-2026 10:38:19 INFO     Info: ('btvnovinite.bg', 'TV news')
Current page is 15
25-04-2026 10:38:20 INFO     ***Can't find article text
25-04-2026 10:38:20 INFO     ***Either article_text_scope or article_text was not present for some reason!Article url: https://btvnovinite.bg/bulgaria/emil-dechev-dashterjata-na-kmeta-na-selo-velikdenche-e-puskala-bjuletini-ot-imeto-na-drugi-grazhdani-video.html Article title: Емил Дечев: Дъщерята на кмета на село Великденче е пускала бюлетини от името на други граждани (ВИДЕО) 
25-04-2026 10:38:20 INFO     	For media btvnovinite.bg (TV news) searching in page https://btvnovinite.bg/bulgaria/?page=16	The number of found articles is: 1
25-04-2026 10:38:20 INFO     Info: ('btvnovinite.bg', 'TV news')
Current page is 16
25-04-2026 10:38:20 INFO     	For media btvnovinite.bg (TV news) searching in page https://btvnovinite.bg/bulgaria/?page=17	The number of found articles is: 1
25-04-2026 10:38:20 INFO     Info: ('btvnovinite.bg', 'TV news')
Current page is 17
25-04-2026 10:38:21 INFO     	For media btvnovinite.bg (TV news) searching in page https://btvnovinite.bg/bulgaria/?page=18	The number of found articles is: 1
25-04-2026 10:38:21 INFO     Info: ('btvnovinite.bg', 'TV news')
Current page is 18
25-04-2026 10:38:21 INFO     	For media btvnovinite.bg (TV news) searching in page https://btvnovinite.bg/bulgaria/?page=19	The number of found articles is: 1
25-04-2026 10:38:21 INFO     Info: ('btvnovinite.bg', 'TV news')
Current page is 19
25-04-2026 10:38:22 INFO     	For media btvnovinite.bg (TV news) searching in page https://btvnovinite.bg/bulgaria/?page=20	The number of found articles is: 1
25-04-2026 10:38:22 INFO     Info: ('btvnovinite.bg', 'TV news')
Current page is 20
25-04-2026 10:38:22 INFO     	For media btvnovinite.bg (TV news) searching in page https://btvnovinite.bg/bulgaria/?page=21	The number of found articles is: 1
25-04-2026 10:38:22 INFO     Info: ('btvnovinite.bg', 'TV news')
Current page is 21
25-04-2026 10:38:22 INFO     	For media btvnovinite.bg (TV news) searching in page https://btvnovinite.bg/bulgaria/?page=22	The number of found articles is: 1
25-04-2026 10:38:22 INFO     Info: ('btvnovinite.bg', 'TV news')
Current page is 22
25-04-2026 10:38:23 INFO     	For media btvnovinite.bg (TV news) searching in page https://btvnovinite.bg/bulgaria/?page=23	The number of found articles is: 1
25-04-2026 10:38:23 INFO     Info: ('btvnovinite.bg', 'TV news')
Current page is 23
25-04-2026 10:38:23 INFO     	For media btvnovinite.bg (TV news) searching in page https://btvnovinite.bg/bulgaria/?page=24	The number of found articles is: 1
25-04-2026 10:38:23 INFO     Info: ('btvnovinite.bg', 'TV news')
Current page is 24
25-04-2026 10:38:23 INFO     	For media btvnovinite.bg (TV news) searching in page https://btvnovinite.bg/bulgaria/?page=25	The number of found articles is: 1
25-04-2026 10:38:23 INFO     Info: ('btvnovinite.bg', 'TV news')
Current page is 25
25-04-2026 10:38:24 INFO     	For media btvnovinite.bg (TV news) searching in page https://btvnovinite.bg/bulgaria/?page=26	The number of found articles is: 1
25-04-2026 10:38:24 INFO     Info: ('btvnovinite.bg', 'TV news')
Current page is 26
25-04-2026 10:38:25 INFO     +++ Records for the news with В деня на рождения ден на Христина: Никола Бургазлиев, убил жената в Слънчев бряг, отива на съд with url https://btvnovinite.bg/bulgaria/predadoha-na-sad-mazha-blasnal-i-ubil-zhena-s-atv-v-slanchev-brjag-i-ranil-oshte-trima.html and text Окръжна прокуратура-Бургас предаде на съд Никола Бургазлиев. Това заяви за bTV адвокатът на пострадалите и на семейството на загиналата Христина - Георги Радков. Това решение е взето вчера, на рождения ден на Христина, която щеше да навърши 36 г. Той е подсъдим за това, че при евентуален умисъл е причинил смъртта на жена, настъпила на 03.09.2025 година в болнично заведение, тежка телесна повреда нейния син, както и средни телесни повреди на други две лица. Престъпното деяние е извършено при управление на четириколесно електрическо превозно средство, управлявано от Бургазлиев след употреба на високорисково наркотично вещество – тетрахидроканабинол. Престъплението е извършено на 14.08.2025 г., в 13.50 часа, на път в к.к. „Слънчев бряг“, общ. Несебър, обл. Бургас. Установено е, че управлявайки превозното средство, Бургазлиев е допуснал множество нарушения на правилата за движение по пътищата. В резултат на което е причинил ПТП с преминаващите пешеходци, довело до настъпилия жесток изход. https://btvnovinite.bg/bulgaria/samo-po-btv.html В средата на февруари магистратите потвърдиха най-тежката мярка за неотклонение за 19-годишния младеж - окончателно оставане в ареста. На 9 февруари защитата на Бургазлиев отново поиска младежът да излезе от ареста, за да завърши средното си образование. Пред окръжните магистрати в Бургас той заяви, че не минава и ден без да съжалява за случилото и помоли да бъде освободен, за да се яви на изпити. Прокуратурата се позова на високата обществена опасност на деянието и посочи че в кръвта на водача е установено наличие на наркотични вещества. Предстои Окръжен съд-Бургас да нарочи дата и начален час на заседанието по делото. from source: btvnovinite.bg was successfully added to the BaseWebsite._data_dict
25-04-2026 10:38:25 INFO     	For media btvnovinite.bg (TV news) searching in page https://btvnovinite.bg/bulgaria/?page=27	The number of found articles is: 2
25-04-2026 10:38:25 INFO     Info: ('btvnovinite.bg', 'TV news')
Current page is 27
25-04-2026 10:38:25 INFO     ---Article with title: Тежка катастрофа между кола и цистерна отне живота на 24-годишно момиче и дядо й на Великден was not added because contains words from article title exclusion list: ['катастроф', ' кола']
25-04-2026 10:38:25 INFO     	For media btvnovinite.bg (TV news) searching in page https://btvnovinite.bg/bulgaria/?page=28	The number of found articles is: 2
25-04-2026 10:38:25 INFO     Info: ('btvnovinite.bg', 'TV news')
Current page is 28
25-04-2026 10:38:26 INFO     	For media btvnovinite.bg (TV news) searching in page https://btvnovinite.bg/bulgaria/?page=29	The number of found articles is: 2
25-04-2026 10:38:26 INFO     Info: ('btvnovinite.bg', 'TV news')
Current page is 29
25-04-2026 10:38:26 INFO     	For media btvnovinite.bg (TV news) searching in page https://btvnovinite.bg/bulgaria/?page=30	The number of found articles is: 2
25-04-2026 10:38:26 INFO     Info: ('btvnovinite.bg', 'TV news')
Current page is 30
25-04-2026 10:38:27 INFO     +++ Records for the news with „Той принадлежеше на всички“: Дъщерята на проф. Чирков – за бащата, който избра България with url https://btvnovinite.bg/bulgaria/toj-prinadlezheshe-na-vsichki-dashterjata-na-prof-chirkov-s-razkaz-za-bashtata-kojto-izbra-balgarija.html and text На Великден си припомняме и за онези личности, чиято мисия е да спасяват човешки животи. Сред тях е проф. Александър Чирков – човекът, който промени българската кардиохирургия и извърши първата сърдечна трансплантация в България. В Деня на Възкресението и надеждата, той винаги е имал специално място в „120 минути“. Днес обаче разказът е различен – за Чирков като баща. В една картонена кутия д-р Татяна Чиркова е събрала целия му живот. Там са бебешките му ръкавички, писмата до съпругата му, любимата му китара. „Той свиреше на китара, обичаше да свири на китара“, спомня си тя. А когато говори за него, го описва и с една неочаквана усмивка: „Изглежда като Челентано!“  Историята ни отвежда до Франкфурт – любимия град на проф. Чирков. Именно там той прави голямата си кариера – от млад лекар до доцент, професор и име, което тежи в медицинските среди. „Тук той си направи кариерата, беше млад, стана доцент, оттук го изпратиха в Америка и се върна като професор във Франкфурт“, разказва дъщеря му. И до днес там има хора, които го помнят. Александър Чирков завършва медицина с отличие в София през 1962 г. Работи в Белоградчик и Лом, но амбициите му не се побират в границите на малкия град, нито на България. „Това беше мисия за него, още като студент го имаше това нещо“, казва д-р Чиркова. По думите ѝ желанието му да направи прекрасна медицина в България е било обсесивно още от най-ранните му години.  Като млад лекар той всяка сутрин чакал пред Министерството на народното здраве с идеи, които никой не искал да чуе. Докато един човек не променя съдбата му – юрисконсултът Божидар Чилингиров. „Баща ми отива при чичо Божидар Чилингиров, опиянява го с неговите мечти и планове, той е възхитен от него и му помага“, разказва дъщеря му. Така Чирков заминава за Германия с договор. Семейството живее бедно, в мизерно жилище без отопление, а изкараните пари отивали в държавата.  В Германия кариерата му тръгва стремглаво – от асистент в Берлин до главен лекар и доцент във Франкфурт, с допълнителни специализации в Германия и Съединените щати, а по-късно и професор във Фрайбург. И когато вече е постигнал признание, България започва да го търси обратно.  „Комунистическото правителство тогава, преди всичко Людмила Живкова, тя също милееше за държавата и за народа и се опитваше хората, които са ценни, да ги връща в България“, казва д-р Чиркова. Според нея Георги Йорданов също е имал голяма роля за завръщането му. „Той се запали, така да се каже, и остана запален до последно!“ От 1979 г. Чирков започва да се връща все по-често в България с колеги от Фрайбург и Франкфурт, за да предават съвременната медицина на българските лекари. Малко след това идва и поканата да се върне окончателно и да постави основите на модерната кардиохирургия у нас.  „Аз съм част от тази страна. И затова, когато заминах за Германия и работих там, денонощно мислих да се върна перфектен, за да перфекционирам и околната среда, и България“, казва Чирков в архивни думи. „Аз перфектен и България перфектна. А не, аз перфектен, а България – изостанала.“ Но зад голямата мисия стои и лична цена. Докато Татяна е студентка по медицина в София, срещите с баща ѝ са редки и трудни. „Не го виждах, по никакъв начин. Ако имаше нещо много спешно, трябваше чрез секретарката“, спомня си тя. А когато все пак успявала да се чуе с него, той ѝ казвал: „Ти си моя дъщеря, ще се справиш! Имаш моята кръв, трябва да можеш да се справиш сама.“  Тя признава, че като младо момиче се е ядосвала и дори му е писала протестни писма. Разбрала го истински едва когато самата тя станала лекар. „Особено като станах лекар и започнах да пренебрегвам дъщеря си. Тогава знаех защо това така трябва да бъде.“ За кратко време Чирков създава непозната дотогава среда за лечение и обучение у нас. А през 1986 г. идва пробивът, който привлича вниманието на целия Източен блок. Екипът му извършва първата в България и първата в целия Източен блок сърдечна трансплантация. Спасеният пациент е 11-годишният Иван Сарафски.  „Те намериха сърце и през нощта го направиха“, спомня си д-р Чиркова. „Аз бях възхитена от него. Преклонена към него. Просто го гледах като нещо, което не принадлежи към мене, а към един пример, като един образ, който трябва да се следва.“ През 1990 г. Чирков става депутат във Великото народно събрание. От парламентарната трибуна думите му звучат не като политика, а като диагноза за държавата. Той говори за „национална катастрофа“, но и за надеждата, че България не е „нация без бъдеще“. „Определено искаше България да се промени, да стане цивилизована, да влезе в Европа, да бъдем европейци“, казва дъщеря му за мотивите му да влезе в политиката. Вярвал, че може да внесе в нея своите християнски идеи, благост, търпение и отворено сърце. Но впоследствие останал разочарован. „Да, беше разочарован от много, които още в момента са там.“  Успехите му в медицината обаче продължават. Той избира и името на болницата, която основава – „Света Екатерина“, покровителка на знанието, мъдростта и християнската вяра. „Тази болница, за която съм мечтал цял живот!“, казва Чирков в архивен запис, разплакан. „Исках да има една болница за българите, както за германци, французи и италианци.“ Според д-р Чиркова болница „Света Екатерина“ е била неговото истинско дете: „Това му беше детето. Нищо не му беше така ценно, както тази болница. Това му беше най-голямото щастие.“ През 2005 г. властта отстранява проф. Чирков от болницата, която създава. Здравният министър тогава посочва като мотив натрупани дългове, а пациенти и колеги излизат на протест в негова подкрепа.  „Тогава ми се обади даже. И това ме шокира. Че баща ми се обажда на мене. Да ми каже, че е тъжен“, разказва Татяна. „Никога не съм виждала така, аз бях сигурна, че този човек не може да има тъга в себе си.“ И добавя: „Това ме боли, че те успяха така да наранят баща ми“. През 2022 г. болница „Света Екатерина“ е преименувана на негово име, но година и половина по-късно, с решение на Здравното министерство, името му е премахнато. Реакцията на дъщеря му е болезнена: „Когато отново му махнаха името, те убиха баща ми за втори път. Много пошла работа – недостойно за държавата.“  И все пак, въпреки разочарованието от политиката и отстраняването от собствената му болница, Чирков никога не съжалява, че се е върнал в България. „Не, никога! Никога. Той съжаляваше, че не успя“, казва дъщеря му. Не защото не е построил модерна болница, а защото е искал да направи и хората по-добри – да не се мразят и да не си завиждат. На въпроса дали изборът да остане в България му е донесъл повече щастие или повече болка, тя отговаря без колебание: „Щастие, щастие! Да, той носеше болка, но не носеше огорчение.“ И двете му дъщери от първия брак – Джема и Татяна – поемат по пътя на медицината. Д-р Татяна Чиркова е невролог и психиатър, работи в една от водещите клиники във Франкфурт.  В кабинета си е поставила портрет на баща си. „Сложих го, за да ме предупреждава: „Владей се!“, казва тя с усмивка. Пази и един модел на сърце, стоял на бюрото му в „Света Екатерина“.  От втория си брак Чирков има още две деца – Кармен и Алесандро. И двамата, макар да са живели далеч от него, пазят обичта и гордостта си към своя баща. „Аз разбирах неговата мисия, но в същото време много ми липсваше като баща“, казва Кармен. „Никога не съм поставяла под въпрос избора му да бъде в България. Аз знаех, че той нямаше да бъде щастлив по друг начин.“ „Никога не съм се чувствал изоставен или поставен на заден план в живота му“, казва Алесандро. „Но, разбира се, имало е моменти, в които ми се е искало да имам баща, като всички останали деца… но аз се гордеех безкрайно много с него!“  „Това е думата на деня: Гордост!“, обобщава Татяна. Най-болезнените думи идват в края на разговора, когато тя си представя какво би казала на баща си, ако имаше още една минута с него. „Татко, прости ми, че бях лоша към тебе в последните ти дни. Бих го помолила за прошка“, казва тя. „Не исках вече да го разбирам. Бях ядосана, че държеше на една химера.“ И признава: „Това е един грях от мен. Това е, което не мога да си простя, че се отказах накрая да го разбирам.“  А как иска българите да запомнят проф. Александър Чирков? „Аз искам да го запомнят така, както го помнят. Това както те го помнят, е правилното“, казва дъщеря му. „Това ме изпълва с голяма радост. Обаче, след като един народ може така да чувства и да обича – браво!“ И може би най-точният образ на проф. Чирков остава в едни от последните ѝ думи: „Той си беше една изключителна личност. Той ни е баща, но просто така се получи, че не ни е баща. Явно той принадлежеше на всички.“ from source: btvnovinite.bg was successfully added to the BaseWebsite._data_dict
25-04-2026 10:38:27 INFO     	For media btvnovinite.bg (TV news) searching in page https://btvnovinite.bg/bulgaria/?page=31	The number of found articles is: 3
25-04-2026 10:38:27 INFO     Info: ('btvnovinite.bg', 'TV news')
Current page is 31
25-04-2026 10:38:28 INFO     	For media btvnovinite.bg (TV news) searching in page https://btvnovinite.bg/bulgaria/?page=32	The number of found articles is: 3
25-04-2026 10:38:28 INFO     Info: ('btvnovinite.bg', 'TV news')
Current page is 32
25-04-2026 10:38:28 INFO     	For media btvnovinite.bg (TV news) searching in page https://btvnovinite.bg/bulgaria/?page=33	The number of found articles is: 3
25-04-2026 10:38:28 INFO     Info: ('btvnovinite.bg', 'TV news')
Current page is 33
25-04-2026 10:38:29 INFO     	For media btvnovinite.bg (TV news) searching in page https://btvnovinite.bg/bulgaria/?page=34	The number of found articles is: 3
25-04-2026 10:38:29 INFO     Info: ('btvnovinite.bg', 'TV news')
Current page is 34
25-04-2026 10:38:29 INFO     	For media btvnovinite.bg (TV news) searching in page https://btvnovinite.bg/bulgaria/?page=35	The number of found articles is: 3
25-04-2026 10:38:29 INFO     Info: ('btvnovinite.bg', 'TV news')
Current page is 35
25-04-2026 10:38:29 INFO     ---Article with title: Хванаха жена, шофирала с 3,65 промила was not added because contains words from article title exclusion list: ['шофир']
25-04-2026 10:38:29 INFO     ---Article with title: Камион прегази жена в София was not added because contains words from article title exclusion list: ['камион']
25-04-2026 10:38:29 INFO     	For media btvnovinite.bg (TV news) searching in page https://btvnovinite.bg/bulgaria/?page=36	The number of found articles is: 3
25-04-2026 10:38:29 INFO     Info: ('btvnovinite.bg', 'TV news')
Current page is 36
25-04-2026 10:38:30 INFO     	For media btvnovinite.bg (TV news) searching in page https://btvnovinite.bg/bulgaria/?page=37	The number of found articles is: 3
25-04-2026 10:38:30 INFO     Info: ('btvnovinite.bg', 'TV news')
Current page is 37
25-04-2026 10:38:30 INFO     	For media btvnovinite.bg (TV news) searching in page https://btvnovinite.bg/bulgaria/?page=38	The number of found articles is: 3
25-04-2026 10:38:30 INFO     Info: ('btvnovinite.bg', 'TV news')
Current page is 38
25-04-2026 10:38:31 INFO     ---Article with title: Кариера или дете? Все повече жени отпадат от академичния живот, след като са станали майки was not added because contains words from article title exclusion list: ['дете']
25-04-2026 10:38:31 INFO     ---News article: <<< Мистерията се заплита: Откриха лични вещи на издирваната 82-годишна баба Танка >>> was not included in the data because none of BaseWebsite._second_level keywords were found in the article text Article url: https://btvnovinite.bg/bulgaria/otkriha-lichni-veshti-na-izdirvanata-82-godishna-baba-tanka-ot-kazanlashkoto-selo-razhena.html
25-04-2026 10:38:31 INFO     	For media btvnovinite.bg (TV news) searching in page https://btvnovinite.bg/bulgaria/?page=39	The number of found articles is: 3
25-04-2026 10:38:31 INFO     Info: ('btvnovinite.bg', 'TV news')
Current page is 39
25-04-2026 10:38:31 INFO     ---Article with title: Жестока катастрофа на пътя Силистра-Добрич, една жена загина, друга е тежко ранена was not added because contains words from article title exclusion list: ['катастроф']
25-04-2026 10:38:31 INFO     	For media btvnovinite.bg (TV news) searching in page https://btvnovinite.bg/bulgaria/?page=40	The number of found articles is: 3
25-04-2026 10:38:31 INFO     Info: ('btvnovinite.bg', 'TV news')
Current page is 40
25-04-2026 10:38:32 INFO     ---Article with title: Жестока катастрофа на пътя Силистра-Добрич, една жена загина, друга е тежко ранена was not added because contains words from article title exclusion list: ['катастроф']
25-04-2026 10:38:32 INFO     	For media btvnovinite.bg (TV news) searching in page https://btvnovinite.bg/bulgaria/?page=41	The number of found articles is: 3
25-04-2026 10:38:32 INFO     Info: ('btvnovinite.bg', 'TV news')
Current page is 41
25-04-2026 10:38:33 INFO     +++ Records for the news with Картоф, спасен от забрава: Две жени съхраниха „синия цвръцаняк“ и го патентоваха with url https://btvnovinite.bg/bulgaria/kartof-spasen-ot-zabrava-dve-zheni-sahraniha-sinija-cvracanjak-i-go-patentovaha.html and text В едно планинско село Стакевци отглеждат специален сорт картофи – толкова специален, че вече е официално патентован. Това става възможно благодарение на две жени, запазили сорта десетилетия наред като нещо, което не бива да се губи. „Компирът го слагаме в ямката и заравяме, и когато поникне го окопаем, после го обринем хубаво, та вътре да прави грудчицата“, показват двете жени как се садят картофите. Картофите са с характер, а в градините си ги садят Лиляна и Василка. „Те на това казваме компир „син цвръцаняк“, казват те, показвайки картофа. Името „ син цвръцаняк“ сортът получава заради наситения си синьо-лилав цвят и заради особеностите си по време на печене. „Не се много ражда едър, не много и дребен – те такъв. И еднаква формичка имат, продълговати. И винаги го използваме за печене, най-благ и хубав е за печене. И като го сложим в печката, в кюмбето, в шпората да се пече, и по едно време цвръкне. И като отворим шпората, то се пръсне и стане сипкав, хубав, наситено лилав цвят. Много хубав и много вкусен!“, разказва Лиляна Заркова.  „Аз тук съм снаха в Стакевци и това го пазя още от баба Гроздана – на моя съпруг баба му, която го садеше в повече изобилие, хранехме си прасетата донякъде с тях и не само ние и си правехме различни салатки, то за друго не, за разядки го правехме и за печене. И оттогава все по една шепа, по една шепа оставям и си садя всяка година и си го имам“, допълва Василка Тонинска.  Двете жени не подозират, че шепа след шепа, година след година, без дипломи по селекция и без лаборатории – пазят не просто едни интересни картофки, а памет, която вече е и патентована като запазена марка на Стакевци. „Така че това, което направиха тези две жени е безценно. Това, което направихме ние като община, патентовайки този „син цвръцаняк“ е много полезно и така синия цвръцаник се възражда“, казва кметът на община Белоградчик Боян Минков. Производството на картофи, малини и ягоди и овцевъдството са били основният поминък на този край. Вкусът на миналото е в стотиците снимки. Месеци преди одобрението за патентоване на сорта и без да знаят, но сякаш като знак, стакевчани провеждат първия си Фестивал на картофа.  „В следващия Фестивал на картофа очакваме още повече участници както от България, така и от чужбина. Ще покажем основно пак храни и ястия, направени от картофи, и най-вече ще покажем „синия цвръцаняк“, казва Свилен Георгиев, кметски наместник на село Стакевци. Ако пътят ви мине през Стакевци, попитайте за картофа с името, което трудно се произнася и който отказа да изчезне, защото две жени запазиха вкуса му – като памет, като спомен и като история. from source: btvnovinite.bg was successfully added to the BaseWebsite._data_dict
25-04-2026 10:38:33 INFO     	For media btvnovinite.bg (TV news) searching in page https://btvnovinite.bg/bulgaria/?page=42	The number of found articles is: 4
25-04-2026 10:38:33 INFO     Info: ('btvnovinite.bg', 'TV news')
Current page is 42
25-04-2026 10:38:33 INFO     ---Article with title: Близо 50 доброволци издирват жена, изчезнала от казанлъшкото село Ръжена was not added because contains words from article title exclusion list: ['добро']
25-04-2026 10:38:33 INFO     	For media btvnovinite.bg (TV news) searching in page https://btvnovinite.bg/bulgaria/?page=43	The number of found articles is: 4
25-04-2026 10:38:33 INFO     Info: ('btvnovinite.bg', 'TV news')
Current page is 43
25-04-2026 10:38:34 INFO     ---Article with title: Близо 50 доброволци издирват жена, изчезнала от казанлъшкото село Ръжена was not added because contains words from article title exclusion list: ['добро']
25-04-2026 10:38:34 INFO     +++ Records for the news with Картоф, спасен от забрава: Две жени съхраниха „синия цвръцаняк“ и го патентоваха with url https://btvnovinite.bg/bulgaria/kartof-spasen-ot-zabrava-dve-zheni-sahraniha-sinija-cvracanjak-i-go-patentovaha.html and text В едно планинско село Стакевци отглеждат специален сорт картофи – толкова специален, че вече е официално патентован. Това става възможно благодарение на две жени, запазили сорта десетилетия наред като нещо, което не бива да се губи. „Компирът го слагаме в ямката и заравяме, и когато поникне го окопаем, после го обринем хубаво, та вътре да прави грудчицата“, показват двете жени как се садят картофите. Картофите са с характер, а в градините си ги садят Лиляна и Василка. „Те на това казваме компир „син цвръцаняк“, казват те, показвайки картофа. Името „ син цвръцаняк“ сортът получава заради наситения си синьо-лилав цвят и заради особеностите си по време на печене. „Не се много ражда едър, не много и дребен – те такъв. И еднаква формичка имат, продълговати. И винаги го използваме за печене, най-благ и хубав е за печене. И като го сложим в печката, в кюмбето, в шпората да се пече, и по едно време цвръкне. И като отворим шпората, то се пръсне и стане сипкав, хубав, наситено лилав цвят. Много хубав и много вкусен!“, разказва Лиляна Заркова.  „Аз тук съм снаха в Стакевци и това го пазя още от баба Гроздана – на моя съпруг баба му, която го садеше в повече изобилие, хранехме си прасетата донякъде с тях и не само ние и си правехме различни салатки, то за друго не, за разядки го правехме и за печене. И оттогава все по една шепа, по една шепа оставям и си садя всяка година и си го имам“, допълва Василка Тонинска.  Двете жени не подозират, че шепа след шепа, година след година, без дипломи по селекция и без лаборатории – пазят не просто едни интересни картофки, а памет, която вече е и патентована като запазена марка на Стакевци. „Така че това, което направиха тези две жени е безценно. Това, което направихме ние като община, патентовайки този „син цвръцаняк“ е много полезно и така синия цвръцаник се възражда“, казва кметът на община Белоградчик Боян Минков. Производството на картофи, малини и ягоди и овцевъдството са били основният поминък на този край. Вкусът на миналото е в стотиците снимки. Месеци преди одобрението за патентоване на сорта и без да знаят, но сякаш като знак, стакевчани провеждат първия си Фестивал на картофа.  „В следващия Фестивал на картофа очакваме още повече участници както от България, така и от чужбина. Ще покажем основно пак храни и ястия, направени от картофи, и най-вече ще покажем „синия цвръцаняк“, казва Свилен Георгиев, кметски наместник на село Стакевци. Ако пътят ви мине през Стакевци, попитайте за картофа с името, което трудно се произнася и който отказа да изчезне, защото две жени запазиха вкуса му – като памет, като спомен и като история. from source: btvnovinite.bg was successfully added to the BaseWebsite._data_dict
25-04-2026 10:38:34 INFO     	For media btvnovinite.bg (TV news) searching in page https://btvnovinite.bg/bulgaria/?page=44	The number of found articles is: 5
25-04-2026 10:38:34 INFO     Info: ('btvnovinite.bg', 'TV news')
Current page is 44
25-04-2026 10:38:35 INFO     	For media btvnovinite.bg (TV news) searching in page https://btvnovinite.bg/bulgaria/?page=45	The number of found articles is: 5
25-04-2026 10:38:35 INFO     Info: ('btvnovinite.bg', 'TV news')
Current page is 45
25-04-2026 10:38:35 INFO     	For media btvnovinite.bg (TV news) searching in page https://btvnovinite.bg/bulgaria/?page=46	The number of found articles is: 5
25-04-2026 10:38:35 INFO     Info: ('btvnovinite.bg', 'TV news')
Current page is 46
25-04-2026 10:38:36 INFO     	For media btvnovinite.bg (TV news) searching in page https://btvnovinite.bg/bulgaria/?page=47	The number of found articles is: 5
25-04-2026 10:38:36 INFO     Info: ('btvnovinite.bg', 'TV news')
Current page is 47
25-04-2026 10:38:36 INFO     ---Article with title: Два пъти за два дни: 25-годишна майка в ареста заради шофиране под въздействие на наркотици was not added because contains words from article title exclusion list: ['шофир', 'нарко']
25-04-2026 10:38:36 INFO     	For media btvnovinite.bg (TV news) searching in page https://btvnovinite.bg/bulgaria/?page=48	The number of found articles is: 5
25-04-2026 10:38:36 INFO     Info: ('btvnovinite.bg', 'TV news')
Current page is 48
25-04-2026 10:38:36 INFO     	For media btvnovinite.bg (TV news) searching in page https://btvnovinite.bg/bulgaria/?page=49	The number of found articles is: 5
25-04-2026 10:38:36 INFO     Info: ('btvnovinite.bg', 'TV news')
Current page is 49
25-04-2026 10:38:37 INFO     	For media btvnovinite.bg (TV news) searching in page https://btvnovinite.bg/bulgaria/?page=50	The number of found articles is: 5
25-04-2026 10:38:37 INFO     Info: ('btvnovinite.bg', 'TV news')
Current page is 50
25-04-2026 10:38:37 INFO     	For media btvnovinite.bg (TV news) searching in page https://btvnovinite.bg/bulgaria/?page=51	The number of found articles is: 5
25-04-2026 10:38:37 INFO     Info: ('btvnovinite.bg', 'TV news')
Current page is 51
25-04-2026 10:38:38 INFO     +++ Records for the news with Близките на 42-годишна жена дариха органите й, за да спасят двама души with url https://btvnovinite.bg/bulgaria/donorska-situacija-v-umbal-lozenec-dade-shans-za-zhivot-na-dvama-pacienti.html and text На 10 март в УМБАЛ „Лозенец“ бе реализирана донорска ситуация, след като близките на 42-годишна жена, изпаднала в мозъчна смърт, взеха благородното решение да дарят нейните органи. В лечебното заведение бяха извършени две бъбречни трансплантации на нуждаещи се пациенти. И двамата реципиенти са в добро общо състояние, като следоперативният период е протекъл обичайно, без усложнения. Налице е нормализирана бъбречна функция, а пациентите вече са изписани. От УМБАЛ „Лозенец“ поднасяме искрени съболезнования към близките на жената и изразяваме благодарност и уважение за взетото в този тежък за тях момент благородно решение да спасят човешки животи. from source: btvnovinite.bg was successfully added to the BaseWebsite._data_dict
25-04-2026 10:38:38 INFO     	For media btvnovinite.bg (TV news) searching in page https://btvnovinite.bg/bulgaria/?page=52	The number of found articles is: 6
25-04-2026 10:38:38 INFO     Info: ('btvnovinite.bg', 'TV news')
Current page is 52
25-04-2026 10:38:39 INFO     	For media btvnovinite.bg (TV news) searching in page https://btvnovinite.bg/bulgaria/?page=53	The number of found articles is: 6
25-04-2026 10:38:39 INFO     Info: ('btvnovinite.bg', 'TV news')
Current page is 53
25-04-2026 10:38:39 INFO     	For media btvnovinite.bg (TV news) searching in page https://btvnovinite.bg/bulgaria/?page=54	The number of found articles is: 6
25-04-2026 10:38:39 INFO     Info: ('btvnovinite.bg', 'TV news')
Current page is 54
25-04-2026 10:38:39 INFO     ---Article with title: С решение на СГС: Жената, намушкала четирима в София, остава в ареста was not added because contains words from article title exclusion list: ['тир']
25-04-2026 10:38:39 INFO     ---Article with title: СГС гледа мярката за неотклонение на жената, намушкала четирима в София was not added because contains words from article title exclusion list: ['тир']
25-04-2026 10:38:39 INFO     	For media btvnovinite.bg (TV news) searching in page https://btvnovinite.bg/bulgaria/?page=55	The number of found articles is: 6
25-04-2026 10:38:39 INFO     Info: ('btvnovinite.bg', 'TV news')
Current page is 55
25-04-2026 10:38:40 INFO     ---Article with title: Само пред bTV: Говори майката на жената, намушкала с нож четирима в София was not added because contains words from article title exclusion list: ['тир']
25-04-2026 10:38:40 INFO     	For media btvnovinite.bg (TV news) searching in page https://btvnovinite.bg/bulgaria/?page=56	The number of found articles is: 6
25-04-2026 10:38:40 INFO     Info: ('btvnovinite.bg', 'TV news')
Current page is 56
25-04-2026 10:38:40 INFO     	For media btvnovinite.bg (TV news) searching in page https://btvnovinite.bg/bulgaria/?page=57	The number of found articles is: 6
25-04-2026 10:38:40 INFO     Info: ('btvnovinite.bg', 'TV news')
Current page is 57
25-04-2026 10:38:41 INFO     ---Article with title: Мъж, разминал се на косъм от нападение: Преди да намушка четирима, жената ме заговори на английски was not added because contains words from article title exclusion list: ['тир']
25-04-2026 10:38:41 INFO     	For media btvnovinite.bg (TV news) searching in page https://btvnovinite.bg/bulgaria/?page=58	The number of found articles is: 6
25-04-2026 10:38:41 INFO     Info: ('btvnovinite.bg', 'TV news')
Current page is 58
25-04-2026 10:38:41 INFO     ---Article with title: ЦГМ за жената, намушкала четирима в София: Със записите от камерите идентифицираха нарушителя was not added because contains words from article title exclusion list: ['тир']
25-04-2026 10:38:41 INFO     ---Article with title: Заловиха жената, заподозряна за нападението с нож над четирима души в София (ОБНОВЕНА) was not added because contains words from article title exclusion list: ['тир']
25-04-2026 10:38:41 INFO     	For media btvnovinite.bg (TV news) searching in page https://btvnovinite.bg/bulgaria/?page=59	The number of found articles is: 6
25-04-2026 10:38:41 INFO     Info: ('btvnovinite.bg', 'TV news')
Current page is 59
25-04-2026 10:38:42 INFO     ---News article: <<< Арестуваха жената на Киро Японеца, след като заля със студен чай екип на bTV >>> was not included in the data because none of BaseWebsite._second_level keywords were found in the article text Article url: https://btvnovinite.bg/bulgaria/arestuvaha-zhenata-na-kiro-japoneca-sled-kato-zalja-sas-studen-chaj-ekip-na-btv.html
25-04-2026 10:38:42 INFO     	For media btvnovinite.bg (TV news) searching in page https://btvnovinite.bg/bulgaria/?page=60	The number of found articles is: 6
25-04-2026 10:38:42 INFO     Info: ('btvnovinite.bg', 'TV news')
Current page is 60
25-04-2026 10:38:42 INFO     	For media btvnovinite.bg (TV news) searching in page https://btvnovinite.bg/bulgaria/?page=61	The number of found articles is: 6
25-04-2026 10:38:42 INFO     Info: ('btvnovinite.bg', 'TV news')
Current page is 61
25-04-2026 10:38:43 INFO     ---News article: <<< „Чувствам се унизена“: Майка остана без обезщетения заради подозрения на НОИ за измами >>> was not included in the data because none of BaseWebsite._second_level keywords were found in the article text Article url: https://btvnovinite.bg/bulgaria/chuvstvam-se-unizena-majka-ostana-bez-obezshtetenija-zaradi-podozrenija-na-noi-za-izmami.html
25-04-2026 10:38:43 INFO     	For media btvnovinite.bg (TV news) searching in page https://btvnovinite.bg/bulgaria/?page=62	The number of found articles is: 6
25-04-2026 10:38:43 INFO     Info: ('btvnovinite.bg', 'TV news')
Current page is 62
25-04-2026 10:38:44 INFO     ---Article with title: Шанс за жените без партньор, които искат деца: Столична община ги допуска до инвитро програмата си was not added because contains words from article title exclusion list: ['деца']
25-04-2026 10:38:44 INFO     	For media btvnovinite.bg (TV news) searching in page https://btvnovinite.bg/bulgaria/?page=63	The number of found articles is: 6
25-04-2026 10:38:44 INFO     Info: ('btvnovinite.bg', 'TV news')
Current page is 63
25-04-2026 10:38:44 INFO     ---News article: <<< „Чувствам се унизена“: Майка остана без обезщетения заради подозрения на НОИ за измами >>> was not included in the data because none of BaseWebsite._second_level keywords were found in the article text Article url: https://btvnovinite.bg/bulgaria/chuvstvam-se-unizena-majka-ostana-bez-obezshtetenija-zaradi-podozrenija-na-noi-za-izmami.html
25-04-2026 10:38:44 INFO     	For media btvnovinite.bg (TV news) searching in page https://btvnovinite.bg/bulgaria/?page=64	The number of found articles is: 6
25-04-2026 10:38:44 INFO     Info: ('btvnovinite.bg', 'TV news')
Current page is 64
25-04-2026 10:38:45 INFO     	For media btvnovinite.bg (TV news) searching in page https://btvnovinite.bg/bulgaria/?page=65	The number of found articles is: 6
25-04-2026 10:38:45 INFO     Info: ('btvnovinite.bg', 'TV news')
Current page is 65
25-04-2026 10:38:45 INFO     ---Article with title: С хеликоптер до „Пирогов“: Транспортираха 22-годишното момиче, блъснало пешеходец в Стара Загора was not added because contains words from article title exclusion list: ['блъсна', 'тир', 'пешеход']
25-04-2026 10:38:45 INFO     	For media btvnovinite.bg (TV news) searching in page https://btvnovinite.bg/bulgaria/?page=66	The number of found articles is: 6
25-04-2026 10:38:45 INFO     Info: ('btvnovinite.bg', 'TV news')
Current page is 66
25-04-2026 10:38:46 INFO     +++ Records for the news with Задържаха мъж, отвлякъл бившата си жена в София with url https://btvnovinite.bg/bulgaria/zadarzhaha-mazh-otvljakal-bivshata-si-zhena-v-sofija.html and text Мъж на 49 години от село Ковачица в община Лом е задържан за отвличане на 37-годишна жена, с която преди време живеел на семейни начала в селото, съобщиха от Областната дирекция на МВР в Монтана. На 22 март към 10:50 часа в Районното управление на МВР в Лом бил получен сигнал за отвличане, осъществено в София по-рано същия ден. Към 12:30 часа в село Ковачица бил задържан въпросният мъж, който влизал в дома си и водел насила отвлечената си бивша партньорка, предаде БТА. При разследването било установено, че в 7:30 часа същия ден на паркинг в района на училище в квартал „Дианабад“ мъжът използвал физическа сила и качил в кола бившата си партньорка. Автомобилът бил собственост на 25-годишен мъж от област Видин, който шофирал колата, а извършителят на отвличането и жената пътували на задната седалка. Шофьорът бил накаран да откара автомобила до дома на мъжа в Ковачица и да го остави там с жената. По случая са разпитани свидетели и потърпевшата, след което авторът на отвличането е задържан. Последвайте ни за още актуални новини в Google News Showcase Последвайте btvnovinite.bg във VIBER Последвайте btvnovinite.bg в INSTAGRAM Последвайте btvnovinite.bg във FACEBOOK Последвайте btvnovinite.bg в TIKTOK from source: btvnovinite.bg was successfully added to the BaseWebsite._data_dict
25-04-2026 10:38:46 INFO     	For media btvnovinite.bg (TV news) searching in page https://btvnovinite.bg/bulgaria/?page=67	The number of found articles is: 7
25-04-2026 10:38:46 INFO     Info: ('btvnovinite.bg', 'TV news')
Current page is 67
25-04-2026 10:38:47 INFO     	For media btvnovinite.bg (TV news) searching in page https://btvnovinite.bg/bulgaria/?page=68	The number of found articles is: 7
25-04-2026 10:38:47 INFO     Info: ('btvnovinite.bg', 'TV news')
Current page is 68
25-04-2026 10:38:48 INFO     ---News article: <<< Оставена без ТЕЛК вече 8 месеца: Самотна жена, която трудно се движи, чака решение >>> was not included in the data because none of BaseWebsite._second_level keywords were found in the article text Article url: https://btvnovinite.bg/bulgaria/ostavena-bez-telk-veche-8-meseca-samotna-zhena-kojato-trudno-se-dvizhi-chaka-reshenie.html
25-04-2026 10:38:48 INFO     	For media btvnovinite.bg (TV news) searching in page https://btvnovinite.bg/bulgaria/?page=69	The number of found articles is: 7
25-04-2026 10:38:48 INFO     Info: ('btvnovinite.bg', 'TV news')
Current page is 69
25-04-2026 10:38:49 INFO     ---News article: <<< Битка за глас и място: Едва 30% от кандидат-депутатите са жени >>> was not included in the data because none of BaseWebsite._second_level keywords were found in the article text Article url: https://btvnovinite.bg/bulgaria/bitka-za-glas-i-mjasto-edva-30-ot-kandidat-deputatite-sa-zheni.html
25-04-2026 10:38:49 INFO     	For media btvnovinite.bg (TV news) searching in page https://btvnovinite.bg/bulgaria/?page=70	The number of found articles is: 7
25-04-2026 10:38:49 INFO     Info: ('btvnovinite.bg', 'TV news')
Current page is 70
25-04-2026 10:38:49 INFO     	For media btvnovinite.bg (TV news) searching in page https://btvnovinite.bg/bulgaria/?page=71	The number of found articles is: 7
25-04-2026 10:38:49 INFO     Info: ('btvnovinite.bg', 'TV news')
Current page is 71
25-04-2026 10:38:50 INFO     +++ Records for the news with Намериха тялото на издирвана 73-годишна жена в Дунав край Видин with url https://btvnovinite.bg/bulgaria/nameriha-tjaloto-na-izdirvana-73-godishna-zhena-v-dunav-kraj-vidin.html and text Тялото на 73-годишна жена е било открито във водите на река Дунав в района на гребната база във Видин, съобщиха от Областната дирекция на МВР. Вчера около 15 часа полицейски служители са намерили тялото в близост до брега. При извършения първоначален оглед разследващите не са открили данни за насилствено причинена смърт. Тялото е транспортирано за аутопсия във видинската болница. Жената е местна жителка и е била обявена за издирване на 14 март, уточниха от полицията във Видин. Последвайте ни за още актуални новини в Google News Showcase Последвайте btvnovinite.bg във VIBER Последвайте btvnovinite.bg в INSTAGRAM Последвайте btvnovinite.bg във FACEBOOK Последвайте btvnovinite.bg в TIKTOK from source: btvnovinite.bg was successfully added to the BaseWebsite._data_dict
25-04-2026 10:38:50 INFO     	For media btvnovinite.bg (TV news) searching in page https://btvnovinite.bg/bulgaria/?page=72	The number of found articles is: 8
25-04-2026 10:38:50 INFO     Info: ('btvnovinite.bg', 'TV news')
Current page is 72
25-04-2026 10:38:52 INFO     ---News article: <<< Ученичка намери и върна портфейла на 90-годишен мъж, търсил пенсията си часове наред >>> was not included in the data because none of BaseWebsite._second_level keywords were found in the article text Article url: https://btvnovinite.bg/bulgaria/uchenichka-nameri-i-varna-portfejla-na-90-godishen-mazh-tarsil-pensijata-si-chasove-nared.html
25-04-2026 10:38:53 INFO     +++ Records for the news with Оставиха в ареста мъжа, намушкал жена в Бургас: Жертвата оцеля само заради оказана съпротива with url https://btvnovinite.bg/bulgaria/ostaviha-v-aresta-mazha-namushkal-zhena-v-burgas-zhertvata-ocelja-samo-zaradi-okazana-saprotiva.html and text Окръжният съд в Бургас остави за постоянно в ареста 23-годишния Иван Илиев. Той е привлечен като обвиняем за опит за умишлено убийство на 25-годишна жена в дома ѝ в „Меден рудник“ на 16 март вечерта. Според обвинението Илиев е нанесъл множество прободни рани с нож в областта на врата и тялото на пострадалата. Мъжът е познат на органите на реда с друго тежко престъпление – през 2017 г. той уби 11-годишно момиче в асансьор в същия квартал. Тогава като непълнолетен той получи 6-годишна ефективна присъда, от която беше освободен в края на 2022 г. При доказване на вината му по настоящото дело законът предвижда наказание „лишаване от свобода“ от 10 до 20 години.  Днес в съда държавното обвинение заяви, че механизмът на извършване на престъплението срещу 25-годишната жена е сходен с този, причинил смъртта на 11-годишната Никол Йончева. И в двата случая се касае за прободна рана в дясната част на врата. "Момичето е оцеляло само защото е оказало съпротива. Първото нараняване е било в шията ѝ. Ножът е бил с острие от 8 см", каза прокурор Десислава Трифонова. По думите ѝ жертвата не е провокирала по никакъв начин нападателя и двама не са познавали до вечерта, в която тя посещава дома му. Според защитата Иван Илиев е с умствена изостаналост и издаден ТЕЛК за заболяването му. Адвокат Цветелина Куманова отбеляза, че след нападението той е помогнал на жертвата да се изкъпе и да се облече. "Съжалявам за това нещо. Предпочитам да съм в ареста, за да не станат някакви проблеми с бодигарда на момичето", каза първоначално обвиняемият. По-късно обаче той поиска да бъде пуснат под домашен арест. От прокуратурата разкриха, че пострадалата действително е имала придружител в определен момент. "Но за бодигард - такова нещо няма в доказателствата по делото", каза прокурор Трифонова. Иван Илиев беше задържан часове след престъплението в дома си на 17 март, докато заличавал следите от нападението. Психиатричното ми състояние тепърва ще бъде обект на съдебна експертиза. Последвайте ни за още актуални новини в Google News Showcase Последвайте btvnovinite.bg във VIBER Последвайте btvnovinite.bg в INSTAGRAM Последвайте btvnovinite.bg във FACEBOOK Последвайте btvnovinite.bg в TIKTOK from source: btvnovinite.bg was successfully added to the BaseWebsite._data_dict
25-04-2026 10:38:53 INFO     	For media btvnovinite.bg (TV news) searching in page https://btvnovinite.bg/bulgaria/?page=73	The number of found articles is: 9
25-04-2026 10:38:53 INFO     Info: ('btvnovinite.bg', 'TV news')
Current page is 73
25-04-2026 10:38:54 INFO     +++ Records for the news with Ще те погребем, когато усетим, че и ти си готов за това: Майката на Калушев отмени погребението му with url https://btvnovinite.bg/bulgaria/majkata-na-ivajlo-kalushev.html and text "Скъпи сине, Ивик, в последните си земни думи ти ме помоли за прошка, сега е моят ред - аз те моля - прости ми. Отменям твоето обявено погребение за 22 март, не мога да позволя този свят ритуал, да бъде поле за изява на медии и хора с омраза в сърцата си", пише Стела Димитрова-Майсторова, майката на Ивайло Калушев, намерен мъртъв в кемпер в началото на февруари. Дни преди да бъде открито тялото му, майката получава смс, в който Калушев я моли за прошка. Тя обяви, че ритуалът ще бъде в тесен кръг. "Ще бъде тогава, когато намерим сили и усетим, че и ти си готов", пише майката. Съобщението бе публикувано в профила във фейсбук на Румен Леонидов, близък до семейството.  Преди дни бе предадено на близките тялото на провъзгласилия се за лама Ивайло Калушев. Той беше намерен прострелян в кемпер близо до връх Околчица, заедно с 15-годишния Александър Макулев и 22-годишния Николай Златков, също простреляни. Това се случи седмица след като бяха намерени три трупа, свързани с групата на Калушев, на бившата хижа "Петрохан". Основната версия на полицията и по последни данни на службите за случилото се - става дума за убийство и самоубийство. Близките на жертвите обаче оспорват твърденията на институциите. Последвайте ни за още актуални новини в Google News Showcase Последвайте btvnovinite.bg във VIBER Последвайте btvnovinite.bg в INSTAGRAM Последвайте btvnovinite.bg във FACEBOOK Последвайте btvnovinite.bg в TIKTOK from source: btvnovinite.bg was successfully added to the BaseWebsite._data_dict
25-04-2026 10:38:54 INFO     	For media btvnovinite.bg (TV news) searching in page https://btvnovinite.bg/bulgaria/?page=74	The number of found articles is: 10
25-04-2026 10:38:54 INFO     Info: ('btvnovinite.bg', 'TV news')
Current page is 74
25-04-2026 10:38:54 INFO     ---Article with title: След смъртта на млада жена: Не е известно у нас да има разрешен за употреба филър за инжектиране в гърдите was not added because contains words from article title exclusion list: ['тир']
25-04-2026 10:38:55 INFO     +++ Records for the news with Борисов: Пострадахме много. Това беше най-лошият ден в живота ми след смъртта на майка ми with url https://btvnovinite.bg/bulgaria/borisov-sled-komentara-na-kyoveshi-porednijat-shamar-za-izmishlyotinite-im-samo-che-nie-se-otvisjahme-u-kiliite.html and text "Ние и преди 4 години казахме, че изфабрикуваха един процес, за който си понасят отговорност, разбира се. Много дилетантски намесиха името и на Европейската прокуратура, за да е още по-силна манипулацията. И днес - поредният им шамар за измишльотините, които правиха. Само че ние се отвисяхме у килиите". Това коментира в Брюкел лидерът на ГЕРБ Бойко Борисов, след като по-рано днес европейският главен прокурор Лаура Кьовеши заяви, че Европейската прокуратура не е свързана със задържането му преди 4 години. Борисов е в Брюксел по повод 50-ата годишнина на Европейската народна партия. Той благодари на Кьовеши и на комисията. "Пострадахме много. Това беше най-лошият ден в живота ми след смъртта на майка ми", заяви лидерът на ГЕРБ. „Поредният звучен шамар за тези измамници, които са се накичили със значката да правят съдебна реформа. Все едно на дявола да дадеш да пише евангелието. Това е тяхната съдебна реформа. И тя никога не тръгва, и никога не става, дава уродливи резултати“, посочи Борисов.  „През всички тези години Европейската народна партия е била водеща в Европа. Почти винаги сме имали председател на Европейски комисии, Европейски парламент, Европейски съвет. Даже разбрах, че ще бъдат тук и стари ръководители - Жан-Клод Юнкер, президентът Барозо, Герман ван Ромпой, Пьотеринг“, отбеляза той и допълни, че очаква прекрасно тържество. „ЕНП винаги ни е подкрепяло много, защото в България няма и кого да подкрепят. Но истинската подкрепа я очакваме от българския народ. От хората, които с всеки изминал ден виждат какво се случва по другите партии. Какви листи се правят, какви скандали стават. Виждат неумението да се управлява – освен само да се назначават партийни кадри“, коментира Бойко Борисов. Последвайте ни за още актуални новини в Google News Showcase Последвайте btvnovinite.bg във VIBER Последвайте btvnovinite.bg в INSTAGRAM Последвайте btvnovinite.bg във FACEBOOK Последвайте btvnovinite.bg в TIKTOK from source: btvnovinite.bg was successfully added to the BaseWebsite._data_dict
25-04-2026 10:38:55 INFO     	For media btvnovinite.bg (TV news) searching in page https://btvnovinite.bg/bulgaria/?page=75	The number of found articles is: 11
25-04-2026 10:38:55 INFO     Info: ('btvnovinite.bg', 'TV news')
Current page is 75
25-04-2026 10:38:57 INFO     +++ Records for the news with Майката на убития край Околчица Ники Златков: Видях тялото му, имаше сериозна рана на крака, беше му свалена кожата with url https://btvnovinite.bg/bulgaria/majkata-na-zaginalija-kraj-okolchica-niki-zlatkov-vidjah-tjaloto-mu-imashe-seriozna-rana-na-kraka-beshe-mu-svalena-kozhata.html and text "Ден преди синът ми Николай Златков да бъде погребан отидох да видя най-сетне тялото му в погребалната агенция, в която се намираше. Не беше никак леко, но с действията на неговият баща не ми оставаше никакъв друг избор освен сама да се изправя и да видя охлузванията, които са описани в епикризата. Настоях да ми бъдат показани. Това не бяха просто охлузвания, а сериозни рани особено на единия крак. Раната е голяма има свалена кожа и дори изглежда като, че има следи от нагряване при получаването й. Според експертизата очаквах да видя охлузвания, които са в следствие на пренасянето на трупа на сина ми. Това, което видях е много повече от охлузване, това са сериозни рани, със свалена кожа. Събрах сили и направих снимки! Снимките са разпространени на различни места, включително и при няколко адвоката". Това написа майката на Ники Златков - Ралица Асенова в съобщение до медиите, тя се обръща към обществото и професионалната общност, призовавайки "патолог с име, професионална чест и достойнство да се съгласи да извърши поне независим външен оглед на тялото на Иво Калушев, за което майка му настоява". "Това, което аз видях със собствените си очи, не може и не бива да остава единственото свидетелство", казва Ралица.  Припомняме, че тялото на 22-годишния Николай Златков бе намерено преди повече от месец в кемпер край вр. Околчица, заедно с телата на Ивайло Калушев и Александър Макулев. Основната версия, по която полицията работи досега е, че Иво Калушев е застрелял Ники и Александър и след това се е самоубил. Телата на тримата бяха намерени седмица, след като бяха открити други три тела - на трима мъже от групата на Калушев - Ивайло, Дечо и Пламен, също самоубили се, според полицията. Близките на всички загинали не вярват на версията за убийство и самоубийство. За разлика от сина на Асенова - Ники, Калушев все още не е погребан. Ралица твърди, че експертизата с професионалната оценка на състоянието на тялото на Калушев все още не е изпратена на майка му. Тя днес ще настоява да получи своята. Ралица Асенова иска и да бъде извършена компютърна томография (CT) на тялото, която "би позволила пълно и обективно документиране на състоянието му и би могла да даде допълнителна яснота по случая". "Призовавам също така съвестни хора, които знаят нещо за този случай – участвали по един или друг начин в разследването или станали свидетели на нередности – да намерят сили и смелост да излязат публично и да кажат истината. Мълчанието не е неутралност. Мълчанието пази и подхранва лъжата. Ако никой не събере смелост да говори, тогава ще остана сама – обявена най вероятно за „фанатичка“, която отказва да приеме удобната версия. Но аз знам какво видях и знам, че истината не бива да бъде погребана заедно със сина ми. Само колективното усилие на честни хора – специалисти, журналисти и граждани – може да разбие институционалната стена, която днес пази истината за случилото се", казва Асенова. Тя съобщи още, че за хора, които желаят да споделят информация, документи или свидетелства, в момента се организира канал за анонимно подаване на данни, който да гарантира защита на подателите. Последвайте btvnovinite.bg във VIBER Последвайте btvnovinite.bg в INSTAGRAM Последвайте btvnovinite.bg във FACEBOOK Последвайте btvnovinite.bg в TIKTOK from source: btvnovinite.bg was successfully added to the BaseWebsite._data_dict
25-04-2026 10:38:57 INFO     	For media btvnovinite.bg (TV news) searching in page https://btvnovinite.bg/bulgaria/?page=76	The number of found articles is: 12
25-04-2026 10:38:57 INFO     Info: ('btvnovinite.bg', 'TV news')
Current page is 76
25-04-2026 10:38:58 INFO     +++ Records for the news with За 72 часа задържаха мъжа, намушкал 25-годишна жена в Бургас with url https://btvnovinite.bg/bulgaria/za-72-chasa-zadarzhaha-mazha-namushkal-25-godishna-zhena-v-burgas.html and text Мъжът, нападнал 25-годишна жена в бургаския жилищен комплекс "Меден рудник", е задържан за срок до 72 часа. Това съобщиха от Окръжната прокуратура в крайморския град. Иван Илиев, на 23 години, е обвинен за това, че е направил опит умишлено да умъртви пострадалата. Деянието е останало недовършено, поради независещи от дееца причини - успешна лекарска намеса, допълниха от държавното обвинение. Престъплението е осъществено на 16 март. Илиев обвинен, че е нападнал жената в жилището си, нанасяйки ѝ прорезни рани по тялото. Предстои Окръжна прокуратура-Бургас да внесе в съда искане за вземане на мярка за неотклонение „задържане под стража“. Младият мъж е осъден за смъртта на 11-годишната Никол Йончева през 2017 година. Към онзи момент той е бил на 15 години. На 20 август в асансьор на блок 108 в комплекс „Меден рудник" между него и момичето възникнал спор. Няколко часа след това живеещи в блока откриват тялото на Йончева на пода на асансьора в локва кръв, след като Иванов е извършил фатално нападение с нож, пробождайки я във врата. Първоначално му е наложено наказание от осем години „лишаване от свобода“, впоследствие то е намалено на шест години. Иван Иванов е бил освободен през 2022 година. Последвайте ни за още актуални новини в Google News Showcase Последвайте btvnovinite.bg във VIBER Последвайте btvnovinite.bg в INSTAGRAM Последвайте btvnovinite.bg във FACEBOOK Последвайте btvnovinite.bg в TIKTOK from source: btvnovinite.bg was successfully added to the BaseWebsite._data_dict
25-04-2026 10:38:58 INFO     	For media btvnovinite.bg (TV news) searching in page https://btvnovinite.bg/bulgaria/?page=77	The number of found articles is: 13
25-04-2026 10:38:58 INFO     Info: ('btvnovinite.bg', 'TV news')
Current page is 77
25-04-2026 10:38:59 INFO     +++ Records for the news with Майката на Ивайло Калушев: Защо ги убиха? Кой ги уби? Кочината (ВИДЕО) with url https://btvnovinite.bg/bulgaria/majkata-na-ivajlo-kalushev-zashto-gi-ubiha-koj-gi-ubi-kochinata.html and text На протеста пред Съдебната палата в София, на който се събраха много хора заради случая „Петрохан-Околчица“, беше прочетено послание от майката на Ивайло Калушев – Стела Димитрова-Майсторова. „13 март, 2026 година, петък. Днес е ден 40 от зловещото убийство на „Петрохан“. Шест невинни жертви. Остават два висящи, нетърпящи отлагане въпроса. Защо ги убиха? Кой ги уби? Кочината. От кал може да се моделира всичко - от най-мръсното, изкривено изчадие до изключителните творения, шедьоври. През калта човек се учи на смирение. Произхождаме от земя, връщаме се пак там. Но оставяме следа. Зависи от нас дали след време делото и човекът няма да се превърнат в легенда. Убитите бяха светли личности, превърнаха ги в боклук. Но делото им ни ги връща - още по-чисти и доблестни“, споделя Стела. Преди Ивайло Калушев да бъде открит мъртъв, стана ясно, че той е изпратил съобщение до майка си, в което пише: "Нищо от това, което ще чуеш, не е вярно, дори и частичка, но нямаме никакви сили повече да се борим с тази кочина... То не е причината, то е просто капката, която преля за всички нас чашата, поредният искрен опит да помогнем на едно болно дете - момиче е, в твоя чест :))) Прости ми, благодаря ти от сърце и когато намериш сили (по-скоро е по-добре), просто си насочи мисълта към мен и ще ме намериш. Този свят е един много стабилен сън. Няма смисъл да го превръщаш в кошмар. Направи напук и виж вътре в себе си и се усмихни. Обичам те много. Бъди свободна". Последвайте ни за още актуални новини в Google News Showcase Последвайте btvnovinite.bg във VIBER Последвайте btvnovinite.bg в INSTAGRAM Последвайте btvnovinite.bg във FACEBOOK Последвайте btvnovinite.bg в TIKTOK from source: btvnovinite.bg was successfully added to the BaseWebsite._data_dict
25-04-2026 10:38:59 INFO     	For media btvnovinite.bg (TV news) searching in page https://btvnovinite.bg/bulgaria/?page=78	The number of found articles is: 14
25-04-2026 10:38:59 INFO     Info: ('btvnovinite.bg', 'TV news')
Current page is 78
25-04-2026 10:39:00 INFO     	For media btvnovinite.bg (TV news) searching in page https://btvnovinite.bg/bulgaria/?page=79	The number of found articles is: 14
25-04-2026 10:39:00 INFO     Info: ('btvnovinite.bg', 'TV news')
Current page is 79
25-04-2026 10:39:00 INFO     	For media btvnovinite.bg (TV news) searching in page https://btvnovinite.bg/bulgaria/?page=80	The number of found articles is: 14
25-04-2026 10:39:00 INFO     Info: ('btvnovinite.bg', 'TV news')
Current page is 80
25-04-2026 10:39:01 INFO     +++ Records for the news with Мъж е нападнал 18-годишната си дъщеря и заплашил с убийство брат си with url https://btvnovinite.bg/bulgaria/mazh-e-napadnal-18-godishnata-si-dashterja-i-zaplashil-s-ubijstvo-brat-si.html and text 50-годишен мъж от заветското село Брестовене е задържан за извършено домашно насилие, съобщиха от полицията в Разград. Около 21 часа на 15 март мъжът ударил 18-годишната си дъщеря и отправял закани за убийство към 57-годишния си брат. След подаден сигнал в полицията насилникът е задържан в сградата на РУ-Кубрат. По случая е образувана проверка за домашно насилие и закана за убийство, допълват от ОДМВР-Разград. Последвайте ни за още актуални новини в Google News Showcase Последвайте btvnovinite.bg във VIBER Последвайте btvnovinite.bg в INSTAGRAM Последвайте btvnovinite.bg във FACEBOOK Последвайте btvnovinite.bg в TIKTOK  from source: btvnovinite.bg was successfully added to the BaseWebsite._data_dict
25-04-2026 10:39:01 INFO     	For media btvnovinite.bg (TV news) searching in page https://btvnovinite.bg/bulgaria/?page=81	The number of found articles is: 15
25-04-2026 10:39:01 INFO     Info: ('btvnovinite.bg', 'TV news')
Current page is 81
25-04-2026 10:39:02 INFO     ---News article: <<< Приемната майка на 9-месецните близнаци: Вълнуваме се, ще им дадем всичко >>> was not included in the data because none of BaseWebsite._second_level keywords were found in the article text Article url: https://btvnovinite.bg/bulgaria/priemnata-majka-na-9-mesecnite-bliznaci-valnuvame-se-shte-im-dadem-vsichko.html
25-04-2026 10:39:02 INFO     	For media btvnovinite.bg (TV news) searching in page https://btvnovinite.bg/bulgaria/?page=82	The number of found articles is: 15
25-04-2026 10:39:02 INFO     Info: ('btvnovinite.bg', 'TV news')
Current page is 82
25-04-2026 10:39:03 INFO     ---Article with title: Майка на две деца се нуждае от помощ, за да продължи живота си пълноценно was not added because contains words from article title exclusion list: ['деца']
25-04-2026 10:39:03 INFO     	For media btvnovinite.bg (TV news) searching in page https://btvnovinite.bg/bulgaria/?page=83	The number of found articles is: 15
25-04-2026 10:39:03 INFO     Info: ('btvnovinite.bg', 'TV news')
Current page is 83
25-04-2026 10:39:04 INFO     +++ Records for the news with Задържаха трима под стража за принуждаване на жени към проституция в Банско with url https://btvnovinite.bg/bulgaria/zadarzhaha-trima-pod-strazha-za-prinuzhdavane-na-zheni-kam-prostitucija-v-bansko.html and text Окръжен съд- Благоевград взе мерки за неотклонение на четирима обвиняеми за престъпна група  за насилие и изнудване на жени за предоставяне на сексуални услуги, съобщиха от съда. Благоевградският окръжен съд взе мерки за неотклонение задържане под стража по отношение на три от обвиняемите лица – Й.П., С.К. и Л.А., както и марка за неотклонение „гаранция в пари“ по отношение на обвиняемата И.Т., предаде БТА. По-рано днес от държавното обвинение съобщиха, че под ръководството на Окръжна прокуратура – Благоевград се провежда разследване срещу престъпна група за насилие и изнудване на жени за предоставяне на сексуални услуги, като четирима са привлечени към наказателна отговорност. От прокуратурата съобщиха още, че през нощта на 7 март служители от Главна дирекция „Борба с организираната престъпност“ (ГДБОП) са неутрализирали дейността на организирана престъпна група, която чрез насилие и заплахи е изнудвала жени да предоставят сексуални услуги против волята им и да заплащат „такса спокойствие“ по 50 лева на ден, за да работят в Банско. В хода на проведеното разследване са извършени лични обиски, претърсени са автомобили, нощно заведение и частни квартири в Банско. В нощен клуб са установени три лица, използвани за развратни действия и принудителен труд. След днешното заседание на Благоевградския окръжен съд и след запознаване с наличния доказателствен материал, състав на съда  прецени, че  въпреки  изключително краткия срок на разследване, за момента може да се направи обосновано предположение за съпричастност на обвиняемите – Й. П.,  С.К., Л.А.  към повдигнатите им обвинения, като данните за съпричастност се извеждат от наличните по делото свидетелски показания, съобщиха още от Окръжен съд – Благоевград.  По отношение и  на тримата обвиняеми - Й. П. С.К., Л.А. е налична опасност от извършване на престъпление, но няма данни за опасност от укриване, допълват от там. Окръжен съд – Благоевград остави без уважение искането на Окръжна прокуратура –Благоевград за вземане на най-тежката мярка за неотклонение по отношение на обвиняемата- И. Т. Според съдебния състав липсват данни за познанството ѝ с всички останали членове на групата, независимо от това са налични данни, за да се направи извод за съпричастност към другите ѝ повдигнати обвинения - разследването за трафик на хора.  Окръжният съд отчете обстоятелството, че И.Т. не е осъждана и наложи по-лека мярка – парична гаранция, в размер на пет хиляди евро. Определението на Благоевградския окръжен съд може да се обжалва или протестира пред Апелативен съд София, като в случай на жалба или протест, заседанието е насрочено за 17 март. Последвайте ни за още актуални новини в Google News Showcase Последвайте btvnovinite.bg във VIBER Последвайте btvnovinite.bg в INSTAGRAM Последвайте btvnovinite.bg във FACEBOOK Последвайте btvnovinite.bg в TIKTOK from source: btvnovinite.bg was successfully added to the BaseWebsite._data_dict
25-04-2026 10:39:04 INFO     	For media btvnovinite.bg (TV news) searching in page https://btvnovinite.bg/bulgaria/?page=84	The number of found articles is: 16
25-04-2026 10:39:04 INFO     Info: ('btvnovinite.bg', 'TV news')
Current page is 84
25-04-2026 10:39:05 INFO     ---News article: <<< Приемната майка на 9-месецните близнаци: Вълнуваме се, ще им дадем всичко >>> was not included in the data because none of BaseWebsite._second_level keywords were found in the article text Article url: https://btvnovinite.bg/bulgaria/priemnata-majka-na-9-mesecnite-bliznaci-valnuvame-se-shte-im-dadem-vsichko.html
25-04-2026 10:39:05 INFO     ---Article with title: Майка на две деца се нуждае от помощ, за да продължи живота си пълноценно was not added because contains words from article title exclusion list: ['деца']
25-04-2026 10:39:05 INFO     	For media btvnovinite.bg (TV news) searching in page https://btvnovinite.bg/bulgaria/?page=85	The number of found articles is: 16
25-04-2026 10:39:05 INFO     Info: ('btvnovinite.bg', 'TV news')
Current page is 85
25-04-2026 10:39:06 INFO     ---News article: <<< Мъж и две жени са пострадали при масов бой в старозагорски квартал >>> was not included in the data because none of BaseWebsite._second_level keywords were found in the article text Article url: https://btvnovinite.bg/bulgaria/mazh-i-dve-zheni-sa-postradali-pri-masovo-sbivane-v-starozagorski-kvartal.html
25-04-2026 10:39:07 INFO     ---News article: <<< Самотна майка мечтае за футболни бутонки за сина си и танцови обувки за дъщеря си >>> was not included in the data because none of BaseWebsite._second_level keywords were found in the article text Article url: https://btvnovinite.bg/bulgaria/samotna-majka-mechta-za.html
25-04-2026 10:39:07 INFO     	For media btvnovinite.bg (TV news) searching in page https://btvnovinite.bg/bulgaria/?page=86	The number of found articles is: 16
25-04-2026 10:39:07 INFO     Info: ('btvnovinite.bg', 'TV news')
Current page is 86
25-04-2026 10:39:07 INFO     ---News article: <<< Приемната майка на 9-месецните близнаци: Вълнуваме се, ще им дадем всичко >>> was not included in the data because none of BaseWebsite._second_level keywords were found in the article text Article url: https://btvnovinite.bg/bulgaria/priemnata-majka-na-9-mesecnite-bliznaci-valnuvame-se-shte-im-dadem-vsichko.html
25-04-2026 10:39:07 INFO     	For media btvnovinite.bg (TV news) searching in page https://btvnovinite.bg/bulgaria/?page=87	The number of found articles is: 16
25-04-2026 10:39:07 INFO     Info: ('btvnovinite.bg', 'TV news')
Current page is 87
25-04-2026 10:39:08 INFO     ---Article with title: Майка на две деца се нуждае от помощ, за да продължи живота си пълноценно was not added because contains words from article title exclusion list: ['деца']
25-04-2026 10:39:08 INFO     	For media btvnovinite.bg (TV news) searching in page https://btvnovinite.bg/bulgaria/?page=88	The number of found articles is: 16
25-04-2026 10:39:08 INFO     Info: ('btvnovinite.bg', 'TV news')
Current page is 88
25-04-2026 10:39:08 INFO     	For media btvnovinite.bg (TV news) searching in page https://btvnovinite.bg/bulgaria/?page=89	The number of found articles is: 16
25-04-2026 10:39:08 INFO     Info: ('btvnovinite.bg', 'TV news')
Current page is 89
25-04-2026 10:39:09 INFO     ---Article with title: ГДБОП разби групи за експлоатиране на момичета в Банско. 10 са задържани, иззети са 100 000 евро (СНИМКИ) was not added because contains words from article title exclusion list: ['тир']
25-04-2026 10:39:09 INFO     	For media btvnovinite.bg (TV news) searching in page https://btvnovinite.bg/bulgaria/?page=90	The number of found articles is: 16
25-04-2026 10:39:09 INFO     Info: ('btvnovinite.bg', 'TV news')
Current page is 90
25-04-2026 10:39:09 INFO     ---Article with title: С висока скорост: Дете с електрическа тротинетка връхлетя върху 12-годишно момиче на оживен площад was not added because contains words from article title exclusion list: ['дете']
25-04-2026 10:39:10 INFO     ---News article: <<< Мъж прегази бившата си съпруга след отказ да се събере с него >>> was not included in the data because none of BaseWebsite._second_level keywords were found in the article text Article url: https://btvnovinite.bg/bulgaria/mazh-pregazi-bivshata-si-sapruga-sled-otkaz-da-se-sabere-s-nego.html
25-04-2026 10:39:10 INFO     	For media btvnovinite.bg (TV news) searching in page https://btvnovinite.bg/bulgaria/?page=91	The number of found articles is: 16
25-04-2026 10:39:10 INFO     Info: ('btvnovinite.bg', 'TV news')
Current page is 91
25-04-2026 10:39:10 INFO     	For media btvnovinite.bg (TV news) searching in page https://btvnovinite.bg/bulgaria/?page=92	The number of found articles is: 16
25-04-2026 10:39:10 INFO     Info: ('btvnovinite.bg', 'TV news')
Current page is 92
25-04-2026 10:39:10 INFO     ---Article with title: Удар с тротинетка: Момиче пострада, връхлетяно от връстник на пешеходна зона was not added because contains words from article title exclusion list: ['пешеход']
25-04-2026 10:39:11 INFO     +++ Records for the news with На 8 март: Шествие в София за спазване правата на жените with url https://btvnovinite.bg/bulgaria/na-8-mart-shestvie-v-sofija-za-spazvane-pravata-na-zhenite.html and text Шествие в София за спазване правата на жените. Пред Съдебната палата в София жени издигнаха лозунги за достойни условия за труд и за равни прави и срещу насилието над нежния пол. Те носиха плакати с надписи "Нито една повече!", "Жена, живот, свобода", "За грижата няма почивен ден", "Не на войната!", "Нашата грижа е сила!" и др. Тази година протестът е под надслов "Грижа и съпротива". Протестното шествие тръгна от Съдебната палата, мина през бул. "Витоша", покрай Националния дворец на културата (НДК), по бул. "Патриарх Евтимий" и ул. "Граф Игнатиев". Стигна до пл. "Славейков" и се насочи отново към Съдебната палата, където приключи и демонстрацията. Демонстрантите поискаха социална, здравна и образователна система, които предоставят достъпна и качествена грижа за всички. Събитието е солидарно с всички жени за тяхното достойнство и свобода от насилие в дома и на работното място; за доходи, които отчитат приноса на труда им; за правото на достойни старини, посочиха организаторите. Бе изразено настояване и за равни възможности на работното място, равно заплащане, защита срещу дискриминация, достойни доходи за труда на жените в публичния и частния сектор. Последвайте ни за още актуални новини в Google News Showcase Последвайте btvnovinite.bg във VIBER Последвайте btvnovinite.bg в INSTAGRAM Последвайте btvnovinite.bg във FACEBOOK Последвайте btvnovinite.bg в TIKTOK from source: btvnovinite.bg was successfully added to the BaseWebsite._data_dict
25-04-2026 10:39:11 INFO     	For media btvnovinite.bg (TV news) searching in page https://btvnovinite.bg/bulgaria/?page=93	The number of found articles is: 17
25-04-2026 10:39:11 INFO     Info: ('btvnovinite.bg', 'TV news')
Current page is 93
25-04-2026 10:39:12 INFO     	For media btvnovinite.bg (TV news) searching in page https://btvnovinite.bg/bulgaria/?page=94	The number of found articles is: 17
25-04-2026 10:39:12 INFO     Info: ('btvnovinite.bg', 'TV news')
Current page is 94
25-04-2026 10:39:12 INFO     	For media btvnovinite.bg (TV news) searching in page https://btvnovinite.bg/bulgaria/?page=95	The number of found articles is: 17
25-04-2026 10:39:12 INFO     Info: ('btvnovinite.bg', 'TV news')
Current page is 95
25-04-2026 10:39:12 INFO     	For media btvnovinite.bg (TV news) searching in page https://btvnovinite.bg/bulgaria/?page=96	The number of found articles is: 17
25-04-2026 10:39:12 INFO     Info: ('btvnovinite.bg', 'TV news')
Current page is 96
25-04-2026 10:39:13 INFO     ---Article with title: Майката на близнаците от кардиологията има още 5 деца, за 4 се грижи държавата was not added because contains words from article title exclusion list: ['деца']
25-04-2026 10:39:13 INFO     	For media btvnovinite.bg (TV news) searching in page https://btvnovinite.bg/bulgaria/?page=97	The number of found articles is: 17
25-04-2026 10:39:13 INFO     Info: ('btvnovinite.bg', 'TV news')
Current page is 97
25-04-2026 10:39:13 INFO     ---Article with title: Дете и две жени са в болница след нахапване от домашно куче във Великотърновско was not added because contains words from article title exclusion list: ['куче', 'нахап', 'дете']
25-04-2026 10:39:13 INFO     	For media btvnovinite.bg (TV news) searching in page https://btvnovinite.bg/bulgaria/?page=98	The number of found articles is: 17
25-04-2026 10:39:13 INFO     Info: ('btvnovinite.bg', 'TV news')
Current page is 98
25-04-2026 10:39:14 INFO     ---Article with title: Заради печка на твърдо гориво: Жена загина в пожар в с. Малко село was not added because contains words from article title exclusion list: ['пожар']
25-04-2026 10:39:14 INFO     ---News article: <<< Взрив в Русе, пострадала е жена (ВИДЕО) >>> was not included in the data because none of BaseWebsite._second_level keywords were found in the article text Article url: https://btvnovinite.bg/bulgaria/56-godishna-zhena-postrada-pri-vzriv-na-gaz-v-ruse.html
25-04-2026 10:39:14 INFO     	For media btvnovinite.bg (TV news) searching in page https://btvnovinite.bg/bulgaria/?page=99	The number of found articles is: 17
25-04-2026 10:39:14 INFO     Info: ('btvnovinite.bg', 'TV news')
Current page is 99
25-04-2026 10:39:16 INFO     +++ Records for the news with „Ще те убия“: Обвиниха мъж, заканил се с убийство на жена си with url https://btvnovinite.bg/bulgaria/shte-te-ubija-obviniha-mazh-zakanil-se-s-ubijstvo-na-zhena-si.html and text Софийската районна прокуратура (СРП) привлече към наказателна отговорност 42-годишен мъж, заканил се с убийство с нож на жена. Това съобщиха от прокуратурата. Според събраните до момента доказателства на 1 март в апартамент в ж.к. “Братя Бъкстон“ в София обвиняемият с инициали М. А. се заканил с убийство на жената, с която е живял във фактическо съжителство, като ѝ опрял нож във врата и ѝ казал: „Ще те убия“. Деянието е извършено в условията на домашно насилие. По случая се води досъдебно производство за престъпление, за което се предвижда наказание „лишаване от свобода“. М. А. е осъждан многократно. Той е задържан за срок до 72 часа. Прокурор е внесъл искане в Софийския районен съд за определяне на мярка „задържане под стража“. Състав на съда се е съгласил с искането и е наложил на М. А. най-тежката мярка за неотклонение. Мярката за неотклонение подлежи на обжалване пред Софийския градски съд, допълниха от прокуратурата. Последвайте ни за още актуални новини в Google News Showcase Последвайте btvnovinite.bg във VIBER Последвайте btvnovinite.bg в INSTAGRAM Последвайте btvnovinite.bg във FACEBOOK Последвайте btvnovinite.bg в TIKTOK from source: btvnovinite.bg was successfully added to the BaseWebsite._data_dict
25-04-2026 10:39:16 INFO     	For media btvnovinite.bg (TV news) searching in page https://btvnovinite.bg/bulgaria/?page=100	The number of found articles is: 18
25-04-2026 10:39:16 INFO     Info: ('btvnovinite.bg', 'TV news')
Current page is 100
25-04-2026 10:39:16 INFO     	For media btvnovinite.bg (TV news) searching in page https://btvnovinite.bg/bulgaria/?page=101	The number of found articles is: 18
25-04-2026 10:39:16 INFO     Info: ('btvnovinite.bg', 'TV news')
Current page is 101
25-04-2026 10:39:17 INFO     	For media btvnovinite.bg (TV news) searching in page https://btvnovinite.bg/bulgaria/?page=102	The number of found articles is: 18
25-04-2026 10:39:17 INFO     Info: ('btvnovinite.bg', 'TV news')
Current page is 102
25-04-2026 10:39:17 INFO     ---Article with title: 91-годишна жена пострада при пожар в Сливен was not added because contains words from article title exclusion list: ['пожар']
25-04-2026 10:39:17 INFO     	For media btvnovinite.bg (TV news) searching in page https://btvnovinite.bg/bulgaria/?page=103	The number of found articles is: 18
25-04-2026 10:39:17 INFO     Info: ('btvnovinite.bg', 'TV news')
Current page is 103
25-04-2026 10:39:17 INFO     ---Article with title: Ракетни обстрели - българи са блокирани в Дубай и Израел: "Няколко сгради бяха опожарени. Една жена загина" was not added because contains words from article title exclusion list: ['пожар']
25-04-2026 10:39:17 INFO     	For media btvnovinite.bg (TV news) searching in page https://btvnovinite.bg/bulgaria/?page=104	The number of found articles is: 18
25-04-2026 10:39:17 INFO     Info: ('btvnovinite.bg', 'TV news')
Current page is 104
25-04-2026 10:39:18 INFO     ---News article: <<< Първата мартеница е направена от Ахинора, жената на хан Аспарух >>> was not included in the data because none of BaseWebsite._second_level keywords were found in the article text Article url: https://btvnovinite.bg/bulgaria/parvata-martenica-e-napravena-ot-ahinora-zhenata-na-han-asparuh.html
25-04-2026 10:39:19 INFO     ---News article: <<< Между 10 и 15 градуса на Баба Марта в неделя, ще бъде предимно слънчево >>> was not included in the data because none of BaseWebsite._second_level keywords were found in the article text Article url: https://btvnovinite.bg/bulgaria/mezhdu-10-i-15-gradusa-na-baba-marta-v-nedelja-shte-bade-predimno-slanchevo.html
25-04-2026 10:39:19 INFO     	For media btvnovinite.bg (TV news) searching in page https://btvnovinite.bg/bulgaria/?page=105	The number of found articles is: 18
25-04-2026 10:39:19 INFO     Info: ('btvnovinite.bg', 'TV news')
Current page is 105
25-04-2026 10:39:19 INFO     	For media btvnovinite.bg (TV news) searching in page https://btvnovinite.bg/bulgaria/?page=106	The number of found articles is: 18
25-04-2026 10:39:19 INFO     Info: ('btvnovinite.bg', 'TV news')
Current page is 106
25-04-2026 10:39:20 INFO     ---News article: <<< Божанов: Жената на шефа на ДАНС е шеф на „ВиК холдинг"-а, настояваме за оставката ѝ >>> was not included in the data because none of BaseWebsite._second_level keywords were found in the article text Article url: https://btvnovinite.bg/bulgaria/bozhanov-zhenata-na-shefa-na-dans-e-shef-na-vik-holding-a-nastojavam-za-ostavkata.html
25-04-2026 10:39:20 INFO     	For media btvnovinite.bg (TV news) searching in page https://btvnovinite.bg/bulgaria/?page=107	The number of found articles is: 18
25-04-2026 10:39:20 INFO     Info: ('btvnovinite.bg', 'TV news')
Current page is 107
25-04-2026 10:39:21 INFO     ---News article: <<< Божанов: Жената на шефа на ДАНС е шеф на „ВиК холдинг"-а, настояваме за оставката ѝ >>> was not included in the data because none of BaseWebsite._second_level keywords were found in the article text Article url: https://btvnovinite.bg/bulgaria/bozhanov-zhenata-na-shefa-na-dans-e-shef-na-vik-holding-a-nastojavam-za-ostavkata.html
25-04-2026 10:39:21 INFO     	For media btvnovinite.bg (TV news) searching in page https://btvnovinite.bg/bulgaria/?page=108	The number of found articles is: 18
25-04-2026 10:39:21 INFO     Info: ('btvnovinite.bg', 'TV news')
Current page is 108
25-04-2026 10:39:22 INFO     	For media btvnovinite.bg (TV news) searching in page https://btvnovinite.bg/bulgaria/?page=109	The number of found articles is: 18
25-04-2026 10:39:22 INFO     Info: ('btvnovinite.bg', 'TV news')
Current page is 109
25-04-2026 10:39:22 INFO     	For media btvnovinite.bg (TV news) searching in page https://btvnovinite.bg/bulgaria/?page=110	The number of found articles is: 18
25-04-2026 10:39:22 INFO     Info: ('btvnovinite.bg', 'TV news')
Current page is 110
25-04-2026 10:39:23 INFO     	For media btvnovinite.bg (TV news) searching in page https://btvnovinite.bg/bulgaria/?page=111	The number of found articles is: 18
25-04-2026 10:39:23 INFO     Info: ('btvnovinite.bg', 'TV news')
Current page is 111
25-04-2026 10:39:23 INFO     ---News article: <<< Откриха 17-годишното момиче от Бургас >>> was not included in the data because none of BaseWebsite._second_level keywords were found in the article text Article url: https://btvnovinite.bg/bulgaria/otkriha-17-godishnoto-momiche-ot-burgas.html
25-04-2026 10:39:23 INFO     	For media btvnovinite.bg (TV news) searching in page https://btvnovinite.bg/bulgaria/?page=112	The number of found articles is: 18
25-04-2026 10:39:23 INFO     Info: ('btvnovinite.bg', 'TV news')
Current page is 112
25-04-2026 10:39:24 INFO     	For media btvnovinite.bg (TV news) searching in page https://btvnovinite.bg/bulgaria/?page=113	The number of found articles is: 18
25-04-2026 10:39:24 INFO     Info: ('btvnovinite.bg', 'TV news')
Current page is 113
25-04-2026 10:39:24 INFO     	For media btvnovinite.bg (TV news) searching in page https://btvnovinite.bg/bulgaria/?page=114	The number of found articles is: 18
25-04-2026 10:39:24 INFO     Info: ('btvnovinite.bg', 'TV news')
Current page is 114
25-04-2026 10:39:24 INFO     ---Article with title: Издирва се 17-годишно момиче от Бургас was not added because contains words from article title exclusion list: ['издирва ']
25-04-2026 10:39:24 INFO     ---Article with title: Мъж и жена загинаха след падане на кола в дере край Хасково (СНИМКИ) was not added because contains words from article title exclusion list: ['мъж и жена', ' кола', ' падан']
25-04-2026 10:39:24 INFO     	For media btvnovinite.bg (TV news) searching in page https://btvnovinite.bg/bulgaria/?page=115	The number of found articles is: 18
25-04-2026 10:39:24 INFO     Info: ('btvnovinite.bg', 'TV news')
Current page is 115
25-04-2026 10:39:25 INFO     ---Article with title: Масов бой в Раднево. Четири жени и петима мъже са се сбили was not added because contains words from article title exclusion list: ['тир']
25-04-2026 10:39:25 INFO     	For media btvnovinite.bg (TV news) searching in page https://btvnovinite.bg/bulgaria/?page=116	The number of found articles is: 18
25-04-2026 10:39:25 INFO     Info: ('btvnovinite.bg', 'TV news')
Current page is 116
25-04-2026 10:39:25 INFO     ---Article with title: Задържаха мъж, намушкал съпругата си пред децата им was not added because contains words from article title exclusion list: ['деца']
25-04-2026 10:39:25 INFO     ---Article with title: Шофьор на камион блъсна жена на пешеходна пътека, уби я на място was not added because contains words from article title exclusion list: ['блъсна', 'камион', 'шофьор', 'пешеход']
25-04-2026 10:39:26 INFO     ---News article: <<< Задържаха трима мъже, принуждавали жена да проституира в София >>> was not included in the data because none of BaseWebsite._second_level keywords were found in the article text Article url: https://btvnovinite.bg/bulgaria/zadarzhaha-trima-mazhe-prinuzhdavali-zhena-da-prostituira-v-sofija.html
25-04-2026 10:39:26 INFO     	For media btvnovinite.bg (TV news) searching in page https://btvnovinite.bg/bulgaria/?page=117	The number of found articles is: 18
25-04-2026 10:39:26 INFO     Info: ('btvnovinite.bg', 'TV news')
Current page is 117
25-04-2026 10:39:26 INFO     ---Article with title: "Дъщеря ви е в болница, нужни са пари за лечение": Хванаха мъж на границата с Румъния, измамил жена с 12 000 евро was not added because contains words from article title exclusion list: ['пари']
25-04-2026 10:39:26 INFO     	For media btvnovinite.bg (TV news) searching in page https://btvnovinite.bg/bulgaria/?page=118	The number of found articles is: 18
25-04-2026 10:39:26 INFO     Info: ('btvnovinite.bg', 'TV news')
Current page is 118
25-04-2026 10:39:27 INFO     	For media btvnovinite.bg (TV news) searching in page https://btvnovinite.bg/bulgaria/?page=119	The number of found articles is: 18
25-04-2026 10:39:27 INFO     Info: ('btvnovinite.bg', 'TV news')
Current page is 119
25-04-2026 10:39:27 INFO     	For media btvnovinite.bg (TV news) searching in page https://btvnovinite.bg/bulgaria/?page=120	The number of found articles is: 18
25-04-2026 10:39:27 INFO     Info: ('btvnovinite.bg', 'TV news')
Current page is 120
25-04-2026 10:39:28 INFO     ---News article: <<< Откриха 17-годишното момиче от Бургас >>> was not included in the data because none of BaseWebsite._second_level keywords were found in the article text Article url: https://btvnovinite.bg/bulgaria/otkriha-17-godishnoto-momiche-ot-burgas.html
25-04-2026 10:39:28 INFO     	For media btvnovinite.bg (TV news) searching in page https://btvnovinite.bg/bulgaria/?page=121	The number of found articles is: 18
25-04-2026 10:39:28 INFO     Info: ('btvnovinite.bg', 'TV news')
Current page is 121
25-04-2026 10:39:28 INFO     ---Article with title: Издирва се 17-годишно момиче от Бургас was not added because contains words from article title exclusion list: ['издирва ']
25-04-2026 10:39:28 INFO     ---Article with title: Мъж и жена загинаха след падане на кола в дере край Хасково (СНИМКИ) was not added because contains words from article title exclusion list: ['мъж и жена', ' кола', ' падан']
25-04-2026 10:39:28 INFO     	For media btvnovinite.bg (TV news) searching in page https://btvnovinite.bg/bulgaria/?page=122	The number of found articles is: 18
25-04-2026 10:39:28 INFO     Info: ('btvnovinite.bg', 'TV news')
Current page is 122
25-04-2026 10:39:29 INFO     	For media btvnovinite.bg (TV news) searching in page https://btvnovinite.bg/bulgaria/?page=123	The number of found articles is: 18
25-04-2026 10:39:29 INFO     Info: ('btvnovinite.bg', 'TV news')
Current page is 123
25-04-2026 10:39:30 INFO     +++ Records for the news with Протест с куфари: Заради намалената присъда на съпруга на Евгения, който я уби и затвори тялото ѝ в куфар with url https://btvnovinite.bg/bulgaria/protest-sled-namalenata-prisada-za-ubijstvoto-na-evgenija-ot-sapruga-j-tjaloto-j-be-otkrito-v-kufar.html and text Недоволство пред Съдебната палата. В този час близки на убитата преди 5 години Евгения настояват за по-тежка присъда за извършителя. Причината - преди дни Софийският апелативен съд намали присъдата на съпруга - Орлин Владимиров и напълно оправда баща му Пламен Владимиров. Припомняме, че 33-годишната жена беше обявена за издирване след изчезването ѝ през 2021 г. Месец по-късно тялото ѝ беше открито в куфар във водоем край Перник.Разследването доказа, че жената е убита от съпруга си, а баща му е помогнал да укрие тялото на жертвата. През 2023 година съдът призна Орлин Владимиров за виновен в умишлено убийство. И той, и баща му получиха доживотни присъди. Преди дни обаче Апелативният съд оневини Пламен Владимиров и намали присъдата на Орлин Владимиров.  На протеста са близки, роднини и приятели на убитата през есента на 2021 година Евгения.  Голяма част от хората са с куфари - в памет на убитата 33-годишна жена и в знак, че няма да забравят стореното от нейния съпруг.  Хората са недоволни и от решението на съда да намали присъдата на Орлин Владимиров от доживотен затвор на 20 години лишаване от свобода , както и оправдаването на баща му. Решението на съда подлежи на обжалване.  Последвайте ни за още актуални новини в Google News Showcase Последвайте btvnovinite.bg във VIBER Последвайте btvnovinite.bg в INSTAGRAM Последвайте btvnovinite.bg във FACEBOOK Последвайте btvnovinite.bg в TIKTOK from source: btvnovinite.bg was successfully added to the BaseWebsite._data_dict
25-04-2026 10:39:30 INFO     	For media btvnovinite.bg (TV news) searching in page https://btvnovinite.bg/bulgaria/?page=124	The number of found articles is: 19
25-04-2026 10:39:30 INFO     Info: ('btvnovinite.bg', 'TV news')
Current page is 124
25-04-2026 10:39:31 INFO     ---Article with title: Мъж и жена са с опасност за живота след взрив на газова бутилка в Сливенско (СНИМКИ) was not added because contains words from article title exclusion list: ['мъж и жена']
25-04-2026 10:39:31 INFO     	For media btvnovinite.bg (TV news) searching in page https://btvnovinite.bg/bulgaria/?page=125	The number of found articles is: 19
25-04-2026 10:39:31 INFO     Info: ('btvnovinite.bg', 'TV news')
Current page is 125
25-04-2026 10:39:31 INFO     	For media btvnovinite.bg (TV news) searching in page https://btvnovinite.bg/bulgaria/?page=126	The number of found articles is: 19
25-04-2026 10:39:31 INFO     Info: ('btvnovinite.bg', 'TV news')
Current page is 126
25-04-2026 10:39:31 INFO     	For media btvnovinite.bg (TV news) searching in page https://btvnovinite.bg/bulgaria/?page=127	The number of found articles is: 19
25-04-2026 10:39:31 INFO     Info: ('btvnovinite.bg', 'TV news')
Current page is 127
25-04-2026 10:39:32 INFO     	For media btvnovinite.bg (TV news) searching in page https://btvnovinite.bg/bulgaria/?page=128	The number of found articles is: 19
25-04-2026 10:39:32 INFO     Info: ('btvnovinite.bg', 'TV news')
Current page is 128
25-04-2026 10:39:33 INFO     ---News article: <<< Близките на момичето, което последно било в компанията на Калушев: На 1.02 Ники докара багажа й от Петрохан в София >>> was not included in the data because none of BaseWebsite._second_level keywords were found in the article text Article url: https://btvnovinite.bg/bulgaria/poslednoto-momiche-v-kompanijata-na-kalushev-trjabvashe-da-ja-pokanim-zashtoto-niki-ja-e-sanuval.html
25-04-2026 10:39:33 INFO     	For media btvnovinite.bg (TV news) searching in page https://btvnovinite.bg/bulgaria/?page=129	The number of found articles is: 19
25-04-2026 10:39:33 INFO     Info: ('btvnovinite.bg', 'TV news')
Current page is 129
25-04-2026 10:39:33 INFO     	For media btvnovinite.bg (TV news) searching in page https://btvnovinite.bg/bulgaria/?page=130	The number of found articles is: 19
25-04-2026 10:39:33 INFO     Info: ('btvnovinite.bg', 'TV news')
Current page is 130
25-04-2026 10:39:35 INFO     +++ Records for the news with Разпитите по случая „Петрохан“: Разказът на жената на Деян Илиев – мексиканката Лолита with url https://btvnovinite.bg/bulgaria/razpitite-po-sluchaja-petrohan-razkazat-na-zhenata-na-dejan-iliev-meksikankata-lolita.html and text 147 страници от делото по случая Петрохан са предоставени на депутатите в Народното събрание. Сред тях са и показанията от разпитите на най-близките на петимата мъртви мъже и един 15-годишен младеж. За първи път излизат страниците от разпитите на така известната  Лолита от Мексико – съпруга на Деян Илиев, който пръв е подал сигнала за трагедията в хижа Петрохан. bTV потвърди съдържанието им от два независими източника. В показанията си мексиканката Лолита, жената на Деян Илиев, който пръв дал сигнал за случилото се в бившата хижа „Петрохан“,  казва, че в къщата са живеели шестима души. Тя разказва, че не е контактувала с тях директно, а чрез съпруга си, защото не говори български. Жената обяснява, че често е виждала живеещите в хижата стресирани. „По отношение на тях Деян ми казваше, че са стресирани заради работата си. Друго особено за тях не знам. На Петрохан ходим да си пълним бутилки с вода от една чешма. Деян разказа, че веднъж докато наливал вода един човек му направил снимка, без да знае защо, и това му се сторило много странно“, споделя Лолита. От показанията ѝ става ясно, че на 2 февруари сутринта, когато се качват със съпруга ѝ на хижата, заради тревожното съобщение от майката на Ивайло Калушев, първо виждат, че сградата е горяла и пуши. Деян тръгва към сградата, но бързо се връща до колата, а после тръгва втори път, за да открие приятелите си. „Когато се върна втория път Деян беше ужасен, плачеше и трепереше, едвам говореше... През цялото време поддържахме връзка с бащата на Деян“, разказва жената. След като ги открива в двора и се обажда на тел. 112 , Деян се връща към хижата с граничните полицаи, пише в показанията на Лолита. Нея я заключва вкъщи. „Когато стигнахме до къщата Деян каза да се заключа вътре и да поддържам връзка с баща му. След това се почна даването на показания, задържаха Деян за 24 часа, беше в участъка през цялото време, аз бях много притеснена“, гласи още разказа на Лолита. Според разследващите Деян Илиев е разпитван 2 пъти по случая. Можем да кажем, че малко след разпитите на Деян и Лолита и двамата изчезват от къщата им в село Гинци. От прокуратурата обясняват, че в момента те знаят къде се намират и не са ги обявили за издирване, защото няма нужда. А и по закон никой не ги задължава да стоят в страната. Според разследването домът на Деян Илиев в Гинци е претърсен веднага след разпитите, но нищо не е открито. А телефонът му е иззет и е даден за експертиза, защото Деян е отказал да отключи телефона си и да съдейства. Освен разпитите на Лолита, в документите, които са предадени на депутатите, са приложени и материалите от назначените експертизи. Прокуратурата е предала и разпитите на деца, свързани в различни периоди с Ивайло Калушев. Нsкои от тях са разпитвани и след трагедията в присъствието на психолог. Никой не е казал нищо лошо за групата на Ивайло Калушев или за упражнявано насилие. В разпитите им всички от групата са определени като цитирам: „добри хора“. От разпита на бащата на загиналия 22-годишен Николай Златков става ясно, че след заминаването на детето и майка му за Мексико, бащата е получил информация за общността на Ивайло Калушев. Наученото го е притеснило и той заминал за Мексико. Там разговарял с Ивайло Калушев. През 2022 г. двамата с Николай се виждат в хижата и тогава баща му се запознава с Ивайло Иванов и останалите мъже. Междувременно днес официално от МВР съобщиха, че намерените в хижата гилзи и куршуми, за които свидетелства Деян Илиев, не са били изстреляни от огнестрелно оръжие. Според експертите, ако патроните не са заредени в оръжие и са подложени на термично въздействие – например пожар , то барутът вътре в гилзата може да се самовъзпламени. Последвайте ни за още актуални новини в Google News Showcase Последвайте btvnovinite.bg във VIBER Последвайте btvnovinite.bg в INSTAGRAM Последвайте btvnovinite.bg във FACEBOOK Последвайте btvnovinite.bg в TIKTOK  from source: btvnovinite.bg was successfully added to the BaseWebsite._data_dict
25-04-2026 10:39:35 INFO     	For media btvnovinite.bg (TV news) searching in page https://btvnovinite.bg/bulgaria/?page=131	The number of found articles is: 20
25-04-2026 10:39:35 INFO     Info: ('btvnovinite.bg', 'TV news')
Current page is 131
25-04-2026 10:39:36 INFO     +++ Records for the news with Издирват мъж, нападнал млади жени в Рила и намушкал едната в корема with url https://btvnovinite.bg/bulgaria/prodalzhava-izdirvaneto-na-mazha-napadnal-mladi-zheni-v-rila-i-namushkal-ednata-v-korema.html and text Продължава издирването на мъжа, намушкал с нож млада жена в Дупница, съобщиха за БТА от полицията в Кюстендил. Жертвата е приета в болница в София. Сигналът за инцидента е постъпил малко след 04:00 часа в РУ – Дупница за нападение над две млади жени, които били в беседка в парк „Рила“. След като поискал пари, размахвайки нож, мъжът наранил едната в областта на корема. Нападателят е отнел парите на двете жени – общо 230 евро. Полицаите са предприели незабавни издирвателни действия. По случая е образувано досъдебно производство в РУ – Дупница, а работата продължава под надзора на прокуратурата. Последвайте ни за още актуални новини в Google News Showcase Последвайте btvnovinite.bg във VIBER Последвайте btvnovinite.bg в INSTAGRAM Последвайте btvnovinite.bg във FACEBOOK Последвайте btvnovinite.bg в TIKTOK from source: btvnovinite.bg was successfully added to the BaseWebsite._data_dict
25-04-2026 10:39:36 INFO     	For media btvnovinite.bg (TV news) searching in page https://btvnovinite.bg/bulgaria/?page=132	The number of found articles is: 21
25-04-2026 10:39:36 INFO     Info: ('btvnovinite.bg', 'TV news')
Current page is 132
25-04-2026 10:39:37 INFO     +++ Records for the news with Задържаха пернишки колектори, заплашвали със смърт жена with url https://btvnovinite.bg/bulgaria/zadarzhaha-pernishki-kolektori-zaplashvali-sas-smart-zhena.html and text Задържаха пернишки колектори, заплашвали със смърт длъжница, съобщиха от полицията в Перник. На 12 февруари във Второ РУ е получен сигнал от 55-годишна жена, която информирала, че трима непознати за нея са посетили жилището ѝ. Един от тях e отправил закана за убийство. Полицейските служители предприели оперативно-издирвателни действия, в резултат на които са задържани предполагаемите извършители – мъже на 31, 30 и 27-годишна възраст. По първоначални данни става въпрос за незаконна колекторска дейност. При претърсване в жилището на 31-годишния мъж са намерени и иззети договор за заем и ксерокопие на лична карта на кредитополучател. Двама от групата са притежавали законно оръжие, което е иззето. Образувано е бързо производство и действията по разследването продължават под надзора на прокуратурата. Последвайте ни за още актуални новини в Google News Showcase Последвайте btvnovinite.bg във VIBER Последвайте btvnovinite.bg в INSTAGRAM Последвайте btvnovinite.bg във FACEBOOK Последвайте btvnovinite.bg в TIKTOK from source: btvnovinite.bg was successfully added to the BaseWebsite._data_dict
25-04-2026 10:39:37 INFO     	For media btvnovinite.bg (TV news) searching in page https://btvnovinite.bg/bulgaria/?page=133	The number of found articles is: 22
25-04-2026 10:39:37 INFO     Info: ('btvnovinite.bg', 'TV news')
Current page is 133
25-04-2026 10:39:39 INFO     +++ Records for the news with Мъж намушка жена в Дупница with url https://btvnovinite.bg/bulgaria/mazh-namushka-zhena-v-dupnica.html and text Намушкаха с нож жена в Дупница. Инцидентът е станал около 04:00 часа, съобщи за БТА Катя Табачка, говорител на Областна дирекция на МВР в Кюстендил. Пострадалата заедно с приятелка си говорели в беседка в парка на Дупница, когато до тях се приближил мъж, който им поискал пари и ги заплашил с нож. Жените били склонни да му дадат, но той посегнал и намушкал едната в областта на корема, посочи Табачка. Жената е настанена в болнично заведение в София с порезна рана в областта на корема. Работи се по изясняване на факти по случая, образувано е досъдебно производство, допълни Табачка. Последвайте ни за още актуални новини в Google News Showcase Последвайте btvnovinite.bg във VIBER Последвайте btvnovinite.bg в INSTAGRAM Последвайте btvnovinite.bg във FACEBOOK Последвайте btvnovinite.bg в TIKTOK from source: btvnovinite.bg was successfully added to the BaseWebsite._data_dict
25-04-2026 10:39:39 INFO     	For media btvnovinite.bg (TV news) searching in page https://btvnovinite.bg/bulgaria/?page=134	The number of found articles is: 23
25-04-2026 10:39:39 INFO     Info: ('btvnovinite.bg', 'TV news')
Current page is 134
25-04-2026 10:39:39 INFO     ---Article with title: Съдът постанови „задържане под стража“ за мъжа, намушкал двете си деца и майка си was not added because contains words from article title exclusion list: ['деца']
25-04-2026 10:39:39 INFO     	For media btvnovinite.bg (TV news) searching in page https://btvnovinite.bg/bulgaria/?page=135	The number of found articles is: 23
25-04-2026 10:39:39 INFO     Info: ('btvnovinite.bg', 'TV news')
Current page is 135
25-04-2026 10:39:40 INFO     	For media btvnovinite.bg (TV news) searching in page https://btvnovinite.bg/bulgaria/?page=136	The number of found articles is: 23
25-04-2026 10:39:40 INFO     Info: ('btvnovinite.bg', 'TV news')
Current page is 136
25-04-2026 10:39:41 INFO     +++ Records for the news with Продължава да има опасност за живота на жената, намушкана в столичния кв. „Подуяне“ with url https://btvnovinite.bg/bulgaria/prodalzhava-da-ima-opasnost-za-zhivota-na-zhenata-namushkana-v-stolichnija-kv-podujane.html and text Продължава да има опасност за живота на жената, намушкана при инцидент в кв. „Подуяне“, който стана в четвъртък. Това съобщиха от Университетската многопрофилна болница за активно лечение "Царица Йоанна - ИСУЛ", където пострадалата беше транспортирана. Жената е в стабилно състояние и в съзнание, но предвид големия обем на извършената ѝ операция и голямата кръвозагуба, продължава да има опасност за нейния живот. Лекарите са притеснени за психическото ѝ състояние, породено от преживяната психическа травма.  В същия инцидент пострада тежко и 15-годишно момиче, което вчера беше прието за лечение в болница „Пирогов". По-рано днес от лечебното заведение съобщиха, че състоянието на пострадалото момиче е стабилизирано, но остава тежко. Мъж намушка вчера трима души, като един от тях – 21-годишен младеж, почина. За срок до 24 часа е задържан 45-годишен мъж. По-късно през деня Софийската градска прокуратура обвини мъжа за това, че е убил сина си и е направил опит да убие дъщеря си и майка си. Последвайте ни за още актуални новини в Google News Showcase Последвайте btvnovinite.bg във VIBER Последвайте btvnovinite.bg в INSTAGRAM Последвайте btvnovinite.bg във FACEBOOK Последвайте btvnovinite.bg в TIKTOK from source: btvnovinite.bg was successfully added to the BaseWebsite._data_dict
25-04-2026 10:39:41 INFO     	For media btvnovinite.bg (TV news) searching in page https://btvnovinite.bg/bulgaria/?page=137	The number of found articles is: 24
25-04-2026 10:39:41 INFO     Info: ('btvnovinite.bg', 'TV news')
Current page is 137
25-04-2026 10:39:42 INFO     ---Article with title: Прокуратурата повдигна обвинения на мъжа, намушкал двете си деца и майка си в София was not added because contains words from article title exclusion list: ['деца']
25-04-2026 10:39:42 INFO     ---Article with title: Мъж намушка майка си и двете си деца: Какво е състоянието на раненото 15 г. момиче? was not added because contains words from article title exclusion list: ['деца']
25-04-2026 10:39:42 INFO     	For media btvnovinite.bg (TV news) searching in page https://btvnovinite.bg/bulgaria/?page=138	The number of found articles is: 24
25-04-2026 10:39:42 INFO     Info: ('btvnovinite.bg', 'TV news')
Current page is 138
25-04-2026 10:39:43 INFO     +++ Records for the news with Открито е тялото на издирвана 78-годишна жена от Пазарджик with url https://btvnovinite.bg/bulgaria/otkrito-e-tjaloto-na-izdirvana-78-godishna-zhena-ot-pazardzhik.html and text Открито е тялото на издирвана 78-годишна жена от Пазарджик, съобщиха от областната дирекция на полицията. Жената е била обявена за общодържавно издирване преди няколко дни по молба на близките ѝ. Вчера тялото на Стефка Гигова е било открито в село Синитово, в близост до коритото на река Марица, от служители на сектор "Криминална полиция" към Районното полицейско управление в Пазарджик.  При първоначалния оглед не са открити следи от насилие върху тялото, обясниха от полицията и добавиха, че предстоящите експертизи ще дадат по точна информация за причината за смъртта на жената. Последвайте ни за още актуални новини в Google News Showcase Последвайте btvnovinite.bg във VIBER Последвайте btvnovinite.bg в INSTAGRAM Последвайте btvnovinite.bg във FACEBOOK Последвайте btvnovinite.bg в TIKTOK from source: btvnovinite.bg was successfully added to the BaseWebsite._data_dict
25-04-2026 10:39:43 INFO     	For media btvnovinite.bg (TV news) searching in page https://btvnovinite.bg/bulgaria/?page=139	The number of found articles is: 25
25-04-2026 10:39:43 INFO     Info: ('btvnovinite.bg', 'TV news')
Current page is 139
25-04-2026 10:39:43 INFO     	For media btvnovinite.bg (TV news) searching in page https://btvnovinite.bg/bulgaria/?page=140	The number of found articles is: 25
25-04-2026 10:39:43 INFO     Info: ('btvnovinite.bg', 'TV news')
Current page is 140
25-04-2026 10:39:43 INFO     	For media btvnovinite.bg (TV news) searching in page https://btvnovinite.bg/bulgaria/?page=141	The number of found articles is: 25
25-04-2026 10:39:43 INFO     Info: ('btvnovinite.bg', 'TV news')
Current page is 141
25-04-2026 10:39:44 INFO     ---Article with title: Майка обвинява бащата на 5-годишното си дете в блудство was not added because contains words from article title exclusion list: ['дете']
25-04-2026 10:39:44 INFO     	For media btvnovinite.bg (TV news) searching in page https://btvnovinite.bg/bulgaria/?page=142	The number of found articles is: 25
25-04-2026 10:39:44 INFO     Info: ('btvnovinite.bg', 'TV news')
Current page is 142
25-04-2026 10:39:44 INFO     ---Article with title: Възрастна жена загина при пожар в дома си заради печка на твърдо гориво was not added because contains words from article title exclusion list: ['пожар']
25-04-2026 10:39:45 INFO     +++ Records for the news with Установено е момичето, което е пребивавало няколко дни с Ивайло Калушев и другите жертви with url https://btvnovinite.bg/bulgaria/sluchajat-petrohan-trjabva-da-stane-jasno-i-koga-e-nastapila-smartta-na-trimata-kraj-okolchica.html and text Продължава разследването на убийствата на шестимата души, част от т.нар. Национална агенция за контрол на защитените територии. Полицията и прокуратурата излязоха с детайли от разследването вчера, които обаче все още оставят неотговорени въпроси. Основните версии на разследващите за трагедиите и на Петрохан, и край Околчица са за убийство и последвало самоубийство или самоубийство. До момента е известно, че смъртта и на шестимата е настъпила след огнестрелни рани в главата. Публично бяха показани кадри и записи от хижа "Петрохан", на които се виждат мъжете в деня преди да бъдат открити мъртви.Очакват се резултати от още експертизи. Тепърва трябва да стане ясно и кога е настъпила смъртта на двамата мъже и тинейджъра, открити в кемпер край връх Околчица. Разпитани са свидетели, сред които близки и роднини на жертвите, като следствието продължава. Тази сутин по северния склон на прохода има много гъста мъгла, участъци с много ниска видимост, също така и заледяване на пътя. Много е студено тук, почти минус 10 градуса. Вчера вдигането на на мъглата в най-високата част на прохода позволи на екип на bTV да видим хижита от високо с дрон. Така стана безспорно ясно, че там е имало пожар. Реално това е едно от малкото безспорни неща, както и че пътят към хижита продължава да се охранява от патрулен автомобил. Относно свидетеля, който е подал сигнала за това, което се е случило на хижита, трябва да се спомене, че хората в района не са много. На първи февруари, когато са се развили събитията, беше много студено - едва ли това е бил турист. Много, много, много въпроси има, но не може да се отговори в момента на всички, защото разследването продължава. На 1 февруари, 10 часа и 8 минути. На камерите се виждат как шестимата се събират пред бившата хижа "Петрохан". След това Ивайло Калушев, 15-годишният Александър и 22- годишният Николай си тръгват с кемпера. Установен е маршрутът им. Минават през села, след това през Враца, следва село Челопек. Останалите трима остават в бившата хижа. Следващото видео, което показаха разследващите, е от 16 часа. Мъжете, открити впоследствие мъртви пред хижата, отново са отпред. Чува се и разговор. Пожарът възниква вечерта. От умишлено запалване на материали в хижата, като допълнително горивото натоварване е усилено с пелети за огрев. Които са напоени с лесно запалими течности и струпването на хартия и книги, посочиха разследващите. До телата на Дечо, Пламен и Ивайло са открити 4 гилзи. 2 пистолета и 1 пушка. "Върху оръжията има само ДНК на починалите лица", посочи старши комисар Кремена Илиева. 15-годишното момче и 22-годишният са с наранявания в областта на главата. 15-годишното момче е било със сплетени пръсти на ръцете. Следи от борба няма, казват разследващите. Трима от шестимата са имали разрешения за оръжия, стана ясно още на брифинга. Продължава изготвянето и на 17 експертизи. На брифинга разследващите потвърдиха и достоверността на Последното съобщение на Калушев към майка му, което bTV първи показахме. В него той пише, че се опитват да помогнат на момиче. "Има такова установено е момичето, което е пребивавало няколко дни с тях", коментираха още раззследващите. Според тях едно от лицата е споделяло че има нестабилност в сдружението - отношението на спонсорите и други, те не виждали смисъл за продължаване на техния път. Роднина споделя, че още тогава това лице е споделяло, че смъртта е изход. Последвайте ни за още актуални новини в Google News Showcase Последвайте btvnovinite.bg във VIBER Последвайте btvnovinite.bg в INSTAGRAM Последвайте btvnovinite.bg във FACEBOOK Последвайте btvnovinite.bg в TIKTOK from source: btvnovinite.bg was successfully added to the BaseWebsite._data_dict
25-04-2026 10:39:45 INFO     	For media btvnovinite.bg (TV news) searching in page https://btvnovinite.bg/bulgaria/?page=143	The number of found articles is: 26
25-04-2026 10:39:45 INFO     Info: ('btvnovinite.bg', 'TV news')
Current page is 143
25-04-2026 10:39:45 INFO     ---Article with title: За пети път парите в портмонето на 97-годишната баба Севдалина се сменят was not added because contains words from article title exclusion list: ['пари']
25-04-2026 10:39:46 INFO     ---News article: <<< Намериха мъртва изчезнала и обявена за издирване преди седмица жена край Баня >>> was not included in the data because none of BaseWebsite._second_level keywords were found in the article text Article url: https://btvnovinite.bg/bulgaria/nameriha-martva-izcheznala-predi.html
25-04-2026 10:39:46 INFO     ---News article: <<< Българска студентка за втори път за една година публикува свой труд в едно от най-престижните издания за млади учени >>> was not included in the data because none of BaseWebsite._second_level keywords were found in the article text Article url: https://btvnovinite.bg/bulgaria/talantlivata-studentka-stefani-najdenova-s-poredna-publikacija-v-naj-prestizhnoto-izdanie-za-mladi-ucheni-nhsjs.html
25-04-2026 10:39:46 INFO     	For media btvnovinite.bg (TV news) searching in page https://btvnovinite.bg/bulgaria/?page=144	The number of found articles is: 26
25-04-2026 10:39:46 INFO     Info: ('btvnovinite.bg', 'TV news')
Current page is 144
25-04-2026 10:39:47 INFO     ---News article: <<< Българска студентка за втори път за една година публикува свой труд в едно от най-престижните издания за млади учени >>> was not included in the data because none of BaseWebsite._second_level keywords were found in the article text Article url: https://btvnovinite.bg/bulgaria/talantlivata-studentka-stefani-najdenova-s-poredna-publikacija-v-naj-prestizhnoto-izdanie-za-mladi-ucheni-nhsjs.html
25-04-2026 10:39:47 INFO     	For media btvnovinite.bg (TV news) searching in page https://btvnovinite.bg/bulgaria/?page=145	The number of found articles is: 26
25-04-2026 10:39:47 INFO     Info: ('btvnovinite.bg', 'TV news')
Current page is 145
25-04-2026 10:39:47 INFO     	For media btvnovinite.bg (TV news) searching in page https://btvnovinite.bg/bulgaria/?page=146	The number of found articles is: 26
25-04-2026 10:39:47 INFO     Info: ('btvnovinite.bg', 'TV news')
Current page is 146
25-04-2026 10:39:48 INFO     +++ Records for the news with Бабата на загиналата Сияна: Не струва животът на доктора 8000 лева! with url https://btvnovinite.bg/bulgaria/babata-na-zaginalata-sijana-ne-struva-zhivotat-na-doktora-8000-leva.html and text Шофьорът, причинил катастрофата на смъртоносната отсечка край Телиш, при която загина бившият кмет на Червен бряг, остава на свобода срещу гаранция от 8000 евро. Това постанови Апелативният съд във Велико Търново и не уважи искането на прокуратурата за постоянен арест. По-рано днес във Велико Търново и в Сандански се проведоха два протеста - "за" и "против" ареста на Димитър Димитров. Преди заседанието на магистратите близки, приятели и граждани се събраха с искане за най- тежката мярка за шофьора, обвинен за смъртта на д-р Цветан Костадинов. "Не може когато човек бъде убит и да няма ефективни присъди , да има такива смешни гаранции, защото убиецът е убиец", коментира Миглена Цанова, сдружение „Контракорупция“. "Не струва животът на доктора 8000 лева, и искаме справедливи присъди за убийците", каза бабата на загиналата Сияна - Стоянка Ламбева. Протест в подкрепа на Димитров пък се проведе и в родния му Сандански. "Очаквам справедлив съд, това е", заяви неговият баща Илия Димитров. След петчасово заседание съдът потвърди мярката на първата инстанция - гаранция срещу 8000 евро. Магистратите посочиха, че той е с чисто съдебно досие, с постоянна работа и че тежестта на обвинението - смърт по непредпазливост, не може да е причина за най- тежката мярка. Наказанието, по което е обвинен Димитров, предвижда от 5 до 8 години затвор. Последвайте ни за още актуални новини в Google News Showcase Последвайте btvnovinite.bg във VIBER Последвайте btvnovinite.bg в INSTAGRAM Последвайте btvnovinite.bg във FACEBOOK Последвайте btvnovinite.bg в TIKTOK   from source: btvnovinite.bg was successfully added to the BaseWebsite._data_dict
25-04-2026 10:39:48 INFO     	For media btvnovinite.bg (TV news) searching in page https://btvnovinite.bg/bulgaria/?page=147	The number of found articles is: 27
25-04-2026 10:39:48 INFO     Info: ('btvnovinite.bg', 'TV news')
Current page is 147
25-04-2026 10:39:50 INFO     ---News article: <<< “Потресени сме. На баба, плащала 9 лева ток, ѝ сервират в момента 40 евро“ >>> was not included in the data because none of BaseWebsite._second_level keywords were found in the article text Article url: https://btvnovinite.bg/bulgaria/potreseni-sme-na-baba-plashtala-9-leva-tok-servirat-v-momenta-40-evro.html
25-04-2026 10:39:50 INFO     +++ Records for the news with 15 години затвор за баща, пребил и изнасилил 20-годишната си дъщеря with url https://btvnovinite.bg/bulgaria/15-godini-zatvor-za-bashta-prebil-i-iznasilil-20-godishnata-si-dashterja.html and text Районният съд в Пловдив наложи максимално наказание от 15 години лишаване от свобода при първоначален строг режим на мъж, изнасилил и заплашвал с убийство 20-годишната си дъщеря. Това съобщиха от Районната прокуратура. Осъденият е баща на пострадалата жена. Той не живеел с дъщеря си, а имал друго семейство. На 10 април 2024 г., вечерта, я поканил да се разходят край брега на река Марица в град Пловдив. Там използвал сила – нанесъл ѝ удари по тялото, след което я изнасилил. След това заплашил пострадалата да не съобщава за случилото се, защото ще я убие. Присъдата на Районен съд-Пловдив подлежи на обжалване пред Окръжен съд-Пловдив. Всички новини от архива на btvnovinite.bg Последвайте ни за още актуални новини в Google News Showcase Последвайте btvnovinite.bg във VIBER Последвайте btvnovinite.bg в INSTAGRAM Последвайте btvnovinite.bg във FACEBOOK Последвайте btvnovinite.bg в TIKTOK from source: btvnovinite.bg was successfully added to the BaseWebsite._data_dict
25-04-2026 10:39:50 INFO     	For media btvnovinite.bg (TV news) searching in page https://btvnovinite.bg/bulgaria/?page=148	The number of found articles is: 28
25-04-2026 10:39:50 INFO     Info: ('btvnovinite.bg', 'TV news')
Current page is 148
25-04-2026 10:39:51 INFO     	For media btvnovinite.bg (TV news) searching in page https://btvnovinite.bg/bulgaria/?page=149	The number of found articles is: 28
25-04-2026 10:39:51 INFO     Info: ('btvnovinite.bg', 'TV news')
Current page is 149
25-04-2026 10:39:51 INFO     	For media btvnovinite.bg (TV news) searching in page https://btvnovinite.bg/bulgaria/?page=150	The number of found articles is: 28
25-04-2026 10:39:51 INFO     Info: ('btvnovinite.bg', 'TV news')
Current page is 150
25-04-2026 10:39:51 INFO     ---Article with title: По позната схема да съдейства на полицията: Възрастна жена е измамена с пари в лева и евро was not added because contains words from article title exclusion list: ['пари']
25-04-2026 10:39:51 INFO     	For media btvnovinite.bg (TV news) searching in page https://btvnovinite.bg/bulgaria/?page=151	The number of found articles is: 28
25-04-2026 10:39:51 INFO     Info: ('btvnovinite.bg', 'TV news')
Current page is 151
25-04-2026 10:39:52 INFO     	For media btvnovinite.bg (TV news) searching in page https://btvnovinite.bg/bulgaria/?page=152	The number of found articles is: 28
25-04-2026 10:39:52 INFO     Info: ('btvnovinite.bg', 'TV news')
Current page is 152
25-04-2026 10:39:52 INFO     ---News article: <<< Илияна Йотова - първата жена президент на България. За 9 години доказа, че винаги е зад гърба на Радев >>> was not included in the data because none of BaseWebsite._second_level keywords were found in the article text Article url: https://btvnovinite.bg/bulgaria/ilijana-jotova-parvata-zhena-prezident-na-balgarija-za-9-godini-dokaza-che-vinagi-e-zad-garba-na-radev.html
25-04-2026 10:39:52 INFO     	For media btvnovinite.bg (TV news) searching in page https://btvnovinite.bg/bulgaria/?page=153	The number of found articles is: 28
25-04-2026 10:39:52 INFO     Info: ('btvnovinite.bg', 'TV news')
Current page is 153
25-04-2026 10:39:53 INFO     ---News article: <<< Пред bTV: Говорят пострадали жени от изтеклите видеа от два салона за красота в Бургас >>> was not included in the data because none of BaseWebsite._second_level keywords were found in the article text Article url: https://btvnovinite.bg/bulgaria/pred-btv-govorjat-postradali-zheni-ot-izteklite-ot-dva-salona-za-krasota-v-burgas.html
25-04-2026 10:39:54 INFO     ---Article with title: Задържаха мъж и жена, изтезавали животни и продавали кадри с насилие was not added because contains words from article title exclusion list: ['мъж и жена']
25-04-2026 10:39:54 INFO     	For media btvnovinite.bg (TV news) searching in page https://btvnovinite.bg/bulgaria/?page=154	The number of found articles is: 28
25-04-2026 10:39:54 INFO     Info: ('btvnovinite.bg', 'TV news')
Current page is 154
25-04-2026 10:39:54 INFO     	For media btvnovinite.bg (TV news) searching in page https://btvnovinite.bg/bulgaria/?page=155	The number of found articles is: 28
25-04-2026 10:39:54 INFO     Info: ('btvnovinite.bg', 'TV news')
Current page is 155
25-04-2026 10:39:54 INFO     ---Article with title: Майка с дете се разпозна в порно сайтове след посещение на козметичен салон в Бургас was not added because contains words from article title exclusion list: ['дете']
25-04-2026 10:39:54 INFO     	For media btvnovinite.bg (TV news) searching in page https://btvnovinite.bg/bulgaria/?page=156	The number of found articles is: 28
25-04-2026 10:39:54 INFO     Info: ('btvnovinite.bg', 'TV news')
Current page is 156
25-04-2026 10:39:55 INFO     ---News article: <<< Сред заснетите от тайни камери в салони за красота: Бременна жена, непълнолетни, обществени личности >>> was not included in the data because none of BaseWebsite._second_level keywords were found in the article text Article url: https://btvnovinite.bg/bulgaria/podadeni-sa-desetki-signala-za-postradali-ot.html
25-04-2026 10:39:55 INFO     	For media btvnovinite.bg (TV news) searching in page https://btvnovinite.bg/bulgaria/?page=157	The number of found articles is: 28
25-04-2026 10:39:55 INFO     Info: ('btvnovinite.bg', 'TV news')
Current page is 157
25-04-2026 10:39:56 INFO     	For media btvnovinite.bg (TV news) searching in page https://btvnovinite.bg/bulgaria/?page=158	The number of found articles is: 28
25-04-2026 10:39:56 INFO     Info: ('btvnovinite.bg', 'TV news')
Current page is 158
25-04-2026 10:39:56 INFO     	For media btvnovinite.bg (TV news) searching in page https://btvnovinite.bg/bulgaria/?page=159	The number of found articles is: 28
25-04-2026 10:39:56 INFO     Info: ('btvnovinite.bg', 'TV news')
Current page is 159
25-04-2026 10:39:57 INFO     ---Article with title: Майка и син с увреждания останаха без покрив след пожар и се нуждаят от помощ was not added because contains words from article title exclusion list: ['пожар']
25-04-2026 10:39:57 INFO     ---Article with title: Трагедията в София: Загиналата жена е майка на две от пострадалите деца, те са с опасност за живота was not added because contains words from article title exclusion list: ['деца']
25-04-2026 10:39:57 INFO     	For media btvnovinite.bg (TV news) searching in page https://btvnovinite.bg/bulgaria/?page=160	The number of found articles is: 28
25-04-2026 10:39:57 INFO     Info: ('btvnovinite.bg', 'TV news')
Current page is 160
25-04-2026 10:39:57 INFO     	For media btvnovinite.bg (TV news) searching in page https://btvnovinite.bg/bulgaria/?page=161	The number of found articles is: 28
25-04-2026 10:39:57 INFO     Info: ('btvnovinite.bg', 'TV news')
Current page is 161
25-04-2026 10:39:58 INFO     ---Article with title: Мъж и жена са задържани за разпространение на фентанил was not added because contains words from article title exclusion list: ['мъж и жена']
25-04-2026 10:39:59 INFO     +++ Records for the news with Множество удари с тъп предмет: Доживотен затвор за мъж, убил майка си по особено жесток начин with url https://btvnovinite.bg/bulgaria/mnozhestvo-udari-s-tap-predmet-dozhivoten-zatvor-za-mazh-ubil-majka-si-po-osobeno-zhestok-nachin.html and text Доживотен затвор получи 40-годишен мъж за убийството на майка си, което е извършено с особена жестокост, по особено мъчителен за жертвата начин и в условията на домашно насилие, съобщава Софийският градски съд (СГС). Убийството е извършено на 4 януари 2024 г. в жилище в София. Чрез нанасяне на множество удари с твърд тъп предмет в областта на главата и тялото 76-годишната жена е получила черепно-мозъчна травма. На 30 март е починала в болница. Причината за смъртта са развилите се въпреки лечението усложнения, вследствие на получените от побоя увреждания. Деянието е извършено по особено мъчителен за убитата начин – тя е осъзнавала всичко, което се е случвало по време на нанасяне на ударите и е изпитвала значителни болки и страдания от получените травми, посочват магистратите. Подсъдимият бил безработен, а неговата майка била пенсионер. Двамата прекарвали продължително време в дома на жертвата, като скандалите и упражняването на домашно насилие от мъжа спрямо майка му зачестявали, а отношенията им трайно се влошавали. Пострадалата се надявала, че синът ѝ ще си намери работа, конфликтите и противоречията между тях ще се изгладят, а той ще преустанови упражняването на физическо насилие спрямо нея, посочват още от съда. Жената не уведомявала органите на МВР и не подавала жалби за случаите на домашно насилие въпреки физическата агресия на сина си. Наказанието доживотен затвор ще бъде изтърпяно при първоначален специален режим. Присъдата не е окончателна и може да бъде обжалвана. Последвайте ни за още актуални новини в Google News Showcase Последвайте btvnovinite.bg във VIBER Последвайте btvnovinite.bg в INSTAGRAM Последвайте btvnovinite.bg във FACEBOOK Последвайте btvnovinite.bg в TIKTOK from source: btvnovinite.bg was successfully added to the BaseWebsite._data_dict
25-04-2026 10:39:59 INFO     	For media btvnovinite.bg (TV news) searching in page https://btvnovinite.bg/bulgaria/?page=162	The number of found articles is: 29
25-04-2026 10:39:59 INFO     Info: ('btvnovinite.bg', 'TV news')
Current page is 162
25-04-2026 10:39:59 INFO     ---Article with title: С 1,87 промила зад волана: Oсъдиха 51-годишна жена, шофирала пияна в Стара Загора was not added because contains words from article title exclusion list: ['волан', 'шофир']
25-04-2026 10:39:59 INFO     	For media btvnovinite.bg (TV news) searching in page https://btvnovinite.bg/bulgaria/?page=163	The number of found articles is: 29
25-04-2026 10:39:59 INFO     Info: ('btvnovinite.bg', 'TV news')
Current page is 163
25-04-2026 10:40:01 INFO     ---News article: <<< Задържаха две жени за кражба на близо 18 000 лв. от мъж в търговски център в София >>> was not included in the data because none of BaseWebsite._second_level keywords were found in the article text Article url: https://btvnovinite.bg/bulgaria/zadarzhaha-dve-zheni-za-krazhba-na-blizo-18-000-lv-ot-mazh-v-targovski-centar-v-sofija.html
25-04-2026 10:40:01 INFO     	For media btvnovinite.bg (TV news) searching in page https://btvnovinite.bg/bulgaria/?page=164	The number of found articles is: 29
25-04-2026 10:40:01 INFO     Info: ('btvnovinite.bg', 'TV news')
Current page is 164
25-04-2026 10:40:02 INFO     ---News article: <<< „Тази технология комшийката ми я даде“: Жена ходи по терлици по заледените улици в Русе >>> was not included in the data because none of BaseWebsite._second_level keywords were found in the article text Article url: https://btvnovinite.bg/bulgaria/tazi-tehnologija-komshijkata-mi-ja-dade-zhena-hodi-po-terlici-po-zaledenite-ulici-v-ruse.html
25-04-2026 10:40:02 INFO     	For media btvnovinite.bg (TV news) searching in page https://btvnovinite.bg/bulgaria/?page=165	The number of found articles is: 29
25-04-2026 10:40:02 INFO     Info: ('btvnovinite.bg', 'TV news')
Current page is 165
25-04-2026 10:40:03 INFO     +++ Records for the news with Близките на убита жена в столичния кв. „Младост“ искат обезщетение от ЦИК with url https://btvnovinite.bg/bulgaria/blizkite-na-ubita-zhena-v-stolichnija-kv-mladost-iskat-obezshtetenie-ot-cik.html and text Близките на жена – член на секционна избирателна комисия, която беше убита след приключване на изборния ден на 27 октомври 2024 г. в столичния квартал „Младост“, са поискали парично обезщетение от Централната избирателна комисия (ЦИК). Това обяви по време на заседание на комисията председателят на ЦИК Камелия Нейкова, цитирана от БТА. Нейкова съобщи, че в комисията е постъпила преписка, препратена по компетентност от Столична община – район „Младост“, по заявление за изплащане на обезщетение за трудова злополука, подадено от наследниците чрез адвокат-пълномощник. По случая Националният осигурителен институт (НОИ) е издал разпореждане, с което инцидентът е приет за трудова злополука. Към преписката са приложени и становища на НОИ, както и решения на административни съдилища по сходни казуси. Според чл. 55, ал. 2 от Кодекса за социално осигуряване трудова злополука е, когато е станала по време на обичайния път при отиване или при връщане от работното място до основното място на живеене или до друго допълнително място на живеене с постоянен характер. Председателят на ЦИК каза, че членовете на секционните избирателни комисии получават възнагражденията си чрез общините, които подават и осигурителната информация за тях за сметка на държавния бюджет. Според установената практика от значение е кой изплаща възнагражденията и подава данните към Националния осигурителен институт, а не органът, който назначава съставите на комисиите. Тялото на Стоименка Дякова бе открито на 28 октомври 2024 г. със следи от насилие. Тя се е прибирала с организиран транспорт след предаване на протоколите от от секционна избирателна комисия (СИК). Пожелала е да бъде оставена на спирка наблизо до блока, в който живее. В разстоянието между спирката и входа е нападната. За убийството беше задържан и обвинен 43-годишният Михаил Ценков. Той е осъждан многократно, като първите присъди датират от 2000 г. Първоначално е за кражба, след това за грабежи и изнасилване. През 2005 г. извършва убийство, за което пред 2009 г. влиза в затвора с присъда от 19 години. Излязъл е на 2 септември 2024 г. и е живял при негови близки. Пред полицията обвиняемият е заявил, че е извършил убийството, за да бъде заловен, защото искал отново да влезе в затвора. Последвайте ни за още актуални новини в Google News Showcase Последвайте btvnovinite.bg във VIBER Последвайте btvnovinite.bg в INSTAGRAM Последвайте btvnovinite.bg във FACEBOOK Последвайте btvnovinite.bg в TIKTOK from source: btvnovinite.bg was successfully added to the BaseWebsite._data_dict
25-04-2026 10:40:04 INFO     	For media btvnovinite.bg (TV news) searching in page https://btvnovinite.bg/bulgaria/?page=166	The number of found articles is: 30
25-04-2026 10:40:04 INFO     Info: ('btvnovinite.bg', 'TV news')
Current page is 166
25-04-2026 10:40:04 INFO     ---Article with title: Банкомат „глътна“ парите на жена. След намесата на bTV, банката ѝ ги възстанови was not added because contains words from article title exclusion list: ['пари']
25-04-2026 10:40:04 INFO     	For media btvnovinite.bg (TV news) searching in page https://btvnovinite.bg/bulgaria/?page=167	The number of found articles is: 30
25-04-2026 10:40:04 INFO     Info: ('btvnovinite.bg', 'TV news')
Current page is 167
25-04-2026 10:40:06 INFO     +++ Records for the news with Осъдиха на 19 години затвор мъж, удушил 16-годишно момиче в Луковит with url https://btvnovinite.bg/bulgaria/osadiha-na-19-godini-zatvor-mazh-udushil-16-godishno-momiche-v-lukovit.html and text Петчленен състав на Окръжен съд – Ловеч призна за виновен А. Р., подсъдим за убийство, извършено по особено мъчителен начин за жертвата и с особена жестокост. Случаят е от края на 2021 г., когато в изоставена постройка в град Луковит е открито тялото на 16-годишно момиче. Установено е, че то е било удушено. Обвинение за убийството е повдигнато на 25-годишен мъж (към момента на престъплението) от същия град. След като съобрази събраните и представени по делото писмени и устни доказателства и въз основа на закона, разширеният състав на Окръжен съд – Ловеч призна подсъдимия за виновен и го осъди на 19 години лишаване от свобода. Наказанието следва да се изтърпи при условията на строг режим, като от него ще бъде приспаднато времето на задържане на А.Р. Мъжът е подсъдим за това престъпление за втори път, след като преди малко повече от година беше осъден за него, но присъдата не влезе в сила, тъй като съдия-докладчикът по делото почина, преди да бъдат изготвени мотивите към нея. Това наложи цялото наказателно производство да се проведе наново от друг състав на ОС – Ловеч, за да се спази принципът за неизменност на съдебния състав, съгласно чл. 258 НПК. Присъдата подлежи на жалба и протест пред АС - Велико Търново в 15-дневен срок от днес. Последвайте ни за още актуални новини в Google News Showcase Последвайте btvnovinite.bg във VIBER Последвайте btvnovinite.bg в INSTAGRAM Последвайте btvnovinite.bg във FACEBOOK Последвайте btvnovinite.bg в TIKTOK from source: btvnovinite.bg was successfully added to the BaseWebsite._data_dict
25-04-2026 10:40:06 INFO     	For media btvnovinite.bg (TV news) searching in page https://btvnovinite.bg/bulgaria/?page=168	The number of found articles is: 31
25-04-2026 10:40:06 INFO     Info: ('btvnovinite.bg', 'TV news')
Current page is 168
25-04-2026 10:40:06 INFO     	For media btvnovinite.bg (TV news) searching in page https://btvnovinite.bg/bulgaria/?page=169	The number of found articles is: 31
25-04-2026 10:40:06 INFO     Info: ('btvnovinite.bg', 'TV news')
Current page is 169
25-04-2026 10:40:07 INFO     ---Article with title: 37-годишен два пъти ограбва възрастна жена, проиграва парите ѝ в казино was not added because contains words from article title exclusion list: ['пари']
25-04-2026 10:40:08 INFO     +++ Records for the news with Задържаха мъжа, убил майка си във Варна: Настаняват го в психиатрично заведение with url https://btvnovinite.bg/bulgaria/zadarzhaha-mazha-ubil-majka-si-vav-varna-nastanjavat-go-v-psihiatrichno-zavedenie.html and text Варненският окръжен съд задържа под стража 42-годишен мъж, обвинен, че е убил по особено мъчителен начин своята майка, съобщиха от пресслужбата на съда. Обвиняемият ще бъде настанен принудително в психиатрично заведение, където да бъде извършена оценка на състоянието му. Убийството е извършено на 24 януари 2026 година в къщата, в която живеели майката и синът. По предварителни данни смъртта на жената е настъпила от нанесените и́ удари с нож. Според съда са събрани достатъчно доказателства, от които обосновано да се направи предположение за съпричастността на мъжа към извършеното престъпление. Освен това има реална опасност той да извърши друго престъпление или да се укрие. Тъй като има данни, че обвиняемият страда от параноидна шизофрения, той ще бъде настанен принудително в психиатричното отделение на болницата към затвора в Ловеч. Очаква се до 30 дни да бъде изяснено той разбирал ли е какво извършва и можел ли е да ръководи постъпките си. Изследването ще покаже дали е възможно срещу него да се води наказателен процес, предаде БТА. Определението на Окръжния съд подлежи на обжалване. Последвайте ни за още актуални новини в Google News Showcase Последвайте btvnovinite.bg във VIBER Последвайте btvnovinite.bg в INSTAGRAM Последвайте btvnovinite.bg във FACEBOOK Последвайте btvnovinite.bg в TIKTOK from source: btvnovinite.bg was successfully added to the BaseWebsite._data_dict
25-04-2026 10:40:08 INFO     	For media btvnovinite.bg (TV news) searching in page https://btvnovinite.bg/bulgaria/?page=170	The number of found articles is: 32
25-04-2026 10:40:08 INFO     Info: ('btvnovinite.bg', 'TV news')
Current page is 170
25-04-2026 10:40:08 INFO     	For media btvnovinite.bg (TV news) searching in page https://btvnovinite.bg/bulgaria/?page=171	The number of found articles is: 32
25-04-2026 10:40:08 INFO     Info: ('btvnovinite.bg', 'TV news')
Current page is 171
25-04-2026 10:40:09 INFO     ---News article: <<< Мъж подпали апартамент в Хасково, защото жена му го продала и не му дала нищо >>> was not included in the data because none of BaseWebsite._second_level keywords were found in the article text Article url: https://btvnovinite.bg/bulgaria/mazh-podpali-apartament-v-haskovo-zashtoto-zhena-mu-go-prodala-i-ne-mu-dala-nishto.html
25-04-2026 10:40:09 INFO     	For media btvnovinite.bg (TV news) searching in page https://btvnovinite.bg/bulgaria/?page=172	The number of found articles is: 32
25-04-2026 10:40:09 INFO     Info: ('btvnovinite.bg', 'TV news')
Current page is 172
25-04-2026 10:40:10 INFO     ---Article with title: Майка и син с увреждания останаха без покрив след пожар и се нуждаят от помощ was not added because contains words from article title exclusion list: ['пожар']
25-04-2026 10:40:10 INFO     	For media btvnovinite.bg (TV news) searching in page https://btvnovinite.bg/bulgaria/?page=173	The number of found articles is: 32
25-04-2026 10:40:10 INFO     Info: ('btvnovinite.bg', 'TV news')
Current page is 173
25-04-2026 10:40:10 INFO     ---Article with title: Трагедията в София: Загиналата жена е майка на две от пострадалите деца, те са с опасност за живота was not added because contains words from article title exclusion list: ['деца']
25-04-2026 10:40:10 INFO     ---Article with title: Пожар в София: Жена загина, а няколко души, сред които и деца, пострадаха (СНИМКИ) was not added because contains words from article title exclusion list: ['пожар', 'деца']
25-04-2026 10:40:10 INFO     	For media btvnovinite.bg (TV news) searching in page https://btvnovinite.bg/bulgaria/?page=174	The number of found articles is: 32
25-04-2026 10:40:10 INFO     Info: ('btvnovinite.bg', 'TV news')
Current page is 174
25-04-2026 10:40:11 INFO     ---News article: <<< Истории от последния чин за първата жена президент у нас – Илияна Йотова >>> was not included in the data because none of BaseWebsite._second_level keywords were found in the article text Article url: https://btvnovinite.bg/bulgaria/istorii-ot-poslednija-chin-za-parvata-zhena-prezident-u-nas-ilijana-jotova.html
25-04-2026 10:40:12 INFO     ---News article: <<< „Чух виковете за помощ“: Как случайни минувачи спасиха жена, паднала в Гребния канал в Пловдив >>> was not included in the data because none of BaseWebsite._second_level keywords were found in the article text Article url: https://btvnovinite.bg/bulgaria/chuh-vikovete-za-pomosht-kak-sluchajni-minuvachi-spasiha-zhena-padnala-v-grebnija-kanal-v-plovdiv.html
25-04-2026 10:40:12 INFO     	For media btvnovinite.bg (TV news) searching in page https://btvnovinite.bg/bulgaria/?page=175	The number of found articles is: 32
25-04-2026 10:40:12 INFO     Info: ('btvnovinite.bg', 'TV news')
Current page is 175
25-04-2026 10:40:12 INFO     ---Article with title: Млада жена падна в ледените води на Гребния канал в Пловдив. Трима мъже успяха да я извадят и спасят was not added because contains words from article title exclusion list: [' падна ']
25-04-2026 10:40:13 INFO     ---News article: <<< Илияна Йотова - първата жена президент на България. За 9 години доказа, че винаги е зад гърба на Радев >>> was not included in the data because none of BaseWebsite._second_level keywords were found in the article text Article url: https://btvnovinite.bg/bulgaria/ilijana-jotova-parvata-zhena-prezident-na-balgarija-za-9-godini-dokaza-che-vinagi-e-zad-garba-na-radev.html
25-04-2026 10:40:13 INFO     	For media btvnovinite.bg (TV news) searching in page https://btvnovinite.bg/bulgaria/?page=176	The number of found articles is: 32
25-04-2026 10:40:13 INFO     Info: ('btvnovinite.bg', 'TV news')
Current page is 176
25-04-2026 10:40:13 INFO     	For media btvnovinite.bg (TV news) searching in page https://btvnovinite.bg/bulgaria/?page=177	The number of found articles is: 32
25-04-2026 10:40:13 INFO     Info: ('btvnovinite.bg', 'TV news')
Current page is 177
25-04-2026 10:40:14 INFO     ---News article: <<< „Тази технология комшийката ми я даде“: Жена ходи по терлици по заледените улици в Русе >>> was not included in the data because none of BaseWebsite._second_level keywords were found in the article text Article url: https://btvnovinite.bg/bulgaria/tazi-tehnologija-komshijkata-mi-ja-dade-zhena-hodi-po-terlici-po-zaledenite-ulici-v-ruse.html
25-04-2026 10:40:14 INFO     	For media btvnovinite.bg (TV news) searching in page https://btvnovinite.bg/bulgaria/?page=178	The number of found articles is: 32
25-04-2026 10:40:14 INFO     Info: ('btvnovinite.bg', 'TV news')
Current page is 178
25-04-2026 10:40:14 INFO     ---Article with title: След удар: Кон се врязва в купето на кола, в която загива 18-годишно момиче, съдят виновните was not added because contains words from article title exclusion list: [' кола']
25-04-2026 10:40:14 INFO     	For media btvnovinite.bg (TV news) searching in page https://btvnovinite.bg/bulgaria/?page=179	The number of found articles is: 32
25-04-2026 10:40:14 INFO     Info: ('btvnovinite.bg', 'TV news')
Current page is 179
25-04-2026 10:40:15 INFO     ---News article: <<< „Проблемът не е жена президент, а че за нея са гласували единици“: Тагарев с остра критика към Йотова >>> was not included in the data because none of BaseWebsite._second_level keywords were found in the article text Article url: https://btvnovinite.bg/predavania/tazi-sutrin/problemat-ne-e-zhena-prezident-a-che-za-neja-sa-glasuvali-edinici-tagarev-s-ostra-kritika-za-scenarija-jotova.html
25-04-2026 10:40:15 INFO     	For media btvnovinite.bg (TV news) searching in page https://btvnovinite.bg/bulgaria/?page=180	The number of found articles is: 32
25-04-2026 10:40:15 INFO     Info: ('btvnovinite.bg', 'TV news')
Current page is 180
25-04-2026 10:40:16 INFO     	For media btvnovinite.bg (TV news) searching in page https://btvnovinite.bg/bulgaria/?page=181	The number of found articles is: 32
25-04-2026 10:40:16 INFO     Info: ('btvnovinite.bg', 'TV news')
Current page is 181
25-04-2026 10:40:17 INFO     ---News article: <<< „Проблемът не е жена президент, а че за нея са гласували единици“: Тагарев с остра критика към Йотова >>> was not included in the data because none of BaseWebsite._second_level keywords were found in the article text Article url: https://btvnovinite.bg/predavania/tazi-sutrin/problemat-ne-e-zhena-prezident-a-che-za-neja-sa-glasuvali-edinici-tagarev-s-ostra-kritika-za-scenarija-jotova.html
25-04-2026 10:40:17 INFO     	For media btvnovinite.bg (TV news) searching in page https://btvnovinite.bg/bulgaria/?page=182	The number of found articles is: 32
25-04-2026 10:40:17 INFO     Info: ('btvnovinite.bg', 'TV news')
Current page is 182
25-04-2026 10:40:18 INFO     +++ Records for the news with Мъжът, убил жена си с лопата в София, остава за постоянно в ареста with url https://btvnovinite.bg/bulgaria/mazhat-ubil-zhena-si-s-lopata-v-sofija-ostava-za-postojanno-v-aresta.html and text Апелативните магистрати в София отказаха да изменат мярката за неотклонение на Валентин Василев, обвинен в убийството на жена си - Петрана Петкова, чието тяло беше открито в трафопост в столичния квартал „Надежда 1“. На 8 януари състав на Апелативен съд - София потвърди определението на Софийския градски съд, с което е оставена без уважение жалбата на обвиняемия за изменение на мярката му за неотклонение от „задържане под стража“ в по-лека. Според съда приложените по делото доказателства са достатъчни, за да бъде направен обосновано предположение, че именно обвиняемият Валентин Василев умишлено е умъртвил жената, с която е живеел, по особено жесток начин и в условията на домашно насилие, предаде БГНЕС. Магистратите отчето риск от укриване, тъй като по делото има данни, че обвиняемият често сменя адресите, на които пребивава, без да се регистрира на тях. Съдът посочи, че е налице и риск от извършване на престъпление и оказване на влияние върху свидетели. Определението е окончателно и не подлежи на обжалване или протест. Последвайте ни за още актуални новини в Google News Showcase Последвайте btvnovinite.bg във VIBER Последвайте btvnovinite.bg в INSTAGRAM Последвайте btvnovinite.bg във FACEBOOK Последвайте btvnovinite.bg в TIKTOK from source: btvnovinite.bg was successfully added to the BaseWebsite._data_dict
25-04-2026 10:40:18 INFO     	For media btvnovinite.bg (TV news) searching in page https://btvnovinite.bg/bulgaria/?page=183	The number of found articles is: 33
25-04-2026 10:40:18 INFO     Info: ('btvnovinite.bg', 'TV news')
Current page is 183
25-04-2026 10:40:18 INFO     ---Article with title: „Ще убия и детето, и теб“: Задържаха мъж, заканил се с убийство на съпругата си was not added because contains words from article title exclusion list: ['дете']
25-04-2026 10:40:18 INFO     	For media btvnovinite.bg (TV news) searching in page https://btvnovinite.bg/bulgaria/?page=184	The number of found articles is: 33
25-04-2026 10:40:18 INFO     Info: ('btvnovinite.bg', 'TV news')
Current page is 184
25-04-2026 10:40:19 INFO     	For media btvnovinite.bg (TV news) searching in page https://btvnovinite.bg/bulgaria/?page=185	The number of found articles is: 33
25-04-2026 10:40:19 INFO     Info: ('btvnovinite.bg', 'TV news')
Current page is 185
25-04-2026 10:40:19 INFO     ---Article with title: След падане по заледена улица жена осъди община Смолян за 30 000 лева: Как да потърсим правата си? was not added because contains words from article title exclusion list: [' падан']
25-04-2026 10:40:19 INFO     	For media btvnovinite.bg (TV news) searching in page https://btvnovinite.bg/bulgaria/?page=186	The number of found articles is: 33
25-04-2026 10:40:19 INFO     Info: ('btvnovinite.bg', 'TV news')
Current page is 186
25-04-2026 10:40:20 INFO     	For media btvnovinite.bg (TV news) searching in page https://btvnovinite.bg/bulgaria/?page=187	The number of found articles is: 33
25-04-2026 10:40:20 INFO     Info: ('btvnovinite.bg', 'TV news')
Current page is 187
25-04-2026 10:40:20 INFO     	For media btvnovinite.bg (TV news) searching in page https://btvnovinite.bg/bulgaria/?page=188	The number of found articles is: 33
25-04-2026 10:40:20 INFO     Info: ('btvnovinite.bg', 'TV news')
Current page is 188
25-04-2026 10:40:20 INFO     	For media btvnovinite.bg (TV news) searching in page https://btvnovinite.bg/bulgaria/?page=189	The number of found articles is: 33
25-04-2026 10:40:20 INFO     Info: ('btvnovinite.bg', 'TV news')
Current page is 189
25-04-2026 10:40:20 INFO     ---Article with title: „От втория до петия етаж всичко беше в огън“: Свидетел с разказ за пожара, при който загинаха майка и дъщерите ѝ was not added because contains words from article title exclusion list: ['пожар', 'дете']
25-04-2026 10:40:20 INFO     ---Article with title: Майка и двете ѝ дъщери загинаха при пожар в столичния квартал „Свобода“ was not added because contains words from article title exclusion list: ['пожар']
25-04-2026 10:40:20 INFO     	For media btvnovinite.bg (TV news) searching in page https://btvnovinite.bg/bulgaria/?page=190	The number of found articles is: 33
25-04-2026 10:40:20 INFO     Info: ('btvnovinite.bg', 'TV news')
Current page is 190
25-04-2026 10:40:22 INFO     +++ Records for the news with Тайната дъщеря на Фреди Меркюри: Имал стая във всяка къща на семейството й, учил я на музика  (ВИДЕО, СНИМКИ) with url https://btvnovinite.bg/bulgaria/fredi-merkjuri-e-imal-staja-vav-vsjaka-kashta-na-semejstvoto-na-dashterja-si.html and text "Любящ, деен и много щастлив да бъде баща. Не е имал възможност да живеят заедно през цялото време, заради това, че е рок звезда, която обикаля целия свят. Имал е собствена стая във всяка къща на семейството й и заедно са прекарвали много време - жената, с която той е имал афера - майката на дъщеря му, нейният съпруг и техните деца." Това разказва журналистката Лесли-Ан Джоунс, авторка на биографията Love, Freddie в интервю на Петя Дикова за предаването COOLt.  На 15 януари 2026 г. английските медии предадоха за кончината на т. нар. "тайната" дъщеря - "Биби", както самият Фреди я е наричал. Тя е почина на 48-годишна възраст след дълга борба с рядка форма на рак на гръбначния стълб, съобщи семейството ѝ. Фреди поддържал близка връзка с нея до смъртта си през 1991 г. Според Лесли Джоунс Меркюри е станал баща през 1976 г. след връзка с омъжена жена, а историята е подкрепена с лични дневници, оставени на дъщеря му, малко преди смъртта му. Семейството обмисля публикуване на снимки, включително такива с Фреди Меркюри. Фреди е обичал да си играят заедно, да й чете, гледали са филми заедно. Учил я е на музика, заедно са свирили на пиано, пели са песни, ходили са заедно на опера. Имали са само 15 години заедно.  "Книгата никога нямаше да види бял свят, ако нямаше достатъчно задоволителни потвърждения за истинността на историята в нея. Нито една световна организация от този мащаб не би се наела да публикува части от книга, ако нямат възможност да потвърдя достоверността й", казва авторката Лесли Джоунс. "Той не говореше много за личния си живот. Затова и не знаехме много за детството му. Не знаехме за ужасните неща, които са му се случвали като дете, когато отива на училище с пансион в Индия. Историята, която се знае за Фреди е, че той саботира учението си, защото открива рокендрола. Вече знаем, че това не е истина - че е имало нещо много зловещо, което се е случило, но той никога не е говорил за тези неща. От момента на пристигането си в училище, другите момчета се гаврят с него, може би заради по-различния му вид. Приспивал се е с плач", разказва авторката на биографията и пред bTV споделя една от най-жестоките тайни за великия изпълнител, а именно, че е изнасилван от един от преподавателите му.  "Сексуалните посегателства продължават, докато преподавателят напуска училището. Това съсипва Фреди, но той не може да каже на никого. А момчетата в училище още повече му се подиграват, защото всички знаят, но никой не му помага", разказва Джоунс.  "Чрез тази история, истината излиза наяве. Ако в книгата ми имаше нещо друго, освен истина, вече щяха да ме съдят адвокатите на кралицата, наети от Мери Остин, бившата приятелка на Фреди - много сериозни адвокати", заявява журналистката и добавя: "Не е ли добра новина, че въпреки бисексуалността му, обратите, лудостта в живота му на рок звезда, той е имал възможността да бъде баща в продължение на 15 г. и да отгледа дете?"  Последвайте ни за още актуални новини в Google News Showcase Последвайте btvnovinite.bg във VIBER Последвайте btvnovinite.bg в INSTAGRAM Последвайте btvnovinite.bg във FACEBOOK Последвайте btvnovinite.bg в TIKTOK  from source: btvnovinite.bg was successfully added to the BaseWebsite._data_dict
25-04-2026 10:40:22 INFO     	For media btvnovinite.bg (TV news) searching in page https://btvnovinite.bg/bulgaria/?page=191	The number of found articles is: 34
25-04-2026 10:40:22 INFO     Info: ('btvnovinite.bg', 'TV news')
Current page is 191
25-04-2026 10:40:22 INFO     	For media btvnovinite.bg (TV news) searching in page https://btvnovinite.bg/bulgaria/?page=192	The number of found articles is: 34
25-04-2026 10:40:22 INFO     Info: ('btvnovinite.bg', 'TV news')
Current page is 192
25-04-2026 10:40:24 INFO     ---News article: <<< Задържаха 72-годишен мъж, обвинен в блудство с 10-годишно момиче >>> was not included in the data because none of BaseWebsite._second_level keywords were found in the article text Article url: https://btvnovinite.bg/bulgaria/zadarzhaha-72-godishen-mazh-obvinen-v-bludstvo-s-10-godishno-momiche.html
25-04-2026 10:40:24 INFO     	For media btvnovinite.bg (TV news) searching in page https://btvnovinite.bg/bulgaria/?page=193	The number of found articles is: 34
25-04-2026 10:40:24 INFO     Info: ('btvnovinite.bg', 'TV news')
Current page is 193
25-04-2026 10:40:24 INFO     	For media btvnovinite.bg (TV news) searching in page https://btvnovinite.bg/bulgaria/?page=194	The number of found articles is: 34
25-04-2026 10:40:24 INFO     Info: ('btvnovinite.bg', 'TV news')
Current page is 194
25-04-2026 10:40:24 INFO     	For media btvnovinite.bg (TV news) searching in page https://btvnovinite.bg/bulgaria/?page=195	The number of found articles is: 34
25-04-2026 10:40:24 INFO     Info: ('btvnovinite.bg', 'TV news')
Current page is 195
25-04-2026 10:40:25 INFO     ---News article: <<< Още казуси при пазаруване: Жена плаща с евро в магазин, ресто няма - нито в лева, нито в евро >>> was not included in the data because none of BaseWebsite._second_level keywords were found in the article text Article url: https://btvnovinite.bg/bulgaria/ot-dnes-samo-sreshtu-lichna-karta-shte-mozhem-da-obmenjame-do-10-000-leva-vav-vsjaka-banka.html
25-04-2026 10:40:25 INFO     	For media btvnovinite.bg (TV news) searching in page https://btvnovinite.bg/bulgaria/?page=196	The number of found articles is: 34
25-04-2026 10:40:25 INFO     Info: ('btvnovinite.bg', 'TV news')
Current page is 196
25-04-2026 10:40:26 INFO     ---Article with title: Шофьор блъсна жена на пешеходна пътека в Сливен was not added because contains words from article title exclusion list: ['блъсна', 'шофьор', 'пешеход']
25-04-2026 10:40:26 INFO     	For media btvnovinite.bg (TV news) searching in page https://btvnovinite.bg/bulgaria/?page=197	The number of found articles is: 34
25-04-2026 10:40:26 INFO     Info: ('btvnovinite.bg', 'TV news')
Current page is 197
25-04-2026 10:40:26 INFO     	For media btvnovinite.bg (TV news) searching in page https://btvnovinite.bg/bulgaria/?page=198	The number of found articles is: 34
25-04-2026 10:40:26 INFO     Info: ('btvnovinite.bg', 'TV news')
Current page is 198
25-04-2026 10:40:26 INFO     ---Article with title: Празникът „Къпанки”: Жени танцуват в ледените води за здраве и късмет was not added because contains words from article title exclusion list: ['здраве']
25-04-2026 10:40:27 INFO     +++ Records for the news with „Ще ти извадя душата и ще ти изтръгна гръкляна“: Мъж, заканил се с убийство на жената, с която живее, остава в ареста with url https://btvnovinite.bg/bulgaria/shte-ti-izvadja-dushata-i-shte-ti-iztragna-grakljana-mazh-zakanil-se-s-ubijstvo-na-zhenata-s-kojato-zhivee-ostava-v-aresta.html and text Софийският районен съд (СРС) остави в ареста 46-годишен мъж, заканил се с убийство на жената, с която живее, съобщиха от Софийската районна прокуратура (СРП). Деянието е извършено в условията на домашно насилие. Мъжът е бил осъждан и преди. Мярката подлежи на обжалване. На 2 януари в София обвиняемият се заканил с убийство на жената, с която живее, като ѝ казал: „ще ти размажа черепа в стената, ще ти извадя душата и ще ти изтръгна гръкляна“. Докато я заплашвал, той я притискал към стената, предаде БТА. В края на миналата година СРС остави в ареста мъж, нанесъл телесна повреда на съпругата си. На 25 декември, в условията на домашно насилие, в къща в с. Долни Богоров, обвиняемият е нанесъл удари с юмруци в областта на главата, лицето и гърба на своята съпруга. Вследствие на това той ѝ е причинил лека телесна повреда. Последвайте ни за още актуални новини в Google News Showcase Последвайте btvnovinite.bg във VIBER Последвайте btvnovinite.bg в INSTAGRAM Последвайте btvnovinite.bg във FACEBOOK Последвайте btvnovinite.bg в TIKTOK from source: btvnovinite.bg was successfully added to the BaseWebsite._data_dict
25-04-2026 10:40:27 INFO     	For media btvnovinite.bg (TV news) searching in page https://btvnovinite.bg/bulgaria/?page=199	The number of found articles is: 35
25-04-2026 10:40:27 INFO     Info: ('btvnovinite.bg', 'TV news')
Current page is 199
25-04-2026 10:40:28 INFO     	For media btvnovinite.bg (TV news) searching in page https://btvnovinite.bg/bulgaria/?page=200	The number of found articles is: 35
25-04-2026 10:40:28 INFO     Info: ('btvnovinite.bg', 'TV news')
Current page is 200
25-04-2026 10:40:28 INFO     	For media btvnovinite.bg (TV news) searching in page https://btvnovinite.bg/bulgaria/?page=201	The number of found articles is: 35
25-04-2026 10:40:28 INFO     Info: ('btvnovinite.bg', 'TV news')
Current page is 201
25-04-2026 10:40:28 INFO     	For media btvnovinite.bg (TV news) searching in page https://btvnovinite.bg/bulgaria/?page=202	The number of found articles is: 35
25-04-2026 10:40:28 INFO     Info: ('btvnovinite.bg', 'TV news')
Current page is 202
25-04-2026 10:40:29 INFO     	For media btvnovinite.bg (TV news) searching in page https://btvnovinite.bg/bulgaria/?page=203	The number of found articles is: 35
25-04-2026 10:40:29 INFO     Info: ('btvnovinite.bg', 'TV news')
Current page is 203
25-04-2026 10:40:29 INFO     	For media btvnovinite.bg (TV news) searching in page https://btvnovinite.bg/bulgaria/?page=204	The number of found articles is: 35
25-04-2026 10:40:29 INFO     Info: ('btvnovinite.bg', 'TV news')
Current page is 204
25-04-2026 10:40:29 INFO     ---Article with title: Продължава разследването, след като дърво падна върху автомобил, убивайки 31-годишна майка на две деца was not added because contains words from article title exclusion list: ['автомоб', ' падна ', 'деца']
25-04-2026 10:40:29 INFO     	For media btvnovinite.bg (TV news) searching in page https://btvnovinite.bg/bulgaria/?page=205	The number of found articles is: 35
25-04-2026 10:40:29 INFO     Info: ('btvnovinite.bg', 'TV news')
Current page is 205
25-04-2026 10:40:30 INFO     +++ Records for the news with Мъжът, убил жена си с лопата в София, остава за постоянно в ареста with url https://btvnovinite.bg/bulgaria/mazhat-ubil-zhena-si-s-lopata-v-sofija-ostava-za-postojanno-v-aresta.html and text Апелативните магистрати в София отказаха да изменат мярката за неотклонение на Валентин Василев, обвинен в убийството на жена си - Петрана Петкова, чието тяло беше открито в трафопост в столичния квартал „Надежда 1“. На 8 януари състав на Апелативен съд - София потвърди определението на Софийския градски съд, с което е оставена без уважение жалбата на обвиняемия за изменение на мярката му за неотклонение от „задържане под стража“ в по-лека. Според съда приложените по делото доказателства са достатъчни, за да бъде направен обосновано предположение, че именно обвиняемият Валентин Василев умишлено е умъртвил жената, с която е живеел, по особено жесток начин и в условията на домашно насилие, предаде БГНЕС. Магистратите отчето риск от укриване, тъй като по делото има данни, че обвиняемият често сменя адресите, на които пребивава, без да се регистрира на тях. Съдът посочи, че е налице и риск от извършване на престъпление и оказване на влияние върху свидетели. Определението е окончателно и не подлежи на обжалване или протест. Последвайте ни за още актуални новини в Google News Showcase Последвайте btvnovinite.bg във VIBER Последвайте btvnovinite.bg в INSTAGRAM Последвайте btvnovinite.bg във FACEBOOK Последвайте btvnovinite.bg в TIKTOK from source: btvnovinite.bg was successfully added to the BaseWebsite._data_dict
25-04-2026 10:40:30 INFO     	For media btvnovinite.bg (TV news) searching in page https://btvnovinite.bg/bulgaria/?page=206	The number of found articles is: 36
25-04-2026 10:40:30 INFO     Info: ('btvnovinite.bg', 'TV news')
Current page is 206
25-04-2026 10:40:31 INFO     ---Article with title: Шофьор блъсна жена в Смолян, закара я до болницата was not added because contains words from article title exclusion list: ['блъсна', 'шофьор']
25-04-2026 10:40:32 INFO     +++ Records for the news with Осъдиха доживот мъж, убил приятелката си по особено жесток начин, записал убийството на диктофон with url https://btvnovinite.bg/bulgaria/prisada-dozhivoten-zatvor-poluchi-mlad-mazh-ot-shumen-po-obvinitelen-akt-na-okrazhnata-prokuratura-za-ubijstvo-na-mlada-zhena-izvarsheno-po-osobeno-machitelen-nachin.html and text Присъда „доживотен затвор“ получи млад мъж от Шумен по обвинителен акт на Окръжната прокуратура за убийство на млада жена, извършено по особено мъчителен начин. По обвинителен акт на Окръжна прокуратура – Шумен състав на Окръжния съд постанови присъда „доживотен затвор“ за убийство на млада жена от града, извършено по мъчителен за жертвата начин. 32-годишният А.Х. бе признат за виновен по обвинение за престъпление по чл. 116, ал. 1, т.6, пр. 2, във връзка с чл. 115 от НК. Съдът уважи гражданските искове на родителите на жертвата и определи те да получат от подсъдимия евровата равностойност на 300 000 лева. Делото премина при съкратено производство, като така част от действията, извършени по време на досъдебното производство, не бяха повтаряни. Мъжът и младата жена се запознали в социална мрежа и започнали комуникация чрез съобщения през август 2024 година. В края на месеца връзката им станала интимна и двамата често се срещали. В деня на убийството жената гостувала в дома на А.Х. Двамата обядвали и разговаряли. В определен момент мъжът започнал да я разпитва за евентуални нейни познанства с други мъже, като въпреки отрицателните й отговори, той настоявал за признания. Така разговорът им прераснал в спор. Внезапно 31-годишният тогава А.Х. се нахвърлил върху 28-годишната жертва и започнал да я души. Жената не успяла да окаже съпротива, нито успяла да извика за помощ. Целият разговор между двамата, както и последвалите действия на подсъдимия, били записани с диктофон в телефона му. След като осъзнал какво е направил, А.Х. взел нож, с който нанесъл порезни рани на няколко места по тялото на жертвата и по своето. След това позвънил на родителите си. Сигнал за случилото се бил подаден малко преди 16:00 часа на 8 септември 2024 година. А.Х. бил задържан на място. Мъжът не бил известен на органите на реда и към момента на тежкото деяние не бил осъждан. Той е привлечен към наказателна отговорност ден след престъплението. Съдебният акт подлежи на обжалване пред Апелативен съд - Варна. Последвайте ни за още актуални новини в Google News Showcase Последвайте btvnovinite.bg в INSTAGRAM Последвайте btvnovinite.bg във FACEBOOK Последвайте btvnovinite.bg в TIKTOK from source: btvnovinite.bg was successfully added to the BaseWebsite._data_dict
25-04-2026 10:40:32 INFO     	For media btvnovinite.bg (TV news) searching in page https://btvnovinite.bg/bulgaria/?page=207	The number of found articles is: 37
25-04-2026 10:40:32 INFO     Info: ('btvnovinite.bg', 'TV news')
Current page is 207
25-04-2026 10:40:32 INFO     	For media btvnovinite.bg (TV news) searching in page https://btvnovinite.bg/bulgaria/?page=208	The number of found articles is: 37
25-04-2026 10:40:32 INFO     Info: ('btvnovinite.bg', 'TV news')
Current page is 208
25-04-2026 10:40:32 INFO     ---Article with title: Празникът „Къпанки”: Жени танцуват в ледените води за здраве и късмет was not added because contains words from article title exclusion list: ['здраве']
25-04-2026 10:40:33 INFO     +++ Records for the news with „Ще ти извадя душата и ще ти изтръгна гръкляна“: Мъж, заканил се с убийство на жената, с която живее, остава в ареста with url https://btvnovinite.bg/bulgaria/shte-ti-izvadja-dushata-i-shte-ti-iztragna-grakljana-mazh-zakanil-se-s-ubijstvo-na-zhenata-s-kojato-zhivee-ostava-v-aresta.html and text Софийският районен съд (СРС) остави в ареста 46-годишен мъж, заканил се с убийство на жената, с която живее, съобщиха от Софийската районна прокуратура (СРП). Деянието е извършено в условията на домашно насилие. Мъжът е бил осъждан и преди. Мярката подлежи на обжалване. На 2 януари в София обвиняемият се заканил с убийство на жената, с която живее, като ѝ казал: „ще ти размажа черепа в стената, ще ти извадя душата и ще ти изтръгна гръкляна“. Докато я заплашвал, той я притискал към стената, предаде БТА. В края на миналата година СРС остави в ареста мъж, нанесъл телесна повреда на съпругата си. На 25 декември, в условията на домашно насилие, в къща в с. Долни Богоров, обвиняемият е нанесъл удари с юмруци в областта на главата, лицето и гърба на своята съпруга. Вследствие на това той ѝ е причинил лека телесна повреда. Последвайте ни за още актуални новини в Google News Showcase Последвайте btvnovinite.bg във VIBER Последвайте btvnovinite.bg в INSTAGRAM Последвайте btvnovinite.bg във FACEBOOK Последвайте btvnovinite.bg в TIKTOK from source: btvnovinite.bg was successfully added to the BaseWebsite._data_dict
25-04-2026 10:40:33 INFO     	For media btvnovinite.bg (TV news) searching in page https://btvnovinite.bg/bulgaria/?page=209	The number of found articles is: 38
25-04-2026 10:40:33 INFO     Info: ('btvnovinite.bg', 'TV news')
Current page is 209
25-04-2026 10:40:33 INFO     ---Article with title: Отказана помощ на дете? Майка на бебе твърди, че лекарят искал платен преглед was not added because contains words from article title exclusion list: ['бебе', 'дете']
25-04-2026 10:40:34 INFO     ---News article: <<< След фатален спор на Нова година: Мъж остава в ареста за убийството на млада жена >>> was not included in the data because none of BaseWebsite._second_level keywords were found in the article text Article url: https://btvnovinite.bg/bulgaria/sled-fatalen-spor-na-nova-godina-mazh-ostava-v-aresta-za-ubijstvoto-na-mlada-zhena.html
25-04-2026 10:40:34 INFO     	For media btvnovinite.bg (TV news) searching in page https://btvnovinite.bg/bulgaria/?page=210	The number of found articles is: 38
25-04-2026 10:40:34 INFO     Info: ('btvnovinite.bg', 'TV news')
Current page is 210
25-04-2026 10:40:35 INFO     ---News article: <<< Безплатна имунизация срещу HPV и за по-големи момичета >>> was not included in the data because none of BaseWebsite._second_level keywords were found in the article text Article url: https://btvnovinite.bg/bulgaria/bezplatna-imunizacija.html
25-04-2026 10:40:35 INFO     	For media btvnovinite.bg (TV news) searching in page https://btvnovinite.bg/bulgaria/?page=211	The number of found articles is: 38
25-04-2026 10:40:35 INFO     Info: ('btvnovinite.bg', 'TV news')
Current page is 211
25-04-2026 10:40:35 INFO     	For media btvnovinite.bg (TV news) searching in page https://btvnovinite.bg/bulgaria/?page=212	The number of found articles is: 38
25-04-2026 10:40:35 INFO     Info: ('btvnovinite.bg', 'TV news')
Current page is 212
25-04-2026 10:40:36 INFO     	For media btvnovinite.bg (TV news) searching in page https://btvnovinite.bg/bulgaria/?page=213	The number of found articles is: 38
25-04-2026 10:40:36 INFO     Info: ('btvnovinite.bg', 'TV news')
Current page is 213
25-04-2026 10:40:36 INFO     	For media btvnovinite.bg (TV news) searching in page https://btvnovinite.bg/bulgaria/?page=214	The number of found articles is: 38
25-04-2026 10:40:36 INFO     Info: ('btvnovinite.bg', 'TV news')
Current page is 214
25-04-2026 10:40:38 INFO     +++ Records for the news with Арестуваха мъж, набил съпругата си с юмруци на Коледа with url https://btvnovinite.bg/bulgaria/sadat-zadarzha-pod-strazha-mazh-nabil-saprugata-si-na-koleda.html and text По искане на Софийска районна прокуратура съдът задържа под стража 57-годишен мъж, нанесъл телесна повреда на съпругата си. Събраните до момента доказателства сочат, че на 25.12.2025 г., в къща в с. Долни Богоров, обвиняемият И.В. е нанесъл удари с юмруци в областта на главата, лицето и гърба на своята съпруга. Вследствие на това той й е причинил лека телесна повреда. Деянието е извършено в условията на домашно насилие. По случая е образувано досъдебно производство за престъпление, за което Наказателният кодекс предвижда наказание „лишаване от свобода“. С постановление на прокурор И.В. е бил задържан за срок до 72 часа. В миналото той е осъждан. Прокурор е внесъл искане в Софийски районен съд за определяне на постоянна мярка за неотклонение „задържане под стража“ спрямо обвиняемия. Състав на съда се е съгласил с искането и му е наложил най-тежката мярка за неотклонение „задържане под стража“. Мярката подлежи на обжалване пред Софийски градски съд. Последвайте ни за още актуални новини в Google News Showcase Последвайте btvnovinite.bg във VIBER Последвайте btvnovinite.bg в INSTAGRAM Последвайте btvnovinite.bg във FACEBOOK Последвайте btvnovinite.bg в TIKTOK  from source: btvnovinite.bg was successfully added to the BaseWebsite._data_dict
25-04-2026 10:40:38 INFO     	For media btvnovinite.bg (TV news) searching in page https://btvnovinite.bg/bulgaria/?page=215	The number of found articles is: 39
25-04-2026 10:40:38 INFO     Info: ('btvnovinite.bg', 'TV news')
Current page is 215
25-04-2026 10:40:38 INFO     ---News article: <<< Отнета е регистрацията на салона, в който жена получи втора степен изгаряния >>> was not included in the data because none of BaseWebsite._second_level keywords were found in the article text Article url: https://btvnovinite.bg/bulgaria/otneta-e.html
25-04-2026 10:40:38 INFO     	For media btvnovinite.bg (TV news) searching in page https://btvnovinite.bg/bulgaria/?page=216	The number of found articles is: 39
25-04-2026 10:40:38 INFO     Info: ('btvnovinite.bg', 'TV news')
Current page is 216
25-04-2026 10:40:39 INFO     ---News article: <<< "Не мога да опиша болките": Млада жена е с изгаряния след процедура в салон за красота >>> was not included in the data because none of BaseWebsite._second_level keywords were found in the article text Article url: https://btvnovinite.bg/bulgaria/mlada-zhena-e-s-izgarjanija-sled-procedura-v-salon-za-krasota.html
25-04-2026 10:40:39 INFO     	For media btvnovinite.bg (TV news) searching in page https://btvnovinite.bg/bulgaria/?page=217	The number of found articles is: 39
25-04-2026 10:40:39 INFO     Info: ('btvnovinite.bg', 'TV news')
Current page is 217
25-04-2026 10:40:40 INFO     ---Article with title: 42-годишна жена е загинала при пожар в София was not added because contains words from article title exclusion list: ['пожар']
25-04-2026 10:40:40 INFO     	For media btvnovinite.bg (TV news) searching in page https://btvnovinite.bg/bulgaria/?page=218	The number of found articles is: 39
25-04-2026 10:40:40 INFO     Info: ('btvnovinite.bg', 'TV news')
Current page is 218
25-04-2026 10:40:41 INFO     ---News article: <<< „Внучка ми направи таблица от лева в евро“: Новата валута не притеснява търговците в Северозапада >>> was not included in the data because none of BaseWebsite._second_level keywords were found in the article text Article url: https://btvnovinite.bg/bulgaria/parvi-den-s-evroto-na-selo-doverie-kam-targovcite-i-spokojstvie-sred-horata.html
25-04-2026 10:40:41 INFO     	For media btvnovinite.bg (TV news) searching in page https://btvnovinite.bg/bulgaria/?page=219	The number of found articles is: 39
25-04-2026 10:40:41 INFO     Info: ('btvnovinite.bg', 'TV news')
Current page is 219
25-04-2026 10:40:42 INFO     ---News article: <<< Двама души получиха шанс за нов живот, след като близките на 22-годишна жена дариха органите ѝ >>> was not included in the data because none of BaseWebsite._second_level keywords were found in the article text Article url: https://btvnovinite.bg/bulgaria/dvama-dushi-poluchiha-shans-za-nov-zhivot-sled-kato-blizkite-na-22-godishna-zhena-dariha-organite.html
25-04-2026 10:40:42 INFO     	For media btvnovinite.bg (TV news) searching in page https://btvnovinite.bg/bulgaria/?page=220	The number of found articles is: 39
25-04-2026 10:40:42 INFO     Info: ('btvnovinite.bg', 'TV news')
Current page is 220
25-04-2026 10:40:43 INFO     +++ Records for the news with "Ало" измама в Русе: Възрастна жена даде 5000 лв. на мним адвокат with url https://btvnovinite.bg/bulgaria/alo-izmama-v-ruse-vazrastna-zhena-dade-5-000-lv-na-mnim-advokat.html and text На 16 декември вечерта полицейски екип е посетил адрес в Русе, където е установена възрастна жена, станала жертва на ало измама, съобщават от МВР. Потърпевшата разказала, че по-рано същата вечер е получила телефонно обаждане от скрит номер и непознат мъжки глас, представил се за адвокат. Той я заблудил, че нейният син е задържан за причиняване на тежко пътнотранспортно произшествие със смъртен случай и че е необходимо спешно да бъде предоставена сума от 5 000 лева, за да бъде освободен. Следвайки указанията на непознатия, жената поставила парите в найлонов плик и ги оставила в близост до контейнер за смет в района на домашния си адрес. Сигналът е документиран и се разследва, като е образувано досъдебно производство. Последвайте ни за още актуални новини в Google News Showcase Последвайте btvnovinite.bg във VIBER Последвайте btvnovinite.bg в INSTAGRAM Последвайте btvnovinite.bg във FACEBOOK Последвайте btvnovinite.bg в TIKTOK from source: btvnovinite.bg was successfully added to the BaseWebsite._data_dict
25-04-2026 10:40:43 INFO     	For media btvnovinite.bg (TV news) searching in page https://btvnovinite.bg/bulgaria/?page=221	The number of found articles is: 40
25-04-2026 10:40:43 INFO     Info: ('btvnovinite.bg', 'TV news')
Current page is 221
25-04-2026 10:40:43 INFO     	For media btvnovinite.bg (TV news) searching in page https://btvnovinite.bg/bulgaria/?page=222	The number of found articles is: 40
25-04-2026 10:40:43 INFO     Info: ('btvnovinite.bg', 'TV news')
Current page is 222
25-04-2026 10:40:45 INFO     +++ Records for the news with Прокуратурата обвини 35-годишен мъж, отвлякъл жена в Стара Загора with url https://btvnovinite.bg/bulgaria/prokuraturata-obvini-35-godishen-mazh-otvljakal-zhena-v-stara-zagora.html and text Окръжната прокуратура в Стара Загора привлече като обвиняем мъж на 35 години за отвличане. Това съобщиха от пресцентъра на прокуратурата. Срещу обвиняемия са повдигнати обвинения, че на 14 декември т.г. е отвлякъл 31-годишна жена, като деянието е извършено в условията на домашно насилие, предаде БТА. На спешния телефон 112 е подаден сигнал, че жената е отвлечена от апартамент в Стара Загора. Проведени са били оперативно-издирвателни мероприятия и тя е била открита в друго населено място. Обвиняемият е задържан за срок до 72 часа с постановление на наблюдаващия прокурор. Последвайте ни за още актуални новини в Google News Showcase Последвайте btvnovinite.bg във VIBER Последвайте btvnovinite.bg в INSTAGRAM Последвайте btvnovinite.bg във FACEBOOK Последвайте btvnovinite.bg в TIKTOK from source: btvnovinite.bg was successfully added to the BaseWebsite._data_dict
25-04-2026 10:40:45 INFO     	For media btvnovinite.bg (TV news) searching in page https://btvnovinite.bg/bulgaria/?page=223	The number of found articles is: 41
25-04-2026 10:40:45 INFO     Info: ('btvnovinite.bg', 'TV news')
Current page is 223
25-04-2026 10:40:46 INFO     ---News article: <<< От „Меден рудник“ към бъдещето: Eдин ден с жените, които спасяват детството >>> was not included in the data because none of BaseWebsite._second_level keywords were found in the article text Article url: https://btvnovinite.bg/bulgaria/ot-meden-rudnik-kam-badeshteto-edin-den-s-zhenite-koito-spasjavat-detstvoto.html
25-04-2026 10:40:47 INFO     +++ Records for the news with Мъж преби жена си, счупи й ръката with url https://btvnovinite.bg/bulgaria/mazh-prebi-zhena-si-schupi-j-rakata.html and text 64-годишен мъж преби съпругата си. Това съобщиха от ОД на МВР - Кюстендил. Досъдебно производство за упражнено домашно насилие е образувано на 16 декември в РУ Дупница. Мъж от с. Червен брег е нанесъл средна телесна повреда на съпругата си – нанесъл й е побой, счупена е дясната й ръка. Пострадалата е настанена в здравно заведение в Дупница. Уведомена е прокуратурата. Последвайте ни за още актуални новини в Google News Showcase Последвайте btvnovinite.bg във VIBER Последвайте btvnovinite.bg в INSTAGRAM Последвайте btvnovinite.bg във FACEBOOK Последвайте btvnovinite.bg в TIKTOK  from source: btvnovinite.bg was successfully added to the BaseWebsite._data_dict
25-04-2026 10:40:47 INFO     	For media btvnovinite.bg (TV news) searching in page https://btvnovinite.bg/bulgaria/?page=224	The number of found articles is: 42
25-04-2026 10:40:47 INFO     Info: ('btvnovinite.bg', 'TV news')
Current page is 224
25-04-2026 10:40:47 INFO     ---Article with title: Пробите на шофьора, блъснал две жени във Варна, са отрицателни was not added because contains words from article title exclusion list: ['блъсна', 'шофьор']
25-04-2026 10:40:47 INFO     	For media btvnovinite.bg (TV news) searching in page https://btvnovinite.bg/bulgaria/?page=225	The number of found articles is: 42
25-04-2026 10:40:47 INFO     Info: ('btvnovinite.bg', 'TV news')
Current page is 225
25-04-2026 10:40:48 INFO     ---News article: <<< Президентът и съпругата му ще присъстват на благотворителния спектакъл „Българската Коледа“ >>> was not included in the data because none of BaseWebsite._second_level keywords were found in the article text Article url: https://btvnovinite.bg/bulgaria/prezidentat-i-saprugata-mu-shte-prisastvat-na-blagotvoritelnija-spektakal-balgarskata-koleda.html
25-04-2026 10:40:48 INFO     	For media btvnovinite.bg (TV news) searching in page https://btvnovinite.bg/bulgaria/?page=226	The number of found articles is: 42
25-04-2026 10:40:48 INFO     Info: ('btvnovinite.bg', 'TV news')
Current page is 226
25-04-2026 10:40:48 INFO     ---Article with title: Внукът на загиналата 79-годишна жена във Варна: Пазарували са, излезли са от магазина и са ги блъснали was not added because contains words from article title exclusion list: ['блъсна']
25-04-2026 10:40:48 INFO     	For media btvnovinite.bg (TV news) searching in page https://btvnovinite.bg/bulgaria/?page=227	The number of found articles is: 42
25-04-2026 10:40:48 INFO     Info: ('btvnovinite.bg', 'TV news')
Current page is 227
25-04-2026 10:40:49 INFO     ---News article: <<< Отличиха служител на МВР, спасил жена от удавяне, за полицай на годината >>> was not included in the data because none of BaseWebsite._second_level keywords were found in the article text Article url: https://btvnovinite.bg/bulgaria/otlichiha-sluzhitel-na-mvr-spasil-zhena-ot-udavjane-za-policaj-na-godinata.html
25-04-2026 10:40:49 INFO     	For media btvnovinite.bg (TV news) searching in page https://btvnovinite.bg/bulgaria/?page=228	The number of found articles is: 42
25-04-2026 10:40:49 INFO     Info: ('btvnovinite.bg', 'TV news')
Current page is 228
25-04-2026 10:40:50 INFO     	For media btvnovinite.bg (TV news) searching in page https://btvnovinite.bg/bulgaria/?page=229	The number of found articles is: 42
25-04-2026 10:40:50 INFO     Info: ('btvnovinite.bg', 'TV news')
Current page is 229
25-04-2026 10:40:50 INFO     	For media btvnovinite.bg (TV news) searching in page https://btvnovinite.bg/bulgaria/?page=230	The number of found articles is: 42
25-04-2026 10:40:50 INFO     Info: ('btvnovinite.bg', 'TV news')
Current page is 230
25-04-2026 10:40:50 INFO     ---Article with title: Мъжът, блъснал кола и ранил жена на "Цариградско шосе", е бил с 1,89 промила (ВИДЕО) was not added because contains words from article title exclusion list: [' кола', 'блъсна']
25-04-2026 10:40:50 INFO     	For media btvnovinite.bg (TV news) searching in page https://btvnovinite.bg/bulgaria/?page=231	The number of found articles is: 42
25-04-2026 10:40:50 INFO     Info: ('btvnovinite.bg', 'TV news')
Current page is 231
25-04-2026 10:40:50 INFO     	For media btvnovinite.bg (TV news) searching in page https://btvnovinite.bg/bulgaria/?page=232	The number of found articles is: 42
25-04-2026 10:40:50 INFO     Info: ('btvnovinite.bg', 'TV news')
Current page is 232
25-04-2026 10:40:52 INFO     ---News article: <<< 15-годишният Денислав спасява възрастна жена от грабеж - тръгва по петите на извършителя >>> was not included in the data because none of BaseWebsite._second_level keywords were found in the article text Article url: https://btvnovinite.bg/bulgaria/15-godishnijat-denislav-spasjava-vazrastna-zhena-ot-grabezh-tragva-po-petite-na-izvarshitelja.html
25-04-2026 10:40:52 INFO     ---News article: <<< Планински спасители помогнаха на пострадала жена, тръгнала към връх Иречек >>> was not included in the data because none of BaseWebsite._second_level keywords were found in the article text Article url: https://btvnovinite.bg/bulgaria/planinski-spasiteli-pomognaha-na-postradala-zhena-tragnala-kam-vrah-irechek.html
25-04-2026 10:40:52 INFO     	For media btvnovinite.bg (TV news) searching in page https://btvnovinite.bg/bulgaria/?page=233	The number of found articles is: 42
25-04-2026 10:40:52 INFO     Info: ('btvnovinite.bg', 'TV news')
Current page is 233
25-04-2026 10:40:53 INFO     ---Article with title: Шофьор блъсна 12-годишно момиче на пешеходна пътека was not added because contains words from article title exclusion list: ['блъсна', 'шофьор', 'пешеход']
25-04-2026 10:40:53 INFO     ---News article: <<< Двама души получиха шанс за нов живот, след като близките на 22-годишна жена дариха органите ѝ >>> was not included in the data because none of BaseWebsite._second_level keywords were found in the article text Article url: https://btvnovinite.bg/bulgaria/dvama-dushi-poluchiha-shans-za-nov-zhivot-sled-kato-blizkite-na-22-godishna-zhena-dariha-organite.html
25-04-2026 10:40:53 INFO     	For media btvnovinite.bg (TV news) searching in page https://btvnovinite.bg/bulgaria/?page=234	The number of found articles is: 42
25-04-2026 10:40:53 INFO     Info: ('btvnovinite.bg', 'TV news')
Current page is 234
25-04-2026 10:40:54 INFO     +++ Records for the news with "Ало" измама в Русе: Възрастна жена даде 5000 лв. на мним адвокат with url https://btvnovinite.bg/bulgaria/alo-izmama-v-ruse-vazrastna-zhena-dade-5-000-lv-na-mnim-advokat.html and text На 16 декември вечерта полицейски екип е посетил адрес в Русе, където е установена възрастна жена, станала жертва на ало измама, съобщават от МВР. Потърпевшата разказала, че по-рано същата вечер е получила телефонно обаждане от скрит номер и непознат мъжки глас, представил се за адвокат. Той я заблудил, че нейният син е задържан за причиняване на тежко пътнотранспортно произшествие със смъртен случай и че е необходимо спешно да бъде предоставена сума от 5 000 лева, за да бъде освободен. Следвайки указанията на непознатия, жената поставила парите в найлонов плик и ги оставила в близост до контейнер за смет в района на домашния си адрес. Сигналът е документиран и се разследва, като е образувано досъдебно производство. Последвайте ни за още актуални новини в Google News Showcase Последвайте btvnovinite.bg във VIBER Последвайте btvnovinite.bg в INSTAGRAM Последвайте btvnovinite.bg във FACEBOOK Последвайте btvnovinite.bg в TIKTOK from source: btvnovinite.bg was successfully added to the BaseWebsite._data_dict
25-04-2026 10:40:54 INFO     	For media btvnovinite.bg (TV news) searching in page https://btvnovinite.bg/bulgaria/?page=235	The number of found articles is: 43
25-04-2026 10:40:54 INFO     Info: ('btvnovinite.bg', 'TV news')
Current page is 235
25-04-2026 10:40:55 INFO     	For media btvnovinite.bg (TV news) searching in page https://btvnovinite.bg/bulgaria/?page=236	The number of found articles is: 43
25-04-2026 10:40:55 INFO     Info: ('btvnovinite.bg', 'TV news')
Current page is 236
25-04-2026 10:40:55 INFO     ---Article with title: Тежка катастрофа до бензиностанция: 19-годишна жена загина. Друга млада жена е с опасност за живота was not added because contains words from article title exclusion list: ['катастроф']
25-04-2026 10:40:55 INFO     ---News article: <<< Сигнал до bTV: Жена с над 20 заболявания получи по-нисък процент на ТЕЛК. Защо? >>> was not included in the data because none of BaseWebsite._second_level keywords were found in the article text Article url: https://btvnovinite.bg/bulgaria/signal-do-btv-zhena-s-nad-20-zaboljavanija-podala-dokumenti-za-preosvidetelstvane-poluchi-po-nisak-procent-v-novoto-si-telk.html
25-04-2026 10:40:55 INFO     	For media btvnovinite.bg (TV news) searching in page https://btvnovinite.bg/bulgaria/?page=237	The number of found articles is: 43
25-04-2026 10:40:55 INFO     Info: ('btvnovinite.bg', 'TV news')
Current page is 237
25-04-2026 10:40:56 INFO     	For media btvnovinite.bg (TV news) searching in page https://btvnovinite.bg/bulgaria/?page=238	The number of found articles is: 43
25-04-2026 10:40:56 INFO     Info: ('btvnovinite.bg', 'TV news')
Current page is 238
25-04-2026 10:40:56 INFO     ---Article with title: Мъж и жена са задържани за опит за имотна измама в София was not added because contains words from article title exclusion list: ['мъж и жена']
25-04-2026 10:40:56 INFO     ---Article with title: Издирва се 51-годишна жена от Шумен was not added because contains words from article title exclusion list: ['издирва ']
25-04-2026 10:40:56 INFO     	For media btvnovinite.bg (TV news) searching in page https://btvnovinite.bg/bulgaria/?page=239	The number of found articles is: 43
25-04-2026 10:40:56 INFO     Info: ('btvnovinite.bg', 'TV news')
Current page is 239
25-04-2026 10:40:56 INFO     ---Article with title: Полицията в Габрово издирва жена на 75 години was not added because contains words from article title exclusion list: ['издирва ']
25-04-2026 10:40:57 INFO     ---News article: <<< 30-годишна жена отмъква 5100 евро и 900 лева от дома на пенсинерка в Сливенско >>> was not included in the data because none of BaseWebsite._second_level keywords were found in the article text Article url: https://btvnovinite.bg/bulgaria/30-godishna-zhena-otmakva.html
25-04-2026 10:40:57 INFO     	For media btvnovinite.bg (TV news) searching in page https://btvnovinite.bg/bulgaria/?page=240	The number of found articles is: 43
25-04-2026 10:40:57 INFO     Info: ('btvnovinite.bg', 'TV news')
Current page is 240
25-04-2026 10:40:57 INFO     	For media btvnovinite.bg (TV news) searching in page https://btvnovinite.bg/bulgaria/?page=241	The number of found articles is: 43
25-04-2026 10:40:57 INFO     Info: ('btvnovinite.bg', 'TV news')
Current page is 241
25-04-2026 10:40:58 INFO     	For media btvnovinite.bg (TV news) searching in page https://btvnovinite.bg/bulgaria/?page=242	The number of found articles is: 43
25-04-2026 10:40:58 INFO     Info: ('btvnovinite.bg', 'TV news')
Current page is 242
25-04-2026 10:40:58 INFO     ---News article: <<< Отличиха служител на МВР, спасил жена от удавяне, за полицай на годината >>> was not included in the data because none of BaseWebsite._second_level keywords were found in the article text Article url: https://btvnovinite.bg/bulgaria/otlichiha-sluzhitel-na-mvr-spasil-zhena-ot-udavjane-za-policaj-na-godinata.html
25-04-2026 10:40:58 INFO     	For media btvnovinite.bg (TV news) searching in page https://btvnovinite.bg/bulgaria/?page=243	The number of found articles is: 43
25-04-2026 10:40:58 INFO     Info: ('btvnovinite.bg', 'TV news')
Current page is 243
25-04-2026 10:40:59 INFO     ---News article: <<< Заради лекарска грешка по време на раждането момиченце е с ДЦП и епилепсия, семейството моли за помощ >>> was not included in the data because none of BaseWebsite._second_level keywords were found in the article text Article url: https://btvnovinite.bg/bulgaria/zaradi-lekarska-greshka-po-vreme-na-razhdaneto-momichence-e-s-dcp-i-epilepsija.html
25-04-2026 10:40:59 INFO     	For media btvnovinite.bg (TV news) searching in page https://btvnovinite.bg/bulgaria/?page=244	The number of found articles is: 43
25-04-2026 10:40:59 INFO     Info: ('btvnovinite.bg', 'TV news')
Current page is 244
25-04-2026 10:41:00 INFO     ---Article with title: Мъжът, блъснал кола и ранил жена на "Цариградско шосе", е бил с 1,89 промила (ВИДЕО) was not added because contains words from article title exclusion list: [' кола', 'блъсна']
25-04-2026 10:41:00 INFO     	For media btvnovinite.bg (TV news) searching in page https://btvnovinite.bg/bulgaria/?page=245	The number of found articles is: 43
25-04-2026 10:41:00 INFO     Info: ('btvnovinite.bg', 'TV news')
Current page is 245
25-04-2026 10:41:00 INFO     	For media btvnovinite.bg (TV news) searching in page https://btvnovinite.bg/bulgaria/?page=246	The number of found articles is: 43
25-04-2026 10:41:00 INFO     Info: ('btvnovinite.bg', 'TV news')
Current page is 246
25-04-2026 10:41:01 INFO     +++ Records for the news with „Удрян с палка и напръскан с лютив спрей“: Пред bTV говори майката на задържания Николай with url https://btvnovinite.bg/bulgaria/udrjan-s-palka-i-napraskan-s-ljutiv-sprej-pred-btv-govori-majkata-na-zadarzhanija-nikolaj-aleksiev.html and text Майката на 21-годишния Николай Алексиев разказа пред bTV, че върху сина ѝ е упражнено полицейско насилие. Десислава Алексиева заяви, че в нощта на масовите антиправителствени протести в София синът ѝ е бил бит и незаконно арестуван. Момчето получава травма на главата. „Бива спънат от полицай. Пада на земята - бива ударен с палка и напръскан с лютив спрей. Отива да потърси лекарска помощ в ИСУЛ и след това се връща на протеста. До магазин за алкохол и цигари е арестуван, заедно с другото момче, с което не са се познавали“, разказа Десислава Алексиева. Жената каза още, че тя също е била на протеста.  Научава от телевизията, че синът ѝ е задържан. „Имало е побой над Николай в полицейското управление. Той, макар че е с травма на главата, има спомен, помни номерата на полицаите, които са го удряли. Спрели са едва когато цивилен ги е прекъснал, защото има камери в ареста“, заяви майката. На въпрос как би определила сина си - като мирно протестиращ или провокатор, жената отговори: „Протестиращ“. Тя заяви, че синът ѝ не е участвал в чупенето на партийните централи и не е вандалствал. Признава, че е гледала кадрите от протеста със сина ѝ. „Няколко хвърлени боклука не представляват опасност за обществото, както институционализираното насилие. Когато той арестуван – той не е с маска. Вероятността той да е бил с маска, защото е имало дим, е много по-голяма от това, че се е криел. Ако искаше да се крие, нямаше да е с ярко жълто-лилаво яке“, посочи Алексиева. Тя каза още, че насилие над сина ѝ е имало и в ареста: „По данни, които имам – не е от полицаи от Пето РУ, не му е оказана медицинска помощ. До този момент, след малко ще се гледа делото, Николай не е получил медицинска помощ. Аргументът – не си е поискал“. Тя призова за справедлив процес и да не се прилага показност от страна на прокуратурата. Цялото интервю с майката на Николай Алексиев гледайте в bTV Новините в 19 ч. Последвайте ни за още актуални новини в Google News Showcase Последвайте btvnovinite.bg във VIBER Последвайте btvnovinite.bg в INSTAGRAM Последвайте btvnovinite.bg във FACEBOOK Последвайте btvnovinite.bg в TIKTOK from source: btvnovinite.bg was successfully added to the BaseWebsite._data_dict
25-04-2026 10:41:01 INFO     	For media btvnovinite.bg (TV news) searching in page https://btvnovinite.bg/bulgaria/?page=247	The number of found articles is: 44
25-04-2026 10:41:01 INFO     Info: ('btvnovinite.bg', 'TV news')
Current page is 247
25-04-2026 10:41:02 INFO     ---News article: <<< 30-годишна жена отмъква 5100 евро и 900 лева от дома на пенсинерка в Сливенско >>> was not included in the data because none of BaseWebsite._second_level keywords were found in the article text Article url: https://btvnovinite.bg/bulgaria/30-godishna-zhena-otmakva.html
25-04-2026 10:41:02 INFO     	For media btvnovinite.bg (TV news) searching in page https://btvnovinite.bg/bulgaria/?page=248	The number of found articles is: 44
25-04-2026 10:41:02 INFO     Info: ('btvnovinite.bg', 'TV news')
Current page is 248
25-04-2026 10:41:03 INFO     +++ Records for the news with Задържаха мъж, пребивал жена си, заплашил я с убийство with url https://btvnovinite.bg/bulgaria/zadarzhaha-pod-strazha-mazh-nanesal-telesni-povredi-na-saprugata-si-i-j-se-zakanil-s-ubijstvo.html and text По искане на Софийска районна прокуратура съдът задържа под стража 32-годишен мъж, нанесъл телесни повреди на съпругата си. Събраните до момента доказателства сочат, че в периода от 04.07.2025 г. до 09.12.2025 г., в гр. София, в условията на продължавано престъпление с три деяния, обвиняемият Р.Т. е нанесъл три леки телесни повреди на съпругата си и й се заканил с убийство. На 04.07.2025 г. около 17,00 ч. в ж.к. „Люлин“ в гр. София, обвиняемият е нанесъл удар с юмрук в областта на главата на А.Т. Вследствие на това й е причинил лека телесна повреда. На 08.12.2025 г. около 22,30 часа в ж.к. „Люлин“ в гр. София Р.Т. е нанесъл удари с юмруци в областта на главата на съпругата си й е причинил лека телесна повреда, като деянието е извършено спрямо бременна жена. По същото време, той й се заканил с убийство като й казал: „Скоро ти и детето в корема ти ще умрете“. На 09.12.2025 г. около 13,20 часа в ж.к. „Люлин“ в гр. София обвиняемият е нанесъл удари с юмруци в областта на главата, както и удар с ръка в областта на лицето на пострадалата. Вследствие на ударите, той й е причинил лека телесна повреда. Деянията са извършени в условията на домашно насилие. По случая е образувано досъдебно производство за престъпления чл. 131, ал.1, т.4 и т.5а, вр. чл.130, ал.2, вр. чл.26, ал.1 от НК и по чл.144, ал. 3, т.1 и т.3, вр. ал. 1 от НК, за които се предвижда наказание „лишаване от свобода“. С постановление на наблюдаващ прокурор Р.Т. е бил задържан за срок до 72 часа. Прокурор е внесъл искане в Софийски районен съд за определяне на постоянна мярка за неотклонение „задържане под стража“ спрямо обвиняемия. Състав на съда се е съгласил с искането и му е наложил най-тежката мярка за неотклонение „задържане под стража“. Мярката подлежи на обжалване пред Софийски градски съд. Последвайте ни за още актуални новини в Google News Showcase Последвайте btvnovinite.bg във VIBER Последвайте btvnovinite.bg в INSTAGRAM Последвайте btvnovinite.bg във FACEBOOK Последвайте btvnovinite.bg в TIKTOK  from source: btvnovinite.bg was successfully added to the BaseWebsite._data_dict
25-04-2026 10:41:03 INFO     	For media btvnovinite.bg (TV news) searching in page https://btvnovinite.bg/bulgaria/?page=249	The number of found articles is: 45
25-04-2026 10:41:03 INFO     Info: ('btvnovinite.bg', 'TV news')
Current page is 249
25-04-2026 10:41:03 INFO     	For media btvnovinite.bg (TV news) searching in page https://btvnovinite.bg/bulgaria/?page=250	The number of found articles is: 45
25-04-2026 10:41:03 INFO     Info: ('btvnovinite.bg', 'TV news')
Current page is 250
25-04-2026 10:41:04 INFO     	For media btvnovinite.bg (TV news) searching in page https://btvnovinite.bg/bulgaria/?page=251	The number of found articles is: 45
25-04-2026 10:41:04 INFO     Info: ('btvnovinite.bg', 'TV news')
Current page is 251
25-04-2026 10:41:05 INFO     ---News article: <<< Отличиха служител на МВР, спасил жена от удавяне, за полицай на годината >>> was not included in the data because none of BaseWebsite._second_level keywords were found in the article text Article url: https://btvnovinite.bg/bulgaria/otlichiha-sluzhitel-na-mvr-spasil-zhena-ot-udavjane-za-policaj-na-godinata.html
25-04-2026 10:41:05 INFO     	For media btvnovinite.bg (TV news) searching in page https://btvnovinite.bg/bulgaria/?page=252	The number of found articles is: 45
25-04-2026 10:41:05 INFO     Info: ('btvnovinite.bg', 'TV news')
Current page is 252
25-04-2026 10:41:05 INFO     	For media btvnovinite.bg (TV news) searching in page https://btvnovinite.bg/bulgaria/?page=253	The number of found articles is: 45
25-04-2026 10:41:05 INFO     Info: ('btvnovinite.bg', 'TV news')
Current page is 253
25-04-2026 10:41:05 INFO     	For media btvnovinite.bg (TV news) searching in page https://btvnovinite.bg/bulgaria/?page=254	The number of found articles is: 45
25-04-2026 10:41:05 INFO     Info: ('btvnovinite.bg', 'TV news')
Current page is 254
25-04-2026 10:41:06 INFO     ---Article with title: Мъжът, блъснал кола и ранил жена на "Цариградско шосе", е бил с 1,89 промила (ВИДЕО) was not added because contains words from article title exclusion list: [' кола', 'блъсна']
25-04-2026 10:41:06 INFO     	For media btvnovinite.bg (TV news) searching in page https://btvnovinite.bg/bulgaria/?page=255	The number of found articles is: 45
25-04-2026 10:41:06 INFO     Info: ('btvnovinite.bg', 'TV news')
Current page is 255
25-04-2026 10:41:06 INFO     	For media btvnovinite.bg (TV news) searching in page https://btvnovinite.bg/bulgaria/?page=256	The number of found articles is: 45
25-04-2026 10:41:06 INFO     Info: ('btvnovinite.bg', 'TV news')
Current page is 256
25-04-2026 10:41:06 INFO     	For media btvnovinite.bg (TV news) searching in page https://btvnovinite.bg/bulgaria/?page=257	The number of found articles is: 45
25-04-2026 10:41:06 INFO     Info: ('btvnovinite.bg', 'TV news')
Current page is 257
25-04-2026 10:41:07 INFO     ---Article with title: Момичето, единствено оцеляло от жестоката катастрофа в Пловдив, e в съзнание (ВИДЕО) was not added because contains words from article title exclusion list: ['катастроф']
25-04-2026 10:41:07 INFO     	For media btvnovinite.bg (TV news) searching in page https://btvnovinite.bg/bulgaria/?page=258	The number of found articles is: 45
25-04-2026 10:41:07 INFO     Info: ('btvnovinite.bg', 'TV news')
Current page is 258
25-04-2026 10:41:07 INFO     	For media btvnovinite.bg (TV news) searching in page https://btvnovinite.bg/bulgaria/?page=259	The number of found articles is: 45
25-04-2026 10:41:07 INFO     Info: ('btvnovinite.bg', 'TV news')
Current page is 259
25-04-2026 10:41:08 INFO     	For media btvnovinite.bg (TV news) searching in page https://btvnovinite.bg/bulgaria/?page=260	The number of found articles is: 45
25-04-2026 10:41:08 INFO     Info: ('btvnovinite.bg', 'TV news')
Current page is 260
25-04-2026 10:41:08 INFO     	For media btvnovinite.bg (TV news) searching in page https://btvnovinite.bg/bulgaria/?page=261	The number of found articles is: 45
25-04-2026 10:41:08 INFO     Info: ('btvnovinite.bg', 'TV news')
Current page is 261
25-04-2026 10:41:08 INFO     	For media btvnovinite.bg (TV news) searching in page https://btvnovinite.bg/bulgaria/?page=262	The number of found articles is: 45
25-04-2026 10:41:08 INFO     Info: ('btvnovinite.bg', 'TV news')
Current page is 262
25-04-2026 10:41:09 INFO     +++ Records for the news with „Удрян с палка и напръскан с лютив спрей“: Пред bTV говори майката на задържания Николай with url https://btvnovinite.bg/bulgaria/udrjan-s-palka-i-napraskan-s-ljutiv-sprej-pred-btv-govori-majkata-na-zadarzhanija-nikolaj-aleksiev.html and text Майката на 21-годишния Николай Алексиев разказа пред bTV, че върху сина ѝ е упражнено полицейско насилие. Десислава Алексиева заяви, че в нощта на масовите антиправителствени протести в София синът ѝ е бил бит и незаконно арестуван. Момчето получава травма на главата. „Бива спънат от полицай. Пада на земята - бива ударен с палка и напръскан с лютив спрей. Отива да потърси лекарска помощ в ИСУЛ и след това се връща на протеста. До магазин за алкохол и цигари е арестуван, заедно с другото момче, с което не са се познавали“, разказа Десислава Алексиева. Жената каза още, че тя също е била на протеста.  Научава от телевизията, че синът ѝ е задържан. „Имало е побой над Николай в полицейското управление. Той, макар че е с травма на главата, има спомен, помни номерата на полицаите, които са го удряли. Спрели са едва когато цивилен ги е прекъснал, защото има камери в ареста“, заяви майката. На въпрос как би определила сина си - като мирно протестиращ или провокатор, жената отговори: „Протестиращ“. Тя заяви, че синът ѝ не е участвал в чупенето на партийните централи и не е вандалствал. Признава, че е гледала кадрите от протеста със сина ѝ. „Няколко хвърлени боклука не представляват опасност за обществото, както институционализираното насилие. Когато той арестуван – той не е с маска. Вероятността той да е бил с маска, защото е имало дим, е много по-голяма от това, че се е криел. Ако искаше да се крие, нямаше да е с ярко жълто-лилаво яке“, посочи Алексиева. Тя каза още, че насилие над сина ѝ е имало и в ареста: „По данни, които имам – не е от полицаи от Пето РУ, не му е оказана медицинска помощ. До този момент, след малко ще се гледа делото, Николай не е получил медицинска помощ. Аргументът – не си е поискал“. Тя призова за справедлив процес и да не се прилага показност от страна на прокуратурата. Цялото интервю с майката на Николай Алексиев гледайте в bTV Новините в 19 ч. Последвайте ни за още актуални новини в Google News Showcase Последвайте btvnovinite.bg във VIBER Последвайте btvnovinite.bg в INSTAGRAM Последвайте btvnovinite.bg във FACEBOOK Последвайте btvnovinite.bg в TIKTOK from source: btvnovinite.bg was successfully added to the BaseWebsite._data_dict
25-04-2026 10:41:09 INFO     	For media btvnovinite.bg (TV news) searching in page https://btvnovinite.bg/bulgaria/?page=263	The number of found articles is: 46
25-04-2026 10:41:09 INFO     Info: ('btvnovinite.bg', 'TV news')
Current page is 263
25-04-2026 10:41:10 INFO     ---Article with title: Мъж загина при тежка катастрофа в Шуменско, жена е в болница was not added because contains words from article title exclusion list: ['катастроф']
25-04-2026 10:41:10 INFO     ---Article with title: 25 мигранти, сред които жени и деца, намерени в апартаменти в София, 10 са арестувани was not added because contains words from article title exclusion list: ['мигранти', 'деца']
25-04-2026 10:41:10 INFO     ***Article with title: <<< Задържаха мъж, пребил 76-годишната си майка >>> already existed within the media archive as URL and Title. 
25-04-2026 10:41:10 INFO     	For media btvnovinite.bg (TV news) searching in page https://btvnovinite.bg/bulgaria/?page=264	The number of found articles is: 46
25-04-2026 10:41:10 INFO     Info: ('btvnovinite.bg', 'TV news')
Current page is 264
25-04-2026 10:41:10 INFO     The info of the df after transform it from the _data_dict is: (46, 9) (rows/cols)
25-04-2026 10:41:10 INFO     Info: ('btvnovinite.bg', 'TV news')
Last page was: 264
25-04-2026 10:41:10 INFO     The 'export/btvnovinite.bg/btvnovinite.bg_archive.csv' was updated with 46 articles
25-04-2026 10:41:10 INFO     @The article collection for btvnovinite.bg is done!
25-04-2026 10:41:10 INFO     Opening: 'export/bntnews.bg/bntnews.bg_archive.csv' >>>
25-04-2026 10:41:10 INFO     	For media bntnews.bg (TV news) searching in page https://bntnews.bg/bg/c/bulgaria?page=1	The number of found articles is: 0
25-04-2026 10:41:10 INFO     Info: ('bntnews.bg', 'TV news')
Current page is 1
25-04-2026 10:41:11 INFO     ***Can't find the html section/box by self.section_class or self.title_class
25-04-2026 10:41:11 INFO     ***!get_data function interruption for some reason
25-04-2026 10:41:11 INFO     	For media bntnews.bg (TV news) searching in page https://bntnews.bg/bg/c/bulgaria?page=2	The number of found articles is: 0
25-04-2026 10:41:11 INFO     Info: ('bntnews.bg', 'TV news')
Current page is 2
25-04-2026 10:41:11 INFO     The info of the df after transform it from the _data_dict is: (0, 9) (rows/cols)
25-04-2026 10:41:11 INFO     Info: ('bntnews.bg', 'TV news')
Last page was: 2
25-04-2026 10:41:11 INFO     The 'export/bntnews.bg/bntnews.bg_archive.csv' was updated with 0 articles
25-04-2026 10:41:11 INFO     @The article collection for bntnews.bg is done!
25-04-2026 10:41:11 INFO     Opening: 'export/nova.bg/nova.bg_archive.csv' >>>
25-04-2026 10:41:11 INFO     	For media nova.bg (TV news) searching in page https://nova.bg/news/category/2/%D0%B1%D1%8A%D0%BB%D0%B3%D0%B0%D1%80%D0%B8%D1%8F/1	The number of found articles is: 0
25-04-2026 10:41:11 INFO     Info: ('nova.bg', 'TV news')
Current page is 1
25-04-2026 10:41:11 INFO     	For media nova.bg (TV news) searching in page https://nova.bg/news/category/2/%D0%B1%D1%8A%D0%BB%D0%B3%D0%B0%D1%80%D0%B8%D1%8F/2	The number of found articles is: 0
25-04-2026 10:41:11 INFO     Info: ('nova.bg', 'TV news')
Current page is 2
25-04-2026 10:41:11 INFO     	For media nova.bg (TV news) searching in page https://nova.bg/news/category/2/%D0%B1%D1%8A%D0%BB%D0%B3%D0%B0%D1%80%D0%B8%D1%8F/3	The number of found articles is: 0
25-04-2026 10:41:11 INFO     Info: ('nova.bg', 'TV news')
Current page is 3
25-04-2026 10:41:11 INFO     	For media nova.bg (TV news) searching in page https://nova.bg/news/category/2/%D0%B1%D1%8A%D0%BB%D0%B3%D0%B0%D1%80%D0%B8%D1%8F/4	The number of found articles is: 0
25-04-2026 10:41:11 INFO     Info: ('nova.bg', 'TV news')
Current page is 4
25-04-2026 10:41:11 INFO     	For media nova.bg (TV news) searching in page https://nova.bg/news/category/2/%D0%B1%D1%8A%D0%BB%D0%B3%D0%B0%D1%80%D0%B8%D1%8F/5	The number of found articles is: 0
25-04-2026 10:41:11 INFO     Info: ('nova.bg', 'TV news')
Current page is 5
25-04-2026 10:41:12 INFO     	For media nova.bg (TV news) searching in page https://nova.bg/news/category/2/%D0%B1%D1%8A%D0%BB%D0%B3%D0%B0%D1%80%D0%B8%D1%8F/6	The number of found articles is: 0
25-04-2026 10:41:12 INFO     Info: ('nova.bg', 'TV news')
Current page is 6
25-04-2026 10:41:13 INFO     +++ Records for the news with Все още търсят кръводарители за жената, подпалена от мъжа си в Ситово with url https://nova.bg/news/view/2026/04/23/534858/%D0%B2%D1%81%D0%B5-%D0%BE%D1%89%D0%B5-%D1%82%D1%8A%D1%80%D1%81%D1%8F%D1%82-%D0%BA%D1%80%D1%8A%D0%B2%D0%BE%D0%B4%D0%B0%D1%80%D0%B8%D1%82%D0%B5%D0%BB%D0%B8-%D0%B7%D0%B0-%D0%B6%D0%B5%D0%BD%D0%B0%D1%82%D0%B0-%D0%BF%D0%BE%D0%B4%D0%BF%D0%B0%D0%BB%D0%B5%D0%BD%D0%B0-%D0%BE%D1%82-%D0%BC%D1%8A%D0%B6%D0%B0-%D1%81%D0%B8-%D0%B2-%D1%81%D0%B8%D1%82%D0%BE%D0%B2%D0%BE/ and text След интензивни грижи и проведеното до момента лечение, лекарите в УМБАЛ „Медика Русе“ успяват да овладеят критичното състояние на пациентката от с. Ситово, която по данни на полицията е била залята със спирт и запалена от мъжа, с когото е живеела на семейни начала. Случаят е от 12 април. Тя е изведена от реанимация и лечението ѝ продължава в Отделението по пластично-възстановителна и реконструктивна хирургия. Жената е екстубирана и контактна, но състоянието ѝ остава тежко. „Сестра ми беше изгоряла от гърдите нагоре“: Спешно търсят кръводарители за жената, подпалена от мъжа си в Ситово С пациентката работят мултидисциплинарни екипи, предвид тежестта на травмите. Още днес ѝ предстои нова оперативна интервенция на засегнатите зони. До момента са извършени 3 почиствания с превръзки на увредените тъкани, както и 2 пластики на изгорелите области в зоните на главата, шията, гърдите и горните крайници. Проведени са консултации с психиатър, а в грижата за нея са включени и психолози, които оказват необходимата подкрепа в процеса на лечението и възстановяването. Мъж запали жена си в Силистренско и се самоуби Необходимостта от кръв и кръвни продукти продължава, тъй като предстоят още интервенции. Семейството на пациентката и УМБАЛ „Медика Русе“ благодарят на всички кръводарители, които до момента са се отзовали и са помогнали в този изключително труден момент. Желаещите да дарят кръв могат да го направят в отделенията по трансфузионна хематология в Русе, Разград, Плевен, Габрово, Велико Търново и Ловеч. Екипите на болницата продължават да полагат всички необходими усилия за лечението на пациентката. Последвайте ни from source: nova.bg was successfully added to the BaseWebsite._data_dict
25-04-2026 10:41:13 INFO     	For media nova.bg (TV news) searching in page https://nova.bg/news/category/2/%D0%B1%D1%8A%D0%BB%D0%B3%D0%B0%D1%80%D0%B8%D1%8F/7	The number of found articles is: 1
25-04-2026 10:41:13 INFO     Info: ('nova.bg', 'TV news')
Current page is 7
25-04-2026 10:41:13 INFO     ---Article with title: След катастрофата с автобус: Две ранени жени остават на лечение в УМБАЛ-Бургас was not added because contains words from article title exclusion list: ['катастроф', 'автобус']
25-04-2026 10:41:13 INFO     	For media nova.bg (TV news) searching in page https://nova.bg/news/category/2/%D0%B1%D1%8A%D0%BB%D0%B3%D0%B0%D1%80%D0%B8%D1%8F/8	The number of found articles is: 1
25-04-2026 10:41:13 INFO     Info: ('nova.bg', 'TV news')
Current page is 8
25-04-2026 10:41:13 INFO     	For media nova.bg (TV news) searching in page https://nova.bg/news/category/2/%D0%B1%D1%8A%D0%BB%D0%B3%D0%B0%D1%80%D0%B8%D1%8F/9	The number of found articles is: 1
25-04-2026 10:41:13 INFO     Info: ('nova.bg', 'TV news')
Current page is 9
25-04-2026 10:41:13 INFO     	For media nova.bg (TV news) searching in page https://nova.bg/news/category/2/%D0%B1%D1%8A%D0%BB%D0%B3%D0%B0%D1%80%D0%B8%D1%8F/10	The number of found articles is: 1
25-04-2026 10:41:13 INFO     Info: ('nova.bg', 'TV news')
Current page is 10
25-04-2026 10:41:13 INFO     	For media nova.bg (TV news) searching in page https://nova.bg/news/category/2/%D0%B1%D1%8A%D0%BB%D0%B3%D0%B0%D1%80%D0%B8%D1%8F/11	The number of found articles is: 1
25-04-2026 10:41:13 INFO     Info: ('nova.bg', 'TV news')
Current page is 11
25-04-2026 10:41:13 INFO     	For media nova.bg (TV news) searching in page https://nova.bg/news/category/2/%D0%B1%D1%8A%D0%BB%D0%B3%D0%B0%D1%80%D0%B8%D1%8F/12	The number of found articles is: 1
25-04-2026 10:41:13 INFO     Info: ('nova.bg', 'TV news')
Current page is 12
25-04-2026 10:41:13 INFO     	For media nova.bg (TV news) searching in page https://nova.bg/news/category/2/%D0%B1%D1%8A%D0%BB%D0%B3%D0%B0%D1%80%D0%B8%D1%8F/13	The number of found articles is: 1
25-04-2026 10:41:13 INFO     Info: ('nova.bg', 'TV news')
Current page is 13
25-04-2026 10:41:14 INFO     +++ Records for the news with Намушкаха жена в дланта и бедрото, задържан е мъжът ѝ with url https://nova.bg/news/view/2026/04/21/534581/%D0%BD%D0%B0%D0%BC%D1%83%D1%88%D0%BA%D0%B0%D1%85%D0%B0-%D0%B6%D0%B5%D0%BD%D0%B0-%D0%B2-%D0%B4%D0%BB%D0%B0%D0%BD%D1%82%D0%B0-%D0%B8-%D0%B1%D0%B5%D0%B4%D1%80%D0%BE%D1%82%D0%BE-%D0%B7%D0%B0%D0%B4%D1%8A%D1%80%D0%B6%D0%B0%D0%BD-%D0%B5-%D0%BC%D1%8A%D0%B6%D1%8A%D1%82-%D1%9D/ and text Мъж е задържан за нападение с нож срещу жена в добричкото село Орляк, община Тервел. Сигналът за нападението е подаден в понеделник. По първоначални данни 61-годишен мъж, след употреба на алкохол, е нанесъл прободни рани на жената, с която живее на семейни начала. Пострадалата е получила наранявания в областта на дланта и бедрото. Тя е била прегледана от медицински екип на място, като раните са обработени, а жената е отказала хоспитализация. Арестуваха баща за смъртта на детето му, жена му и дъщеря му са с тежки наранявания Заподозреният е задържан и отведен в Районното управление на МВР в Тервел. По случая е образувано досъдебно производство. Последвайте ни from source: nova.bg was successfully added to the BaseWebsite._data_dict
25-04-2026 10:41:14 INFO     	For media nova.bg (TV news) searching in page https://nova.bg/news/category/2/%D0%B1%D1%8A%D0%BB%D0%B3%D0%B0%D1%80%D0%B8%D1%8F/14	The number of found articles is: 2
25-04-2026 10:41:14 INFO     Info: ('nova.bg', 'TV news')
Current page is 14
25-04-2026 10:41:14 INFO     	For media nova.bg (TV news) searching in page https://nova.bg/news/category/2/%D0%B1%D1%8A%D0%BB%D0%B3%D0%B0%D1%80%D0%B8%D1%8F/15	The number of found articles is: 2
25-04-2026 10:41:14 INFO     Info: ('nova.bg', 'TV news')
Current page is 15
25-04-2026 10:41:14 INFO     	For media nova.bg (TV news) searching in page https://nova.bg/news/category/2/%D0%B1%D1%8A%D0%BB%D0%B3%D0%B0%D1%80%D0%B8%D1%8F/16	The number of found articles is: 2
25-04-2026 10:41:14 INFO     Info: ('nova.bg', 'TV news')
Current page is 16
25-04-2026 10:41:14 INFO     	For media nova.bg (TV news) searching in page https://nova.bg/news/category/2/%D0%B1%D1%8A%D0%BB%D0%B3%D0%B0%D1%80%D0%B8%D1%8F/17	The number of found articles is: 2
25-04-2026 10:41:14 INFO     Info: ('nova.bg', 'TV news')
Current page is 17
25-04-2026 10:41:14 INFO     	For media nova.bg (TV news) searching in page https://nova.bg/news/category/2/%D0%B1%D1%8A%D0%BB%D0%B3%D0%B0%D1%80%D0%B8%D1%8F/18	The number of found articles is: 2
25-04-2026 10:41:14 INFO     Info: ('nova.bg', 'TV news')
Current page is 18
25-04-2026 10:41:15 INFO     	For media nova.bg (TV news) searching in page https://nova.bg/news/category/2/%D0%B1%D1%8A%D0%BB%D0%B3%D0%B0%D1%80%D0%B8%D1%8F/19	The number of found articles is: 2
25-04-2026 10:41:15 INFO     Info: ('nova.bg', 'TV news')
Current page is 19
25-04-2026 10:41:15 INFO     	For media nova.bg (TV news) searching in page https://nova.bg/news/category/2/%D0%B1%D1%8A%D0%BB%D0%B3%D0%B0%D1%80%D0%B8%D1%8F/20	The number of found articles is: 2
25-04-2026 10:41:15 INFO     Info: ('nova.bg', 'TV news')
Current page is 20
25-04-2026 10:41:15 INFO     	For media nova.bg (TV news) searching in page https://nova.bg/news/category/2/%D0%B1%D1%8A%D0%BB%D0%B3%D0%B0%D1%80%D0%B8%D1%8F/21	The number of found articles is: 2
25-04-2026 10:41:15 INFO     Info: ('nova.bg', 'TV news')
Current page is 21
25-04-2026 10:41:15 INFO     	For media nova.bg (TV news) searching in page https://nova.bg/news/category/2/%D0%B1%D1%8A%D0%BB%D0%B3%D0%B0%D1%80%D0%B8%D1%8F/22	The number of found articles is: 2
25-04-2026 10:41:15 INFO     Info: ('nova.bg', 'TV news')
Current page is 22
25-04-2026 10:41:16 INFO     +++ Records for the news with „Сестра ми беше изгоряла от гърдите нагоре“: Спешно търсят кръводарители за жената, подпалена от мъжа си в Ситово with url https://nova.bg/news/view/2026/04/16/533929/%D1%81%D0%B5%D1%81%D1%82%D1%80%D0%B0-%D0%BC%D0%B8-%D0%B1%D0%B5%D1%88%D0%B5-%D0%B8%D0%B7%D0%B3%D0%BE%D1%80%D1%8F%D0%BB%D0%B0-%D0%BE%D1%82-%D0%B3%D1%8A%D1%80%D0%B4%D0%B8%D1%82%D0%B5-%D0%BD%D0%B0%D0%B3%D0%BE%D1%80%D0%B5-%D1%81%D0%BF%D0%B5%D1%88%D0%BD%D0%BE-%D1%82%D1%8A%D1%80%D1%81%D1%8F%D1%82-%D0%BA%D1%80%D1%8A%D0%B2%D0%BE%D0%B4%D0%B0%D1%80%D0%B8%D1%82%D0%B5%D0%BB%D0%B8-%D0%B7%D0%B0-%D0%B6%D0%B5%D0%BD%D0%B0%D1%82%D0%B0-%D0%BF%D0%BE%D0%B4%D0%BF%D0%B0%D0%BB%D0%B5%D0%BD%D0%B0-%D0%BE%D1%82-%D0%BC%D1%8A%D0%B6%D0%B0-%D1%81%D0%B8-%D0%B2-%D1%81%D0%B8%D1%82%D0%BE%D0%B2%D0%BE/ and text Лекари в университетската болница „Медика“ в Русе се борят за живота на 48-годишната Стефка Колева, която е жертва на опит за убийство. Случаят е от силистренското село Ситово. По информация на полицията, на 12 април мъжът, с когото тя живеела на семейни начала, я залял със спирт и я подпалил, след което се самоубил. Сега близките на жената се опитват да осигурят кръводарители, тъй като състоянието ѝ е критично. Роднините разказват, че тя е била жертва на системен тормоз в продължение на месеци. Сестрата на Стефка описва момента, в който пострадалата ѝ се е обадила след нападението. Мъж запали жена си в Силистренско и се самоуби „Каза ми: „Ела бързо, горя, изгорях“. Попитах я къде е и тя каза, че е в общежитието“, разказва жената. Тя незабавно уведомява своя племенник, който първи стига до мястото. По думите ѝ, когато влизат в стаята, заварват пострадалата с тежки изгаряния по тялото от кръста нагоре. Въпреки състоянието си, тя успява да каже, че е била залята със запалителна течност и подпалена. Близките твърдят, че насилието не било инцидентно, а продължавало от около 6 месеца. Според дъщерята на Стефка мъжът упражнявал и постоянен психически тормоз и не оставял половинката си на спокойствие, включително чрез непрекъснати обаждания. Семейството посочва, че е правило опити да отдели Стефка от партньора ѝ, но без успех, тъй като той продължавал да я преследва. След първоначално лечение в болницата в Силистра, пострадалата е транспортирана в „Медика“ в Русе, където е настанена в отделение по изгаряния. Лекарите съобщават, че състоянието ѝ остава критично и тя се нуждае от множество операции и сериозни количества кръв. Близките вече са отправили спешен апел за кръводаряване. По думите им само за един ден са необходими поне двама дарители, а предстоят още операции с голяма кръвозагуба. Жената е с кръвна група нулева положителна, но според лекарите при спешни случаи може да се дарява кръв от различни групи. Кръводаряване може да се извърши в Русе, Разград, Велико Търново, Ловеч и Плевен. Всеки желаещ може да отиде до отделението по трансфузионна хематология в Русе, като посочи, че дарява кръв за пациентката Стефка Теменужкова Колева, която е в реанимация. Последвайте ни from source: nova.bg was successfully added to the BaseWebsite._data_dict
25-04-2026 10:41:16 INFO     	For media nova.bg (TV news) searching in page https://nova.bg/news/category/2/%D0%B1%D1%8A%D0%BB%D0%B3%D0%B0%D1%80%D0%B8%D1%8F/23	The number of found articles is: 3
25-04-2026 10:41:16 INFO     Info: ('nova.bg', 'TV news')
Current page is 23
25-04-2026 10:41:16 INFO     ---Article with title: Въздушната линейка транспортира жена с тежко мозъчно заболяване от Панагюрище до София was not added because contains words from article title exclusion list: ['тир']
25-04-2026 10:41:16 INFO     	For media nova.bg (TV news) searching in page https://nova.bg/news/category/2/%D0%B1%D1%8A%D0%BB%D0%B3%D0%B0%D1%80%D0%B8%D1%8F/24	The number of found articles is: 3
25-04-2026 10:41:16 INFO     Info: ('nova.bg', 'TV news')
Current page is 24
25-04-2026 10:41:16 INFO     ---Article with title: Две деца и две жени пострадаха тежко при катастрофа на „Струма“ was not added because contains words from article title exclusion list: ['катастроф', 'деца']
25-04-2026 10:41:16 INFO     	For media nova.bg (TV news) searching in page https://nova.bg/news/category/2/%D0%B1%D1%8A%D0%BB%D0%B3%D0%B0%D1%80%D0%B8%D1%8F/25	The number of found articles is: 3
25-04-2026 10:41:16 INFO     Info: ('nova.bg', 'TV news')
Current page is 25
25-04-2026 10:41:16 INFO     	For media nova.bg (TV news) searching in page https://nova.bg/news/category/2/%D0%B1%D1%8A%D0%BB%D0%B3%D0%B0%D1%80%D0%B8%D1%8F/26	The number of found articles is: 3
25-04-2026 10:41:16 INFO     Info: ('nova.bg', 'TV news')
Current page is 26
25-04-2026 10:41:16 INFO     	For media nova.bg (TV news) searching in page https://nova.bg/news/category/2/%D0%B1%D1%8A%D0%BB%D0%B3%D0%B0%D1%80%D0%B8%D1%8F/27	The number of found articles is: 3
25-04-2026 10:41:16 INFO     Info: ('nova.bg', 'TV news')
Current page is 27
25-04-2026 10:41:17 INFO     +++ Records for the news with Мъж запали жена си в Силистренско и се самоуби with url https://nova.bg/news/view/2026/04/14/533690/%D0%BC%D1%8A%D0%B6-%D0%B7%D0%B0%D0%BF%D0%B0%D0%BB%D0%B8-%D0%B6%D0%B5%D0%BD%D0%B0-%D1%81%D0%B8-%D0%B2-%D1%81%D0%B8%D0%BB%D0%B8%D1%81%D1%82%D1%80%D0%B5%D0%BD%D1%81%D0%BA%D0%BE-%D0%B8-%D1%81%D0%B5-%D1%81%D0%B0%D0%BC%D0%BE%D1%83%D0%B1%D0%B8/ and text Мъж причини тежки изгаряния на жената, с която живеел на семейни начала, след което сложи край на живота си в силистренското село Ситово. Това съобщиха от ОДМВР – Силистра. Сигналът на телефон 112 е подаден около 17:30 ч. на 12 април. Жена пострада тежко след взрив на газова бутилка в Шумен По първоначална информация от разследването 43-годишният мъж залял с течност и подпалил 48-годишната жена в общежитие в селото, след което се самоубил. При огледа полицията открила тялото му на балкона, без видими следи от насилие. Пострадалата е с тежки изгаряния и с опасност за живота. Първоначално е транспортирана в болницата в Силистра, а по-късно е преместена в Русе. По случая е образувано досъдебно производство, като разследването продължава под надзора на прокуратурата. Последвайте ни from source: nova.bg was successfully added to the BaseWebsite._data_dict
25-04-2026 10:41:17 INFO     	For media nova.bg (TV news) searching in page https://nova.bg/news/category/2/%D0%B1%D1%8A%D0%BB%D0%B3%D0%B0%D1%80%D0%B8%D1%8F/28	The number of found articles is: 4
25-04-2026 10:41:17 INFO     Info: ('nova.bg', 'TV news')
Current page is 28
25-04-2026 10:41:17 INFO     ---News article: <<< Вярващите отдават почит на Божията майка >>> was not included in the data because none of BaseWebsite._second_level keywords were found in the article text Article url: https://nova.bg/news/view/2026/04/14/533645/%D0%B2%D1%8F%D1%80%D0%B2%D0%B0%D1%89%D0%B8%D1%82%D0%B5-%D0%BE%D1%82%D0%B4%D0%B0%D0%B2%D0%B0%D1%82-%D0%BF%D0%BE%D1%87%D0%B8%D1%82-%D0%BD%D0%B0-%D0%B1%D0%BE%D0%B6%D0%B8%D1%8F%D1%82%D0%B0-%D0%BC%D0%B0%D0%B9%D0%BA%D0%B0/
25-04-2026 10:41:17 INFO     	For media nova.bg (TV news) searching in page https://nova.bg/news/category/2/%D0%B1%D1%8A%D0%BB%D0%B3%D0%B0%D1%80%D0%B8%D1%8F/29	The number of found articles is: 4
25-04-2026 10:41:17 INFO     Info: ('nova.bg', 'TV news')
Current page is 29
25-04-2026 10:41:17 INFO     	For media nova.bg (TV news) searching in page https://nova.bg/news/category/2/%D0%B1%D1%8A%D0%BB%D0%B3%D0%B0%D1%80%D0%B8%D1%8F/30	The number of found articles is: 4
25-04-2026 10:41:17 INFO     Info: ('nova.bg', 'TV news')
Current page is 30
25-04-2026 10:41:17 INFO     	For media nova.bg (TV news) searching in page https://nova.bg/news/category/2/%D0%B1%D1%8A%D0%BB%D0%B3%D0%B0%D1%80%D0%B8%D1%8F/31	The number of found articles is: 4
25-04-2026 10:41:17 INFO     Info: ('nova.bg', 'TV news')
Current page is 31
25-04-2026 10:41:18 INFO     	For media nova.bg (TV news) searching in page https://nova.bg/news/category/2/%D0%B1%D1%8A%D0%BB%D0%B3%D0%B0%D1%80%D0%B8%D1%8F/32	The number of found articles is: 4
25-04-2026 10:41:18 INFO     Info: ('nova.bg', 'TV news')
Current page is 32
25-04-2026 10:41:18 INFO     +++ Records for the news with Приказка от порцелан: Жената с най-голямата колекция от фигурки в Източна Европа (ВИДЕО) with url https://nova.bg/news/view/2026/04/12/533499/%D0%BF%D1%80%D0%B8%D0%BA%D0%B0%D0%B7%D0%BA%D0%B0-%D0%BE%D1%82-%D0%BF%D0%BE%D1%80%D1%86%D0%B5%D0%BB%D0%B0%D0%BD-%D0%B6%D0%B5%D0%BD%D0%B0%D1%82%D0%B0-%D1%81-%D0%BD%D0%B0%D0%B9-%D0%B3%D0%BE%D0%BB%D1%8F%D0%BC%D0%B0%D1%82%D0%B0-%D0%BA%D0%BE%D0%BB%D0%B5%D0%BA%D1%86%D0%B8%D1%8F-%D0%BE%D1%82-%D1%84%D0%B8%D0%B3%D1%83%D1%80%D0%BA%D0%B8-%D0%B2-%D0%B8%D0%B7%D1%82%D0%BE%D1%87%D0%BD%D0%B0-%D0%B5%D0%B2%D1%80%D0%BE%D0%BF%D0%B0-%D0%B2%D0%B8%D0%B4%D0%B5%D0%BE/ and text В празничното утро на Великден рубриката „Нищо лично” ни пренесе в един свят, изтъкан от финес, история и много обич. Антоанета-Мария е притежателка на най-голямата колекция от порцеланови фигурки не само в България, но и в цяла Източна Европа. Нейният дом и 40-годишната ѝ книжарница в село Браниполе са приютили над 1000 изящни статуетки, всяка със своя собствена история. Всичко започва преди години в Гърция. Излизайки от църква, Антоанета-Мария забелязва в един антикварен магазин две фигурки, чийто поглед я пленява. „Взех ги на заем, изплащах ги цяла година, но трябваше да ги имам”, спомня си тя. Това е началото на една страст, която тя самата нарича „диагноза” или „проклятието на бялото злато”. „Като купиш една, не можеш да останеш само с нея. Всичко превръщам в порцелан. Готова съм да работя три пъти повече, за да си позволя следващата фигурка”, признава колекционерката. „Нищо лично”: Празнични одежди за яйцата от жива вълна (ВИДЕО) Животът на Антоанета-Мария е не по-малко пъстър от нейната колекция. Преди да се посвети на порцелана и книжарницата, тя е била сред най-добрите фризьори, живяла е на Канарските острови, а по-късно, за да докаже на себе си и на покойната си майка, че „може”, завършва Теология във Велико Търново. „Баща ми казва, че съм изживяла десет живота в един”, споделя с усмивка тя. За Антоанета-Мария творчеството винаги е било начин да премине през трудните моменти. Когато губи сестра си, тя започва да пише стихове и издава стихосбирка. След смъртта на майка си открива рисуването върху стъкло. В колекцията ѝ специално място заема дървена фигура на Дядо Добри, закупена от Литва по завет на дъщеря ѝ. „Това е като олтар. Когато влезна сутрин в книжарницата, им казвам „Добро утро”, питам ги дали са танцували през нощта – точно като цветята на малката Ида”, разказва тя. Въпреки огромната стойност на колекцията, на много от витрините стоят табелки „Не се продава”. Антоанета-Мария вярва, че тази красота не е само за нейните очи. „Планът ми е или община, или музей да прибере тези фигури. Тази красота не е за един човек, тя е за много очи”, категорична е тя. Докато това се случи, тя продължава да живее в своята приказка, заобиколена от порцелан, цветя и музика на грамофонни плочи. Повече гледайте във видеото. Последвайте ни from source: nova.bg was successfully added to the BaseWebsite._data_dict
25-04-2026 10:41:18 INFO     	For media nova.bg (TV news) searching in page https://nova.bg/news/category/2/%D0%B1%D1%8A%D0%BB%D0%B3%D0%B0%D1%80%D0%B8%D1%8F/33	The number of found articles is: 5
25-04-2026 10:41:18 INFO     Info: ('nova.bg', 'TV news')
Current page is 33
25-04-2026 10:41:18 INFO     	For media nova.bg (TV news) searching in page https://nova.bg/news/category/2/%D0%B1%D1%8A%D0%BB%D0%B3%D0%B0%D1%80%D0%B8%D1%8F/34	The number of found articles is: 5
25-04-2026 10:41:18 INFO     Info: ('nova.bg', 'TV news')
Current page is 34
25-04-2026 10:41:18 INFO     	For media nova.bg (TV news) searching in page https://nova.bg/news/category/2/%D0%B1%D1%8A%D0%BB%D0%B3%D0%B0%D1%80%D0%B8%D1%8F/35	The number of found articles is: 5
25-04-2026 10:41:18 INFO     Info: ('nova.bg', 'TV news')
Current page is 35
25-04-2026 10:41:19 INFO     	For media nova.bg (TV news) searching in page https://nova.bg/news/category/2/%D0%B1%D1%8A%D0%BB%D0%B3%D0%B0%D1%80%D0%B8%D1%8F/36	The number of found articles is: 5
25-04-2026 10:41:19 INFO     Info: ('nova.bg', 'TV news')
Current page is 36
25-04-2026 10:41:19 INFO     	For media nova.bg (TV news) searching in page https://nova.bg/news/category/2/%D0%B1%D1%8A%D0%BB%D0%B3%D0%B0%D1%80%D0%B8%D1%8F/37	The number of found articles is: 5
25-04-2026 10:41:19 INFO     Info: ('nova.bg', 'TV news')
Current page is 37
25-04-2026 10:41:19 INFO     	For media nova.bg (TV news) searching in page https://nova.bg/news/category/2/%D0%B1%D1%8A%D0%BB%D0%B3%D0%B0%D1%80%D0%B8%D1%8F/38	The number of found articles is: 5
25-04-2026 10:41:19 INFO     Info: ('nova.bg', 'TV news')
Current page is 38
25-04-2026 10:41:19 INFO     	For media nova.bg (TV news) searching in page https://nova.bg/news/category/2/%D0%B1%D1%8A%D0%BB%D0%B3%D0%B0%D1%80%D0%B8%D1%8F/39	The number of found articles is: 5
25-04-2026 10:41:19 INFO     Info: ('nova.bg', 'TV news')
Current page is 39
25-04-2026 10:41:19 INFO     ---Article with title: Камион блъсна и уби жена в София was not added because contains words from article title exclusion list: ['блъсна', 'камион']
25-04-2026 10:41:19 INFO     	For media nova.bg (TV news) searching in page https://nova.bg/news/category/2/%D0%B1%D1%8A%D0%BB%D0%B3%D0%B0%D1%80%D0%B8%D1%8F/40	The number of found articles is: 5
25-04-2026 10:41:19 INFO     Info: ('nova.bg', 'TV news')
Current page is 40
25-04-2026 10:41:19 INFO     	For media nova.bg (TV news) searching in page https://nova.bg/news/category/2/%D0%B1%D1%8A%D0%BB%D0%B3%D0%B0%D1%80%D0%B8%D1%8F/41	The number of found articles is: 5
25-04-2026 10:41:19 INFO     Info: ('nova.bg', 'TV news')
Current page is 41
25-04-2026 10:41:19 INFO     	For media nova.bg (TV news) searching in page https://nova.bg/news/category/2/%D0%B1%D1%8A%D0%BB%D0%B3%D0%B0%D1%80%D0%B8%D1%8F/42	The number of found articles is: 5
25-04-2026 10:41:19 INFO     Info: ('nova.bg', 'TV news')
Current page is 42
25-04-2026 10:41:20 INFO     	For media nova.bg (TV news) searching in page https://nova.bg/news/category/2/%D0%B1%D1%8A%D0%BB%D0%B3%D0%B0%D1%80%D0%B8%D1%8F/43	The number of found articles is: 5
25-04-2026 10:41:20 INFO     Info: ('nova.bg', 'TV news')
Current page is 43
25-04-2026 10:41:20 INFO     	For media nova.bg (TV news) searching in page https://nova.bg/news/category/2/%D0%B1%D1%8A%D0%BB%D0%B3%D0%B0%D1%80%D0%B8%D1%8F/44	The number of found articles is: 5
25-04-2026 10:41:20 INFO     Info: ('nova.bg', 'TV news')
Current page is 44
25-04-2026 10:41:20 INFO     ---Article with title: Следови кучета откриха диря на изчезналата жена от Ръжена, търсят я обратно в селото was not added because contains words from article title exclusion list: ['куче']
25-04-2026 10:41:20 INFO     	For media nova.bg (TV news) searching in page https://nova.bg/news/category/2/%D0%B1%D1%8A%D0%BB%D0%B3%D0%B0%D1%80%D0%B8%D1%8F/45	The number of found articles is: 5
25-04-2026 10:41:20 INFO     Info: ('nova.bg', 'TV news')
Current page is 45
25-04-2026 10:41:20 INFO     	For media nova.bg (TV news) searching in page https://nova.bg/news/category/2/%D0%B1%D1%8A%D0%BB%D0%B3%D0%B0%D1%80%D0%B8%D1%8F/46	The number of found articles is: 5
25-04-2026 10:41:20 INFO     Info: ('nova.bg', 'TV news')
Current page is 46
25-04-2026 10:41:20 INFO     	For media nova.bg (TV news) searching in page https://nova.bg/news/category/2/%D0%B1%D1%8A%D0%BB%D0%B3%D0%B0%D1%80%D0%B8%D1%8F/47	The number of found articles is: 5
25-04-2026 10:41:20 INFO     Info: ('nova.bg', 'TV news')
Current page is 47
25-04-2026 10:41:20 INFO     ---Article with title: Две жени получиха шанс за живот след донорска ситуация в София was not added because contains words from article title exclusion list: ['донор']
25-04-2026 10:41:20 INFO     	For media nova.bg (TV news) searching in page https://nova.bg/news/category/2/%D0%B1%D1%8A%D0%BB%D0%B3%D0%B0%D1%80%D0%B8%D1%8F/48	The number of found articles is: 5
25-04-2026 10:41:20 INFO     Info: ('nova.bg', 'TV news')
Current page is 48
25-04-2026 10:41:21 INFO     ---News article: <<< Продължава издирването на 79-годишната жена от Ръжена >>> was not included in the data because none of BaseWebsite._second_level keywords were found in the article text Article url: https://nova.bg/news/view/2026/04/06/532806/%D0%BF%D1%80%D0%BE%D0%B4%D1%8A%D0%BB%D0%B6%D0%B0%D0%B2%D0%B0-%D0%B8%D0%B7%D0%B4%D0%B8%D1%80%D0%B2%D0%B0%D0%BD%D0%B5%D1%82%D0%BE-%D0%BD%D0%B0-79-%D0%B3%D0%BE%D0%B4%D0%B8%D1%88%D0%BD%D0%B0%D1%82%D0%B0-%D0%B6%D0%B5%D0%BD%D0%B0-%D0%BE%D1%82-%D1%80%D1%8A%D0%B6%D0%B5%D0%BD%D0%B0/
25-04-2026 10:41:21 INFO     	For media nova.bg (TV news) searching in page https://nova.bg/news/category/2/%D0%B1%D1%8A%D0%BB%D0%B3%D0%B0%D1%80%D0%B8%D1%8F/49	The number of found articles is: 5
25-04-2026 10:41:21 INFO     Info: ('nova.bg', 'TV news')
Current page is 49
25-04-2026 10:41:21 INFO     	For media nova.bg (TV news) searching in page https://nova.bg/news/category/2/%D0%B1%D1%8A%D0%BB%D0%B3%D0%B0%D1%80%D0%B8%D1%8F/50	The number of found articles is: 5
25-04-2026 10:41:21 INFO     Info: ('nova.bg', 'TV news')
Current page is 50
25-04-2026 10:41:21 INFO     ---Article with title: Издирват 79-годишна жена край Казанлък, доброволци и полиция се включват в акцията was not added because contains words from article title exclusion list: ['добро']
25-04-2026 10:41:21 INFO     ---News article: <<< Издирват 79-годишна жена >>> was not included in the data because none of BaseWebsite._second_level keywords were found in the article text Article url: https://nova.bg/news/view/2026/04/04/532720/%D0%B8%D0%B7%D0%B4%D0%B8%D1%80%D0%B2%D0%B0%D1%82-79-%D0%B3%D0%BE%D0%B4%D0%B8%D1%88%D0%BD%D0%B0-%D0%B6%D0%B5%D0%BD%D0%B0/
25-04-2026 10:41:21 INFO     	For media nova.bg (TV news) searching in page https://nova.bg/news/category/2/%D0%B1%D1%8A%D0%BB%D0%B3%D0%B0%D1%80%D0%B8%D1%8F/51	The number of found articles is: 5
25-04-2026 10:41:21 INFO     Info: ('nova.bg', 'TV news')
Current page is 51
25-04-2026 10:41:21 INFO     	For media nova.bg (TV news) searching in page https://nova.bg/news/category/2/%D0%B1%D1%8A%D0%BB%D0%B3%D0%B0%D1%80%D0%B8%D1%8F/52	The number of found articles is: 5
25-04-2026 10:41:21 INFO     Info: ('nova.bg', 'TV news')
Current page is 52
25-04-2026 10:41:22 INFO     	For media nova.bg (TV news) searching in page https://nova.bg/news/category/2/%D0%B1%D1%8A%D0%BB%D0%B3%D0%B0%D1%80%D0%B8%D1%8F/53	The number of found articles is: 5
25-04-2026 10:41:22 INFO     Info: ('nova.bg', 'TV news')
Current page is 53
25-04-2026 10:41:22 INFO     ---News article: <<< „Искам 100 000 лева“: Жена опита да обере банка в София с фалшив пистолет >>> was not included in the data because none of BaseWebsite._second_level keywords were found in the article text Article url: https://nova.bg/news/view/2026/04/03/532615/%D0%B8%D1%81%D0%BA%D0%B0%D0%BC-100-000-%D0%BB%D0%B5%D0%B2%D0%B0-%D0%B6%D0%B5%D0%BD%D0%B0-%D0%BE%D0%BF%D0%B8%D1%82%D0%B0-%D0%B4%D0%B0-%D0%BE%D0%B1%D0%B5%D1%80%D0%B5-%D0%B1%D0%B0%D0%BD%D0%BA%D0%B0-%D0%B2-%D1%81%D0%BE%D1%84%D0%B8%D1%8F-%D1%81-%D1%84%D0%B0%D0%BB%D1%88%D0%B8%D0%B2-%D0%BF%D0%B8%D1%81%D1%82%D0%BE%D0%BB%D0%B5%D1%82/
25-04-2026 10:41:22 INFO     	For media nova.bg (TV news) searching in page https://nova.bg/news/category/2/%D0%B1%D1%8A%D0%BB%D0%B3%D0%B0%D1%80%D0%B8%D1%8F/54	The number of found articles is: 5
25-04-2026 10:41:22 INFO     Info: ('nova.bg', 'TV news')
Current page is 54
25-04-2026 10:41:22 INFO     	For media nova.bg (TV news) searching in page https://nova.bg/news/category/2/%D0%B1%D1%8A%D0%BB%D0%B3%D0%B0%D1%80%D0%B8%D1%8F/55	The number of found articles is: 5
25-04-2026 10:41:22 INFO     Info: ('nova.bg', 'TV news')
Current page is 55
25-04-2026 10:41:23 INFO     ---News article: <<< Затворник у дома: Жена от Стара Загора се бори за поставянето на рампа във входа на блока ѝ >>> was not included in the data because none of BaseWebsite._second_level keywords were found in the article text Article url: https://nova.bg/news/view/2026/04/03/532548/%D0%B7%D0%B0%D1%82%D0%B2%D0%BE%D1%80%D0%BD%D0%B8%D0%BA-%D1%83-%D0%B4%D0%BE%D0%BC%D0%B0-%D0%B6%D0%B5%D0%BD%D0%B0-%D0%BE%D1%82-%D1%81%D1%82%D0%B0%D1%80%D0%B0-%D0%B7%D0%B0%D0%B3%D0%BE%D1%80%D0%B0-%D1%81%D0%B5-%D0%B1%D0%BE%D1%80%D0%B8-%D0%B7%D0%B0-%D0%BF%D0%BE%D1%81%D1%82%D0%B0%D0%B2%D1%8F%D0%BD%D0%B5%D1%82%D0%BE-%D0%BD%D0%B0-%D1%80%D0%B0%D0%BC%D0%BF%D0%B0-%D0%B2%D1%8A%D0%B2-%D0%B2%D1%85%D0%BE%D0%B4%D0%B0-%D0%BD%D0%B0-%D0%B1%D0%BB%D0%BE%D0%BA%D0%B0-%D1%9D/
25-04-2026 10:41:23 INFO     	For media nova.bg (TV news) searching in page https://nova.bg/news/category/2/%D0%B1%D1%8A%D0%BB%D0%B3%D0%B0%D1%80%D0%B8%D1%8F/56	The number of found articles is: 5
25-04-2026 10:41:23 INFO     Info: ('nova.bg', 'TV news')
Current page is 56
25-04-2026 10:41:23 INFO     	For media nova.bg (TV news) searching in page https://nova.bg/news/category/2/%D0%B1%D1%8A%D0%BB%D0%B3%D0%B0%D1%80%D0%B8%D1%8F/57	The number of found articles is: 5
25-04-2026 10:41:23 INFO     Info: ('nova.bg', 'TV news')
Current page is 57
25-04-2026 10:41:23 INFO     	For media nova.bg (TV news) searching in page https://nova.bg/news/category/2/%D0%B1%D1%8A%D0%BB%D0%B3%D0%B0%D1%80%D0%B8%D1%8F/58	The number of found articles is: 5
25-04-2026 10:41:23 INFO     Info: ('nova.bg', 'TV news')
Current page is 58
25-04-2026 10:41:24 INFO     	For media nova.bg (TV news) searching in page https://nova.bg/news/category/2/%D0%B1%D1%8A%D0%BB%D0%B3%D0%B0%D1%80%D0%B8%D1%8F/59	The number of found articles is: 5
25-04-2026 10:41:24 INFO     Info: ('nova.bg', 'TV news')
Current page is 59
25-04-2026 10:41:24 INFO     +++ Records for the news with Бременна жена от София е с лека телесна повреда, задържан е мъжът ѝ with url https://nova.bg/news/view/2026/04/01/532334/%D0%B1%D1%80%D0%B5%D0%BC%D0%B5%D0%BD%D0%BD%D0%B0-%D0%B6%D0%B5%D0%BD%D0%B0-%D0%BE%D1%82-%D1%81%D0%BE%D1%84%D0%B8%D1%8F-%D0%B5-%D1%81-%D0%BB%D0%B5%D0%BA%D0%B0-%D1%82%D0%B5%D0%BB%D0%B5%D1%81%D0%BD%D0%B0-%D0%BF%D0%BE%D0%B2%D1%80%D0%B5%D0%B4%D0%B0-%D0%B7%D0%B0%D0%B4%D1%8A%D1%80%D0%B6%D0%B0%D0%BD-%D0%B5-%D0%BC%D1%8A%D0%B6%D1%8A%D1%82-%D1%9D/ and text Бременна жена от София е с лека телесна повреда. Тя била блъскана и скубана на 28 март. За срок от 72 часа е задържан 39-годишният ѝ мъж. Според обвинението деянието е извършено при условията на домашно насилие. По случая се води досъдебно производство, за което се предвижда наказание „лишаване от свобода“. Наблюдаващият прокурор е внесъл искане в Софийски районен съд за определяне на мярка „задържане под стража“. От прокуратурата отчитат ръст с над 15% на случаите на домашно насилие през 2025 г. Състав на съда се е съгласил с искането и е наложил най-тежката мярка за неотклонение. Тя подлежи на обжалване пред Софийски градски съд Последвайте ни from source: nova.bg was successfully added to the BaseWebsite._data_dict
25-04-2026 10:41:24 INFO     	For media nova.bg (TV news) searching in page https://nova.bg/news/category/2/%D0%B1%D1%8A%D0%BB%D0%B3%D0%B0%D1%80%D0%B8%D1%8F/60	The number of found articles is: 6
25-04-2026 10:41:24 INFO     Info: ('nova.bg', 'TV news')
Current page is 60
25-04-2026 10:41:24 INFO     	For media nova.bg (TV news) searching in page https://nova.bg/news/category/2/%D0%B1%D1%8A%D0%BB%D0%B3%D0%B0%D1%80%D0%B8%D1%8F/61	The number of found articles is: 6
25-04-2026 10:41:24 INFO     Info: ('nova.bg', 'TV news')
Current page is 61
25-04-2026 10:41:24 INFO     	For media nova.bg (TV news) searching in page https://nova.bg/news/category/2/%D0%B1%D1%8A%D0%BB%D0%B3%D0%B0%D1%80%D0%B8%D1%8F/62	The number of found articles is: 6
25-04-2026 10:41:24 INFO     Info: ('nova.bg', 'TV news')
Current page is 62
25-04-2026 10:41:25 INFO     	For media nova.bg (TV news) searching in page https://nova.bg/news/category/2/%D0%B1%D1%8A%D0%BB%D0%B3%D0%B0%D1%80%D0%B8%D1%8F/63	The number of found articles is: 6
25-04-2026 10:41:25 INFO     Info: ('nova.bg', 'TV news')
Current page is 63
25-04-2026 10:41:25 INFO     ---News article: <<< Съпругата на Боби Михайлов: Благодаря ти, че сподели живота си с мен >>> was not included in the data because none of BaseWebsite._second_level keywords were found in the article text Article url: https://nova.bg/news/view/2026/03/31/532191/%D1%81%D1%8A%D0%BF%D1%80%D1%83%D0%B3%D0%B0%D1%82%D0%B0-%D0%BD%D0%B0-%D0%B1%D0%BE%D0%B1%D0%B8-%D0%BC%D0%B8%D1%85%D0%B0%D0%B9%D0%BB%D0%BE%D0%B2-%D0%B1%D0%BB%D0%B0%D0%B3%D0%BE%D0%B4%D0%B0%D1%80%D1%8F-%D1%82%D0%B8-%D1%87%D0%B5-%D1%81%D0%BF%D0%BE%D0%B4%D0%B5%D0%BB%D0%B8-%D0%B6%D0%B8%D0%B2%D0%BE%D1%82%D0%B0-%D1%81%D0%B8-%D1%81-%D0%BC%D0%B5%D0%BD/
25-04-2026 10:41:25 INFO     	For media nova.bg (TV news) searching in page https://nova.bg/news/category/2/%D0%B1%D1%8A%D0%BB%D0%B3%D0%B0%D1%80%D0%B8%D1%8F/64	The number of found articles is: 6
25-04-2026 10:41:25 INFO     Info: ('nova.bg', 'TV news')
Current page is 64
25-04-2026 10:41:25 INFO     ---Article with title: „Чакаха цяла вечер детето ми да си замине“: Говори бащата на момиченцето, починало в болница в Добрич was not added because contains words from article title exclusion list: ['дете']
25-04-2026 10:41:25 INFO     	For media nova.bg (TV news) searching in page https://nova.bg/news/category/2/%D0%B1%D1%8A%D0%BB%D0%B3%D0%B0%D1%80%D0%B8%D1%8F/65	The number of found articles is: 6
25-04-2026 10:41:25 INFO     Info: ('nova.bg', 'TV news')
Current page is 65
25-04-2026 10:41:25 INFO     	For media nova.bg (TV news) searching in page https://nova.bg/news/category/2/%D0%B1%D1%8A%D0%BB%D0%B3%D0%B0%D1%80%D0%B8%D1%8F/66	The number of found articles is: 6
25-04-2026 10:41:25 INFO     Info: ('nova.bg', 'TV news')
Current page is 66
25-04-2026 10:41:26 INFO     ---News article: <<< Как български момичета могат да станат „Посланик за един ден” >>> was not included in the data because none of BaseWebsite._second_level keywords were found in the article text Article url: https://nova.bg/news/view/2026/03/30/531817/%D0%BA%D0%B0%D0%BA-%D0%B1%D1%8A%D0%BB%D0%B3%D0%B0%D1%80%D1%81%D0%BA%D0%B8-%D0%BC%D0%BE%D0%BC%D0%B8%D1%87%D0%B5%D1%82%D0%B0-%D0%BC%D0%BE%D0%B3%D0%B0%D1%82-%D0%B4%D0%B0-%D1%81%D1%82%D0%B0%D0%BD%D0%B0%D1%82-%D0%BF%D0%BE%D1%81%D0%BB%D0%B0%D0%BD%D0%B8%D0%BA-%D0%B7%D0%B0-%D0%B5%D0%B4%D0%B8%D0%BD-%D0%B4%D0%B5%D0%BD/
25-04-2026 10:41:26 INFO     	For media nova.bg (TV news) searching in page https://nova.bg/news/category/2/%D0%B1%D1%8A%D0%BB%D0%B3%D0%B0%D1%80%D0%B8%D1%8F/67	The number of found articles is: 6
25-04-2026 10:41:26 INFO     Info: ('nova.bg', 'TV news')
Current page is 67
25-04-2026 10:41:26 INFO     	For media nova.bg (TV news) searching in page https://nova.bg/news/category/2/%D0%B1%D1%8A%D0%BB%D0%B3%D0%B0%D1%80%D0%B8%D1%8F/68	The number of found articles is: 6
25-04-2026 10:41:26 INFO     Info: ('nova.bg', 'TV news')
Current page is 68
25-04-2026 10:41:26 INFO     	For media nova.bg (TV news) searching in page https://nova.bg/news/category/2/%D0%B1%D1%8A%D0%BB%D0%B3%D0%B0%D1%80%D0%B8%D1%8F/69	The number of found articles is: 6
25-04-2026 10:41:26 INFO     Info: ('nova.bg', 'TV news')
Current page is 69
25-04-2026 10:41:26 INFO     	For media nova.bg (TV news) searching in page https://nova.bg/news/category/2/%D0%B1%D1%8A%D0%BB%D0%B3%D0%B0%D1%80%D0%B8%D1%8F/70	The number of found articles is: 6
25-04-2026 10:41:26 INFO     Info: ('nova.bg', 'TV news')
Current page is 70
25-04-2026 10:41:27 INFO     +++ Records for the news with От прокуратурата отчитат ръст с над 15% на случаите на домашно насилие през 2025 г. with url https://nova.bg/news/view/2026/03/28/531943/%D0%BE%D1%82-%D0%BF%D1%80%D0%BE%D0%BA%D1%83%D1%80%D0%B0%D1%82%D1%83%D1%80%D0%B0%D1%82%D0%B0-%D0%BE%D1%82%D1%87%D0%B8%D1%82%D0%B0%D1%82-%D1%80%D1%8A%D1%81%D1%82-%D1%81-%D0%BD%D0%B0%D0%B4-15-%D0%BD%D0%B0-%D1%81%D0%BB%D1%83%D1%87%D0%B0%D0%B8%D1%82%D0%B5-%D0%BD%D0%B0-%D0%B4%D0%BE%D0%BC%D0%B0%D1%88%D0%BD%D0%BE-%D0%BD%D0%B0%D1%81%D0%B8%D0%BB%D0%B8%D0%B5-%D0%BF%D1%80%D0%B5%D0%B7-2025-%D0%B3/ and text Ръст на сигналите и делата за домашно насилие. През 2025 година те са с над 15% повече спрямо предходната година. Това показват данните на МВР и прокуратурата. Само в Софийската районна прокуратура делата за нанесени телесни повреди при домашно насилие са повече със 60 процента. Внесените обвинителни актове са 112, а сключените споразумения - почти 70. За домашно насилие през 2025 г. са осъдени 171 лица. "Започнах да живея в насилие преди повече от 5 години".  Така започва разказа си Весела Александрова от Стара Загора. Началото било като в приказка - партньорът ѝ я обичал, уважавал, обгрижвал. Проблемите започнали, когато забременяла. "Започнаха обидите като „прасе, свиня”, заплахи…детето ми беше на една година, когато баща му започна да го учи да се обръща към мен не с „мамо”, а с „прасе”", разказва жената. Ръст на делата за извършено домашно насилие   Последвали и заплахи за живота ѝ. Раздялата не решила проблема. а напротив, казва Весела. "То се свиква в един момент. Но това ли трябва да е животът ми занапред? И на детето ми?", пита тя.    Случаят на Весела не е изолиран. В Софийската районна прокуратура през 2025 година отчитат ръст от на делата за домашно насилие. "При психическото насилие няма реални физически доказателства за това насилие - като синини, медицинска документация, каквито има при физическото такова", обяснява Христиана Керанова, прокурор в СРП. Домашно насилие: Мъж е обвинен, че бил и хапал приятелката си по главата   Насилникът, отчитат от държавното обвинение, най-често е човек, неспособен да се справи със стресови ситуации. "Недоверчив е, подозрителен към всички. Често пъти насилниците са със зависимости към алкохол, към наркотични вещества. Това, което също е специфично при тях, е, че имат стремеж към контрол над действията, мислите и чувствата на жертвата", подчертава прокурорът. Ако не получат контрол, насилниците преминават към психически тормоз, казват прокуратурата. А това нерядко води до физическа агресия. "Жертвата и извършителят са сами. Свидетели и очевидци няма. Записи от камери няма. Писмени документи също няма. Понякога даже в голям брой от случаите - поведението на самата жертва препятства доказването", посочва Керанова. Увеличават се сигналите за домашно насилие в страната в сравнение с 2023 г. През 2025 година Софийският районен съд е дал 4-годишна ефективна присъда на мъж, нарязал с макетно ножче лицето и тялото на съпругата си. От прокуратурата отчитат и ръст на случаите, в които насилникът е жена. Последвайте ни from source: nova.bg was successfully added to the BaseWebsite._data_dict
25-04-2026 10:41:27 INFO     	For media nova.bg (TV news) searching in page https://nova.bg/news/category/2/%D0%B1%D1%8A%D0%BB%D0%B3%D0%B0%D1%80%D0%B8%D1%8F/71	The number of found articles is: 7
25-04-2026 10:41:27 INFO     Info: ('nova.bg', 'TV news')
Current page is 71
25-04-2026 10:41:27 INFO     	For media nova.bg (TV news) searching in page https://nova.bg/news/category/2/%D0%B1%D1%8A%D0%BB%D0%B3%D0%B0%D1%80%D0%B8%D1%8F/72	The number of found articles is: 7
25-04-2026 10:41:27 INFO     Info: ('nova.bg', 'TV news')
Current page is 72
25-04-2026 10:41:27 INFO     	For media nova.bg (TV news) searching in page https://nova.bg/news/category/2/%D0%B1%D1%8A%D0%BB%D0%B3%D0%B0%D1%80%D0%B8%D1%8F/73	The number of found articles is: 7
25-04-2026 10:41:27 INFO     Info: ('nova.bg', 'TV news')
Current page is 73
25-04-2026 10:41:27 INFO     	For media nova.bg (TV news) searching in page https://nova.bg/news/category/2/%D0%B1%D1%8A%D0%BB%D0%B3%D0%B0%D1%80%D0%B8%D1%8F/74	The number of found articles is: 7
25-04-2026 10:41:27 INFO     Info: ('nova.bg', 'TV news')
Current page is 74
25-04-2026 10:41:27 INFO     	For media nova.bg (TV news) searching in page https://nova.bg/news/category/2/%D0%B1%D1%8A%D0%BB%D0%B3%D0%B0%D1%80%D0%B8%D1%8F/75	The number of found articles is: 7
25-04-2026 10:41:27 INFO     Info: ('nova.bg', 'TV news')
Current page is 75
25-04-2026 10:41:27 INFO     ---Article with title: Задържаха жената, намушкала четирима в центъра на София was not added because contains words from article title exclusion list: ['тир']
25-04-2026 10:41:27 INFO     ---Article with title: Храненето в детските градини: Столичната община стартира пилотен проект за "кухня-майка" was not added because contains words from article title exclusion list: ['тир']
25-04-2026 10:41:28 INFO     ---News article: <<< Задържаха жената на Кирил Кирилов - Киро Японеца (ВИДЕО) >>> was not included in the data because none of BaseWebsite._second_level keywords were found in the article text Article url: https://nova.bg/news/view/2026/03/26/531700/%D0%B7%D0%B0%D0%B4%D1%8A%D1%80%D0%B6%D0%B0%D1%85%D0%B0-%D0%B6%D0%B5%D0%BD%D0%B0%D1%82%D0%B0-%D0%BD%D0%B0-%D0%BA%D0%B8%D1%80%D0%B8%D0%BB-%D0%BA%D0%B8%D1%80%D0%B8%D0%BB%D0%BE%D0%B2-%D0%BA%D0%B8%D1%80%D0%BE-%D1%8F%D0%BF%D0%BE%D0%BD%D0%B5%D1%86%D0%B0-%D0%B2%D0%B8%D0%B4%D0%B5%D0%BE/
25-04-2026 10:41:28 INFO     	For media nova.bg (TV news) searching in page https://nova.bg/news/category/2/%D0%B1%D1%8A%D0%BB%D0%B3%D0%B0%D1%80%D0%B8%D1%8F/76	The number of found articles is: 7
25-04-2026 10:41:28 INFO     Info: ('nova.bg', 'TV news')
Current page is 76
25-04-2026 10:41:28 INFO     	For media nova.bg (TV news) searching in page https://nova.bg/news/category/2/%D0%B1%D1%8A%D0%BB%D0%B3%D0%B0%D1%80%D0%B8%D1%8F/77	The number of found articles is: 7
25-04-2026 10:41:28 INFO     Info: ('nova.bg', 'TV news')
Current page is 77
25-04-2026 10:41:28 INFO     	For media nova.bg (TV news) searching in page https://nova.bg/news/category/2/%D0%B1%D1%8A%D0%BB%D0%B3%D0%B0%D1%80%D0%B8%D1%8F/78	The number of found articles is: 7
25-04-2026 10:41:28 INFO     Info: ('nova.bg', 'TV news')
Current page is 78
25-04-2026 10:41:28 INFO     	For media nova.bg (TV news) searching in page https://nova.bg/news/category/2/%D0%B1%D1%8A%D0%BB%D0%B3%D0%B0%D1%80%D0%B8%D1%8F/79	The number of found articles is: 7
25-04-2026 10:41:28 INFO     Info: ('nova.bg', 'TV news')
Current page is 79
25-04-2026 10:41:29 INFO     ---News article: <<< Нов шанс за майчинство: София допуска до инвитро програмата си и жени без партньор >>> was not included in the data because none of BaseWebsite._second_level keywords were found in the article text Article url: https://nova.bg/news/view/2026/03/25/531529/%D0%BD%D0%BE%D0%B2-%D1%88%D0%B0%D0%BD%D1%81-%D0%B7%D0%B0-%D0%BC%D0%B0%D0%B9%D1%87%D0%B8%D0%BD%D1%81%D1%82%D0%B2%D0%BE-%D1%81%D0%BE%D1%84%D0%B8%D1%8F-%D0%B4%D0%BE%D0%BF%D1%83%D1%81%D0%BA%D0%B0-%D0%B4%D0%BE-%D0%B8%D0%BD%D0%B2%D0%B8%D1%82%D1%80%D0%BE-%D0%BF%D1%80%D0%BE%D0%B3%D1%80%D0%B0%D0%BC%D0%B0%D1%82%D0%B0-%D1%81%D0%B8-%D0%B8-%D0%B6%D0%B5%D0%BD%D0%B8-%D0%B1%D0%B5%D0%B7-%D0%BF%D0%B0%D1%80%D1%82%D0%BD%D1%8C%D0%BE%D1%80/
25-04-2026 10:41:29 INFO     ---Article with title: Влак прегази жена край Стара Загора, жп трафикът в района е блокиран was not added because contains words from article title exclusion list: ['влак']
25-04-2026 10:41:29 INFO     	For media nova.bg (TV news) searching in page https://nova.bg/news/category/2/%D0%B1%D1%8A%D0%BB%D0%B3%D0%B0%D1%80%D0%B8%D1%8F/80	The number of found articles is: 7
25-04-2026 10:41:29 INFO     Info: ('nova.bg', 'TV news')
Current page is 80
25-04-2026 10:41:29 INFO     	For media nova.bg (TV news) searching in page https://nova.bg/news/category/2/%D0%B1%D1%8A%D0%BB%D0%B3%D0%B0%D1%80%D0%B8%D1%8F/81	The number of found articles is: 7
25-04-2026 10:41:29 INFO     Info: ('nova.bg', 'TV news')
Current page is 81
25-04-2026 10:41:29 INFO     	For media nova.bg (TV news) searching in page https://nova.bg/news/category/2/%D0%B1%D1%8A%D0%BB%D0%B3%D0%B0%D1%80%D0%B8%D1%8F/82	The number of found articles is: 7
25-04-2026 10:41:29 INFO     Info: ('nova.bg', 'TV news')
Current page is 82
25-04-2026 10:41:29 INFO     	For media nova.bg (TV news) searching in page https://nova.bg/news/category/2/%D0%B1%D1%8A%D0%BB%D0%B3%D0%B0%D1%80%D0%B8%D1%8F/83	The number of found articles is: 7
25-04-2026 10:41:29 INFO     Info: ('nova.bg', 'TV news')
Current page is 83
25-04-2026 10:41:29 INFO     +++ Records for the news with Задържаха мъж за побой над съпругата му в Свищов with url https://nova.bg/news/view/2026/03/24/531368/%D0%B7%D0%B0%D0%B4%D1%8A%D1%80%D0%B6%D0%B0%D1%85%D0%B0-%D0%BC%D1%8A%D0%B6-%D0%B7%D0%B0-%D0%BF%D0%BE%D0%B1%D0%BE%D0%B9-%D0%BD%D0%B0%D0%B4-%D1%81%D1%8A%D0%BF%D1%80%D1%83%D0%B3%D0%B0%D1%82%D0%B0-%D0%BC%D1%83-%D0%B2-%D1%81%D0%B2%D0%B8%D1%89%D0%BE%D0%B2/ and text Жена от Свищов стана жертва на домашно насилие, съобщиха от полицията. Сигналът бил подаден на 23 март вечерта от самата потърпевша - 28-годишна. Тя обяснила, че ѝ е бил нанесен побой от майка ѝ и съпруга ѝ. Между нея и роднините ѝ се зародил скандал, който прераснал в бой. „Ще те убия”: Мъж опря нож във врата на жена в София 34-годишният заподозрян е нарушил съдебна заповед за защита от домашно насилие. Той е задържан и по случая се води разследване, предаде кореспондентът на БТА в Свищов Антоанета Бълдъркова. Последвайте ни from source: nova.bg was successfully added to the BaseWebsite._data_dict
25-04-2026 10:41:29 INFO     	For media nova.bg (TV news) searching in page https://nova.bg/news/category/2/%D0%B1%D1%8A%D0%BB%D0%B3%D0%B0%D1%80%D0%B8%D1%8F/84	The number of found articles is: 8
25-04-2026 10:41:29 INFO     Info: ('nova.bg', 'TV news')
Current page is 84
25-04-2026 10:41:30 INFO     ---Article with title: На път за болницата: Жена от Монтана роди деветото си дете в линейка was not added because contains words from article title exclusion list: ['роди', 'дете']
25-04-2026 10:41:30 INFO     ---Article with title: Откараха с въздушна линейка до София жена, пострадала при катастрофа в Стара Загора was not added because contains words from article title exclusion list: ['катастроф']
25-04-2026 10:41:30 INFO     	For media nova.bg (TV news) searching in page https://nova.bg/news/category/2/%D0%B1%D1%8A%D0%BB%D0%B3%D0%B0%D1%80%D0%B8%D1%8F/85	The number of found articles is: 8
25-04-2026 10:41:30 INFO     Info: ('nova.bg', 'TV news')
Current page is 85
25-04-2026 10:41:30 INFO     	For media nova.bg (TV news) searching in page https://nova.bg/news/category/2/%D0%B1%D1%8A%D0%BB%D0%B3%D0%B0%D1%80%D0%B8%D1%8F/86	The number of found articles is: 8
25-04-2026 10:41:30 INFO     Info: ('nova.bg', 'TV news')
Current page is 86
25-04-2026 10:41:30 INFO     	For media nova.bg (TV news) searching in page https://nova.bg/news/category/2/%D0%B1%D1%8A%D0%BB%D0%B3%D0%B0%D1%80%D0%B8%D1%8F/87	The number of found articles is: 8
25-04-2026 10:41:30 INFO     Info: ('nova.bg', 'TV news')
Current page is 87
25-04-2026 10:41:30 INFO     ---Article with title: 22-годишна жена е с опасност за живота след тежка катастрофа в Стара Загора was not added because contains words from article title exclusion list: ['катастроф']
25-04-2026 10:41:30 INFO     	For media nova.bg (TV news) searching in page https://nova.bg/news/category/2/%D0%B1%D1%8A%D0%BB%D0%B3%D0%B0%D1%80%D0%B8%D1%8F/88	The number of found articles is: 8
25-04-2026 10:41:30 INFO     Info: ('nova.bg', 'TV news')
Current page is 88
25-04-2026 10:41:30 INFO     ---News article: <<< Баба Марта си отива с дъжд и сняг >>> was not included in the data because none of BaseWebsite._second_level keywords were found in the article text Article url: https://nova.bg/news/view/2026/03/22/531144/%D0%B1%D0%B0%D0%B1%D0%B0-%D0%BC%D0%B0%D1%80%D1%82%D0%B0-%D1%81%D0%B8-%D0%BE%D1%82%D0%B8%D0%B2%D0%B0-%D1%81-%D0%B4%D1%8A%D0%B6%D0%B4-%D0%B8-%D1%81%D0%BD%D1%8F%D0%B3/
25-04-2026 10:41:30 INFO     	For media nova.bg (TV news) searching in page https://nova.bg/news/category/2/%D0%B1%D1%8A%D0%BB%D0%B3%D0%B0%D1%80%D0%B8%D1%8F/89	The number of found articles is: 8
25-04-2026 10:41:30 INFO     Info: ('nova.bg', 'TV news')
Current page is 89
25-04-2026 10:41:31 INFO     	For media nova.bg (TV news) searching in page https://nova.bg/news/category/2/%D0%B1%D1%8A%D0%BB%D0%B3%D0%B0%D1%80%D0%B8%D1%8F/90	The number of found articles is: 8
25-04-2026 10:41:31 INFO     Info: ('nova.bg', 'TV news')
Current page is 90
25-04-2026 10:41:31 INFO     	For media nova.bg (TV news) searching in page https://nova.bg/news/category/2/%D0%B1%D1%8A%D0%BB%D0%B3%D0%B0%D1%80%D0%B8%D1%8F/91	The number of found articles is: 8
25-04-2026 10:41:31 INFO     Info: ('nova.bg', 'TV news')
Current page is 91
25-04-2026 10:41:31 INFO     	For media nova.bg (TV news) searching in page https://nova.bg/news/category/2/%D0%B1%D1%8A%D0%BB%D0%B3%D0%B0%D1%80%D0%B8%D1%8F/92	The number of found articles is: 8
25-04-2026 10:41:31 INFO     Info: ('nova.bg', 'TV news')
Current page is 92
25-04-2026 10:41:31 INFO     +++ Records for the news with „Не ме спирайте“: Майката на Николай Златков иска да постави паметна плоча на прохода Петрохан with url https://nova.bg/news/view/2026/03/20/530950/%D0%BD%D0%B5-%D0%BC%D0%B5-%D1%81%D0%BF%D0%B8%D1%80%D0%B0%D0%B9%D1%82%D0%B5-%D0%BC%D0%B0%D0%B9%D0%BA%D0%B0%D1%82%D0%B0-%D0%BD%D0%B0-%D0%BD%D0%B8%D0%BA%D0%BE%D0%BB%D0%B0%D0%B9-%D0%B7%D0%BB%D0%B0%D1%82%D0%BA%D0%BE%D0%B2-%D0%B8%D1%81%D0%BA%D0%B0-%D0%B4%D0%B0-%D0%BF%D0%BE%D1%81%D1%82%D0%B0%D0%B2%D0%B8-%D0%BF%D0%B0%D0%BC%D0%B5%D1%82%D0%BD%D0%B0-%D0%BF%D0%BB%D0%BE%D1%87%D0%B0-%D0%BD%D0%B0-%D0%BF%D1%80%D0%BE%D1%85%D0%BE%D0%B4%D0%B0-%D0%BF%D0%B5%D1%82%D1%80%D0%BE%D1%85%D0%B0%D0%BD/ and text Ралица Асенова - майката на Николай Златков, в четвъртък разкри детайли от експертизите и факти от делото за шесторното убийство в случая "Петрохан-Околчица". В съобщение до медиите тя акцентира върху това как и при какви условия са съхранявани телата на загиналите и в какво състояние са - информация, която се съдържат в кореспонденция със съдебен лекар във Враца. "Документът беше изпратен до майката на Ивайло Калушев. Той е получен при разследващия орган от съдебния лекар, извършил аутопсиите на нашите близки, загиналите при Околчица. Посочва се, че условията не позволяват съхранение на телата за повече от 10 дни, защото агрегатите не работят добре и температурата достига до 7 градуса. При тези условия телата трябва да бъдат взети от там", заяви Асенова в ефира на „Здравей, България”. Майката на Николай Златков: Според документите в черепа му са открити два проектила Тя подчерта, че телата на жертвите са престояли в "Съдебна медицина" повече от месец. "Категорично не са били там 10 дни. Вчера бяха взети - поне за едно знам със сигурност.  Знаем кога са били намерени на Околчица и колко време са престояли там. Най-вероятно не са били през цялото време при тези условия. Аз лично тълкувам това и като натиск към нас да си ги вземем, защото имаме постановление за това. Но ние отказвахме, тъй като настоявахме за повторна експертиза", заяви почерненият родител. И допълни, че само един лекар е правил медицинските експертизи. Асенова очерта и основните несъответствия и противоречия, които според нея се съдържат в заключенията на експертите. „В главата на сина ми са открити два проектила. В съдебномедицинската експертиза изобщо не става ясно дали това означава две огнестрелни рани, или един куршум, който се е разпаднал на два фрагмента", обясни тя. И беше категорична, че само заради това ѝ се дължи разяснение и ако не е удовлетворена, настоява да ѝ бъде дадено правото да поиска повторна експертиза. Майката на Николай Златков: Той, Калушев и 15-годишното дете са починали на 5-6 февруари "В експертизата е записано, че има охлузвания по подбедриците. Аз ги видях и дори съм ги снимала. Това не са просто охлузвания, а сериозни рани. Едната е много голяма и без кожа. Изглежда сякаш е имало нагряване върху този участък от крака на сина ми. Не искам да спекулирам дали е имало насилие или неправилно съхранение, а искам отговори", изтъкна Асенова. На въпрос питала ли е дали жертвите на Околчица са били държани в плен без храна и вода в периода от 1 до 6 февруари, Асенова заяви: "Не съм попитала. Просто го коментирам, защото всички знаем за търсените семенни течности. Но има един шокиращ факт - в нито една аутопсия  няма данни за съдържанието на стомасите на тримата от Околчица. Особено на фона на това, че при предходни брифинги ни убеждаваха за „празните стомаси“ на хората от Петрохан - като едва ли не доказателство, че са планирали самоубийство. Къде е логиката да не се изследва тогава съдържанието на стомасите на хората от Околчица?". По думите на Асенова в смъртния акт на Ивайло Калушев датата на смъртта му е посочена като  7 февруари. "Толкова са много абсурдите и несъответствията. В експертизите пише приблизително 5-6 февруари, а в смъртния акт - 7 февруари. Това го научих вчера от майката", подчерта тя. Случаят „Петрохан - Околчица“: Нови данни от прокуратурата, но и нови въпроси "Не искам да спекулирам. Аз излизам често в ефир, за да задавам въпроси, но не получавам отговори. Би трябвало разследващите да ги дават. Подадохме искане в прокуратурата за повторна съдебномедицинска експертиза, подписано от близките на загиналите. Засега нямаме отговор. Телата вече бяха взети. Аз лично се свързах с няколко патолози с молба да дойдат и да извършат оглед, да застанат с името си зад това, което ще установят. Нито един не се съгласи, въпреки че проявиха разбиране", заяви Асенова. Тя беше категорична, че нито един от близките или приятелите на загиналите не вярва в настоящата версия за случилото се. "Това е абсолютен фарс", изтъкна тя. Асенова заяви, че няма връзка с Деян Илиев - човекът, който откри телата в хижа "Петрохан". "Нямам контакт с него. Вярвам и се надявам, че е успял да се измъкне и е добре", изрази надежда тя. Почернената майка изтъкна и друго несъответствие в експертизата - Ивайло Калушев е десничар, а описанието на нараняването не съответства логично на това. Освен това, откритият фенобарбитал в тялото му не е изследван количествено. "За мен това е абсурд. Малки дози се използват дори при алергии. Изследвано ли е количеството всъщност?", попита тя. Близките на шестимата, открити мъртви край Петрохан и Околчица, излизат на протест Майката на Николай Златков направи обръщение от ефира на "Здравей, България" с молба към властите. "Тази седмица възнамерявам да отида до прохода Петрохан с камион и с кран и да поставя паметна плоча на сина ми и на останалите загинали. Тъй като проходът е блокиран и няма достъп дори до чешмата, моля да не бъда спирана, когато отида, за да поставя плочата. Смятам, че това се дължи на мен и на всички близки, след като не ни беше дадена възможност да скърбим нормално. Нека поне да можем да почетем паметта им. Ако не бъда допусната, заявявам, че ще поставя паметната плоча пред самата патрулка в района. И ще чакам стопяването на снега и махането на полицейския автомобил, за да поставя плочата до чешмата". Целия разговор гледайте във видеото. Последвайте ни from source: nova.bg was successfully added to the BaseWebsite._data_dict
25-04-2026 10:41:31 INFO     	For media nova.bg (TV news) searching in page https://nova.bg/news/category/2/%D0%B1%D1%8A%D0%BB%D0%B3%D0%B0%D1%80%D0%B8%D1%8F/93	The number of found articles is: 9
25-04-2026 10:41:31 INFO     Info: ('nova.bg', 'TV news')
Current page is 93
25-04-2026 10:41:32 INFO     	For media nova.bg (TV news) searching in page https://nova.bg/news/category/2/%D0%B1%D1%8A%D0%BB%D0%B3%D0%B0%D1%80%D0%B8%D1%8F/94	The number of found articles is: 9
25-04-2026 10:41:32 INFO     Info: ('nova.bg', 'TV news')
Current page is 94
25-04-2026 10:41:32 INFO     ---Article with title: Майката на Николай Златков: Той, Калушев и 15-годишното дете са починали на 5-6 февруари was not added because contains words from article title exclusion list: ['дете']
25-04-2026 10:41:32 INFO     	For media nova.bg (TV news) searching in page https://nova.bg/news/category/2/%D0%B1%D1%8A%D0%BB%D0%B3%D0%B0%D1%80%D0%B8%D1%8F/95	The number of found articles is: 9
25-04-2026 10:41:32 INFO     Info: ('nova.bg', 'TV news')
Current page is 95
25-04-2026 10:41:32 INFO     ---Article with title: Задържаха двама мъже за заключване на жена в кола в Стара Загора was not added because contains words from article title exclusion list: [' кола']
25-04-2026 10:41:32 INFO     +++ Records for the news with 5 години затвор за рецидивист, измамил жена с 57 000 лв. за „европроекти” with url https://nova.bg/news/view/2026/03/19/530850/5-%D0%B3%D0%BE%D0%B4%D0%B8%D0%BD%D0%B8-%D0%B7%D0%B0%D1%82%D0%B2%D0%BE%D1%80-%D0%B7%D0%B0-%D1%80%D0%B5%D1%86%D0%B8%D0%B4%D0%B8%D0%B2%D0%B8%D1%81%D1%82-%D0%B8%D0%B7%D0%BC%D0%B0%D0%BC%D0%B8%D0%BB-%D0%B6%D0%B5%D0%BD%D0%B0-%D1%81-57-000-%D0%BB%D0%B2-%D0%B7%D0%B0-%D0%B5%D0%B2%D1%80%D0%BE%D0%BF%D1%80%D0%BE%D0%B5%D0%BA%D1%82%D0%B8/ and text Мъж на 53 години влиза в затвора за пет години, след като беше признат за виновен за измама в София. Присъдата, наложена от Софийския районен съд, е заради престъпление, извършено в условията на опасен рецидив, съобщиха от прокуратурата. Измамата е реализирана в периода между юли и август 2022 г. Обвиняемият с инициали П.Л. успял да заблуди жена, че представляваното от нея дружество е кандидатствало и вече е одобрено за финансиране по Програмата за развитие на селските райони. Схема с имоти за над 116 000 лв.: 8 години затвор за жена, измамила 82-годишна пенсионерка За да бъде „придвижен” проектът, мъжът първо поискал 4000 лева – сума, която уж представил като такса към Министерството на земеделието и храните. Малко по-късно той поискал още 53 000 лева под претекст, че парите са необходими за „самоучастие” по одобрения проект. Жертвата предала общата сума от 57 000 лева, след което разбрала, че била измамена и сигнализирала властите. В хода на разследването са разпитани свидетели и са изготвени експертизи, които потвърждават, че 53-годишният мъж е автор на престъплението. Съдът отчете факта, че П.Л. вече е бил осъждан на лишаване от свобода за сходни деяния, което квалифицира случая като опасен рецидив. Освен ефективното наказание от 5 години затвор, съдът определи обвиняемият да изтърпи присъдата си при първоначален „строг” режим. Решението на Софийския районен съд не е окончателно и подлежи на обжалване пред Софийския градски съд. Последвайте ни from source: nova.bg was successfully added to the BaseWebsite._data_dict
25-04-2026 10:41:32 INFO     	For media nova.bg (TV news) searching in page https://nova.bg/news/category/2/%D0%B1%D1%8A%D0%BB%D0%B3%D0%B0%D1%80%D0%B8%D1%8F/96	The number of found articles is: 10
25-04-2026 10:41:32 INFO     Info: ('nova.bg', 'TV news')
Current page is 96
25-04-2026 10:41:32 INFO     	For media nova.bg (TV news) searching in page https://nova.bg/news/category/2/%D0%B1%D1%8A%D0%BB%D0%B3%D0%B0%D1%80%D0%B8%D1%8F/97	The number of found articles is: 10
25-04-2026 10:41:32 INFO     Info: ('nova.bg', 'TV news')
Current page is 97
25-04-2026 10:41:33 INFO     	For media nova.bg (TV news) searching in page https://nova.bg/news/category/2/%D0%B1%D1%8A%D0%BB%D0%B3%D0%B0%D1%80%D0%B8%D1%8F/98	The number of found articles is: 10
25-04-2026 10:41:33 INFO     Info: ('nova.bg', 'TV news')
Current page is 98
25-04-2026 10:41:33 INFO     	For media nova.bg (TV news) searching in page https://nova.bg/news/category/2/%D0%B1%D1%8A%D0%BB%D0%B3%D0%B0%D1%80%D0%B8%D1%8F/99	The number of found articles is: 10
25-04-2026 10:41:33 INFO     Info: ('nova.bg', 'TV news')
Current page is 99
25-04-2026 10:41:33 INFO     +++ Records for the news with Лекарска грешка - една от версиите за смъртта на жена след естетична процедура with url https://nova.bg/news/view/2026/03/18/530700/%D0%BB%D0%B5%D0%BA%D0%B0%D1%80%D1%81%D0%BA%D0%B0-%D0%B3%D1%80%D0%B5%D1%88%D0%BA%D0%B0-%D0%B5%D0%B4%D0%BD%D0%B0-%D0%BE%D1%82-%D0%B2%D0%B5%D1%80%D1%81%D0%B8%D0%B8%D1%82%D0%B5-%D0%B7%D0%B0-%D1%81%D0%BC%D1%8A%D1%80%D1%82%D1%82%D0%B0-%D0%BD%D0%B0-%D0%B6%D0%B5%D0%BD%D0%B0-%D1%81%D0%BB%D0%B5%D0%B4-%D0%B5%D1%81%D1%82%D0%B5%D1%82%D0%B8%D1%87%D0%BD%D0%B0-%D0%BF%D1%80%D0%BE%D1%86%D0%B5%D0%B4%D1%83%D1%80%D0%B0/ and text Софийската градска прокуратура разследва обстоятелствата, довели до смъртта на 36-годишната жена, починала след поставяне на хиалурон в гърдите. Тя издъхна в болница в София на 9 март. Разследването е по съмнения за лекарска грешка или немарливо изпълнение на медицинска дейност, която по закон се счита за деяние с повишен риск. Разследват случай на починало 7-годишно дете Досъдебното производство е започнало на 10 март с разпит на свидетел и се води от следовател към прокуратурата. В момента се извършват активни действия по събиране и проверка на доказателства, за да бъдат изяснени всички обстоятелства около случая. Последвайте ни from source: nova.bg was successfully added to the BaseWebsite._data_dict
25-04-2026 10:41:33 INFO     	For media nova.bg (TV news) searching in page https://nova.bg/news/category/2/%D0%B1%D1%8A%D0%BB%D0%B3%D0%B0%D1%80%D0%B8%D1%8F/100	The number of found articles is: 11
25-04-2026 10:41:33 INFO     Info: ('nova.bg', 'TV news')
Current page is 100
25-04-2026 10:41:34 INFO     +++ Records for the news with Морето у нас изхвърли два трупа, единият - на гола жена with url https://nova.bg/news/view/2026/03/18/530698/%D0%BC%D0%BE%D1%80%D0%B5%D1%82%D0%BE-%D1%83-%D0%BD%D0%B0%D1%81-%D0%B8%D0%B7%D1%85%D0%B2%D1%8A%D1%80%D0%BB%D0%B8-%D0%B4%D0%B2%D0%B0-%D1%82%D1%80%D1%83%D0%BF%D0%B0-%D0%B5%D0%B4%D0%B8%D0%BD%D0%B8%D1%8F%D1%82-%D0%BD%D0%B0-%D0%B3%D0%BE%D0%BB%D0%B0-%D0%B6%D0%B5%D0%BD%D0%B0/ and text Морето изхвърли два трупа в сряда сутринта. Тяло на гола жена е открито на плаж край Поморие. То било забелязано от хора, излезли рано сутринта, за да спортуват. Очевидците подали сигнал на тел.112. По тялото не са открити видими следи от насилие. Назначена е аутопсия, а самоличността на жертвата се установява. Тяло на мъж изплува в района на Кораборемонтния завод във Варна. По първоначална информация трупът е забелязан около един от плаващите докове, а сигналът е подаден в 8:32 ч. от служители на обекта. Труп изплува от водите на Марица в Пловдив На място незабавно са изпратени екипи на полицията, които са извършили оглед и са започнали работа по установяване на самоличността на мъжа и причините за смъртта му. Последвайте ни from source: nova.bg was successfully added to the BaseWebsite._data_dict
25-04-2026 10:41:34 INFO     	For media nova.bg (TV news) searching in page https://nova.bg/news/category/2/%D0%B1%D1%8A%D0%BB%D0%B3%D0%B0%D1%80%D0%B8%D1%8F/101	The number of found articles is: 12
25-04-2026 10:41:34 INFO     Info: ('nova.bg', 'TV news')
Current page is 101
25-04-2026 10:41:34 INFO     	For media nova.bg (TV news) searching in page https://nova.bg/news/category/2/%D0%B1%D1%8A%D0%BB%D0%B3%D0%B0%D1%80%D0%B8%D1%8F/102	The number of found articles is: 12
25-04-2026 10:41:34 INFO     Info: ('nova.bg', 'TV news')
Current page is 102
25-04-2026 10:41:34 INFO     	For media nova.bg (TV news) searching in page https://nova.bg/news/category/2/%D0%B1%D1%8A%D0%BB%D0%B3%D0%B0%D1%80%D0%B8%D1%8F/103	The number of found articles is: 12
25-04-2026 10:41:34 INFO     Info: ('nova.bg', 'TV news')
Current page is 103
25-04-2026 10:41:34 INFO     	For media nova.bg (TV news) searching in page https://nova.bg/news/category/2/%D0%B1%D1%8A%D0%BB%D0%B3%D0%B0%D1%80%D0%B8%D1%8F/104	The number of found articles is: 12
25-04-2026 10:41:34 INFO     Info: ('nova.bg', 'TV news')
Current page is 104
25-04-2026 10:41:35 INFO     	For media nova.bg (TV news) searching in page https://nova.bg/news/category/2/%D0%B1%D1%8A%D0%BB%D0%B3%D0%B0%D1%80%D0%B8%D1%8F/105	The number of found articles is: 12
25-04-2026 10:41:35 INFO     Info: ('nova.bg', 'TV news')
Current page is 105
25-04-2026 10:41:35 INFO     ---News article: <<< Как отношенията с майката се отразяват на партньорските връзки >>> was not included in the data because none of BaseWebsite._second_level keywords were found in the article text Article url: https://nova.bg/news/view/2026/03/16/530501/%D0%BA%D0%B0%D0%BA-%D0%BE%D1%82%D0%BD%D0%BE%D1%88%D0%B5%D0%BD%D0%B8%D1%8F%D1%82%D0%B0-%D1%81-%D0%BC%D0%B0%D0%B9%D0%BA%D0%B0%D1%82%D0%B0-%D1%81%D0%B5-%D0%BE%D1%82%D1%80%D0%B0%D0%B7%D1%8F%D0%B2%D0%B0%D1%82-%D0%BD%D0%B0-%D0%BF%D0%B0%D1%80%D1%82%D0%BD%D1%8C%D0%BE%D1%80%D1%81%D0%BA%D0%B8%D1%82%D0%B5-%D0%B2%D1%80%D1%8A%D0%B7%D0%BA%D0%B8/
25-04-2026 10:41:35 INFO     ---News article: <<< Вкараха в психиатрия мъжа, многократно нападал жени в София >>> was not included in the data because none of BaseWebsite._second_level keywords were found in the article text Article url: https://nova.bg/news/view/2026/03/16/530515/%D0%B2%D0%BA%D0%B0%D1%80%D0%B0%D1%85%D0%B0-%D0%B2-%D0%BF%D1%81%D0%B8%D1%85%D0%B8%D0%B0%D1%82%D1%80%D0%B8%D1%8F-%D0%BC%D1%8A%D0%B6%D0%B0-%D0%BC%D0%BD%D0%BE%D0%B3%D0%BE%D0%BA%D1%80%D0%B0%D1%82%D0%BD%D0%BE-%D0%BD%D0%B0%D0%BF%D0%B0%D0%B4%D0%B0%D0%BB-%D0%B6%D0%B5%D0%BD%D0%B8-%D0%B2-%D1%81%D0%BE%D1%84%D0%B8%D1%8F/
25-04-2026 10:41:35 INFO     	For media nova.bg (TV news) searching in page https://nova.bg/news/category/2/%D0%B1%D1%8A%D0%BB%D0%B3%D0%B0%D1%80%D0%B8%D1%8F/106	The number of found articles is: 12
25-04-2026 10:41:35 INFO     Info: ('nova.bg', 'TV news')
Current page is 106
25-04-2026 10:41:36 INFO     ---News article: <<< Майката на Николай Златков: По тялото на сина ми имаше сериозни рани >>> was not included in the data because none of BaseWebsite._second_level keywords were found in the article text Article url: https://nova.bg/news/view/2026/03/16/530478/%D0%BC%D0%B0%D0%B9%D0%BA%D0%B0%D1%82%D0%B0-%D0%BD%D0%B0-%D0%BD%D0%B8%D0%BA%D0%BE%D0%BB%D0%B0%D0%B9-%D0%B7%D0%BB%D0%B0%D1%82%D0%BA%D0%BE%D0%B2-%D0%BF%D0%BE-%D1%82%D1%8F%D0%BB%D0%BE%D1%82%D0%BE-%D0%BD%D0%B0-%D1%81%D0%B8%D0%BD%D0%B0-%D0%BC%D0%B8-%D0%B8%D0%BC%D0%B0%D1%88%D0%B5-%D1%81%D0%B5%D1%80%D0%B8%D0%BE%D0%B7%D0%BD%D0%B8-%D1%80%D0%B0%D0%BD%D0%B8/
25-04-2026 10:41:36 INFO     	For media nova.bg (TV news) searching in page https://nova.bg/news/category/2/%D0%B1%D1%8A%D0%BB%D0%B3%D0%B0%D1%80%D0%B8%D1%8F/107	The number of found articles is: 12
25-04-2026 10:41:36 INFO     Info: ('nova.bg', 'TV news')
Current page is 107
25-04-2026 10:41:36 INFO     ---News article: <<< Мъж стреля по жена с въздушна пушка, наряза гуми на 36 коли и запали контейнери в Карловско >>> was not included in the data because none of BaseWebsite._second_level keywords were found in the article text Article url: https://nova.bg/news/view/2026/03/16/530445/%D0%BC%D1%8A%D0%B6-%D1%81%D1%82%D1%80%D0%B5%D0%BB%D1%8F-%D0%BF%D0%BE-%D0%B6%D0%B5%D0%BD%D0%B0-%D1%81-%D0%B2%D1%8A%D0%B7%D0%B4%D1%83%D1%88%D0%BD%D0%B0-%D0%BF%D1%83%D1%88%D0%BA%D0%B0-%D0%BD%D0%B0%D1%80%D1%8F%D0%B7%D0%B0-%D0%B3%D1%83%D0%BC%D0%B8-%D0%BD%D0%B0-36-%D0%BA%D0%BE%D0%BB%D0%B8-%D0%B8-%D0%B7%D0%B0%D0%BF%D0%B0%D0%BB%D0%B8-%D0%BA%D0%BE%D0%BD%D1%82%D0%B5%D0%B9%D0%BD%D0%B5%D1%80%D0%B8-%D0%B2-%D0%BA%D0%B0%D1%80%D0%BB%D0%BE%D0%B2%D1%81%D0%BA%D0%BE/
25-04-2026 10:41:36 INFO     	For media nova.bg (TV news) searching in page https://nova.bg/news/category/2/%D0%B1%D1%8A%D0%BB%D0%B3%D0%B0%D1%80%D0%B8%D1%8F/108	The number of found articles is: 12
25-04-2026 10:41:36 INFO     Info: ('nova.bg', 'TV news')
Current page is 108
25-04-2026 10:41:37 INFO     ---News article: <<< Разследват смъртта на млада жена след естетична процедура >>> was not included in the data because none of BaseWebsite._second_level keywords were found in the article text Article url: https://nova.bg/news/view/2026/03/15/530384/%D1%80%D0%B0%D0%B7%D1%81%D0%BB%D0%B5%D0%B4%D0%B2%D0%B0%D1%82-%D1%81%D0%BC%D1%8A%D1%80%D1%82%D1%82%D0%B0-%D0%BD%D0%B0-%D0%BC%D0%BB%D0%B0%D0%B4%D0%B0-%D0%B6%D0%B5%D0%BD%D0%B0-%D1%81%D0%BB%D0%B5%D0%B4-%D0%B5%D1%81%D1%82%D0%B5%D1%82%D0%B8%D1%87%D0%BD%D0%B0-%D0%BF%D1%80%D0%BE%D1%86%D0%B5%D0%B4%D1%83%D1%80%D0%B0/
25-04-2026 10:41:37 INFO     	For media nova.bg (TV news) searching in page https://nova.bg/news/category/2/%D0%B1%D1%8A%D0%BB%D0%B3%D0%B0%D1%80%D0%B8%D1%8F/109	The number of found articles is: 12
25-04-2026 10:41:37 INFO     Info: ('nova.bg', 'TV news')
Current page is 109
25-04-2026 10:41:37 INFO     ---News article: <<< Едно момиче, десет изкуства и нула свободно време >>> was not included in the data because none of BaseWebsite._second_level keywords were found in the article text Article url: https://nova.bg/news/view/2026/03/15/530356/%D0%B5%D0%B4%D0%BD%D0%BE-%D0%BC%D0%BE%D0%BC%D0%B8%D1%87%D0%B5-%D0%B4%D0%B5%D1%81%D0%B5%D1%82-%D0%B8%D0%B7%D0%BA%D1%83%D1%81%D1%82%D0%B2%D0%B0-%D0%B8-%D0%BD%D1%83%D0%BB%D0%B0-%D1%81%D0%B2%D0%BE%D0%B1%D0%BE%D0%B4%D0%BD%D0%BE-%D0%B2%D1%80%D0%B5%D0%BC%D0%B5/
25-04-2026 10:41:37 INFO     	For media nova.bg (TV news) searching in page https://nova.bg/news/category/2/%D0%B1%D1%8A%D0%BB%D0%B3%D0%B0%D1%80%D0%B8%D1%8F/110	The number of found articles is: 12
25-04-2026 10:41:37 INFO     Info: ('nova.bg', 'TV news')
Current page is 110
25-04-2026 10:41:38 INFO     	For media nova.bg (TV news) searching in page https://nova.bg/news/category/2/%D0%B1%D1%8A%D0%BB%D0%B3%D0%B0%D1%80%D0%B8%D1%8F/111	The number of found articles is: 12
25-04-2026 10:41:38 INFO     Info: ('nova.bg', 'TV news')
Current page is 111
25-04-2026 10:41:38 INFO     	For media nova.bg (TV news) searching in page https://nova.bg/news/category/2/%D0%B1%D1%8A%D0%BB%D0%B3%D0%B0%D1%80%D0%B8%D1%8F/112	The number of found articles is: 12
25-04-2026 10:41:38 INFO     Info: ('nova.bg', 'TV news')
Current page is 112
25-04-2026 10:41:38 INFO     	For media nova.bg (TV news) searching in page https://nova.bg/news/category/2/%D0%B1%D1%8A%D0%BB%D0%B3%D0%B0%D1%80%D0%B8%D1%8F/113	The number of found articles is: 12
25-04-2026 10:41:38 INFO     Info: ('nova.bg', 'TV news')
Current page is 113
25-04-2026 10:41:38 INFO     ---Article with title: Задържаха мъж и жена за притежание на рекордно количество фентанил в София (ВИДЕО+СНИМКИ) was not added because contains words from article title exclusion list: ['мъж и жена']
25-04-2026 10:41:39 INFO     +++ Records for the news with Майката на Николай Златков: Според документите в черепа му са открити два проектила with url https://nova.bg/news/view/2026/03/13/530223/%D0%BC%D0%B0%D0%B9%D0%BA%D0%B0%D1%82%D0%B0-%D0%BD%D0%B0-%D0%BD%D0%B8%D0%BA%D0%BE%D0%BB%D0%B0%D0%B9-%D0%B7%D0%BB%D0%B0%D1%82%D0%BA%D0%BE%D0%B2-%D1%81%D0%BF%D0%BE%D1%80%D0%B5%D0%B4-%D0%B4%D0%BE%D0%BA%D1%83%D0%BC%D0%B5%D0%BD%D1%82%D0%B8%D1%82%D0%B5-%D0%B2-%D1%87%D0%B5%D1%80%D0%B5%D0%BF%D0%B0-%D0%BC%D1%83-%D1%81%D0%B0-%D0%BE%D1%82%D0%BA%D1%80%D0%B8%D1%82%D0%B8-%D0%B4%D0%B2%D0%B0-%D0%BF%D1%80%D0%BE%D0%B5%D0%BA%D1%82%D0%B8%D0%BB%D0%B0/ and text Майката на Николай Златков твърди, че според документите, които е получила, в черепа на сина ѝ са открити два проектила. Ралица Асенова подчерта, че в експертизите е посочено, че по тялото на Николай има следи от увреждания след настъпването на смъртта му. Ето и цялата позиция, която почернената майка изпрати до медиите: След проведената тази седмица пресконференция на прокуратурата, която не даде отговори на най-важните въпроси по случая със смъртта на шестимата мъже край Петрохан и Врачанския Балкан, съм длъжна публично да заявя следното. Ограничен и формален достъп до материалите Всички близки на загиналите – включително тези на детето и Калушев – подадоха искания за предоставяне на документи от разследването. Предоставените ми материали са в изключително ограничен обем: Протокол за оглед на местопроизшествие от 8.2.26 г. и  фотоалбум с черно-бели снимки, фотоалбум от оглед, извършен на 9.2.26 г., но не и самият протокол, съдебно-медицинска експертиза (СМЕ) без дата, изготвена от съдебен лекар във Враца. Предоставените материали са в изключително лошо качество – черно-бели копия на снимки, отпечатани на обикновен принтер, които практически не позволяват адекватен анализ на съдържащата се в тях информация. Съществено разминаване в датите От самите предоставени документи става ясно, че има сериозно разминаване в датите, което поставя под съмнение точността на документацията и направените от вещото лице, изготвило СМЕ на трупа на Николай Златков /а вероятно и на останалите два трупа от Околчица/, изводи. Така, вещото лице заключава, че смъртта е настъпила 2-3 денонощия преди извършване на аутопсията като при този извод вещото лице изрично е съобразило ниската температура на атмосферата. Единственото, което не може да стане ясно е кога е извършена аутопсията при положение, че в протокола липсва такова отбелязване, но за сметка на това е отбелязано, че  по данни на разследващия полицай, назначил експертизата, изследваното от вещото лице тяло е намерено на 9.2.2026 г. Самият съдебен лекар е участвал при първоначалния оглед, който обаче е на 8, а не на 9-ти февруари. Тази информация не беше съобщена на пресконференцията, въпреки че е от ключово значение за времевата линия на събитията. Подобно противоречие – откриване на телата след извършване на оглед – е очевидно невъзможно и представлява съществен проблем за цялата хронология на разследването и най-вече – за определяне на времето на смъртта, разширявайки го с цяло денонощие. Липса на ключови експертизи На мен, като пострадало лице, въпреки отправеното искане към компетентните органи, не са ми предоставени ключови материали: ►балистична експертиза, ►трасологична експертиза, ►ясни заключения относно използваното оръжие. В съдебно-медицинската експертиза на Николай Златков е посочено, че в черепа са открити два различни метални проектила. Не сочи за фрагменти от един и същ боеприпас, а за два проектила. В експертизата няма данни дали и как са били иззети тези „находки“, нямаме предоставено копие от извършен оглед на тялото, изготвен по съответния процесуален ред, който е единственият, по който тези доказателства е могло да бъдат иззети, респ. – изследвани и впоследствие - ползвани. За това и към момента се дължат отговори дали в тялото на Златков са били открити проектили от две различни оръжия или се касае за различни части от един същ боеприпас и, ако е последното – поради какви причини вещото лице си е позволило да запише, че се касае за два проектила. Ако тези „находки“ не са били иззети по съответния процесуален ред, следва да бъдат направени съответните изводи Данни за посмъртни увреждания В същата експертиза се описват охлузвания по подбедриците, които са определени като постмортални, тоест настъпили след смъртта. Това означава, че след настъпването на смъртта е имало физическо въздействие върху тялото – местене, влачене или друга манипулация. Кой, кога и по какви причини ги е причинил – търсим отговори, тъй като този факт поставя сериозни въпроси като този дали местопроизшествието е заварено в първоначалния си вид. Непълна информация за времето на смъртта От съдебно-медицинската експертиза става ясно, че смъртта на Николай Златков е настъпила приблизително 2–3 денонощия преди откриването на тялото, което означава около 5 или 6 февруари. Въпроси без отговор Пресконференцията на прокуратурата остави без отговор редица важни въпроси: ►защо не беше съобщено кога е настъпила смъртта; ►защо не беше съобщено, че в главата на Николай има два метални проектила; ►защо не беше съобщено за постморталните охлузвания по подбедриците; Как се обяснява наличието на кръв извън кемпера, както и прострелването на тавана на кемпера при положение, че на пресконференцията представителят на ГДНП описа механизъм на получаване на прострелването на Калушев, който поставя под съмнение възможността куршумът да излезе през тавана на кемпера. Защо прокуратурата не съобщи официално, че в тялото на Златков няма следи от семенна течност и не опроверга собствените си твърдения от по-рано? Защо близките на жертвите не получават пълен достъп до материалите, за да могат да упражнят правото си да искат събиране на доказателства, а в същото време информация се предоставя на други лица и институции по неясни причини? Органите на досъдебното производство се държат с пострадалите лица като с обвиняеми, криейки информация от тях и създавайки им сериозни или непреодолими пречки да ги упражнят. Защо до настоящия момент разследването не е възложено на Национална следствена служба така, както бяха възложени разследванията по случаите с АТВ-то на Слънчев бряг, Делото „Семерджиев“, Делото „Сияна“ и много други дела с едно местопроизшествие и едноактно престъпление? Защо едва месец и половина, при това след моя жалба до Апелативна прокуратура, двете досъдебно производства бяха обединени? Изявлението на т. нар. „брифинг“ по този въпрос звучеше лаически. Само за сведение – от първия ден се знае, че двете дела са неразривно свързани и от първия ден се знае, че голяма част от действията по едното дело ще се повторят по другото. Месец и половина по-късно прокуратурата да прецени този очевиден от първия ден факт е несериозно и обижда интелекта на обикновения човек. Месец и половина след образуване на делото да се прецени, че трябва да бъдат обединени за удобство звучи смехотворно – само за сведение – 99% от разпитите на всички установени свидетели са вече извършени – по двете дела самостоятелно, като по същия начин стои въпросът и с назначаването на експертизите. Т.е. – мотивите, изложени от прокуратурата в момента, са несериозни. Този факт е изключително важен, защото дава и друго обяснение на посоченото бездействие, което пък е в синхрон с всичко, изложено дотук. Само за пълнота – точно месец след първите искания и ден след изтичане на срока за отговор на жалба, депозирана до Апелативна прокуратура София, аз все още нямам отговор на всички въпроси и по всички искания. Какво по-голямо доказателство за институционално бездействие? Необходимост от повторни експертизи Съдебно-медицинската експертиза е изготвена само от един лекар, при положение, че става дума за безпрецедентен случай с шест жертви. Макар и разполагайки само със заключението на експертизата на Николай Златков, смея да твърдя, че същата е крайно семпла и не дава отговор на сериозни въпроси. Настоявам за повторни експертизи, извършени от независим екип от поне трима съдебни лекари в специализирано медицинско заведение, за да бъде изяснена обективната истина. И отново настоявам чрез медиите да бъде направено произнасяне по всички мои искания, отправени по реда на НПК на 13.02., 26.02., 7.03, 8.03., 10.03.2026 г. по съответния процесуален ред. Призив за прозрачност Този случай не може да бъде приключен с недоизяснени факти, непълни експертизи и ограничен достъп до материалите. Близките на загиналите имат право на пълна прозрачност, а обществото има право да знае какво всъщност се е случило. Ние няма да позволим истината да бъде погребана заедно с телата на нашите близки. Ралица Асенова, майка на Николай Златков ВСИЧКО ЗА СЛУЧАЯ „ПЕТРОХАН” ЧЕТЕТЕ ТУК Последвайте ни from source: nova.bg was successfully added to the BaseWebsite._data_dict
25-04-2026 10:41:39 INFO     	For media nova.bg (TV news) searching in page https://nova.bg/news/category/2/%D0%B1%D1%8A%D0%BB%D0%B3%D0%B0%D1%80%D0%B8%D1%8F/114	The number of found articles is: 13
25-04-2026 10:41:39 INFO     Info: ('nova.bg', 'TV news')
Current page is 114
25-04-2026 10:41:39 INFO     +++ Records for the news with 13-годишно момиче беше отвлечено, упоено и изнасилено в Софийско with url https://nova.bg/news/view/2026/03/13/530206/13-%D0%B3%D0%BE%D0%B4%D0%B8%D1%88%D0%BD%D0%BE-%D0%BC%D0%BE%D0%BC%D0%B8%D1%87%D0%B5-%D0%B1%D0%B5%D1%88%D0%B5-%D0%BE%D1%82%D0%B2%D0%BB%D0%B5%D1%87%D0%B5%D0%BD%D0%BE-%D1%83%D0%BF%D0%BE%D0%B5%D0%BD%D0%BE-%D0%B8-%D0%B8%D0%B7%D0%BD%D0%B0%D1%81%D0%B8%D0%BB%D0%B5%D0%BD%D0%BE-%D0%B2-%D1%81%D0%BE%D1%84%D0%B8%D0%B9%D1%81%D0%BA%D0%BE/ and text 21-годишен мъж е привлечен като обвиняем за въоръжено отвличане и съвкупление с 13-годишно момиче. Досъдебното производство се води в Окръжната прокуратура в София. В хода на разследването е установено, че заподозреният познавал жертвата, живеел известно време в дома ѝ и имал преки наблюдения върху начина ѝ на живот и навиците му. Повдигнаха обвинение на мъж за блудство с 12-годишно момиче Според разследването на 20 декември 2025 г. той отвлякъл малолетната, като бил и въоръжен. Същият ден, в хижа в района на софийското село Челопеч, мъжът осъществил сексуален контакт с момичето, след като го упоил. Детето е било в безпомощно състояние. По делото има доказателства, че след случилото се заподозреният отправял заплахи към семейството на пострадалата. Мъжът е привлечен като обвиняем и е задържан за срок до 72 часа. Окръжната прокуратура внесе в съда искане за постоянен арест. Последвайте ни from source: nova.bg was successfully added to the BaseWebsite._data_dict
25-04-2026 10:41:39 INFO     	For media nova.bg (TV news) searching in page https://nova.bg/news/category/2/%D0%B1%D1%8A%D0%BB%D0%B3%D0%B0%D1%80%D0%B8%D1%8F/115	The number of found articles is: 14
25-04-2026 10:41:39 INFO     Info: ('nova.bg', 'TV news')
Current page is 115
25-04-2026 10:41:39 INFO     	For media nova.bg (TV news) searching in page https://nova.bg/news/category/2/%D0%B1%D1%8A%D0%BB%D0%B3%D0%B0%D1%80%D0%B8%D1%8F/116	The number of found articles is: 14
25-04-2026 10:41:39 INFO     Info: ('nova.bg', 'TV news')
Current page is 116
25-04-2026 10:41:40 INFO     	For media nova.bg (TV news) searching in page https://nova.bg/news/category/2/%D0%B1%D1%8A%D0%BB%D0%B3%D0%B0%D1%80%D0%B8%D1%8F/117	The number of found articles is: 14
25-04-2026 10:41:40 INFO     Info: ('nova.bg', 'TV news')
Current page is 117
25-04-2026 10:41:40 INFO     	For media nova.bg (TV news) searching in page https://nova.bg/news/category/2/%D0%B1%D1%8A%D0%BB%D0%B3%D0%B0%D1%80%D0%B8%D1%8F/118	The number of found articles is: 14
25-04-2026 10:41:40 INFO     Info: ('nova.bg', 'TV news')
Current page is 118
25-04-2026 10:41:40 INFO     ---News article: <<< Длъжник без потребление: Възрастна жена продължава да получава сметки, въпреки че няма тръби и водомер >>> was not included in the data because none of BaseWebsite._second_level keywords were found in the article text Article url: https://nova.bg/news/view/2026/03/12/530041/%D0%B4%D0%BB%D1%8A%D0%B6%D0%BD%D0%B8%D0%BA-%D0%B1%D0%B5%D0%B7-%D0%BF%D0%BE%D1%82%D1%80%D0%B5%D0%B1%D0%BB%D0%B5%D0%BD%D0%B8%D0%B5-%D0%B2%D1%8A%D0%B7%D1%80%D0%B0%D1%81%D1%82%D0%BD%D0%B0-%D0%B6%D0%B5%D0%BD%D0%B0-%D0%BF%D1%80%D0%BE%D0%B4%D1%8A%D0%BB%D0%B6%D0%B0%D0%B2%D0%B0-%D0%B4%D0%B0-%D0%BF%D0%BE%D0%BB%D1%83%D1%87%D0%B0%D0%B2%D0%B0-%D1%81%D0%BC%D0%B5%D1%82%D0%BA%D0%B8-%D0%B2%D1%8A%D0%BF%D1%80%D0%B5%D0%BA%D0%B8-%D1%87%D0%B5-%D0%BD%D1%8F%D0%BC%D0%B0-%D1%82%D1%80%D1%8A%D0%B1%D0%B8-%D0%B8-%D0%B2%D0%BE%D0%B4%D0%BE%D0%BC%D0%B5%D1%80/
25-04-2026 10:41:40 INFO     	For media nova.bg (TV news) searching in page https://nova.bg/news/category/2/%D0%B1%D1%8A%D0%BB%D0%B3%D0%B0%D1%80%D0%B8%D1%8F/119	The number of found articles is: 14
25-04-2026 10:41:40 INFO     Info: ('nova.bg', 'TV news')
Current page is 119
25-04-2026 10:41:40 INFO     	For media nova.bg (TV news) searching in page https://nova.bg/news/category/2/%D0%B1%D1%8A%D0%BB%D0%B3%D0%B0%D1%80%D0%B8%D1%8F/120	The number of found articles is: 14
25-04-2026 10:41:40 INFO     Info: ('nova.bg', 'TV news')
Current page is 120
25-04-2026 10:41:40 INFO     	For media nova.bg (TV news) searching in page https://nova.bg/news/category/2/%D0%B1%D1%8A%D0%BB%D0%B3%D0%B0%D1%80%D0%B8%D1%8F/121	The number of found articles is: 14
25-04-2026 10:41:40 INFO     Info: ('nova.bg', 'TV news')
Current page is 121
25-04-2026 10:41:41 INFO     ---News article: <<< „Числата на седмицата“: Жените у нас печелят с 12% по-малко от мъжете >>> was not included in the data because none of BaseWebsite._second_level keywords were found in the article text Article url: https://nova.bg/news/view/2026/03/11/529888/%D1%87%D0%B8%D1%81%D0%BB%D0%B0%D1%82%D0%B0-%D0%BD%D0%B0-%D1%81%D0%B5%D0%B4%D0%BC%D0%B8%D1%86%D0%B0%D1%82%D0%B0-%D0%B6%D0%B5%D0%BD%D0%B8%D1%82%D0%B5-%D1%83-%D0%BD%D0%B0%D1%81-%D0%BF%D0%B5%D1%87%D0%B5%D0%BB%D1%8F%D1%82-%D1%81-12-%D0%BF%D0%BE-%D0%BC%D0%B0%D0%BB%D0%BA%D0%BE-%D0%BE%D1%82-%D0%BC%D1%8A%D0%B6%D0%B5%D1%82%D0%B5/
25-04-2026 10:41:41 INFO     	For media nova.bg (TV news) searching in page https://nova.bg/news/category/2/%D0%B1%D1%8A%D0%BB%D0%B3%D0%B0%D1%80%D0%B8%D1%8F/122	The number of found articles is: 14
25-04-2026 10:41:41 INFO     Info: ('nova.bg', 'TV news')
Current page is 122
25-04-2026 10:41:41 INFO     	For media nova.bg (TV news) searching in page https://nova.bg/news/category/2/%D0%B1%D1%8A%D0%BB%D0%B3%D0%B0%D1%80%D0%B8%D1%8F/123	The number of found articles is: 14
25-04-2026 10:41:41 INFO     Info: ('nova.bg', 'TV news')
Current page is 123
25-04-2026 10:41:41 INFO     ---Article with title: 39-годишна жена получи шанс за живот след донорска ситуация was not added because contains words from article title exclusion list: ['донор']
25-04-2026 10:41:41 INFO     	For media nova.bg (TV news) searching in page https://nova.bg/news/category/2/%D0%B1%D1%8A%D0%BB%D0%B3%D0%B0%D1%80%D0%B8%D1%8F/124	The number of found articles is: 14
25-04-2026 10:41:41 INFO     Info: ('nova.bg', 'TV news')
Current page is 124
25-04-2026 10:41:42 INFO     +++ Records for the news with Разбиха престъпна група за насилие и изнудване на жени с цел проституция в Банско with url https://nova.bg/news/view/2026/03/10/529784/%D1%80%D0%B0%D0%B7%D0%B1%D0%B8%D1%85%D0%B0-%D0%BF%D1%80%D0%B5%D1%81%D1%82%D1%8A%D0%BF%D0%BD%D0%B0-%D0%B3%D1%80%D1%83%D0%BF%D0%B0-%D0%B7%D0%B0-%D0%BD%D0%B0%D1%81%D0%B8%D0%BB%D0%B8%D0%B5-%D0%B8-%D0%B8%D0%B7%D0%BD%D1%83%D0%B4%D0%B2%D0%B0%D0%BD%D0%B5-%D0%BD%D0%B0-%D0%B6%D0%B5%D0%BD%D0%B8-%D1%81-%D1%86%D0%B5%D0%BB-%D0%BF%D1%80%D0%BE%D1%81%D1%82%D0%B8%D1%82%D1%83%D1%86%D0%B8%D1%8F-%D0%B2-%D0%B1%D0%B0%D0%BD%D1%81%D0%BA%D0%BE/ and text ГДБОП разби организирана престъпна група, занимавала се с насилие и изнудване на жени за предоставяне на сексуални услуги. Разследването по случая води Окръжната прокуратура в Благоевград. Акцията е проведена през нощта на 7 март, когато служители на дирекцията за „Борба с организираната престъпност“ неутрализирали дейността на групата, която чрез насилие и заплахи принуждавала жените да работят. От тях се изисквала и такса „спокойствие“ в размер на 50 лева на ден, за да бъдат допуснати до работа в Банско. Задържаха трима за трафик на жени с цел принудителна проституция в София В хода на разследването са извършени лични обиски, претърсени са автомобили, нощен клуб и частни квартири. В заведението са открити три лица, използвани за развратни действия и принудителен труд. При обиските са иззети тефтери със счетоводство на жените, предлагащи сексуални услуги, над 100 000 евро, мобилни телефони и други вещи, свързани с престъпната дейност. Разпитани са множество свидетели, някои от които - пред съдия. По случая - за 72 часа, са задържани четирима души. Предстои за тях да бъде поискан постоянен арест. Последвайте ни from source: nova.bg was successfully added to the BaseWebsite._data_dict
25-04-2026 10:41:42 INFO     	For media nova.bg (TV news) searching in page https://nova.bg/news/category/2/%D0%B1%D1%8A%D0%BB%D0%B3%D0%B0%D1%80%D0%B8%D1%8F/125	The number of found articles is: 15
25-04-2026 10:41:42 INFO     Info: ('nova.bg', 'TV news')
Current page is 125
25-04-2026 10:41:42 INFO     ---Article with title: Шофьор помете паркирани коли в София. Видео показва, че жена е избягала от местопроизшествието was not added because contains words from article title exclusion list: ['шофьор']
25-04-2026 10:41:42 INFO     	For media nova.bg (TV news) searching in page https://nova.bg/news/category/2/%D0%B1%D1%8A%D0%BB%D0%B3%D0%B0%D1%80%D0%B8%D1%8F/126	The number of found articles is: 15
25-04-2026 10:41:42 INFO     Info: ('nova.bg', 'TV news')
Current page is 126
25-04-2026 10:41:42 INFO     	For media nova.bg (TV news) searching in page https://nova.bg/news/category/2/%D0%B1%D1%8A%D0%BB%D0%B3%D0%B0%D1%80%D0%B8%D1%8F/127	The number of found articles is: 15
25-04-2026 10:41:42 INFO     Info: ('nova.bg', 'TV news')
Current page is 127
25-04-2026 10:41:43 INFO     ---News article: <<< Международна кампания "ЕндоМарт": Всяка десета жена страда от ендометриоза >>> was not included in the data because none of BaseWebsite._second_level keywords were found in the article text Article url: https://nova.bg/news/view/2026/03/08/529599/%D0%BC%D0%B5%D0%B6%D0%B4%D1%83%D0%BD%D0%B0%D1%80%D0%BE%D0%B4%D0%BD%D0%B0-%D0%BA%D0%B0%D0%BC%D0%BF%D0%B0%D0%BD%D0%B8%D1%8F-%D0%B5%D0%BD%D0%B4%D0%BE%D0%BC%D0%B0%D1%80%D1%82-%D0%B2%D1%81%D1%8F%D0%BA%D0%B0-%D0%B4%D0%B5%D1%81%D0%B5%D1%82%D0%B0-%D0%B6%D0%B5%D0%BD%D0%B0-%D1%81%D1%82%D1%80%D0%B0%D0%B4%D0%B0-%D0%BE%D1%82-%D0%B5%D0%BD%D0%B4%D0%BE%D0%BC%D0%B5%D1%82%D1%80%D0%B8%D0%BE%D0%B7%D0%B0/
25-04-2026 10:41:43 INFO     	For media nova.bg (TV news) searching in page https://nova.bg/news/category/2/%D0%B1%D1%8A%D0%BB%D0%B3%D0%B0%D1%80%D0%B8%D1%8F/128	The number of found articles is: 15
25-04-2026 10:41:43 INFO     Info: ('nova.bg', 'TV news')
Current page is 128
25-04-2026 10:41:43 INFO     ---Article with title: Популярни личности поздравиха дамите по случай Деня на жената was not added because contains words from article title exclusion list: ['здрави']
25-04-2026 10:41:43 INFO     	For media nova.bg (TV news) searching in page https://nova.bg/news/category/2/%D0%B1%D1%8A%D0%BB%D0%B3%D0%B0%D1%80%D0%B8%D1%8F/129	The number of found articles is: 15
25-04-2026 10:41:43 INFO     Info: ('nova.bg', 'TV news')
Current page is 129
25-04-2026 10:41:43 INFO     ---Article with title: Проф. Сотир Марчев: Жените живеят по-дълго от мъжете, защото мозъкът им се препрограмира was not added because contains words from article title exclusion list: ['тир']
25-04-2026 10:41:43 INFO     ---News article: <<< Сусамената каша става световен тренд за Деня на жената >>> was not included in the data because none of BaseWebsite._second_level keywords were found in the article text Article url: https://nova.bg/news/view/2026/03/08/529580/%D1%81%D1%83%D1%81%D0%B0%D0%BC%D0%B5%D0%BD%D0%B0%D1%82%D0%B0-%D0%BA%D0%B0%D1%88%D0%B0-%D1%81%D1%82%D0%B0%D0%B2%D0%B0-%D1%81%D0%B2%D0%B5%D1%82%D0%BE%D0%B2%D0%B5%D0%BD-%D1%82%D1%80%D0%B5%D0%BD%D0%B4-%D0%B7%D0%B0-%D0%B4%D0%B5%D0%BD%D1%8F-%D0%BD%D0%B0-%D0%B6%D0%B5%D0%BD%D0%B0%D1%82%D0%B0/
25-04-2026 10:41:43 INFO     ---News article: <<< В мъжкия свят на оръжията: Зорница Георгиева – единствената жена-оръжейник в България >>> was not included in the data because none of BaseWebsite._second_level keywords were found in the article text Article url: https://nova.bg/news/view/2026/03/08/529564/%D0%B2-%D0%BC%D1%8A%D0%B6%D0%BA%D0%B8%D1%8F-%D1%81%D0%B2%D1%8F%D1%82-%D0%BD%D0%B0-%D0%BE%D1%80%D1%8A%D0%B6%D0%B8%D1%8F%D1%82%D0%B0-%D0%B7%D0%BE%D1%80%D0%BD%D0%B8%D1%86%D0%B0-%D0%B3%D0%B5%D0%BE%D1%80%D0%B3%D0%B8%D0%B5%D0%B2%D0%B0-%D0%B5%D0%B4%D0%B8%D0%BD%D1%81%D1%82%D0%B2%D0%B5%D0%BD%D0%B0%D1%82%D0%B0-%D0%B6%D0%B5%D0%BD%D0%B0-%D0%BE%D1%80%D1%8A%D0%B6%D0%B5%D0%B9%D0%BD%D0%B8%D0%BA-%D0%B2-%D0%B1%D1%8A%D0%BB%D0%B3%D0%B0%D1%80%D0%B8%D1%8F/
25-04-2026 10:41:44 INFO     ---News article: <<< До 15 градуса в Деня на жената >>> was not included in the data because none of BaseWebsite._second_level keywords were found in the article text Article url: https://nova.bg/news/view/2026/03/08/529572/%D0%B4%D0%BE-15-%D0%B3%D1%80%D0%B0%D0%B4%D1%83%D1%81%D0%B0-%D0%B2-%D0%B4%D0%B5%D0%BD%D1%8F-%D0%BD%D0%B0-%D0%B6%D0%B5%D0%BD%D0%B0%D1%82%D0%B0/
25-04-2026 10:41:44 INFO     	For media nova.bg (TV news) searching in page https://nova.bg/news/category/2/%D0%B1%D1%8A%D0%BB%D0%B3%D0%B0%D1%80%D0%B8%D1%8F/130	The number of found articles is: 15
25-04-2026 10:41:44 INFO     Info: ('nova.bg', 'TV news')
Current page is 130
25-04-2026 10:41:44 INFO     	For media nova.bg (TV news) searching in page https://nova.bg/news/category/2/%D0%B1%D1%8A%D0%BB%D0%B3%D0%B0%D1%80%D0%B8%D1%8F/131	The number of found articles is: 15
25-04-2026 10:41:44 INFO     Info: ('nova.bg', 'TV news')
Current page is 131
25-04-2026 10:41:44 INFO     	For media nova.bg (TV news) searching in page https://nova.bg/news/category/2/%D0%B1%D1%8A%D0%BB%D0%B3%D0%B0%D1%80%D0%B8%D1%8F/132	The number of found articles is: 15
25-04-2026 10:41:44 INFO     Info: ('nova.bg', 'TV news')
Current page is 132
25-04-2026 10:41:45 INFO     ---News article: <<< След ремонт за над 1 млн. евро: Напукани плочки и неработеща платформа край крепостта „Баба Вида“ >>> was not included in the data because none of BaseWebsite._second_level keywords were found in the article text Article url: https://nova.bg/news/view/2026/03/07/529496/%D1%81%D0%BB%D0%B5%D0%B4-%D1%80%D0%B5%D0%BC%D0%BE%D0%BD%D1%82-%D0%B7%D0%B0-%D0%BD%D0%B0%D0%B4-1-%D0%BC%D0%BB%D0%BD-%D0%B5%D0%B2%D1%80%D0%BE-%D0%BD%D0%B0%D0%BF%D1%83%D0%BA%D0%B0%D0%BD%D0%B8-%D0%BF%D0%BB%D0%BE%D1%87%D0%BA%D0%B8-%D0%B8-%D0%BD%D0%B5%D1%80%D0%B0%D0%B1%D0%BE%D1%82%D0%B5%D1%89%D0%B0-%D0%BF%D0%BB%D0%B0%D1%82%D1%84%D0%BE%D1%80%D0%BC%D0%B0-%D0%BA%D1%80%D0%B0%D0%B9-%D0%BA%D1%80%D0%B5%D0%BF%D0%BE%D1%81%D1%82%D1%82%D0%B0-%D0%B1%D0%B0%D0%B1%D0%B0-%D0%B2%D0%B8%D0%B4%D0%B0/
25-04-2026 10:41:45 INFO     	For media nova.bg (TV news) searching in page https://nova.bg/news/category/2/%D0%B1%D1%8A%D0%BB%D0%B3%D0%B0%D1%80%D0%B8%D1%8F/133	The number of found articles is: 15
25-04-2026 10:41:45 INFO     Info: ('nova.bg', 'TV news')
Current page is 133
25-04-2026 10:41:45 INFO     	For media nova.bg (TV news) searching in page https://nova.bg/news/category/2/%D0%B1%D1%8A%D0%BB%D0%B3%D0%B0%D1%80%D0%B8%D1%8F/134	The number of found articles is: 15
25-04-2026 10:41:45 INFO     Info: ('nova.bg', 'TV news')
Current page is 134
25-04-2026 10:41:45 INFO     	For media nova.bg (TV news) searching in page https://nova.bg/news/category/2/%D0%B1%D1%8A%D0%BB%D0%B3%D0%B0%D1%80%D0%B8%D1%8F/135	The number of found articles is: 15
25-04-2026 10:41:45 INFO     Info: ('nova.bg', 'TV news')
Current page is 135
25-04-2026 10:41:45 INFO     	For media nova.bg (TV news) searching in page https://nova.bg/news/category/2/%D0%B1%D1%8A%D0%BB%D0%B3%D0%B0%D1%80%D0%B8%D1%8F/136	The number of found articles is: 15
25-04-2026 10:41:45 INFO     Info: ('nova.bg', 'TV news')
Current page is 136
25-04-2026 10:41:45 INFO     ---News article: <<< Майката на близнаците, намерили приемен дом: Лъжа е, че съм ги изоставила >>> was not included in the data because none of BaseWebsite._second_level keywords were found in the article text Article url: https://nova.bg/news/view/2026/03/05/529350/%D0%BC%D0%B0%D0%B9%D0%BA%D0%B0%D1%82%D0%B0-%D0%BD%D0%B0-%D0%B1%D0%BB%D0%B8%D0%B7%D0%BD%D0%B0%D1%86%D0%B8%D1%82%D0%B5-%D0%BD%D0%B0%D0%BC%D0%B5%D1%80%D0%B8%D0%BB%D0%B8-%D0%BF%D1%80%D0%B8%D0%B5%D0%BC%D0%B5%D0%BD-%D0%B4%D0%BE%D0%BC-%D0%BB%D1%8A%D0%B6%D0%B0-%D0%B5-%D1%87%D0%B5-%D1%81%D1%8A%D0%BC-%D0%B3%D0%B8-%D0%B8%D0%B7%D0%BE%D1%81%D1%82%D0%B0%D0%B2%D0%B8%D0%BB%D0%B0/
25-04-2026 10:41:45 INFO     	For media nova.bg (TV news) searching in page https://nova.bg/news/category/2/%D0%B1%D1%8A%D0%BB%D0%B3%D0%B0%D1%80%D0%B8%D1%8F/137	The number of found articles is: 15
25-04-2026 10:41:45 INFO     Info: ('nova.bg', 'TV news')
Current page is 137
25-04-2026 10:41:46 INFO     +++ Records for the news with Остра реакция от майката на Николай Златков заради песен на Слави Трифонов with url https://nova.bg/news/view/2026/03/05/529290/%D0%BE%D1%81%D1%82%D1%80%D0%B0-%D1%80%D0%B5%D0%B0%D0%BA%D1%86%D0%B8%D1%8F-%D0%BE%D1%82-%D0%BC%D0%B0%D0%B9%D0%BA%D0%B0%D1%82%D0%B0-%D0%BD%D0%B0-%D0%BD%D0%B8%D0%BA%D0%BE%D0%BB%D0%B0%D0%B9-%D0%B7%D0%BB%D0%B0%D1%82%D0%BA%D0%BE%D0%B2-%D0%B7%D0%B0%D1%80%D0%B0%D0%B4%D0%B8-%D0%BF%D0%B5%D1%81%D0%B5%D0%BD-%D0%BD%D0%B0-%D1%81%D0%BB%D0%B0%D0%B2%D0%B8-%D1%82%D1%80%D0%B8%D1%84%D0%BE%D0%BD%D0%BE%D0%B2/ and text Остра реакция от майката на Николай Златков, който беше открит мъртъв край връх Околчица, след като Слави Трифонов пусна нова песен. Ралица Асенова написа във Facebook, че забранява смъртта на детето ѝ да се използва за политическа пропаганда и медийни интерпретации. Майката настоява песента да бъде свалена. Според нея Трифонов е използвал трагедията, въпреки че в първите дни след нея е направил „тежки внушения и обиди по адрес на убитите“. Майката на Николай Златков: Убийството е извършено професионално, станали са свидетели на нещо  Майката на Николай Златков: Ивайло Калушев има завещание В сряда от пресцентъра на "Има такъв народ" писаха до медиите за „Деца, забравени от Бога“. „Поводът за тази песен е ужасната трагедия в „Петрохан”, която ни отвори очите, че българските деца са в опасност. Посланието на песента е: „Децата са като цветя! Не позволявайте на никого да ги мачка. Пазете ги. Те са толкова крехки...“, пише в позицията.  Последвайте ни from source: nova.bg was successfully added to the BaseWebsite._data_dict
25-04-2026 10:41:46 INFO     	For media nova.bg (TV news) searching in page https://nova.bg/news/category/2/%D0%B1%D1%8A%D0%BB%D0%B3%D0%B0%D1%80%D0%B8%D1%8F/138	The number of found articles is: 16
25-04-2026 10:41:46 INFO     Info: ('nova.bg', 'TV news')
Current page is 138
25-04-2026 10:41:46 INFO     ---Article with title: Връзвано за стълб и системно малтретирано? Свидетели подадоха сигнал за домашно насилие над дете was not added because contains words from article title exclusion list: ['тир', 'дете']
25-04-2026 10:41:46 INFO     	For media nova.bg (TV news) searching in page https://nova.bg/news/category/2/%D0%B1%D1%8A%D0%BB%D0%B3%D0%B0%D1%80%D0%B8%D1%8F/139	The number of found articles is: 16
25-04-2026 10:41:46 INFO     Info: ('nova.bg', 'TV news')
Current page is 139
25-04-2026 10:41:47 INFO     +++ Records for the news with „Ще те убия”: Мъж опря нож във врата на жена в София with url https://nova.bg/news/view/2026/03/04/529194/%D1%89%D0%B5-%D1%82%D0%B5-%D1%83%D0%B1%D0%B8%D1%8F-%D0%BC%D1%8A%D0%B6-%D0%BE%D0%BF%D1%80%D1%8F-%D0%BD%D0%BE%D0%B6-%D0%B2%D1%8A%D0%B2-%D0%B2%D1%80%D0%B0%D1%82%D0%B0-%D0%BD%D0%B0-%D0%B6%D0%B5%D0%BD%D0%B0-%D0%B2-%D1%81%D0%BE%D1%84%D0%B8%D1%8F/ and text Софийската районна прокуратура привлече към наказателна отговорност 42-годишен мъж за закана с убийство. Нападението е извършено спрямо жена, с която обвиняемият е живеел на семейни начала в столичния квартал „Братя Бъкстон”. На 1 март 2026 г. обвиняемият М.А. е нападнал пострадалата в общия им апартамент. Според събраните доказателства той ѝ опрял нож във врата и заявил: „Ще те убия”. Деянието е извършено в условията на домашно насилие. „Остави ме на мира, всичките ще ви заколя”: Мъж заплаши с нож кондукторка във влак Установено е, че М.А. е осъждан многократно. Първоначално мъжът е задържан за 72 часа, но прокурор е внесъл искане за най-тежката мярка - „задържане под стража”. Мярката за неотклонение подлежи на обжалване пред Софийски градски съд. Последвайте ни from source: nova.bg was successfully added to the BaseWebsite._data_dict
25-04-2026 10:41:47 INFO     	For media nova.bg (TV news) searching in page https://nova.bg/news/category/2/%D0%B1%D1%8A%D0%BB%D0%B3%D0%B0%D1%80%D0%B8%D1%8F/140	The number of found articles is: 17
25-04-2026 10:41:47 INFO     Info: ('nova.bg', 'TV news')
Current page is 140
25-04-2026 10:41:47 INFO     	For media nova.bg (TV news) searching in page https://nova.bg/news/category/2/%D0%B1%D1%8A%D0%BB%D0%B3%D0%B0%D1%80%D0%B8%D1%8F/141	The number of found articles is: 17
25-04-2026 10:41:47 INFO     Info: ('nova.bg', 'TV news')
Current page is 141
25-04-2026 10:41:47 INFO     	For media nova.bg (TV news) searching in page https://nova.bg/news/category/2/%D0%B1%D1%8A%D0%BB%D0%B3%D0%B0%D1%80%D0%B8%D1%8F/142	The number of found articles is: 17
25-04-2026 10:41:47 INFO     Info: ('nova.bg', 'TV news')
Current page is 142
25-04-2026 10:41:47 INFO     	For media nova.bg (TV news) searching in page https://nova.bg/news/category/2/%D0%B1%D1%8A%D0%BB%D0%B3%D0%B0%D1%80%D0%B8%D1%8F/143	The number of found articles is: 17
25-04-2026 10:41:47 INFO     Info: ('nova.bg', 'TV news')
Current page is 143
25-04-2026 10:41:47 INFO     	For media nova.bg (TV news) searching in page https://nova.bg/news/category/2/%D0%B1%D1%8A%D0%BB%D0%B3%D0%B0%D1%80%D0%B8%D1%8F/144	The number of found articles is: 17
25-04-2026 10:41:47 INFO     Info: ('nova.bg', 'TV news')
Current page is 144
25-04-2026 10:41:47 INFO     	For media nova.bg (TV news) searching in page https://nova.bg/news/category/2/%D0%B1%D1%8A%D0%BB%D0%B3%D0%B0%D1%80%D0%B8%D1%8F/145	The number of found articles is: 17
25-04-2026 10:41:47 INFO     Info: ('nova.bg', 'TV news')
Current page is 145
25-04-2026 10:41:48 INFO     	For media nova.bg (TV news) searching in page https://nova.bg/news/category/2/%D0%B1%D1%8A%D0%BB%D0%B3%D0%B0%D1%80%D0%B8%D1%8F/146	The number of found articles is: 17
25-04-2026 10:41:48 INFO     Info: ('nova.bg', 'TV news')
Current page is 146
25-04-2026 10:41:48 INFO     	For media nova.bg (TV news) searching in page https://nova.bg/news/category/2/%D0%B1%D1%8A%D0%BB%D0%B3%D0%B0%D1%80%D0%B8%D1%8F/147	The number of found articles is: 17
25-04-2026 10:41:48 INFO     Info: ('nova.bg', 'TV news')
Current page is 147
25-04-2026 10:41:48 INFO     	For media nova.bg (TV news) searching in page https://nova.bg/news/category/2/%D0%B1%D1%8A%D0%BB%D0%B3%D0%B0%D1%80%D0%B8%D1%8F/148	The number of found articles is: 17
25-04-2026 10:41:48 INFO     Info: ('nova.bg', 'TV news')
Current page is 148
25-04-2026 10:41:48 INFO     ---News article: <<< „Жълтият цвят е почит към сина ми”: Майката на Николай Златков с болезнен пост за рождения си ден >>> was not included in the data because none of BaseWebsite._second_level keywords were found in the article text Article url: https://nova.bg/news/view/2026/03/01/528826/%D0%B6%D1%8A%D0%BB%D1%82%D0%B8%D1%8F%D1%82-%D1%86%D0%B2%D1%8F%D1%82-%D0%B5-%D0%BF%D0%BE%D1%87%D0%B8%D1%82-%D0%BA%D1%8A%D0%BC-%D1%81%D0%B8%D0%BD%D0%B0-%D0%BC%D0%B8-%D0%BC%D0%B0%D0%B9%D0%BA%D0%B0%D1%82%D0%B0-%D0%BD%D0%B0-%D0%BD%D0%B8%D0%BA%D0%BE%D0%BB%D0%B0%D0%B9-%D0%B7%D0%BB%D0%B0%D1%82%D0%BA%D0%BE%D0%B2-%D1%81-%D0%B1%D0%BE%D0%BB%D0%B5%D0%B7%D0%BD%D0%B5%D0%BD-%D0%BF%D0%BE%D1%81%D1%82-%D0%B7%D0%B0-%D1%80%D0%BE%D0%B6%D0%B4%D0%B5%D0%BD%D0%B8%D1%8F-%D1%81%D0%B8-%D0%B4%D0%B5%D0%BD/
25-04-2026 10:41:48 INFO     	For media nova.bg (TV news) searching in page https://nova.bg/news/category/2/%D0%B1%D1%8A%D0%BB%D0%B3%D0%B0%D1%80%D0%B8%D1%8F/149	The number of found articles is: 17
25-04-2026 10:41:48 INFO     Info: ('nova.bg', 'TV news')
Current page is 149
25-04-2026 10:41:48 INFO     ---Article with title: България празнува Баба Марта: Символ на здраве, сила и настъпващата пролет was not added because contains words from article title exclusion list: ['здраве']
25-04-2026 10:41:48 INFO     	For media nova.bg (TV news) searching in page https://nova.bg/news/category/2/%D0%B1%D1%8A%D0%BB%D0%B3%D0%B0%D1%80%D0%B8%D1%8F/150	The number of found articles is: 17
25-04-2026 10:41:48 INFO     Info: ('nova.bg', 'TV news')
Current page is 150
25-04-2026 10:41:49 INFO     	For media nova.bg (TV news) searching in page https://nova.bg/news/category/2/%D0%B1%D1%8A%D0%BB%D0%B3%D0%B0%D1%80%D0%B8%D1%8F/151	The number of found articles is: 17
25-04-2026 10:41:49 INFO     Info: ('nova.bg', 'TV news')
Current page is 151
25-04-2026 10:41:49 INFO     	For media nova.bg (TV news) searching in page https://nova.bg/news/category/2/%D0%B1%D1%8A%D0%BB%D0%B3%D0%B0%D1%80%D0%B8%D1%8F/152	The number of found articles is: 17
25-04-2026 10:41:49 INFO     Info: ('nova.bg', 'TV news')
Current page is 152
25-04-2026 10:41:49 INFO     	For media nova.bg (TV news) searching in page https://nova.bg/news/category/2/%D0%B1%D1%8A%D0%BB%D0%B3%D0%B0%D1%80%D0%B8%D1%8F/153	The number of found articles is: 17
25-04-2026 10:41:49 INFO     Info: ('nova.bg', 'TV news')
Current page is 153
25-04-2026 10:41:49 INFO     ---Article with title: 8-месечно бебе и възрастна жена бяха транспортирани с медицински хеликоптери was not added because contains words from article title exclusion list: ['тир', 'бебе']
25-04-2026 10:41:49 INFO     	For media nova.bg (TV news) searching in page https://nova.bg/news/category/2/%D0%B1%D1%8A%D0%BB%D0%B3%D0%B0%D1%80%D0%B8%D1%8F/154	The number of found articles is: 17
25-04-2026 10:41:49 INFO     Info: ('nova.bg', 'TV news')
Current page is 154
25-04-2026 10:41:49 INFO     	For media nova.bg (TV news) searching in page https://nova.bg/news/category/2/%D0%B1%D1%8A%D0%BB%D0%B3%D0%B0%D1%80%D0%B8%D1%8F/155	The number of found articles is: 17
25-04-2026 10:41:49 INFO     Info: ('nova.bg', 'TV news')
Current page is 155
25-04-2026 10:41:49 INFO     	For media nova.bg (TV news) searching in page https://nova.bg/news/category/2/%D0%B1%D1%8A%D0%BB%D0%B3%D0%B0%D1%80%D0%B8%D1%8F/156	The number of found articles is: 17
25-04-2026 10:41:49 INFO     Info: ('nova.bg', 'TV news')
Current page is 156
25-04-2026 10:41:49 INFO     	For media nova.bg (TV news) searching in page https://nova.bg/news/category/2/%D0%B1%D1%8A%D0%BB%D0%B3%D0%B0%D1%80%D0%B8%D1%8F/157	The number of found articles is: 17
25-04-2026 10:41:49 INFO     Info: ('nova.bg', 'TV news')
Current page is 157
25-04-2026 10:41:50 INFO     	For media nova.bg (TV news) searching in page https://nova.bg/news/category/2/%D0%B1%D1%8A%D0%BB%D0%B3%D0%B0%D1%80%D0%B8%D1%8F/158	The number of found articles is: 17
25-04-2026 10:41:50 INFO     Info: ('nova.bg', 'TV news')
Current page is 158
25-04-2026 10:41:50 INFO     	For media nova.bg (TV news) searching in page https://nova.bg/news/category/2/%D0%B1%D1%8A%D0%BB%D0%B3%D0%B0%D1%80%D0%B8%D1%8F/159	The number of found articles is: 17
25-04-2026 10:41:50 INFO     Info: ('nova.bg', 'TV news')
Current page is 159
25-04-2026 10:41:50 INFO     	For media nova.bg (TV news) searching in page https://nova.bg/news/category/2/%D0%B1%D1%8A%D0%BB%D0%B3%D0%B0%D1%80%D0%B8%D1%8F/160	The number of found articles is: 17
25-04-2026 10:41:50 INFO     Info: ('nova.bg', 'TV news')
Current page is 160
25-04-2026 10:41:50 INFO     ---News article: <<< Българските жени получават почти 20% по-ниски пенсии от мъжете >>> was not included in the data because none of BaseWebsite._second_level keywords were found in the article text Article url: https://nova.bg/news/view/2026/02/25/528390/%D0%B1%D1%8A%D0%BB%D0%B3%D0%B0%D1%80%D1%81%D0%BA%D0%B8%D1%82%D0%B5-%D0%B6%D0%B5%D0%BD%D0%B8-%D0%BF%D0%BE%D0%BB%D1%83%D1%87%D0%B0%D0%B2%D0%B0%D1%82-%D0%BF%D0%BE%D1%87%D1%82%D0%B8-20-%D0%BF%D0%BE-%D0%BD%D0%B8%D1%81%D0%BA%D0%B8-%D0%BF%D0%B5%D0%BD%D1%81%D0%B8%D0%B8-%D0%BE%D1%82-%D0%BC%D1%8A%D0%B6%D0%B5%D1%82%D0%B5/
25-04-2026 10:41:50 INFO     	For media nova.bg (TV news) searching in page https://nova.bg/news/category/2/%D0%B1%D1%8A%D0%BB%D0%B3%D0%B0%D1%80%D0%B8%D1%8F/161	The number of found articles is: 17
25-04-2026 10:41:50 INFO     Info: ('nova.bg', 'TV news')
Current page is 161
25-04-2026 10:41:50 INFO     	For media nova.bg (TV news) searching in page https://nova.bg/news/category/2/%D0%B1%D1%8A%D0%BB%D0%B3%D0%B0%D1%80%D0%B8%D1%8F/162	The number of found articles is: 17
25-04-2026 10:41:50 INFO     Info: ('nova.bg', 'TV news')
Current page is 162
25-04-2026 10:41:50 INFO     	For media nova.bg (TV news) searching in page https://nova.bg/news/category/2/%D0%B1%D1%8A%D0%BB%D0%B3%D0%B0%D1%80%D0%B8%D1%8F/163	The number of found articles is: 17
25-04-2026 10:41:50 INFO     Info: ('nova.bg', 'TV news')
Current page is 163
25-04-2026 10:41:51 INFO     	For media nova.bg (TV news) searching in page https://nova.bg/news/category/2/%D0%B1%D1%8A%D0%BB%D0%B3%D0%B0%D1%80%D0%B8%D1%8F/164	The number of found articles is: 17
25-04-2026 10:41:51 INFO     Info: ('nova.bg', 'TV news')
Current page is 164
25-04-2026 10:41:51 INFO     	For media nova.bg (TV news) searching in page https://nova.bg/news/category/2/%D0%B1%D1%8A%D0%BB%D0%B3%D0%B0%D1%80%D0%B8%D1%8F/165	The number of found articles is: 17
25-04-2026 10:41:51 INFO     Info: ('nova.bg', 'TV news')
Current page is 165
25-04-2026 10:41:51 INFO     	For media nova.bg (TV news) searching in page https://nova.bg/news/category/2/%D0%B1%D1%8A%D0%BB%D0%B3%D0%B0%D1%80%D0%B8%D1%8F/166	The number of found articles is: 17
25-04-2026 10:41:51 INFO     Info: ('nova.bg', 'TV news')
Current page is 166
25-04-2026 10:41:51 INFO     	For media nova.bg (TV news) searching in page https://nova.bg/news/category/2/%D0%B1%D1%8A%D0%BB%D0%B3%D0%B0%D1%80%D0%B8%D1%8F/167	The number of found articles is: 17
25-04-2026 10:41:51 INFO     Info: ('nova.bg', 'TV news')
Current page is 167
25-04-2026 10:41:51 INFO     	For media nova.bg (TV news) searching in page https://nova.bg/news/category/2/%D0%B1%D1%8A%D0%BB%D0%B3%D0%B0%D1%80%D0%B8%D1%8F/168	The number of found articles is: 17
25-04-2026 10:41:51 INFO     Info: ('nova.bg', 'TV news')
Current page is 168
25-04-2026 10:41:51 INFO     	For media nova.bg (TV news) searching in page https://nova.bg/news/category/2/%D0%B1%D1%8A%D0%BB%D0%B3%D0%B0%D1%80%D0%B8%D1%8F/169	The number of found articles is: 17
25-04-2026 10:41:51 INFO     Info: ('nova.bg', 'TV news')
Current page is 169
25-04-2026 10:41:52 INFO     	For media nova.bg (TV news) searching in page https://nova.bg/news/category/2/%D0%B1%D1%8A%D0%BB%D0%B3%D0%B0%D1%80%D0%B8%D1%8F/170	The number of found articles is: 17
25-04-2026 10:41:52 INFO     Info: ('nova.bg', 'TV news')
Current page is 170
25-04-2026 10:41:53 INFO     +++ Records for the news with Арестуваха мъж в Бургас за побой над съпругата му with url https://nova.bg/news/view/2026/02/23/528068/%D0%B0%D1%80%D0%B5%D1%81%D1%82%D1%83%D0%B2%D0%B0%D1%85%D0%B0-%D0%BC%D1%8A%D0%B6-%D0%B2-%D0%B1%D1%83%D1%80%D0%B3%D0%B0%D1%81-%D0%B7%D0%B0-%D0%BF%D0%BE%D0%B1%D0%BE%D0%B9-%D0%BD%D0%B0%D0%B4-%D1%81%D1%8A%D0%BF%D1%80%D1%83%D0%B3%D0%B0%D1%82%D0%B0-%D0%BC%D1%83/ and text Криминално проявен 42-годишен мъж е задържан в Бургас след сигнал за домашно насилие над съпругата му, съобщиха от МВР. По случая е образувано досъдебно производство. Сигналът е подаден около 20:10 часа на 20 февруари. Според обвинението посегателството е извършено в апартамент в ж.к. "Меден рудник". Мъжът нанесъл удар с юмрук в главата на 38-годишната си съпруга, ритнал я в корема, размахал нож срещу нея, след което напуснал жилището. Пострадалата е разпитана като свидетел, а полицията е започнала незабавни издирвателни действия. Пребиха и намушкаха възрастен мъж в София, прокуратурата обвини сина му Заподозреният е задържан рано сутринта на следващия ден. При обиск у него са открити около 23 грама метамфетамин. При последвало претърсване на друго жилище, което мъжът обитава, са намерени още около два грама от наркотичното вещество, както и прекурсори и съоръжения за производството му. Мъжът е задържан за срок до 24 часа, като по случая работи и Районната прокуратура - Бургас. Последвайте ни from source: nova.bg was successfully added to the BaseWebsite._data_dict
25-04-2026 10:41:53 INFO     	For media nova.bg (TV news) searching in page https://nova.bg/news/category/2/%D0%B1%D1%8A%D0%BB%D0%B3%D0%B0%D1%80%D0%B8%D1%8F/171	The number of found articles is: 18
25-04-2026 10:41:53 INFO     Info: ('nova.bg', 'TV news')
Current page is 171
25-04-2026 10:41:53 INFO     	For media nova.bg (TV news) searching in page https://nova.bg/news/category/2/%D0%B1%D1%8A%D0%BB%D0%B3%D0%B0%D1%80%D0%B8%D1%8F/172	The number of found articles is: 18
25-04-2026 10:41:53 INFO     Info: ('nova.bg', 'TV news')
Current page is 172
25-04-2026 10:41:53 INFO     ---News article: <<< Спешна акция по кръводаряване за млада майка в тежко състояние в Добрич >>> was not included in the data because none of BaseWebsite._second_level keywords were found in the article text Article url: https://nova.bg/news/view/2026/02/22/527992/%D1%81%D0%BF%D0%B5%D1%88%D0%BD%D0%B0-%D0%B0%D0%BA%D1%86%D0%B8%D1%8F-%D0%BF%D0%BE-%D0%BA%D1%80%D1%8A%D0%B2%D0%BE%D0%B4%D0%B0%D1%80%D1%8F%D0%B2%D0%B0%D0%BD%D0%B5-%D0%B7%D0%B0-%D0%BC%D0%BB%D0%B0%D0%B4%D0%B0-%D0%BC%D0%B0%D0%B9%D0%BA%D0%B0-%D0%B2-%D1%82%D0%B5%D0%B6%D0%BA%D0%BE-%D1%81%D1%8A%D1%81%D1%82%D0%BE%D1%8F%D0%BD%D0%B8%D0%B5-%D0%B2-%D0%B4%D0%BE%D0%B1%D1%80%D0%B8%D1%87/
25-04-2026 10:41:53 INFO     	For media nova.bg (TV news) searching in page https://nova.bg/news/category/2/%D0%B1%D1%8A%D0%BB%D0%B3%D0%B0%D1%80%D0%B8%D1%8F/173	The number of found articles is: 18
25-04-2026 10:41:53 INFO     Info: ('nova.bg', 'TV news')
Current page is 173
25-04-2026 10:41:54 INFO     +++ Records for the news with Съпругата на Йордан Соколов със спомен за живота с него 10 години след кончината му with url https://nova.bg/news/view/2026/02/21/527946/%D1%81%D1%8A%D0%BF%D1%80%D1%83%D0%B3%D0%B0%D1%82%D0%B0-%D0%BD%D0%B0-%D0%B9%D0%BE%D1%80%D0%B4%D0%B0%D0%BD-%D1%81%D0%BE%D0%BA%D0%BE%D0%BB%D0%BE%D0%B2-%D1%81%D1%8A%D1%81-%D1%81%D0%BF%D0%BE%D0%BC%D0%B5%D0%BD-%D0%B7%D0%B0-%D0%B6%D0%B8%D0%B2%D0%BE%D1%82%D0%B0-%D1%81-%D0%BD%D0%B5%D0%B3%D0%BE-10-%D0%B3%D0%BE%D0%B4%D0%B8%D0%BD%D0%B8-%D1%81%D0%BB%D0%B5%D0%B4-%D0%BA%D0%BE%D0%BD%D1%87%D0%B8%D0%BD%D0%B0%D1%82%D0%B0-%D0%BC%D1%83/ and text На 24 февруари се навършват 10 години от кончината на Йордан Соколов. Човекът, който оглави Народното събрание в смутни времена - след масовите протести, които свалиха правителството на Жан Виденов. Ще си спомним за Йордан Соколов заедно с неговата съпруга, проф. Ева Соколова. Във времена като днешните е редно да си припомним хората, които управляваха със стил и дипломатичност, а не само с крясъци и обиди. Защото политиката все пак е нещо, с което трябва да се занимават интелигентни хора. Или поне така повеляваха традициите. Но и те не са това, което бяха. История на българската политика и руския империализъм: Разказ на проф. Ева Соколова Йордан Соколов ще остане в историята като председателя на 38-ото Народно събрание, което излъчи правителството на Иван Костов. Кабинет, дошъл на власт след масови протести предизвикани от безпрецедентната икономическа криза по време на управлението на Жан Виденов, когато банките фалираха, а спестяванията на българите се стопиха от незапомнената инфлация достигнала 300%. Доларът се продаваше за 3000 лв,, а цените се сменяха по няколко пъти на ден. Тогава, през 1997 година след огромната криза, страната твърдо пое по пътя към европейската интеграция и членството в НАТО и Европейския съюз. Докато Иван Костов беше в изпълнителната власт, Йордан Соколов беше начело на парламента. Такъв е познатият му образ. Но семейната история е още по-интересна. Йордан Соколов носи и трите имена на своя дядо по бащина линия – Йордан Георгиев Соколов, роден през далечната 1850 година в град Велес, днешна Северна Македония. Той завършва в Одеса, а след Освобождението е назначен в Оряхово, а впоследствие като заместник окръжен прокурор в София. Едва на 48 години умира и оставя три деца кръгли сираци, сред които и бащата на Йордан Соколов – Георги. Прадядото на Йордан Соколов по майчина линия, Неделю Сапунджиев, е от Стрелча и участва в местния революционен комитет създаден от Васил Левски. Турците обаче разкриват организацията, а Неделю Сапунджиев е убит. Оставя седем деца сираци, сред които и дядото на Соколов – Владимир. След освобождението той се превръща в най-успешния адвокат в Пловдив. Недовършените мемоари на политика Йордан Соколов Има четири деца, които получават изключително за времето си образование. Майката на Йордан Соколов - Невенка, е завършила девическия колеж в Нюшател, а леля му Иванка, която завършва философия в Германия става асистентка на Йоханес Райнке. Владимир натрупва огромно състояние от 6 млн лева. Само за сравнение, за да финансира участието си в Балканската война, България тегли заем от немската банка „Дисконто Гезелшафт“ в размер на 10 милиона лева. По ирония на съдбата, датата 10 януари е оставила дълбоки следи още от детството на Йордан Соколов. 8 дни преди неговият рожден ден, когато е на 11 години, той преживява първите бомбардировки над София. Семейството му се крие в мазето. Кооперацията е една от най-стабилните, тъй като там живее и Янко Анастасов, строителният предприемач, изградил повече от 80 сгради в центъра на София. По това време бащата на Соколов, Георги, е прокурор към отделение на Върховния административен съд. Разрушенията при бомбардировките са огромни и семейството отива да живее във вила в Княжево. Два месеца по-късно бащата на Йордан Соколов оцелява по чудо, след като две бомби всяка от които тежи по един тон удрят Съдебната палата. По това време обаче архитектите проектират сградите в центъра на София използвайки най-модерния материал – железобетона. Затова Съдебната палата оцелява. А бащата на Йордан Соколов, Георги се завръща при семейството си. След девети септември, Йордан Соколов влиза в Първа мъжка гимназия и решава да издава вестник. Учкомът в гимназията посреща инициативата със силно подозрение, а Регионалният комитет на БКП едва не иска изключването му от училище. След като завършва Йордан Соколов започва работа като деловодител, тъй като Районният комитет на партията не заверява необходимия формуляр, който да позволи влизането му в университета. Това става едва след една година и тогава Соколов влиза в Юридическия факултет. Свалянето на Тодор Живков заварва Йордан Соколов заедно със съпругата си в Бон, където тя е Хумболтов специализант. Когато гледат новините от София, двамата решават да се завърнат веднага в България. Йордан Соколов и съпругата му присъстват на митинга, когато Петър Младенов е освиркан от протестиращите. През януари 1990 заедно с още 53 адвокати той отива в Съюза на демократичните сили, за да предложат услугите си. Това отваря пътя на Йордан Соколов към голямата политика. През 1991 година, той получава предложение от Филип Димитров да стане министър. Всъщност на Йордан Соколов е било предложено да избере кое ведомство да оглави - Министерството на правосъдието, Министерството на вътрешните работи, отбраната или земеделието. Той избира МВР. Споменът е среща: Съпругата на Йордан Соколов за белезите на миналото В спомените си, Соколов описва как влиза във вътрешното министерство. Всъщност сутринта се провежда заседание на правителството и едва след него той отива за първи път в сградата на Шести септември. На вратата обаче е пресрещнат от полицай, който го пита кой е и къде отива. „В кабинета на министъра“, отговаря Соколов. Полицаят обаче отговаря – няма как да отидете там, каква работа имате? Когато разбира, кой точно стои пред него следват дълги и протяжни извинения. 50 генерали и полковници от все още военизираното МВР са събрани в една зала. Пред всеки от тях има пепелник. Един от тях пита Йордан Соколов дали ще му пречат ако пушат. Няма да ми пречите, защото няма да пушите, отговаря Соколов. Това е само началото. Новият министър на вътрешните работи е шокиран, след като командирът на Специализирания отряд за борба с тероризма полк. Стоян Тошков идва с предложение на територията на поделението гръцки бизнесмен да построи бензиностанция. Стоян Тошков е син на партизанина Димитър Тошков, изключително близък до Тодор Живков. Соколов отказва. След известно време обаче командирът на командосите отново предлага същото. И бил уволнен. Няколко дни по-късно той започнал работа при същия гръцки бизнесмен. Не по-странен е случая и с акцията срещу петричкия бизнесмен Иван Кочев - Чомбе. Срещу него бил подаден сигнал, че е рекетирал и получил от местен лекар 135 000 лева. При акцията пликът със сумата изчезва. Така и не става ясно кой е взел тлъстата сума. В продължение на 40 години до него неизменно е съпругата му Ева. Двамата се женят в Париж, тъй като по това време в Бон, където тя е специализант, нямало посолство. От времето, когато Йордан Соколов става министър тя най-ясно си спомня заповедта, с която той освобождава всички началници на регионални дирекции на МВР заради принадлежността им към Държавна сигурност. Реформите на кабинета на Филип Димитров обаче водят до напрежение. Избухва скандала с така наречената оръжейна сделка с Македония. По това време Йордан Соколов е именно там, среща се с Киро Глигоров и Бранко Цървенковски. Мнозинството в българския парламент обаче вече е различно и вотът на доверие, поискан от Филип Димитров пропада. Започват преговори за ново правителство, Йордан Соколов е сред номинираните за министър-председател, но е необходима подкрепата на третата партия в парламента – ДПС. Такава обаче няма. На власт идва кабинетът на Любен Беров. Протестите, извели десетки хиляди по улиците в началото на 1997 година предопределят завръщането на Йордан Соколов в голямата политика – този път начело на парламента. Следват стотици срещи у нас и в чужбина. А неизменно до него е съпругата му Ева. Целия разговор гледайте във видеото. Последвайте ни from source: nova.bg was successfully added to the BaseWebsite._data_dict
25-04-2026 10:41:54 INFO     	For media nova.bg (TV news) searching in page https://nova.bg/news/category/2/%D0%B1%D1%8A%D0%BB%D0%B3%D0%B0%D1%80%D0%B8%D1%8F/174	The number of found articles is: 19
25-04-2026 10:41:54 INFO     Info: ('nova.bg', 'TV news')
Current page is 174
25-04-2026 10:41:54 INFO     	For media nova.bg (TV news) searching in page https://nova.bg/news/category/2/%D0%B1%D1%8A%D0%BB%D0%B3%D0%B0%D1%80%D0%B8%D1%8F/175	The number of found articles is: 19
25-04-2026 10:41:54 INFO     Info: ('nova.bg', 'TV news')
Current page is 175
25-04-2026 10:41:54 INFO     	For media nova.bg (TV news) searching in page https://nova.bg/news/category/2/%D0%B1%D1%8A%D0%BB%D0%B3%D0%B0%D1%80%D0%B8%D1%8F/176	The number of found articles is: 19
25-04-2026 10:41:54 INFO     Info: ('nova.bg', 'TV news')
Current page is 176
25-04-2026 10:41:55 INFO     ---News article: <<< Обявиха за издирване 17-годишното момиче от Бургас, часове по-късно го откриха >>> was not included in the data because none of BaseWebsite._second_level keywords were found in the article text Article url: https://nova.bg/news/view/2026/02/20/527855/%D0%BE%D0%B1%D1%8F%D0%B2%D0%B8%D1%85%D0%B0-%D0%B7%D0%B0-%D0%B8%D0%B7%D0%B4%D0%B8%D1%80%D0%B2%D0%B0%D0%BD%D0%B5-17-%D0%B3%D0%BE%D0%B4%D0%B8%D1%88%D0%BD%D0%BE%D1%82%D0%BE-%D0%BC%D0%BE%D0%BC%D0%B8%D1%87%D0%B5-%D0%BE%D1%82-%D0%B1%D1%83%D1%80%D0%B3%D0%B0%D1%81-%D1%87%D0%B0%D1%81%D0%BE%D0%B2%D0%B5-%D0%BF%D0%BE-%D0%BA%D1%8A%D1%81%D0%BD%D0%BE-%D0%B3%D0%BE-%D0%BE%D1%82%D0%BA%D1%80%D0%B8%D1%85%D0%B0/
25-04-2026 10:41:55 INFO     ---News article: <<< Задържаха трима за трафик на жени с цел принудителна проституция в София >>> was not included in the data because none of BaseWebsite._second_level keywords were found in the article text Article url: https://nova.bg/news/view/2026/02/20/527838/%D0%B7%D0%B0%D0%B4%D1%8A%D1%80%D0%B6%D0%B0%D1%85%D0%B0-%D1%82%D1%80%D0%B8%D0%BC%D0%B0-%D0%B7%D0%B0-%D1%82%D1%80%D0%B0%D1%84%D0%B8%D0%BA-%D0%BD%D0%B0-%D0%B6%D0%B5%D0%BD%D0%B8-%D1%81-%D1%86%D0%B5%D0%BB-%D0%BF%D1%80%D0%B8%D0%BD%D1%83%D0%B4%D0%B8%D1%82%D0%B5%D0%BB%D0%BD%D0%B0-%D0%BF%D1%80%D0%BE%D1%81%D1%82%D0%B8%D1%82%D1%83%D1%86%D0%B8%D1%8F-%D0%B2-%D1%81%D0%BE%D1%84%D0%B8%D1%8F/
25-04-2026 10:41:55 INFO     ---News article: <<< Задържаха жена в Берковица за източване на 70 600 евро от чужда карта >>> was not included in the data because none of BaseWebsite._second_level keywords were found in the article text Article url: https://nova.bg/news/view/2026/02/20/527826/%D0%B7%D0%B0%D0%B4%D1%8A%D1%80%D0%B6%D0%B0%D1%85%D0%B0-%D0%B6%D0%B5%D0%BD%D0%B0-%D0%B2-%D0%B1%D0%B5%D1%80%D0%BA%D0%BE%D0%B2%D0%B8%D1%86%D0%B0-%D0%B7%D0%B0-%D0%B8%D0%B7%D1%82%D0%BE%D1%87%D0%B2%D0%B0%D0%BD%D0%B5-%D0%BD%D0%B0-70-600-%D0%B5%D0%B2%D1%80%D0%BE-%D0%BE%D1%82-%D1%87%D1%83%D0%B6%D0%B4%D0%B0-%D0%BA%D0%B0%D1%80%D1%82%D0%B0/
25-04-2026 10:41:55 INFO     	For media nova.bg (TV news) searching in page https://nova.bg/news/category/2/%D0%B1%D1%8A%D0%BB%D0%B3%D0%B0%D1%80%D0%B8%D1%8F/177	The number of found articles is: 19
25-04-2026 10:41:55 INFO     Info: ('nova.bg', 'TV news')
Current page is 177
25-04-2026 10:41:55 INFO     	For media nova.bg (TV news) searching in page https://nova.bg/news/category/2/%D0%B1%D1%8A%D0%BB%D0%B3%D0%B0%D1%80%D0%B8%D1%8F/178	The number of found articles is: 19
25-04-2026 10:41:55 INFO     Info: ('nova.bg', 'TV news')
Current page is 178
25-04-2026 10:41:55 INFO     ---Article with title: Кола с млад шофьор блъсна и уби жена в Пазарджик was not added because contains words from article title exclusion list: ['блъсна', 'шофьор']
25-04-2026 10:41:56 INFO     +++ Records for the news with Любов по каталог: Какво търсят мъжете и жените в социалните мрежи with url https://nova.bg/news/view/2026/02/20/527759/%D0%BB%D1%8E%D0%B1%D0%BE%D0%B2-%D0%BF%D0%BE-%D0%BA%D0%B0%D1%82%D0%B0%D0%BB%D0%BE%D0%B3-%D0%BA%D0%B0%D0%BA%D0%B2%D0%BE-%D1%82%D1%8A%D1%80%D1%81%D1%8F%D1%82-%D0%BC%D1%8A%D0%B6%D0%B5%D1%82%D0%B5-%D0%B8-%D0%B6%D0%B5%D0%BD%D0%B8%D1%82%D0%B5-%D0%B2-%D1%81%D0%BE%D1%86%D0%B8%D0%B0%D0%BB%D0%BD%D0%B8%D1%82%D0%B5-%D0%BC%D1%80%D0%B5%D0%B6%D0%B8/ and text Like. Like. Match. Тези думи ще бъдат разбрани предимно от хората, които знаят какво се случва в социалните мрежи за запознанства. Като по каталог избираш евентуален партньор, пишеш своите силни страни и очакваш и той да те избере. Това би трябвало да завърши с щастлива връзка, но статистиката казва друго. ► ОЧАКВАНИЯ vs СТАТИСТИКА 45% от необвързаните мъже, участвали в световно проучване, признават, че никога не са канили жена на среща на живо. В България някои организации също опитват да проучат нагласите на необвързаните. През 2024 г. в проучване на "Club R" един от трима българи признават, че не са ходили на среща нито веднъж в рамките на цяла година.  Проучване на НСИ разкрива колко често хората използват интернет, за да чатят в социалните мрежи. Оказва се, че процентът се увеличава с всяка изминала година.  „В момента има бум на мъжката самота. През 2005 г. едва 3% от мъжете докладват, че нямат нито един приятел, на когото да звъннат в кризисна ситуация. В момента 18% от мъжете нямат нито един приятел. Вижда се, че всъщност мъжете масово нямат социална среда. Те предпочитат да стоят вкъщи, пред компютъра, отколкото да излязат навън и да изграждат комуникационни умения. Има статистика за Gen Z поколението - хората на възраст от 18 до 25 години. Оказва се, че 45% от мъжете под 25-годишна възраст никога през живота си не са заговаряли жена на живо И положението няма да става по-добро. Жените са раздразнени. И съответно им остава само да отидат в социална мрежа за запознанства“, казва Стефан Станев, дейтинг ментор в академия за мъже. Срещи на сляпо: 25% от потребителите в сайтове за запознанства лъжат ► ЧАТ ВМЕСТО СРЕЩА И ЕМОТИКОНИ ВМЕСТО ДУМИ Тази тема вече води нови клиенти при психолозите. Към тях се обръщат хора, които търсят своя партньор, но вече са изгубили и надежда, и умения да подходят по „правилния начин“. В резултат на това се получава следното: „От 100 жени, на които мъжът е писал, ще му отговорят шест. Разменените съобщения ще бъдат до три на брой. Комуникацията е абсурдна: пита се за името на човека отсреща, какъв цвят харесва и каква музика слуша. Това са стандартни въпроси, но отегчителни и за мъжа, и за жената. Няма никаква химия между тях. Няма как да има феромони през интернет. И така разговорът се разпада от само себе си. Просто вече комуникацията изглежда ненужна. Това е вече закърняло умение“, казва психологът Петър Петров. ► ОТХВЪРЛЕНИТЕ МЪЖЕ В социалните мрежи вече има цели групи мъже, обединени от омразата си към женския пол. Психолозите разглеждат тази тенденция като един от начините на представители на силния пол да се справят с неуспеха с жените. „Ако имат ниско самочувствие, идват проблеми като тревожност и депресия. Те се засилват изключително много и това може да доведе дори до самоубийствени мисли. В другия случай отрязванията ги приемат негативно и ги превръщат в агресия към света. Тогава се стига до тези тъпи твърдения като "Жените се правят на интересни" или "Всички жени са еднакви и търсят пари и коли". Стават много по-фрустрирани и това е изключително опасно за българското общество, защото фрустрираният мъж често е агресивен и много податлив към секти, токсични философски течения и дори терористични клетки“, разказва от опит Стефан Станев. ► ОТВРАТЕНИТЕ И ПРЕНАСИТЕНИ ЖЕНИ Как изглежда ситуацията през очите на жените? Специалисти твърдят, че от женска гледна точка социалните мрежи са "каца без дъно", в която повечето дами непрекъснато търсят по-добрия вариант, така, сякаш изборът е безкраен. „Предлагането е много по-голямо. Оставаме с впечатление, че всичко е на тезгяха пред нас и може да избираме като в магазин. Ставаме по-критични. Дамата търси партньор, който е по-добър от настоящия. Винаги моравата на съседа е по-зелена. Човешката природа е такава“, твърди психологът Петър Петров. ► ПОВЕЧЕ СОЦИАЛНИ МРЕЖИ = ПОВЕЧЕ РАЗВОДИ? Онлайн свят, в който и мъжете, и жените се чувстват като продукти и за да се продадат, лъжат как изглеждат, какво имат, какво могат и какви ще бъдат. Какво означава всичко това и дали демографията ни вече търпи последиците? „Демографията иска периоди на 25, 30, 50 години, за да може да се види ефектът от даденото нещо. Но можем да кажем, че социалните мрежи са сериозен фактор за разводите и изневерите. Защото чрез тайни чатове лесно може да поддържате паралелна връзка. Социалните мрежи правят много лесна стъпката встрани. Друга лоша шега, която изиграват на тези, които сега са по-млади и неопитни, е, че на тях започват да им липсват социални умения в реалния живот. Може да сте прекрасен човек онлайн, остроумен, да пускате готини мемета и да не знаете как да погалите жена, как да ѝ подадете палтото и да ѝ оправите косата след това. Започваме да стоим на дистанция един от друг, защото сме свикнали с дистанцията, която има в социалните мрежи“, коментира социалният антрополог доц. Алексей Пампоров.  ► ЕКСПЕРИМЕНТ За да проверим какво се харесва и какво не се харесва онлайн правим два фалшиви профила на мъж и жена. Тези хора не съществуват, дело са на изкуствения интелект. Правим още техни снимки, качваме ги по едно и също време в мрежа за запознанства. И чакаме. Още в първите 40 минути 30 мъже дадоха знак, че искат контакт с жената. За същото това време нито една жена не хареса създадения от нас мъж. Седмица по-късно: докато в женския профил съобщенията вече преливат, в мъжкия има само две жени, потърсили контакт. Няма да отговорим на нито едно написано съобщение. Вероятно всеки един от писалите мъже ще приеме, че тази жена не го одобрява. В рамките на втория ни експеримент пък поканихме мъж и жена, непознати един за друг. Организирахме им среща, но сложихме параван между тях, за да могат без притеснения, като в онлайн анонимна среща, да разкажат какво мислят за отношенията между мъжете и жените, реалистични ли са изискванията на дамите и лъжат ли мъжете, че предпочитат естествени жени. След това махнахме паравана пред тях, за да видим как ще продължи разговора им. Вижте целия експеримент във видеото. Последвайте ни from source: nova.bg was successfully added to the BaseWebsite._data_dict
25-04-2026 10:41:56 INFO     	For media nova.bg (TV news) searching in page https://nova.bg/news/category/2/%D0%B1%D1%8A%D0%BB%D0%B3%D0%B0%D1%80%D0%B8%D1%8F/179	The number of found articles is: 20
25-04-2026 10:41:56 INFO     Info: ('nova.bg', 'TV news')
Current page is 179
25-04-2026 10:41:56 INFO     	For media nova.bg (TV news) searching in page https://nova.bg/news/category/2/%D0%B1%D1%8A%D0%BB%D0%B3%D0%B0%D1%80%D0%B8%D1%8F/180	The number of found articles is: 20
25-04-2026 10:41:56 INFO     Info: ('nova.bg', 'TV news')
Current page is 180
25-04-2026 10:41:56 INFO     	For media nova.bg (TV news) searching in page https://nova.bg/news/category/2/%D0%B1%D1%8A%D0%BB%D0%B3%D0%B0%D1%80%D0%B8%D1%8F/181	The number of found articles is: 20
25-04-2026 10:41:56 INFO     Info: ('nova.bg', 'TV news')
Current page is 181
25-04-2026 10:41:56 INFO     	For media nova.bg (TV news) searching in page https://nova.bg/news/category/2/%D0%B1%D1%8A%D0%BB%D0%B3%D0%B0%D1%80%D0%B8%D1%8F/182	The number of found articles is: 20
25-04-2026 10:41:56 INFO     Info: ('nova.bg', 'TV news')
Current page is 182
25-04-2026 10:41:56 INFO     ---Article with title: Трамвай блъсна и уби жена в София was not added because contains words from article title exclusion list: ['трамва', 'блъсна']
25-04-2026 10:41:56 INFO     ---Article with title: Разследват мъж и жена за незаконно ловене на бездомни животни в Стара Загора was not added because contains words from article title exclusion list: ['мъж и жена']
25-04-2026 10:41:56 INFO     	For media nova.bg (TV news) searching in page https://nova.bg/news/category/2/%D0%B1%D1%8A%D0%BB%D0%B3%D0%B0%D1%80%D0%B8%D1%8F/183	The number of found articles is: 20
25-04-2026 10:41:56 INFO     Info: ('nova.bg', 'TV news')
Current page is 183
25-04-2026 10:41:57 INFO     	For media nova.bg (TV news) searching in page https://nova.bg/news/category/2/%D0%B1%D1%8A%D0%BB%D0%B3%D0%B0%D1%80%D0%B8%D1%8F/184	The number of found articles is: 20
25-04-2026 10:41:57 INFO     Info: ('nova.bg', 'TV news')
Current page is 184
25-04-2026 10:41:57 INFO     	For media nova.bg (TV news) searching in page https://nova.bg/news/category/2/%D0%B1%D1%8A%D0%BB%D0%B3%D0%B0%D1%80%D0%B8%D1%8F/185	The number of found articles is: 20
25-04-2026 10:41:57 INFO     Info: ('nova.bg', 'TV news')
Current page is 185
25-04-2026 10:41:57 INFO     	For media nova.bg (TV news) searching in page https://nova.bg/news/category/2/%D0%B1%D1%8A%D0%BB%D0%B3%D0%B0%D1%80%D0%B8%D1%8F/186	The number of found articles is: 20
25-04-2026 10:41:57 INFO     Info: ('nova.bg', 'TV news')
Current page is 186
25-04-2026 10:41:57 INFO     +++ Records for the news with Намушкаха мъж в Казанлъшко след скандал с жена with url https://nova.bg/news/view/2026/02/17/527476/%D0%BD%D0%B0%D0%BC%D1%83%D1%88%D0%BA%D0%B0%D1%85%D0%B0-%D0%BC%D1%8A%D0%B6-%D0%B2-%D0%BA%D0%B0%D0%B7%D0%B0%D0%BD%D0%BB%D1%8A%D1%88%D0%BA%D0%BE-%D1%81%D0%BB%D0%B5%D0%B4-%D1%81%D0%BA%D0%B0%D0%BD%D0%B4%D0%B0%D0%BB-%D1%81-%D0%B6%D0%B5%D0%BD%D0%B0/ and text 74-годишен мъж е настанен в болница с две прободни рани след скарване с 69-годишна жена в казанлъшкото село Бузовград. Това съобщават от Областната дирекция на МВР в Стара Загора. От полицията посочиха, че около 21:20 ч. в РУ - Казанлък е получено съобщение от 37-годишен мъж, който е заявил, че преминавайки с автомобила си по улица в селото, видял бягаща жена, гонена от мъж. На място е изпратен полицейски екип. След семеен скандал: Мъж намушка трима в София, единият почина Според разследването мъжът заявил, че жената му била на гости, скарали се, след което взаимно си нанесли наранявания. Образувано е досъдебно производство под надзора на Районната прокуратура в Стара Загора. Последвайте ни from source: nova.bg was successfully added to the BaseWebsite._data_dict
25-04-2026 10:41:57 INFO     	For media nova.bg (TV news) searching in page https://nova.bg/news/category/2/%D0%B1%D1%8A%D0%BB%D0%B3%D0%B0%D1%80%D0%B8%D1%8F/187	The number of found articles is: 21
25-04-2026 10:41:57 INFO     Info: ('nova.bg', 'TV news')
Current page is 187
25-04-2026 10:41:58 INFO     	For media nova.bg (TV news) searching in page https://nova.bg/news/category/2/%D0%B1%D1%8A%D0%BB%D0%B3%D0%B0%D1%80%D0%B8%D1%8F/188	The number of found articles is: 21
25-04-2026 10:41:58 INFO     Info: ('nova.bg', 'TV news')
Current page is 188
25-04-2026 10:41:58 INFO     +++ Records for the news with „Възкръснал“ мъж и майка му са обвинени в инсцениране на смърт в Старозагорско with url https://nova.bg/news/view/2026/02/16/527384/%D0%B2%D1%8A%D0%B7%D0%BA%D1%80%D1%8A%D1%81%D0%BD%D0%B0%D0%BB-%D0%BC%D1%8A%D0%B6-%D0%B8-%D0%BC%D0%B0%D0%B9%D0%BA%D0%B0-%D0%BC%D1%83-%D1%81%D0%B0-%D0%BE%D0%B1%D0%B2%D0%B8%D0%BD%D0%B5%D0%BD%D0%B8-%D0%B2-%D0%B8%D0%BD%D1%81%D1%86%D0%B5%D0%BD%D0%B8%D1%80%D0%B0%D0%BD%D0%B5-%D0%BD%D0%B0-%D1%81%D0%BC%D1%8A%D1%80%D1%82-%D0%B2-%D1%81%D1%82%D0%B0%D1%80%D0%BE%D0%B7%D0%B0%D0%B3%D0%BE%D1%80%D1%81%D0%BA%D0%BE/ and text Районната прокуратура в Стара Загора привлече като обвиняеми трима души за съставяне на фалшиво съобщение за смърт. В центъра на схемата са 22-годишен мъж, 42-годишната му майка и 60-годишен общопрактикуващ лекар. Според информация на прокуратурата на 18 август 2025 г. в старозагорското село Ягода, майката и синът, които живеят и работят в Англия, убедили медика да издаде официален документ, удостоверяващ кончината на младия мъж. Въз основа на неистинското съобщение, два дни по-късно кметът на населеното място издал официален акт за смърт. Мъж инсценира смъртта си, за да види колко хора ще дойдат на погребението му Преди няколко дни майката и синът се върнали в България. През това време 22-годишният подал искане за смяна на документите за самоличност, където служители установили, че той се води починал и по случая е започнало разследване. Под ръководството на Районна прокуратура - Стара Загора са разпитани свидетели, събрани са писмени доказателства. На обвиняемите е забранено да напускат България. Наложена им е мярка за неотклонение „подписка“. По случая работи екип от наблюдаващи прокурори от РП-Стара Загора. Последвайте ни from source: nova.bg was successfully added to the BaseWebsite._data_dict
25-04-2026 10:41:58 INFO     	For media nova.bg (TV news) searching in page https://nova.bg/news/category/2/%D0%B1%D1%8A%D0%BB%D0%B3%D0%B0%D1%80%D0%B8%D1%8F/189	The number of found articles is: 22
25-04-2026 10:41:58 INFO     Info: ('nova.bg', 'TV news')
Current page is 189
25-04-2026 10:41:58 INFO     	For media nova.bg (TV news) searching in page https://nova.bg/news/category/2/%D0%B1%D1%8A%D0%BB%D0%B3%D0%B0%D1%80%D0%B8%D1%8F/190	The number of found articles is: 22
25-04-2026 10:41:58 INFO     Info: ('nova.bg', 'TV news')
Current page is 190
25-04-2026 10:41:59 INFO     +++ Records for the news with Майката на Николай Златков: Ивайло Калушев има завещание with url https://nova.bg/news/view/2026/02/15/527308/%D0%BC%D0%B0%D0%B9%D0%BA%D0%B0%D1%82%D0%B0-%D0%BD%D0%B0-%D0%BD%D0%B8%D0%BA%D0%BE%D0%BB%D0%B0%D0%B9-%D0%B7%D0%BB%D0%B0%D1%82%D0%BA%D0%BE%D0%B2-%D0%B8%D0%B2%D0%B0%D0%B9%D0%BB%D0%BE-%D0%BA%D0%B0%D0%BB%D1%83%D1%88%D0%B5%D0%B2-%D0%B8%D0%BC%D0%B0-%D0%B7%D0%B0%D0%B2%D0%B5%D1%89%D0%B0%D0%BD%D0%B8%D0%B5/ and text Случаят "Петрохан-Околчица" все повече буди въпроси, които не получават необходимите отговори. Има теч на показания на разпитваните, хвърлят се обвинения в противоположни посоки за това какво се е случило. Това, което е сигурно е, че страдат близките - веднъж загубили децата си и втори път поставени пред прожектора на публичния съд. На фокус е майката на 22-годишния Николай Златков – Ралица Асенова. „Реших да говоря отново, защото това, което се случва, е нечовешко отношение към жертвите и техните близки. Не смятам, че това трябва да продължава”, каза тя. Ралица посочи, че познава Деян Илиев, който е открил трите тела на „Петрохан”. Жената обясни, че точно той ѝ е казал, че хижата гори и че има трима загинали. „Изпаднах в истерия, затворих телефона, започнах да звъня на всички, но телефоните им бяха изключени. После върнах обаждането на Деян и го попитах откъде знае, че това за загиналите. Тогава той ми каза – бяха наредени пред хижата един до друг. От него не разбрах, че са убити с огнестрелни рани. Казах му, че тръгвам нагоре, но той ме спря и каза, че трябва да намерим останалите”, обясни майката. Досиетата „Петрохан”: Разкрития за йерархията в групата Деян е споделил на Ралица, че предходния ден е видял тримата убити -  Ивайло, Дечо и Пламен, на хижата и „всичко е било наред”. За другите трима – Ивайло, Николай и 15-годиншоно момче, са знаели, че са с кемпера на морето. Майката каза още, че е изключително притеснена и „ужасена” за Деян и неговата приятелка. Телефоните и на двамата са изключени, допълни тя. Последният път, когато е говорила с Деян, е било, когато той е бил на хижата с разследващите. Обещал ѝ, че после, като приключи, ще се чуят отново. След това е спрял да чете съобщенията, които му е изпращала. На следващия ден вече не ги получавал. „Ходихме, търсихме го на къщата, не можахме да го намерим. Надявам се да се е покрил. Изключително съм притеснена”, допълни тя. Жената подчерта, че е дала показания доброволно. Ралица каза още, че Деян не ѝ е казвал, че е получавал съобщение преди това от Ивайло Калушев. „Той ми каза: „Моля те, бъди внимателна, ако видиш нещо нередно, звънни на 112. Тогава го попитах: „Ти смяташ ли, че това е умишлено?” Той каза: „Да, категорично”, разказа още майката на Николай. По думите на жената всичко, което се случва е „чудовищно”. И допълни, че от момента на разпита смята, че се върви само по една линия на разследването – те са виновни. Тя каза още, че е разбрала, че Деян е бил разпитван в продължение на 12 часа и в определен момент е отказал да отговаря. Тази информация е получила от разследващия полицай. Ралица разказа още, че е разпитвана основно за Николай и как е заживял с Калушев. Тя е допускала, че всичко друго, което е споделила около Деян и „Петрохан”, е било записано от властите, но нейният адвокат я е информирал, че това не е случило. NOVA разполага с показания на свидетели по случая "Петрохан" Ивайло Калушев има завещание, заяви Ралица и допълни, че е съобщила това на полицията. Тя подчерта, че знае какво има в завещанието. Майката на Ивайло също има информация за съдържанието на документа. „Всичко, което той притежава, отива за двете деца”, допълни тя и посочи, че става дума за Николай и 15-годишното момче. Тя беше категорична, че Калушев не е способен да извърши това, за което се говори, още повече с Николай и 15-годишното момче. „Ивайло е най-щедрият и най-добрият човек”, допълни още тя. И посочи, че той я е научил на емпатия. Ралица беше убедена, че не е възможно да е била манипулирана от Ивайло. Тя каза още, че никога не е давала пари и никога не е искано нищо от нея, дори е била спирана, когато е имала желание. За свидетеля Валери, който е бивш член на организацията и който е дал показания, че е живял с Калушев и твърди, че е имал сексуални контакти с него, каза, че трябва да се изкажат специалисти и психиатри и го призова да се подложи на детектор на лъжата. Тя беше категорична, че няма доверие на никого. И заяви, че се разграничава от всичко, което е казала и майката на Валери. Асенова също така подчерта, че е убедена, че групата на Калушев не е работела с ДАНС. За Гранична полиция - неведнъж са били молени, заради оборудването, да участват в техни акции, допълни още тя. Ралица заяви, че никога не е имала притсенения за групата на Калушев и я определи като "хармонична" и "братска". И каза още, че Николай е споделял с нея и винаги са били близки. „Моят син не е педофил, не е убиец, не е самоубиец", сподели още майката. „Той беше с изключително добро сърце и помагаше на всички”, каза още тя през сълзи. Ралица допълни още, че Николай е бил "изключително човешко същество, притежаваше сила, смелост, беше най-честният човек, когото познавам". За 15-годишното убито момче сподели, че е „най-красивото създание, това дете беше нещо невероятно, винаги готово да се притече на помощ, беше щастливо и свободно”. За Ивайло Иванов – Ивей тя сподели, че е „човекът – Слънце, усмивка, изключително добър, интелигентен”. За Пламен Статев каза, че е много фин и благ човек, с когото са говорели с часове на най-различни теми. За Дечо Василев сказа, че е бил много добър и талантлив човек. Тя поиска публично извинение за близките на жертвите и за жертвите от всички официални лица. Също така заяви, че настоява за независимо разследване по случая. Обърна се към Илияна Йотова, омбудсмана, Европейската комисия по правата на човека и всички неправителствени организации, ангажирани с човешките права с молба за защита на всички близки на загиналите на "Петрохан" и Околчица, включително за Деян и неговата приятелка. ВСИЧКО ЗА СЛУЧАЯ „ПЕТРОХАН” ЧЕТЕТЕ ТУК Последвайте ни from source: nova.bg was successfully added to the BaseWebsite._data_dict
25-04-2026 10:41:59 INFO     	For media nova.bg (TV news) searching in page https://nova.bg/news/category/2/%D0%B1%D1%8A%D0%BB%D0%B3%D0%B0%D1%80%D0%B8%D1%8F/191	The number of found articles is: 23
25-04-2026 10:41:59 INFO     Info: ('nova.bg', 'TV news')
Current page is 191
25-04-2026 10:42:00 INFO     +++ Records for the news with Намушкаха жена при опит за грабеж в Дупница with url https://nova.bg/news/view/2026/02/15/527289/%D0%BD%D0%B0%D0%BC%D1%83%D1%88%D0%BA%D0%B0%D1%85%D0%B0-%D0%B6%D0%B5%D0%BD%D0%B0-%D0%BF%D1%80%D0%B8-%D0%BE%D0%BF%D0%B8%D1%82-%D0%B7%D0%B0-%D0%B3%D1%80%D0%B0%D0%B1%D0%B5%D0%B6-%D0%B2-%D0%B4%D1%83%D0%BF%D0%BD%D0%B8%D1%86%D0%B0/ and text Намушкаха с нож жена в Дупница. Инцидентът е станал около 04:00 часа, съобщи Катя Табачка, говорител на Областната дирекция на МВР в Кюстендил. Пострадалата и нейна приятелка разговаряли в беседка в парка на Дупница, когато до тях се приближил мъж, който им поискал пари и ги заплашил с нож. Жените били склонни да му дадат, но той посегнал и намушкал едната в областта на корема, посочи Табачка. Жената е настанена в болнично заведение в София с порезна рана, предаде кореспондент на БТА в Кюстендил Ярослав Ставрев. Намушкаха младеж в „Студентски град“ Работи се по изясняването на фактите по случая, образувано е досъдебно производство, допълни Табачка. Последвайте ни from source: nova.bg was successfully added to the BaseWebsite._data_dict
25-04-2026 10:42:00 INFO     	For media nova.bg (TV news) searching in page https://nova.bg/news/category/2/%D0%B1%D1%8A%D0%BB%D0%B3%D0%B0%D1%80%D0%B8%D1%8F/192	The number of found articles is: 24
25-04-2026 10:42:00 INFO     Info: ('nova.bg', 'TV news')
Current page is 192
25-04-2026 10:42:00 INFO     	For media nova.bg (TV news) searching in page https://nova.bg/news/category/2/%D0%B1%D1%8A%D0%BB%D0%B3%D0%B0%D1%80%D0%B8%D1%8F/193	The number of found articles is: 24
25-04-2026 10:42:00 INFO     Info: ('nova.bg', 'TV news')
Current page is 193
25-04-2026 10:42:00 INFO     	For media nova.bg (TV news) searching in page https://nova.bg/news/category/2/%D0%B1%D1%8A%D0%BB%D0%B3%D0%B0%D1%80%D0%B8%D1%8F/194	The number of found articles is: 24
25-04-2026 10:42:00 INFO     Info: ('nova.bg', 'TV news')
Current page is 194
25-04-2026 10:42:00 INFO     	For media nova.bg (TV news) searching in page https://nova.bg/news/category/2/%D0%B1%D1%8A%D0%BB%D0%B3%D0%B0%D1%80%D0%B8%D1%8F/195	The number of found articles is: 24
25-04-2026 10:42:00 INFO     Info: ('nova.bg', 'TV news')
Current page is 195
25-04-2026 10:42:00 INFO     	For media nova.bg (TV news) searching in page https://nova.bg/news/category/2/%D0%B1%D1%8A%D0%BB%D0%B3%D0%B0%D1%80%D0%B8%D1%8F/196	The number of found articles is: 24
25-04-2026 10:42:00 INFO     Info: ('nova.bg', 'TV news')
Current page is 196
25-04-2026 10:42:00 INFO     	For media nova.bg (TV news) searching in page https://nova.bg/news/category/2/%D0%B1%D1%8A%D0%BB%D0%B3%D0%B0%D1%80%D0%B8%D1%8F/197	The number of found articles is: 24
25-04-2026 10:42:00 INFO     Info: ('nova.bg', 'TV news')
Current page is 197
25-04-2026 10:42:01 INFO     ---Article with title: "По следите": Как жени с психични заболявания са въвлечени в имотни измами was not added because contains words from article title exclusion list: ['психичн']
25-04-2026 10:42:01 INFO     +++ Records for the news with Какво е състоянието на 15-годишното момиче и жената, намушкани с нож в „Подуяне” with url https://nova.bg/news/view/2026/02/13/527075/%D0%BA%D0%B0%D0%BA%D0%B2%D0%BE-%D0%B5-%D1%81%D1%8A%D1%81%D1%82%D0%BE%D1%8F%D0%BD%D0%B8%D0%B5%D1%82%D0%BE-%D0%BD%D0%B0-15-%D0%B3%D0%BE%D0%B4%D0%B8%D1%88%D0%BD%D0%BE%D1%82%D0%BE-%D0%BC%D0%BE%D0%BC%D0%B8%D1%87%D0%B5-%D0%B8-%D0%B6%D0%B5%D0%BD%D0%B0%D1%82%D0%B0-%D0%BD%D0%B0%D0%BC%D1%83%D1%88%D0%BA%D0%B0%D0%BD%D0%B8-%D1%81-%D0%BD%D0%BE%D0%B6-%D0%B2-%D0%BF%D0%BE%D0%B4%D1%83%D1%8F%D0%BD%D0%B5/ and text Нощта е преминала спокойно за 15-годишната пациентка, която вчера постъпи в болница „Пирогов”, след като беше намушкана с нож в столичния квартал „Подуяне”. Задържан за нападението е бащата на момичето. Състоянието на пострадалата е стабилизирано, но остава тежко, съобщиха от пресцентъра на лечебното заведение. Детето остава в Клиниката по детска реанимация, под активно наблюдение. След семеен скандал: Мъж намушка трима в София, единият почина В четвъртък на момичето беше направена животоспасяваща операция, продължила часове наред и извършена от мултидисциплинарен екип от специалисти. Състоянието на пострадалата 78-годишната жена, която беше оперирана вчера в УМБАЛ "Царица Йоанна - ИСУЛ", след като беше намушкана от сина си, е стабилно. Тя е в съзнание, но предвид големия обем операция, (отстраняване на дясната част на дебелото черво) и голямата кръвозагуба, продължава да бъде с опасност за живота. "Засега възстановяването върви в рамките на очакваното. Притеснително е психическото ѝ състояние от преживяната психическата травма", коментира хируртът д-р Георги Желев от Клиниката по хирургия на УМБАЛ "Царица Йоанна - ИСУЛ", който вчера извърши животоспасяващата операция. Последвайте ни from source: nova.bg was successfully added to the BaseWebsite._data_dict
25-04-2026 10:42:01 INFO     	For media nova.bg (TV news) searching in page https://nova.bg/news/category/2/%D0%B1%D1%8A%D0%BB%D0%B3%D0%B0%D1%80%D0%B8%D1%8F/198	The number of found articles is: 25
25-04-2026 10:42:01 INFO     Info: ('nova.bg', 'TV news')
Current page is 198
25-04-2026 10:42:01 INFO     	For media nova.bg (TV news) searching in page https://nova.bg/news/category/2/%D0%B1%D1%8A%D0%BB%D0%B3%D0%B0%D1%80%D0%B8%D1%8F/199	The number of found articles is: 25
25-04-2026 10:42:01 INFO     Info: ('nova.bg', 'TV news')
Current page is 199
25-04-2026 10:42:01 INFO     	For media nova.bg (TV news) searching in page https://nova.bg/news/category/2/%D0%B1%D1%8A%D0%BB%D0%B3%D0%B0%D1%80%D0%B8%D1%8F/200	The number of found articles is: 25
25-04-2026 10:42:01 INFO     Info: ('nova.bg', 'TV news')
Current page is 200
25-04-2026 10:42:01 INFO     	For media nova.bg (TV news) searching in page https://nova.bg/news/category/2/%D0%B1%D1%8A%D0%BB%D0%B3%D0%B0%D1%80%D0%B8%D1%8F/201	The number of found articles is: 25
25-04-2026 10:42:01 INFO     Info: ('nova.bg', 'TV news')
Current page is 201
25-04-2026 10:42:02 INFO     ---Article with title: Ключови изслушвания в парламента за теча на интимни записи с жени и обвиненията в блудство с дете в Сливен was not added because contains words from article title exclusion list: ['дете']
25-04-2026 10:42:02 INFO     ---News article: <<< България е сред страните с най-много жени учени и инженери >>> was not included in the data because none of BaseWebsite._second_level keywords were found in the article text Article url: https://nova.bg/news/view/2026/02/11/526864/%D0%B1%D1%8A%D0%BB%D0%B3%D0%B0%D1%80%D0%B8%D1%8F-%D0%B5-%D1%81%D1%80%D0%B5%D0%B4-%D1%81%D1%82%D1%80%D0%B0%D0%BD%D0%B8%D1%82%D0%B5-%D1%81-%D0%BD%D0%B0%D0%B9-%D0%BC%D0%BD%D0%BE%D0%B3%D0%BE-%D0%B6%D0%B5%D0%BD%D0%B8-%D1%83%D1%87%D0%B5%D0%BD%D0%B8-%D0%B8-%D0%B8%D0%BD%D0%B6%D0%B5%D0%BD%D0%B5%D1%80%D0%B8/
25-04-2026 10:42:02 INFO     	For media nova.bg (TV news) searching in page https://nova.bg/news/category/2/%D0%B1%D1%8A%D0%BB%D0%B3%D0%B0%D1%80%D0%B8%D1%8F/202	The number of found articles is: 25
25-04-2026 10:42:02 INFO     Info: ('nova.bg', 'TV news')
Current page is 202
25-04-2026 10:42:02 INFO     	For media nova.bg (TV news) searching in page https://nova.bg/news/category/2/%D0%B1%D1%8A%D0%BB%D0%B3%D0%B0%D1%80%D0%B8%D1%8F/203	The number of found articles is: 25
25-04-2026 10:42:02 INFO     Info: ('nova.bg', 'TV news')
Current page is 203
25-04-2026 10:42:02 INFO     ---Article with title: Задържаха мъж и жена във Варна, в дома им са открити фентанил и хашиш was not added because contains words from article title exclusion list: ['мъж и жена']
25-04-2026 10:42:02 INFO     	For media nova.bg (TV news) searching in page https://nova.bg/news/category/2/%D0%B1%D1%8A%D0%BB%D0%B3%D0%B0%D1%80%D0%B8%D1%8F/204	The number of found articles is: 25
25-04-2026 10:42:02 INFO     Info: ('nova.bg', 'TV news')
Current page is 204
25-04-2026 10:42:03 INFO     +++ Records for the news with Делото „Пейо Пеев“: Майка и дъщеря отново пред съда за убийството на Витоша with url https://nova.bg/news/view/2026/02/11/526795/%D0%B4%D0%B5%D0%BB%D0%BE%D1%82%D0%BE-%D0%BF%D0%B5%D0%B9%D0%BE-%D0%BF%D0%B5%D0%B5%D0%B2-%D0%BC%D0%B0%D0%B9%D0%BA%D0%B0-%D0%B8-%D0%B4%D1%8A%D1%89%D0%B5%D1%80%D1%8F-%D0%BE%D1%82%D0%BD%D0%BE%D0%B2%D0%BE-%D0%BF%D1%80%D0%B5%D0%B4-%D1%81%D1%8A%D0%B4%D0%B0-%D0%B7%D0%B0-%D1%83%D0%B1%D0%B8%D0%B9%D1%81%D1%82%D0%B2%D0%BE%D1%82%D0%BE-%D0%BD%D0%B0-%D0%B2%D0%B8%D1%82%D0%BE%D1%88%D0%B0/ and text Поредно заседание в Софийския градски съд по делото за убийството на 44-годишния Пейо Пеев. Подсъдими са съпругата му Габриела Славова и майка ѝ Красимира Трифонова. Те бяха задържани преди две години, след като тялото на Пеев беше открито на Витоша. Майката и дъщерята са обвинени, че са удушили мъжа. Поредно заседание по делото за убийството на Пейо Пеев Предполага се, че мотивът за престъплението е свързан със спорове за родителски права. Пейо Пеев и Габриела имат общо дете. Последвайте ни from source: nova.bg was successfully added to the BaseWebsite._data_dict
25-04-2026 10:42:03 INFO     	For media nova.bg (TV news) searching in page https://nova.bg/news/category/2/%D0%B1%D1%8A%D0%BB%D0%B3%D0%B0%D1%80%D0%B8%D1%8F/205	The number of found articles is: 26
25-04-2026 10:42:03 INFO     Info: ('nova.bg', 'TV news')
Current page is 205
25-04-2026 10:42:03 INFO     	For media nova.bg (TV news) searching in page https://nova.bg/news/category/2/%D0%B1%D1%8A%D0%BB%D0%B3%D0%B0%D1%80%D0%B8%D1%8F/206	The number of found articles is: 26
25-04-2026 10:42:03 INFO     Info: ('nova.bg', 'TV news')
Current page is 206
25-04-2026 10:42:03 INFO     	For media nova.bg (TV news) searching in page https://nova.bg/news/category/2/%D0%B1%D1%8A%D0%BB%D0%B3%D0%B0%D1%80%D0%B8%D1%8F/207	The number of found articles is: 26
25-04-2026 10:42:03 INFO     Info: ('nova.bg', 'TV news')
Current page is 207
25-04-2026 10:42:03 INFO     ---Article with title: Възрастна жена загина при пожар в дома си was not added because contains words from article title exclusion list: ['пожар']
25-04-2026 10:42:03 INFO     	For media nova.bg (TV news) searching in page https://nova.bg/news/category/2/%D0%B1%D1%8A%D0%BB%D0%B3%D0%B0%D1%80%D0%B8%D1%8F/208	The number of found articles is: 26
25-04-2026 10:42:03 INFO     Info: ('nova.bg', 'TV news')
Current page is 208
25-04-2026 10:42:03 INFO     ---Article with title: Пожарникари спасиха възрастна жена, заклещена в сандък в Севлиево was not added because contains words from article title exclusion list: ['пожар']
25-04-2026 10:42:04 INFO     +++ Records for the news with Побой над малолетно момиче беше заснет и публикуван в социалните мрежи with url https://nova.bg/news/view/2026/02/09/526610/%D0%BF%D0%BE%D0%B1%D0%BE%D0%B9-%D0%BD%D0%B0%D0%B4-%D0%BC%D0%B0%D0%BB%D0%BE%D0%BB%D0%B5%D1%82%D0%BD%D0%BE-%D0%BC%D0%BE%D0%BC%D0%B8%D1%87%D0%B5-%D0%B1%D0%B5%D1%88%D0%B5-%D0%B7%D0%B0%D1%81%D0%BD%D0%B5%D1%82-%D0%B8-%D0%BF%D1%83%D0%B1%D0%BB%D0%B8%D0%BA%D1%83%D0%B2%D0%B0%D0%BD-%D0%B2-%D1%81%D0%BE%D1%86%D0%B8%D0%B0%D0%BB%D0%BD%D0%B8%D1%82%D0%B5-%D0%BC%D1%80%D0%B5%D0%B6%D0%B8/ and text Видео с побой над малолетно момиче беше публикувано в социалните мрежи. Случилото се в мезренското село Долна Кремена е запечатано на два клипа. На първия ясно се вижда как младеж поваля момиче с юмруци на асфалта и продължава да нанася удари. Във втория той отново се връща към лежащото на улицата дете и го рита. Наоколо няма никого, освен тях двамата, друго момче, което снима, и момиче, което опитва да помогне на жертвата. Враждата започва заради обиди, които 13-годишното момиче отправя към 17-годишно момче на връщане от училище. „Ще бъдеш труп“: Жесток побой над ученичка в Благоевград Тийнейджърът се нахвърля с юмруци и крясъци върху момичето. Поваля го на асфалта и за малко се отдалечава, но след това отново се връща и започва да го рита, докато момичето безпомощна лежи върху асфалта. Очевидец става друго малолетно дете. В селото добре познават и момчето, което нанася побоя, и битото момиче. "Момченцето е тук от месеци или от година. То живее при свои роднини. Не ги знам в какви условия, но контрол няма никакъв, защото майка му и баща му не са тук. За момичето мога да кажа, че там нещата са много сложни. То живее в къща, в която няма ток и вода. Само майка му го гледа, а тя не може да се справи и с нея, защото налита и бие майка си и я краде", коментира кметът на селото Румен Серафимов. Местните полицаи са се самосезирали от клиповете в социалните мрежи и след освидетелстване от съдебен лекар по случая вече е образувано досъдебно производство. От местната прокуратура уточниха за NOVA, че в момента се извършват експертизи. Последвайте ни from source: nova.bg was successfully added to the BaseWebsite._data_dict
25-04-2026 10:42:04 INFO     	For media nova.bg (TV news) searching in page https://nova.bg/news/category/2/%D0%B1%D1%8A%D0%BB%D0%B3%D0%B0%D1%80%D0%B8%D1%8F/209	The number of found articles is: 27
25-04-2026 10:42:04 INFO     Info: ('nova.bg', 'TV news')
Current page is 209
25-04-2026 10:42:04 INFO     	For media nova.bg (TV news) searching in page https://nova.bg/news/category/2/%D0%B1%D1%8A%D0%BB%D0%B3%D0%B0%D1%80%D0%B8%D1%8F/210	The number of found articles is: 27
25-04-2026 10:42:04 INFO     Info: ('nova.bg', 'TV news')
Current page is 210
25-04-2026 10:42:04 INFO     	For media nova.bg (TV news) searching in page https://nova.bg/news/category/2/%D0%B1%D1%8A%D0%BB%D0%B3%D0%B0%D1%80%D0%B8%D1%8F/211	The number of found articles is: 27
25-04-2026 10:42:04 INFO     Info: ('nova.bg', 'TV news')
Current page is 211
25-04-2026 10:42:04 INFO     	For media nova.bg (TV news) searching in page https://nova.bg/news/category/2/%D0%B1%D1%8A%D0%BB%D0%B3%D0%B0%D1%80%D0%B8%D1%8F/212	The number of found articles is: 27
25-04-2026 10:42:04 INFO     Info: ('nova.bg', 'TV news')
Current page is 212
25-04-2026 10:42:04 INFO     ---Article with title: Почина майката, която се бореше с тежко онкологично заболяване was not added because contains words from article title exclusion list: ['онко']
25-04-2026 10:42:04 INFO     	For media nova.bg (TV news) searching in page https://nova.bg/news/category/2/%D0%B1%D1%8A%D0%BB%D0%B3%D0%B0%D1%80%D0%B8%D1%8F/213	The number of found articles is: 27
25-04-2026 10:42:04 INFO     Info: ('nova.bg', 'TV news')
Current page is 213
25-04-2026 10:42:05 INFO     	For media nova.bg (TV news) searching in page https://nova.bg/news/category/2/%D0%B1%D1%8A%D0%BB%D0%B3%D0%B0%D1%80%D0%B8%D1%8F/214	The number of found articles is: 27
25-04-2026 10:42:05 INFO     Info: ('nova.bg', 'TV news')
Current page is 214
25-04-2026 10:42:05 INFO     	For media nova.bg (TV news) searching in page https://nova.bg/news/category/2/%D0%B1%D1%8A%D0%BB%D0%B3%D0%B0%D1%80%D0%B8%D1%8F/215	The number of found articles is: 27
25-04-2026 10:42:05 INFO     Info: ('nova.bg', 'TV news')
Current page is 215
25-04-2026 10:42:05 INFO     +++ Records for the news with Българският фонд за жените: Изтеклите записи от АГ кабинет и козметични студиа са част от системно полово базирано насилие with url https://nova.bg/news/view/2026/02/06/526366/%D0%B1%D1%8A%D0%BB%D0%B3%D0%B0%D1%80%D1%81%D0%BA%D0%B8%D1%8F%D1%82-%D1%84%D0%BE%D0%BD%D0%B4-%D0%B7%D0%B0-%D0%B6%D0%B5%D0%BD%D0%B8%D1%82%D0%B5-%D0%B8%D0%B7%D1%82%D0%B5%D0%BA%D0%BB%D0%B8%D1%82%D0%B5-%D0%B7%D0%B0%D0%BF%D0%B8%D1%81%D0%B8-%D0%BE%D1%82-%D0%B0%D0%B3-%D0%BA%D0%B0%D0%B1%D0%B8%D0%BD%D0%B5%D1%82-%D0%B8-%D0%BA%D0%BE%D0%B7%D0%BC%D0%B5%D1%82%D0%B8%D1%87%D0%BD%D0%B8-%D1%81%D1%82%D1%83%D0%B4%D0%B8%D0%B0-%D1%81%D0%B0-%D1%87%D0%B0%D1%81%D1%82-%D0%BE%D1%82-%D1%81%D0%B8%D1%81%D1%82%D0%B5%D0%BC%D0%BD%D0%BE-%D0%BF%D0%BE%D0%BB%D0%BE%D0%B2%D0%BE-%D0%B1%D0%B0%D0%B7%D0%B8%D1%80%D0%B0%D0%BD%D0%BE-%D0%BD%D0%B0%D1%81%D0%B8%D0%BB%D0%B8%D0%B5/ and text Изтеклите записи от гинекологичен кабинет в София са само част от поредицата подобни случаи, за които се разбра в последните дни. От Българския фонд за жените излязоха с остра позиция, в която посочват, че „превръщането на женската уязвимост в порнографско съдържание показва сериозни пропуски в контрола”. "Адресатите на тази позиция са основно два. Едните са политиците и законодателите, които трябва да вземат спешни мерки, както и широката общественост, защото трябва да си даваме сметка, че всичко това е възможно заради широко разпространената култура на толериране". Това заяви в Обедния информационен блок по NOVA NEWS Гергана Куцева от Българския фонд за жените. Кадри от гинекологичен кабинет изтекоха в сайтове за възрастни По думите ѝ не става дума за единични случаи и това не е просто скандал с незаконно видеонаблюдение. "Това е полово базирано насилие, насочено към жени и момичета. Всички потърпевши досега са жени и момичета, включително дете на 9-годишна възраст. Трябва да е ясно, че половo базираното насилие в този случай е сексуално унижение, а в случаите с разпространение на порнографско съдържание - на практика и сексуална експлоатация", категорична е тя. Според нея властите трябва да "получат ясен сигнал, че това са случаи с много висока обществена тежест". "Първо, защото сигналите вече са стотици. Освен това става въпрос и за деца. Не може да има никакви забавяния - нужни са бързи мерки и бързо правосъдие", подчерта Куцева. Скандалът с голи кадри от лазерна епилация в Бургас: Близо 100 души подадоха сигнали, сред тях непълнолетни Ето и пълната позиция на Българския фонд за жените: Български фонд за жените изразява силна тревога и категорично възмущение от сигналите за незаконно заснемане на жени със скрити камери по време на медицински прегледи и козметични процедури! По информация от медиите последният известен случай е от гинекологичен кабинет в София, а предишните - от козметични салони в Бургас и Казанлък. В тези случаи жени, включително малолетни и непълнолетни момичета, са били заснети в интимни моменти без знанието им, а видеозаписите са разпространявани в платени сайтове за възрастни. Това е недопустимо нарушение на човешкото достойнство, правото на личен живот, телесната неприкосновеност и на медицинската конфиденциалност. Изразяваме дълбоко съчувствие и солидарност с всички пострадали. Техните случаи не бива да се разглеждат като изолирани инциденти. Те очертават тревожен модел на системно сексуално и онлайн насилие над жени в България. Превръщането на женската уязвимост в порнографско съдържание с комерсиална цел разкрива мащаба на вредата и сериозните пропуски в превенцията, контрола и институционалната реакция. Показателно е, че паралелно с публично известните случаи продължават да се подават десетки нови сигнали до органите на реда. Липсата на повдигнати обвинения до момента засилва усещането за безнаказаност и допълнително задълбочава травмата и несигурността на пострадалите. Онлайн насилието има дълготраен и натрупващ се ефект - всяко гледане, споделяне или разпространение на подобни записи представлява нов акт на посегателство. Свидетелство за това е случаят на жена, чието видео е било гледано над 50 000 пъти - мащаб, който ясно показва интензитета на преживяното насилие и публичното унижение. Подобни практики са несъвместими с принципите на демократичната правова държава. Напомняме, че през 2024 г. беше приета Директивата на Европейския съюз за борба с насилието над жени, която обхваща заснемането и разпространението на интимни изображения и видеа без съгласие, както и кибертормоза и киберпреследването. Въпреки това, българското законодателство все още не осигурява пълна и ясна защита срещу всички форми на онлайн насилие. Настояваме за незабавни и прозрачни действия от институциите: ефективни разследвания, реална наказателна отговорност, премахване на незаконното съдържание и адекватна подкрепа за пострадалите. Искаме защита на момичетата и жените в България! Целия разговор гледайте във видеото. Последвайте ни from source: nova.bg was successfully added to the BaseWebsite._data_dict
25-04-2026 10:42:05 INFO     	For media nova.bg (TV news) searching in page https://nova.bg/news/category/2/%D0%B1%D1%8A%D0%BB%D0%B3%D0%B0%D1%80%D0%B8%D1%8F/216	The number of found articles is: 28
25-04-2026 10:42:05 INFO     Info: ('nova.bg', 'TV news')
Current page is 216
25-04-2026 10:42:06 INFO     ---News article: <<< Обвиниха учител от Пловдив в блудство с момичета, едната - негова ученичка >>> was not included in the data because none of BaseWebsite._second_level keywords were found in the article text Article url: https://nova.bg/news/view/2026/02/06/526350/%D0%BE%D0%B1%D0%B2%D0%B8%D0%BD%D0%B8%D1%85%D0%B0-%D1%83%D1%87%D0%B8%D1%82%D0%B5%D0%BB-%D0%BE%D1%82-%D0%BF%D0%BB%D0%BE%D0%B2%D0%B4%D0%B8%D0%B2-%D0%B2-%D0%B1%D0%BB%D1%83%D0%B4%D1%81%D1%82%D0%B2%D0%BE-%D1%81-%D0%BC%D0%BE%D0%BC%D0%B8%D1%87%D0%B5%D1%82%D0%B0-%D0%B5%D0%B4%D0%BD%D0%B0%D1%82%D0%B0-%D0%BD%D0%B5%D0%B3%D0%BE%D0%B2%D0%B0-%D1%83%D1%87%D0%B5%D0%BD%D0%B8%D1%87%D0%BA%D0%B0/
25-04-2026 10:42:06 INFO     	For media nova.bg (TV news) searching in page https://nova.bg/news/category/2/%D0%B1%D1%8A%D0%BB%D0%B3%D0%B0%D1%80%D0%B8%D1%8F/217	The number of found articles is: 28
25-04-2026 10:42:06 INFO     Info: ('nova.bg', 'TV news')
Current page is 217
25-04-2026 10:42:06 INFO     	For media nova.bg (TV news) searching in page https://nova.bg/news/category/2/%D0%B1%D1%8A%D0%BB%D0%B3%D0%B0%D1%80%D0%B8%D1%8F/218	The number of found articles is: 28
25-04-2026 10:42:06 INFO     Info: ('nova.bg', 'TV news')
Current page is 218
25-04-2026 10:42:06 INFO     	For media nova.bg (TV news) searching in page https://nova.bg/news/category/2/%D0%B1%D1%8A%D0%BB%D0%B3%D0%B0%D1%80%D0%B8%D1%8F/219	The number of found articles is: 28
25-04-2026 10:42:06 INFO     Info: ('nova.bg', 'TV news')
Current page is 219
25-04-2026 10:42:06 INFO     	For media nova.bg (TV news) searching in page https://nova.bg/news/category/2/%D0%B1%D1%8A%D0%BB%D0%B3%D0%B0%D1%80%D0%B8%D1%8F/220	The number of found articles is: 28
25-04-2026 10:42:06 INFO     Info: ('nova.bg', 'TV news')
Current page is 220
25-04-2026 10:42:07 INFO     	For media nova.bg (TV news) searching in page https://nova.bg/news/category/2/%D0%B1%D1%8A%D0%BB%D0%B3%D0%B0%D1%80%D0%B8%D1%8F/221	The number of found articles is: 28
25-04-2026 10:42:07 INFO     Info: ('nova.bg', 'TV news')
Current page is 221
25-04-2026 10:42:07 INFO     	For media nova.bg (TV news) searching in page https://nova.bg/news/category/2/%D0%B1%D1%8A%D0%BB%D0%B3%D0%B0%D1%80%D0%B8%D1%8F/222	The number of found articles is: 28
25-04-2026 10:42:07 INFO     Info: ('nova.bg', 'TV news')
Current page is 222
25-04-2026 10:42:07 INFO     	For media nova.bg (TV news) searching in page https://nova.bg/news/category/2/%D0%B1%D1%8A%D0%BB%D0%B3%D0%B0%D1%80%D0%B8%D1%8F/223	The number of found articles is: 28
25-04-2026 10:42:07 INFO     Info: ('nova.bg', 'TV news')
Current page is 223
25-04-2026 10:42:08 INFO     ---News article: <<< Изтекоха кадри на голи жени от козметично студио в Казанлък >>> was not included in the data because none of BaseWebsite._second_level keywords were found in the article text Article url: https://nova.bg/news/view/2026/02/04/526077/%D0%B8%D0%B7%D1%82%D0%B5%D0%BA%D0%BE%D1%85%D0%B0-%D0%BA%D0%B0%D0%B4%D1%80%D0%B8-%D0%BD%D0%B0-%D0%B3%D0%BE%D0%BB%D0%B8-%D0%B6%D0%B5%D0%BD%D0%B8-%D0%BE%D1%82-%D0%BA%D0%BE%D0%B7%D0%BC%D0%B5%D1%82%D0%B8%D1%87%D0%BD%D0%BE-%D1%81%D1%82%D1%83%D0%B4%D0%B8%D0%BE-%D0%B2-%D0%BA%D0%B0%D0%B7%D0%B0%D0%BD%D0%BB%D1%8A%D0%BA/
25-04-2026 10:42:08 INFO     	For media nova.bg (TV news) searching in page https://nova.bg/news/category/2/%D0%B1%D1%8A%D0%BB%D0%B3%D0%B0%D1%80%D0%B8%D1%8F/224	The number of found articles is: 28
25-04-2026 10:42:08 INFO     Info: ('nova.bg', 'TV news')
Current page is 224
25-04-2026 10:42:08 INFO     	For media nova.bg (TV news) searching in page https://nova.bg/news/category/2/%D0%B1%D1%8A%D0%BB%D0%B3%D0%B0%D1%80%D0%B8%D1%8F/225	The number of found articles is: 28
25-04-2026 10:42:08 INFO     Info: ('nova.bg', 'TV news')
Current page is 225
25-04-2026 10:42:08 INFO     	For media nova.bg (TV news) searching in page https://nova.bg/news/category/2/%D0%B1%D1%8A%D0%BB%D0%B3%D0%B0%D1%80%D0%B8%D1%8F/226	The number of found articles is: 28
25-04-2026 10:42:08 INFO     Info: ('nova.bg', 'TV news')
Current page is 226
25-04-2026 10:42:09 INFO     +++ Records for the news with Убиха жена с брадва в Плевен, задържан е 70-годишният ѝ партньор with url https://nova.bg/news/view/2026/02/02/525917/%D1%83%D0%B1%D0%B8%D1%85%D0%B0-%D0%B6%D0%B5%D0%BD%D0%B0-%D1%81-%D0%B1%D1%80%D0%B0%D0%B4%D0%B2%D0%B0-%D0%B2-%D0%BF%D0%BB%D0%B5%D0%B2%D0%B5%D0%BD-%D0%B7%D0%B0%D0%B4%D1%8A%D1%80%D0%B6%D0%B0%D0%BD-%D0%B5-70-%D0%B3%D0%BE%D0%B4%D0%B8%D1%88%D0%BD%D0%B8%D1%8F%D1%82-%D1%9D-%D0%BF%D0%B0%D1%80%D1%82%D0%BD%D1%8C%D0%BE%D1%80/ and text Задържаха 70-годишен мъж, обвинен в умишленото убийство на жената, с която е живял на семейни начала в Плевен, съобщи кореспондентът на БТА Елина Кюркчиева. В хода на разследването е установено, че той нанесъл няколко удара с брадва в областта на главата на 68-годишната жертва. В резултат на тежките травми тя починала на място. Задържаха мъж за убийството на брат му навръх Нова година в Тетевенско На местопроизшествието е извършен оглед, при който е иззета брадвата, с която е извършено деянието. По разпореждане на прокуратурата е назначена съдебно-психиатрична експертиза, която трябва да установи дали обвиняемият е бил вменяем към момента на извършване на престъплението. Мъж нападна полицай с брадва, пуснаха го под гаранция от 2000 лв. За такова престъпление законът предвижда наказание „лишаване от свобода“ от 10 до 20 години. Предстои Окръжната прокуратура в Плевен да внесе искане в съда за налагане на мярка за неотклонение „задържане под стража“. Последвайте ни from source: nova.bg was successfully added to the BaseWebsite._data_dict
25-04-2026 10:42:09 INFO     	For media nova.bg (TV news) searching in page https://nova.bg/news/category/2/%D0%B1%D1%8A%D0%BB%D0%B3%D0%B0%D1%80%D0%B8%D1%8F/227	The number of found articles is: 29
25-04-2026 10:42:09 INFO     Info: ('nova.bg', 'TV news')
Current page is 227
25-04-2026 10:42:09 INFO     ---Article with title: Задържаха жена, откраднала алкохол за 430 евро от магазин в Горна Оряховица was not added because contains words from article title exclusion list: ['алкохол']
25-04-2026 10:42:09 INFO     	For media nova.bg (TV news) searching in page https://nova.bg/news/category/2/%D0%B1%D1%8A%D0%BB%D0%B3%D0%B0%D1%80%D0%B8%D1%8F/228	The number of found articles is: 29
25-04-2026 10:42:09 INFO     Info: ('nova.bg', 'TV news')
Current page is 228
25-04-2026 10:42:09 INFO     	For media nova.bg (TV news) searching in page https://nova.bg/news/category/2/%D0%B1%D1%8A%D0%BB%D0%B3%D0%B0%D1%80%D0%B8%D1%8F/229	The number of found articles is: 29
25-04-2026 10:42:09 INFO     Info: ('nova.bg', 'TV news')
Current page is 229
25-04-2026 10:42:10 INFO     +++ Records for the news with От пубертета до менопаузата: Защо всяка жена трябва да ходи на гинеколог with url https://nova.bg/news/view/2026/02/01/525791/%D0%BE%D1%82-%D0%BF%D1%83%D0%B1%D0%B5%D1%80%D1%82%D0%B5%D1%82%D0%B0-%D0%B4%D0%BE-%D0%BC%D0%B5%D0%BD%D0%BE%D0%BF%D0%B0%D1%83%D0%B7%D0%B0%D1%82%D0%B0-%D0%B7%D0%B0%D1%89%D0%BE-%D0%B2%D1%81%D1%8F%D0%BA%D0%B0-%D0%B6%D0%B5%D0%BD%D0%B0-%D1%82%D1%80%D1%8F%D0%B1%D0%B2%D0%B0-%D0%B4%D0%B0-%D1%85%D0%BE%D0%B4%D0%B8-%D0%BD%D0%B0-%D0%B3%D0%B8%D0%BD%D0%B5%D0%BA%D0%BE%D0%BB%D0%BE%D0%B3/ and text Профилактиката на гинекологичното здраве в различните етапи от живота на жената беше във фокуса на предаването „Пулс“. Гост в студиото беше гинекологът доц. д-р Янчо Делчев, който подчерта, че женският организъм преминава през няколко естествени периода, които плавно се преливат един в друг, като всеки от тях има свои специфични рискове и здравни потребности. Според доц. Делчев развитието на женския организъм преминава през латентен период в детството, пубертет, зряла възраст, климактериум и старческа възраст. Във всеки от тези етапи действат различни хормонални, имунологични и поведенчески фактори, които влияят върху здравето и определят спектъра от възможни заболявания. Най-доброто време от деня за секс според възрастта Особено важен момент е пубертетът, когато момичетата често не са подготвени за промените в тялото си. По думите на специалиста основната отговорност за информиране носи семейството. Майката трябва още в началните етапи на пубертета да говори с дъщеря си за настъпващите промени, за менструацията, нейната цикличност и смисъл, както и за теми като полов живот, предпазване и отговорност. Ако това не се случи в семейството, ролята следва да бъде поета от училището и медиите, чрез достъпна и професионална информация. Доц. Делчев посочи, че първото посещение при гинеколог не бива да бъде повод за страх. То може да се осъществи при съмнения за проблеми в развитието, при нарушения в менструалния цикъл или болка. Дори един неинвазивен ехографски преглед през коремната стена може да бъде достатъчен, за да се изгради доверие между момичето и лекаря и да се създаде навик за бъдещи редовни профилактични прегледи, които след започване на полов живот трябва да бъдат ежегодни. По полов път се предават редица вируси и инфекции, включително HIV, херпес, хепатити и човешки папиломен вирус (HPV). Затова младите хора трябва да бъдат добре информирани за предпазните средства и за рисковете както от инфекции, така и от нежелана бременност. Липсата на информираност често води до сериозни здравословни и терапевтични проблеми. Човешкият папиломен вирус е изключително разпространен, като по различни данни 80–90% от хората имат контакт с него в даден момент от живота си. Връзката му с развитието на онкологични заболявания е научно доказана, което е и основата за създаването на ваксината срещу HPV – откритие, донесло Нобелова награда за медицина. Ваксината се прилага успешно в много държави и води до рязко намаляване на заболеваемостта и смъртността от свързани с вируса ракови заболявания. В България ваксината срещу HPV се предлага безплатно за момичета и момчета, но въпреки това много родители се колебаят. Според доц. Делчев причината е най-вече в народопсихологията и влиянието на антиваксърски послания. Той подчерта, че ваксината не съдържа жив вирус, а само части от вирусната обвивка, които стимулират имунната система да изгради траен имунитет. По света са поставени стотици милиони дози, без сериозни нежелани реакции. Съвети за репродуктивно здраве: По пътя към мечтата за дете Една от най-честите находки в гинекологичната практика е възпалението на влагалището и т.нар. „раничка“ на шийката на матката. Лечението изисква стриктен диагностичен алгоритъм – изключване на инфекции, цитологично изследване, колпоскопия и едва след това избор на терапия. Прескачането на стъпки крие риск от пропускане на сериозни заболявания. Голяма грешка е схващането, че след спирането на менструацията гинекологичните заболявания вече не са заплаха. Доц. Делчев подчерта, че жените в менопауза трябва да продължат да посещават гинеколог поне веднъж годишно. Особено тревожен симптом е всяко кървене след настъпване на менопаузата, което изисква незабавна лекарска консултация. Навременната диагностика може да предотврати развитието на тежки онкологични заболявания. Като практичен съвет специалистът препоръча всяка жена около рождения си ден да си прави „подарък“ – профилактичен преглед при гинеколог и мамолог. Това са зони, които са лесно достъпни за диагностика и ранното откриване на проблеми може да спаси живот. Последвайте ни from source: nova.bg was successfully added to the BaseWebsite._data_dict
25-04-2026 10:42:10 INFO     	For media nova.bg (TV news) searching in page https://nova.bg/news/category/2/%D0%B1%D1%8A%D0%BB%D0%B3%D0%B0%D1%80%D0%B8%D1%8F/230	The number of found articles is: 30
25-04-2026 10:42:10 INFO     Info: ('nova.bg', 'TV news')
Current page is 230
25-04-2026 10:42:10 INFO     	For media nova.bg (TV news) searching in page https://nova.bg/news/category/2/%D0%B1%D1%8A%D0%BB%D0%B3%D0%B0%D1%80%D0%B8%D1%8F/231	The number of found articles is: 30
25-04-2026 10:42:10 INFO     Info: ('nova.bg', 'TV news')
Current page is 231
25-04-2026 10:42:10 INFO     	For media nova.bg (TV news) searching in page https://nova.bg/news/category/2/%D0%B1%D1%8A%D0%BB%D0%B3%D0%B0%D1%80%D0%B8%D1%8F/232	The number of found articles is: 30
25-04-2026 10:42:10 INFO     Info: ('nova.bg', 'TV news')
Current page is 232
25-04-2026 10:42:10 INFO     	For media nova.bg (TV news) searching in page https://nova.bg/news/category/2/%D0%B1%D1%8A%D0%BB%D0%B3%D0%B0%D1%80%D0%B8%D1%8F/233	The number of found articles is: 30
25-04-2026 10:42:10 INFO     Info: ('nova.bg', 'TV news')
Current page is 233
25-04-2026 10:42:10 INFO     	For media nova.bg (TV news) searching in page https://nova.bg/news/category/2/%D0%B1%D1%8A%D0%BB%D0%B3%D0%B0%D1%80%D0%B8%D1%8F/234	The number of found articles is: 30
25-04-2026 10:42:10 INFO     Info: ('nova.bg', 'TV news')
Current page is 234
25-04-2026 10:42:10 INFO     	For media nova.bg (TV news) searching in page https://nova.bg/news/category/2/%D0%B1%D1%8A%D0%BB%D0%B3%D0%B0%D1%80%D0%B8%D1%8F/235	The number of found articles is: 30
25-04-2026 10:42:10 INFO     Info: ('nova.bg', 'TV news')
Current page is 235
25-04-2026 10:42:10 INFO     	For media nova.bg (TV news) searching in page https://nova.bg/news/category/2/%D0%B1%D1%8A%D0%BB%D0%B3%D0%B0%D1%80%D0%B8%D1%8F/236	The number of found articles is: 30
25-04-2026 10:42:10 INFO     Info: ('nova.bg', 'TV news')
Current page is 236
25-04-2026 10:42:11 INFO     	For media nova.bg (TV news) searching in page https://nova.bg/news/category/2/%D0%B1%D1%8A%D0%BB%D0%B3%D0%B0%D1%80%D0%B8%D1%8F/237	The number of found articles is: 30
25-04-2026 10:42:11 INFO     Info: ('nova.bg', 'TV news')
Current page is 237
25-04-2026 10:42:11 INFO     ---News article: <<< Задържаха две жени, откраднали близо 18 000 лева от джоба на мъж >>> was not included in the data because none of BaseWebsite._second_level keywords were found in the article text Article url: https://nova.bg/news/view/2026/01/29/525523/%D0%B7%D0%B0%D0%B4%D1%8A%D1%80%D0%B6%D0%B0%D1%85%D0%B0-%D0%B4%D0%B2%D0%B5-%D0%B6%D0%B5%D0%BD%D0%B8-%D0%BE%D1%82%D0%BA%D1%80%D0%B0%D0%B4%D0%BD%D0%B0%D0%BB%D0%B8-%D0%B1%D0%BB%D0%B8%D0%B7%D0%BE-18-000-%D0%BB%D0%B5%D0%B2%D0%B0-%D0%BE%D1%82-%D0%B4%D0%B6%D0%BE%D0%B1%D0%B0-%D0%BD%D0%B0-%D0%BC%D1%8A%D0%B6/
25-04-2026 10:42:11 INFO     	For media nova.bg (TV news) searching in page https://nova.bg/news/category/2/%D0%B1%D1%8A%D0%BB%D0%B3%D0%B0%D1%80%D0%B8%D1%8F/238	The number of found articles is: 30
25-04-2026 10:42:11 INFO     Info: ('nova.bg', 'TV news')
Current page is 238
25-04-2026 10:42:11 INFO     ---Article with title: Издирват възрастни мъж и жена след пожар в къща в Тетевенско was not added because contains words from article title exclusion list: ['мъж и жена', 'пожар']
25-04-2026 10:42:12 INFO     +++ Records for the news with „Ще те изхвърля през прозореца”: Задържаха мъж за побой над жена му и сина му with url https://nova.bg/news/view/2026/01/29/525482/%D1%89%D0%B5-%D1%82%D0%B5-%D0%B8%D0%B7%D1%85%D0%B2%D1%8A%D1%80%D0%BB%D1%8F-%D0%BF%D1%80%D0%B5%D0%B7-%D0%BF%D1%80%D0%BE%D0%B7%D0%BE%D1%80%D0%B5%D1%86%D0%B0-%D0%B7%D0%B0%D0%B4%D1%8A%D1%80%D0%B6%D0%B0%D1%85%D0%B0-%D0%BC%D1%8A%D0%B6-%D0%B7%D0%B0-%D0%BF%D0%BE%D0%B1%D0%BE%D0%B9-%D0%BD%D0%B0%D0%B4-%D0%B6%D0%B5%D0%BD%D0%B0-%D0%BC%D1%83-%D0%B8-%D1%81%D0%B8%D0%BD%D0%B0-%D0%BC%D1%83/ and text Софийска районна прокуратура привлече към наказателна отговорност 44-годишен мъж за нанасяне на телесни повреди на непълнолетния му син и на жената, с която живее на семейни начала. Събраните до момента доказателства сочат, че около 02:30 часа на 27 януари в апартамент столичния квартал „Младост 2” обвиняемият удрял с юмруци в главата, лицето, тялото и ръцете, и ритал в бъбреците жената, с която живее. Той ударил с юмрук ръката и ритал в корема 17-годишния си син. Вследствие на ударите мъжът причинил на жена си и на сина си леки телесни повреди. Задържаха мъж, заплашил да отреже гърлото на жената, с която живее Обвиняемият се заканил с убийство на жена си, като я хванал за крака и започнал да я дърпа към отворения прозорец, казвайки ѝ, че ще я изхвърли през прозореца. Деянията са извършени в условията на домашно насилие. По случая се води досъдебно производство за престъпления, за които се предвиждат наказания „лишаване от свобода”. С постановление на наблюдаващ прокурор мъжът е задържан за срок до 72 часа. Предстои да бъде внесено искане в Софийски районен съд за определяне на мярка „задържане под стража“ спрямо обвиняемия. Последвайте ни from source: nova.bg was successfully added to the BaseWebsite._data_dict
25-04-2026 10:42:12 INFO     	For media nova.bg (TV news) searching in page https://nova.bg/news/category/2/%D0%B1%D1%8A%D0%BB%D0%B3%D0%B0%D1%80%D0%B8%D1%8F/239	The number of found articles is: 31
25-04-2026 10:42:12 INFO     Info: ('nova.bg', 'TV news')
Current page is 239
25-04-2026 10:42:12 INFO     	For media nova.bg (TV news) searching in page https://nova.bg/news/category/2/%D0%B1%D1%8A%D0%BB%D0%B3%D0%B0%D1%80%D0%B8%D1%8F/240	The number of found articles is: 31
25-04-2026 10:42:12 INFO     Info: ('nova.bg', 'TV news')
Current page is 240
25-04-2026 10:42:13 INFO     +++ Records for the news with Скандал със записи от козметично студио: Жена се е разпознала в порнографски сайт with url https://nova.bg/news/view/2026/01/28/525430/%D1%81%D0%BA%D0%B0%D0%BD%D0%B4%D0%B0%D0%BB-%D1%81%D1%8A%D1%81-%D0%B7%D0%B0%D0%BF%D0%B8%D1%81%D0%B8-%D0%BE%D1%82-%D0%BA%D0%BE%D0%B7%D0%BC%D0%B5%D1%82%D0%B8%D1%87%D0%BD%D0%BE-%D1%81%D1%82%D1%83%D0%B4%D0%B8%D0%BE-%D0%B6%D0%B5%D0%BD%D0%B0-%D1%81%D0%B5-%D0%B5-%D1%80%D0%B0%D0%B7%D0%BF%D0%BE%D0%B7%D0%BD%D0%B0%D0%BB%D0%B0-%D0%B2-%D0%BF%D0%BE%D1%80%D0%BD%D0%BE%D0%B3%D1%80%D0%B0%D1%84%D1%81%D0%BA%D0%B8-%D1%81%D0%B0%D0%B9%D1%82/ and text Незаконно заснети видеоклипове с разсъблечени клиенти в момент на козметична процедура в салон в Бургас са били качени онлайн. Жена от такъв запис открива себе си в сайт с порнографско съдържание. Тя е подала сигнал в прокуратурата. Видеото вече е гледано от над 50 хиляди души. Записите от скрита видеокамера в помещение за козметични процедури са направени през 2024 г. без знанието на жертвата. Преди дни тя разпознава собственото си голо тяло във видео, публикувано в канал с порнографско съдържание. Оставайки анонимна тя каза: „Тези кадри ми ги изпратиха мои познати, които са в дадената група. Чувствам се ужасно, отвратително, омерзена. Все пак много хора са в тази група и най-малкото е твърде лично. Ние си доверяваме телата в този салон за процедура за немалка сума и съответно разчитаме да бъде спазена някаква конфиденциалност, а те ни заснемат тайно”.   Според закона за защита на личните данни създаването и разпространението на каквито и да е видеоматериали без знанието и съгласието на клиентите е забранено и е престъпление. „Изисква се този, който поставя камерите, да е администратор на лични данни, да бъде вписан в специален регистър. Камерите трябва да са поставени на такива места, които да са видни за всички хора, съответно трябва да се поставят обозначителни табели, за да могат всички граждани да са информирани, че там се осъществява видеозаснемане”, обясни адвокат Росен Диев. Арестуваха мъж, записвал видеа с насилие и сексуална експлоатация на деца повече от 10 години   Прокуратурата вече работи по случая. Говорителят на Районна прокуратура – Бургас Мария Маркова заяви, че е учудваща целта, за която са направени тези заснемания и по-скоро целта и начина на разпространение. Адвокат Диев посочи, че този салон е един от посещаваните в град Бургас и на този етап не се знае колко хора още може да са пострадали по същия начин.   На входа на салона има табела за монтирано видеонаблюдение, а собственичката казва, че всеки подписва информирано съгласие, в което е упоменато, че има камери за сигурност и охрана. Тя обаче не каза защо има скрита камера в помещенията за процедури, където клиентите са голи. Според нея записите са от пробив в мрежата на камерите и предполага, че може би е от wi-fi мрежата. „Там има два записа с доста интимен характер, на които съм снимана аз. Абсолютно злонамерена атака и като цяло мисля, че е насочено към мен”, твърди още собственичката. По случая е започнала проверка както от бургаската прокуратура, така и от ГДБОП. Репортер: Елена Танева Последвайте ни from source: nova.bg was successfully added to the BaseWebsite._data_dict
25-04-2026 10:42:13 INFO     	For media nova.bg (TV news) searching in page https://nova.bg/news/category/2/%D0%B1%D1%8A%D0%BB%D0%B3%D0%B0%D1%80%D0%B8%D1%8F/241	The number of found articles is: 32
25-04-2026 10:42:13 INFO     Info: ('nova.bg', 'TV news')
Current page is 241
25-04-2026 10:42:13 INFO     	For media nova.bg (TV news) searching in page https://nova.bg/news/category/2/%D0%B1%D1%8A%D0%BB%D0%B3%D0%B0%D1%80%D0%B8%D1%8F/242	The number of found articles is: 32
25-04-2026 10:42:13 INFO     Info: ('nova.bg', 'TV news')
Current page is 242
25-04-2026 10:42:13 INFO     ---Article with title: Агресивно куче нахапа жена и домашния ѝ любимец в Казанлък was not added because contains words from article title exclusion list: ['куче', 'нахап']
25-04-2026 10:42:13 INFO     	For media nova.bg (TV news) searching in page https://nova.bg/news/category/2/%D0%B1%D1%8A%D0%BB%D0%B3%D0%B0%D1%80%D0%B8%D1%8F/243	The number of found articles is: 32
25-04-2026 10:42:13 INFO     Info: ('nova.bg', 'TV news')
Current page is 243
25-04-2026 10:42:13 INFO     	For media nova.bg (TV news) searching in page https://nova.bg/news/category/2/%D0%B1%D1%8A%D0%BB%D0%B3%D0%B0%D1%80%D0%B8%D1%8F/244	The number of found articles is: 32
25-04-2026 10:42:13 INFO     Info: ('nova.bg', 'TV news')
Current page is 244
25-04-2026 10:42:13 INFO     	For media nova.bg (TV news) searching in page https://nova.bg/news/category/2/%D0%B1%D1%8A%D0%BB%D0%B3%D0%B0%D1%80%D0%B8%D1%8F/245	The number of found articles is: 32
25-04-2026 10:42:13 INFO     Info: ('nova.bg', 'TV news')
Current page is 245
25-04-2026 10:42:14 INFO     ---News article: <<< Цената на билета за крепостта "Баба Вида" почти се удвои >>> was not included in the data because none of BaseWebsite._second_level keywords were found in the article text Article url: https://nova.bg/news/view/2026/01/27/525254/%D1%86%D0%B5%D0%BD%D0%B0%D1%82%D0%B0-%D0%BD%D0%B0-%D0%B1%D0%B8%D0%BB%D0%B5%D1%82%D0%B0-%D0%B7%D0%B0-%D0%BA%D1%80%D0%B5%D0%BF%D0%BE%D1%81%D1%82%D1%82%D0%B0-%D0%B1%D0%B0%D0%B1%D0%B0-%D0%B2%D0%B8%D0%B4%D0%B0-%D0%BF%D0%BE%D1%87%D1%82%D0%B8-%D1%81%D0%B5-%D1%83%D0%B4%D0%B2%D0%BE%D0%B8/
25-04-2026 10:42:14 INFO     	For media nova.bg (TV news) searching in page https://nova.bg/news/category/2/%D0%B1%D1%8A%D0%BB%D0%B3%D0%B0%D1%80%D0%B8%D1%8F/246	The number of found articles is: 32
25-04-2026 10:42:14 INFO     Info: ('nova.bg', 'TV news')
Current page is 246
25-04-2026 10:42:14 INFO     	For media nova.bg (TV news) searching in page https://nova.bg/news/category/2/%D0%B1%D1%8A%D0%BB%D0%B3%D0%B0%D1%80%D0%B8%D1%8F/247	The number of found articles is: 32
25-04-2026 10:42:14 INFO     Info: ('nova.bg', 'TV news')
Current page is 247
25-04-2026 10:42:14 INFO     	For media nova.bg (TV news) searching in page https://nova.bg/news/category/2/%D0%B1%D1%8A%D0%BB%D0%B3%D0%B0%D1%80%D0%B8%D1%8F/248	The number of found articles is: 32
25-04-2026 10:42:14 INFO     Info: ('nova.bg', 'TV news')
Current page is 248
25-04-2026 10:42:14 INFO     ---Article with title: Млад шофьор помете ученичка на пешеходна пътека в Пазарджик was not added because contains words from article title exclusion list: ['шофьор', 'пешеход']
25-04-2026 10:42:14 INFO     	For media nova.bg (TV news) searching in page https://nova.bg/news/category/2/%D0%B1%D1%8A%D0%BB%D0%B3%D0%B0%D1%80%D0%B8%D1%8F/249	The number of found articles is: 32
25-04-2026 10:42:14 INFO     Info: ('nova.bg', 'TV news')
Current page is 249
25-04-2026 10:42:14 INFO     ---News article: <<< „Подхлъзна се и падна, не си е правила селфи“: Как беше спасена жената от Гребния канал в Пловдив >>> was not included in the data because none of BaseWebsite._second_level keywords were found in the article text Article url: https://nova.bg/news/view/2026/01/26/525117/%D0%BF%D0%BE%D0%B4%D1%85%D0%BB%D1%8A%D0%B7%D0%BD%D0%B0-%D1%81%D0%B5-%D0%B8-%D0%BF%D0%B0%D0%B4%D0%BD%D0%B0-%D0%BD%D0%B5-%D1%81%D0%B8-%D0%B5-%D0%BF%D1%80%D0%B0%D0%B2%D0%B8%D0%BB%D0%B0-%D1%81%D0%B5%D0%BB%D1%84%D0%B8-%D0%BA%D0%B0%D0%BA-%D0%B1%D0%B5%D1%88%D0%B5-%D1%81%D0%BF%D0%B0%D1%81%D0%B5%D0%BD%D0%B0-%D0%B6%D0%B5%D0%BD%D0%B0%D1%82%D0%B0-%D0%BE%D1%82-%D0%B3%D1%80%D0%B5%D0%B1%D0%BD%D0%B8%D1%8F-%D0%BA%D0%B0%D0%BD%D0%B0%D0%BB-%D0%B2-%D0%BF%D0%BB%D0%BE%D0%B2%D0%B4%D0%B8%D0%B2/
25-04-2026 10:42:14 INFO     	For media nova.bg (TV news) searching in page https://nova.bg/news/category/2/%D0%B1%D1%8A%D0%BB%D0%B3%D0%B0%D1%80%D0%B8%D1%8F/250	The number of found articles is: 32
25-04-2026 10:42:14 INFO     Info: ('nova.bg', 'TV news')
Current page is 250
25-04-2026 10:42:15 INFO     +++ Records for the news with „Ще бъдеш труп“: Жесток побой над ученичка в Благоевград with url https://nova.bg/news/view/2026/01/26/525108/%D1%89%D0%B5-%D0%B1%D1%8A%D0%B4%D0%B5%D1%88-%D1%82%D1%80%D1%83%D0%BF-%D0%B6%D0%B5%D1%81%D1%82%D0%BE%D0%BA-%D0%BF%D0%BE%D0%B1%D0%BE%D0%B9-%D0%BD%D0%B0%D0%B4-%D1%83%D1%87%D0%B5%D0%BD%D0%B8%D1%87%D0%BA%D0%B0-%D0%B2-%D0%B1%D0%BB%D0%B0%D0%B3%D0%BE%D0%B5%D0%B2%D0%B3%D1%80%D0%B0%D0%B4/ and text 15-годишно момиче преби ученичка на 17 години в Благоевград. Насилието е заснето от свидетел, а видеоклипът беше публикуван в социалните мрежи и предизвика огромно възмущение в обществото. Меги Бумбарова е майка на пострадалото момиче. Тя разказа, че побоят е нанесен на 19 януари. "Детето ми е било в мола. Другото момиче я извикало навън и веднага започнало да я бие. Удряла я е първо с юмруци, а после я е ритала с коляно в главата. На видеоклипа се чуват заплахи като: "Ти ще си труп". Белезите външно ще заздравеят, но страхът остава. В момента дъщеря ми не иска да излиза, бои се", споделя майката. Унижение и гавра: Ученици снимаха как събличат дете със специални образователни потребности По думите ѝ това не е първото посегателство срещу дъщеря ѝ. Тя била бита и дни преди заснетия побой. "Била е удряна в корема, но си е мълчала. Подигравките са започнали още през лятото на миналата година. Същото дете ѝ е събувало обувките, карало я е да ходи боса. А причината е едно момче. То започнало да обръща внимание на дъщеря ми, след като скъсало с агресивното момиче. Двете са на различна възраст, но са от едно училище - моето дете е на 17 години, а другото - на 15. За щастие, ще преместят девойката, защото прави доста проблеми, опитвала се е да бие и учителки. Знам, че е унижавала и други деца. Нека институциите да се намесят. Подадох жалба в прокуратурата и полицията", каза още  Бумбарова. Жената благодари на случаен минувач, който се намесил, за да спре побоя. Бащата на агресивното момиче, за когото проверка на NOVA показа, че е полицай, се е извинил на бащата на пострадалата. 15-годишното дете живее с баща си от няколко месеца, макар че родителските права са присъдени на майката. Според Бумбарова въпросната жена е малтретирала дъщеря си. Повече за случая гледайте във видеото. Последвайте ни from source: nova.bg was successfully added to the BaseWebsite._data_dict
25-04-2026 10:42:15 INFO     	For media nova.bg (TV news) searching in page https://nova.bg/news/category/2/%D0%B1%D1%8A%D0%BB%D0%B3%D0%B0%D1%80%D0%B8%D1%8F/251	The number of found articles is: 33
25-04-2026 10:42:15 INFO     Info: ('nova.bg', 'TV news')
Current page is 251
25-04-2026 10:42:15 INFO     	For media nova.bg (TV news) searching in page https://nova.bg/news/category/2/%D0%B1%D1%8A%D0%BB%D0%B3%D0%B0%D1%80%D0%B8%D1%8F/252	The number of found articles is: 33
25-04-2026 10:42:15 INFO     Info: ('nova.bg', 'TV news')
Current page is 252
25-04-2026 10:42:15 INFO     ---Article with title: Пътят на доброто: Николай и баба Стоянка, които помагат на възрастни в обезлюдени села was not added because contains words from article title exclusion list: ['добро']
25-04-2026 10:42:15 INFO     	For media nova.bg (TV news) searching in page https://nova.bg/news/category/2/%D0%B1%D1%8A%D0%BB%D0%B3%D0%B0%D1%80%D0%B8%D1%8F/253	The number of found articles is: 33
25-04-2026 10:42:15 INFO     Info: ('nova.bg', 'TV news')
Current page is 253
25-04-2026 10:42:16 INFO     	For media nova.bg (TV news) searching in page https://nova.bg/news/category/2/%D0%B1%D1%8A%D0%BB%D0%B3%D0%B0%D1%80%D0%B8%D1%8F/254	The number of found articles is: 33
25-04-2026 10:42:16 INFO     Info: ('nova.bg', 'TV news')
Current page is 254
25-04-2026 10:42:16 INFO     	For media nova.bg (TV news) searching in page https://nova.bg/news/category/2/%D0%B1%D1%8A%D0%BB%D0%B3%D0%B0%D1%80%D0%B8%D1%8F/255	The number of found articles is: 33
25-04-2026 10:42:16 INFO     Info: ('nova.bg', 'TV news')
Current page is 255
25-04-2026 10:42:16 INFO     	For media nova.bg (TV news) searching in page https://nova.bg/news/category/2/%D0%B1%D1%8A%D0%BB%D0%B3%D0%B0%D1%80%D0%B8%D1%8F/256	The number of found articles is: 33
25-04-2026 10:42:16 INFO     Info: ('nova.bg', 'TV news')
Current page is 256
25-04-2026 10:42:17 INFO     +++ Records for the news with „Приключих“: Десислава Радева с емоционална публикация след оставката на съпруга ѝ with url https://nova.bg/news/view/2026/01/23/524922/%D0%BF%D1%80%D0%B8%D0%BA%D0%BB%D1%8E%D1%87%D0%B8%D1%85-%D0%B4%D0%B5%D1%81%D0%B8%D1%81%D0%BB%D0%B0%D0%B2%D0%B0-%D1%80%D0%B0%D0%B4%D0%B5%D0%B2%D0%B0-%D1%81-%D0%B5%D0%BC%D0%BE%D1%86%D0%B8%D0%BE%D0%BD%D0%B0%D0%BB%D0%BD%D0%B0-%D0%BF%D1%83%D0%B1%D0%BB%D0%B8%D0%BA%D0%B0%D1%86%D0%B8%D1%8F-%D1%81%D0%BB%D0%B5%D0%B4-%D0%BE%D1%81%D1%82%D0%B0%D0%B2%D0%BA%D0%B0%D1%82%D0%B0-%D0%BD%D0%B0-%D1%81%D1%8A%D0%BF%D1%80%D1%83%D0%B3%D0%B0-%D1%9D/ and text „Приключих“. Това гласи описанието на Facebook публикацията на бившата първа дама Десислава Радева. Под него тя е споделила с последователите си песента „Freedom“ – в превод „Свобода“, на Кейн Уокър.  Ето какво гласи преводът на текста на песента: Думите не означават нищо за мен Този живот не дава никакви гаранции Времето не чака, то просто си лети Затова живея истината си и оставям нещата да си вървят Правих грешки, изтърпях времето си Загубих няколко неща, които наричах свои Но се научих да обичам, научих се да се боря И все още спя добре през нощта Припев Затова налейте това питие за хора като нас Бяхме повалени, но все пак се изправяме Правим всичко възможно, понасяме ударите си И научаваме какво е истинска свобода Куплет Някои хора говорят, други просто избледняват Нямам време за игрите, които играят Държа на думата си, пазя спокойствие Нека шумът утихне, нека умът ми диша Нямам нужда от слава, не ми трябват похвали Само няколко добри години и по-добри дни Ако добрият Господ наблюдава, надявам се, че вижда Човек, който просто се опитва да живее и да бъде свободен ​Радев след напускането на Президентството: Не могат да спрат вълната, много сме и сме заедно (ВИДЕО+СНИМКИ) Припомняме, че днес Конституционният съд сложи край на мандата на Румен Радев като президент, след като той сам подаде оставка. ВСИЧКО ЗА ОСТАВКАТА НА ПРЕЗИДЕНТА ЧЕТЕТЕ ТУК Последвайте ни from source: nova.bg was successfully added to the BaseWebsite._data_dict
25-04-2026 10:42:17 INFO     	For media nova.bg (TV news) searching in page https://nova.bg/news/category/2/%D0%B1%D1%8A%D0%BB%D0%B3%D0%B0%D1%80%D0%B8%D1%8F/257	The number of found articles is: 34
25-04-2026 10:42:17 INFO     Info: ('nova.bg', 'TV news')
Current page is 257
25-04-2026 10:42:17 INFO     ---News article: <<< Трима мъже спасиха жена, паднала в Гребния канал в Пловдив >>> was not included in the data because none of BaseWebsite._second_level keywords were found in the article text Article url: https://nova.bg/news/view/2026/01/23/524863/%D1%82%D1%80%D0%B8%D0%BC%D0%B0-%D0%BC%D1%8A%D0%B6%D0%B5-%D1%81%D0%BF%D0%B0%D1%81%D0%B8%D1%85%D0%B0-%D0%B6%D0%B5%D0%BD%D0%B0-%D0%BF%D0%B0%D0%B4%D0%BD%D0%B0%D0%BB%D0%B0-%D0%B2-%D0%B3%D1%80%D0%B5%D0%B1%D0%BD%D0%B8%D1%8F-%D0%BA%D0%B0%D0%BD%D0%B0%D0%BB-%D0%B2-%D0%BF%D0%BB%D0%BE%D0%B2%D0%B4%D0%B8%D0%B2/
25-04-2026 10:42:17 INFO     	For media nova.bg (TV news) searching in page https://nova.bg/news/category/2/%D0%B1%D1%8A%D0%BB%D0%B3%D0%B0%D1%80%D0%B8%D1%8F/258	The number of found articles is: 34
25-04-2026 10:42:17 INFO     Info: ('nova.bg', 'TV news')
Current page is 258
25-04-2026 10:42:17 INFO     ---News article: <<< Две присъди за три дни: Жена влиза в затвора за кражби, извършени в магазини в София >>> was not included in the data because none of BaseWebsite._second_level keywords were found in the article text Article url: https://nova.bg/news/view/2026/01/23/524848/%D0%B4%D0%B2%D0%B5-%D0%BF%D1%80%D0%B8%D1%81%D1%8A%D0%B4%D0%B8-%D0%B7%D0%B0-%D1%82%D1%80%D0%B8-%D0%B4%D0%BD%D0%B8-%D0%B6%D0%B5%D0%BD%D0%B0-%D0%B2%D0%BB%D0%B8%D0%B7%D0%B0-%D0%B2-%D0%B7%D0%B0%D1%82%D0%B2%D0%BE%D1%80%D0%B0-%D0%B7%D0%B0-%D0%BA%D1%80%D0%B0%D0%B6%D0%B1%D0%B8-%D0%B8%D0%B7%D0%B2%D1%8A%D1%80%D1%88%D0%B5%D0%BD%D0%B8-%D0%B2-%D0%BC%D0%B0%D0%B3%D0%B0%D0%B7%D0%B8%D0%BD%D0%B8-%D0%B2-%D1%81%D0%BE%D1%84%D0%B8%D1%8F/
25-04-2026 10:42:17 INFO     	For media nova.bg (TV news) searching in page https://nova.bg/news/category/2/%D0%B1%D1%8A%D0%BB%D0%B3%D0%B0%D1%80%D0%B8%D1%8F/259	The number of found articles is: 34
25-04-2026 10:42:17 INFO     Info: ('nova.bg', 'TV news')
Current page is 259
25-04-2026 10:42:18 INFO     ---News article: <<< Защо мъжете отделят повече въглеродни емисии от жените? >>> was not included in the data because none of BaseWebsite._second_level keywords were found in the article text Article url: https://nova.bg/news/view/2026/01/22/524789/%D0%B7%D0%B0%D1%89%D0%BE-%D0%BC%D1%8A%D0%B6%D0%B5%D1%82%D0%B5-%D0%BE%D1%82%D0%B4%D0%B5%D0%BB%D1%8F%D1%82-%D0%BF%D0%BE%D0%B2%D0%B5%D1%87%D0%B5-%D0%B2%D1%8A%D0%B3%D0%BB%D0%B5%D1%80%D0%BE%D0%B4%D0%BD%D0%B8-%D0%B5%D0%BC%D0%B8%D1%81%D0%B8%D0%B8-%D0%BE%D1%82-%D0%B6%D0%B5%D0%BD%D0%B8%D1%82%D0%B5/
25-04-2026 10:42:18 INFO     	For media nova.bg (TV news) searching in page https://nova.bg/news/category/2/%D0%B1%D1%8A%D0%BB%D0%B3%D0%B0%D1%80%D0%B8%D1%8F/260	The number of found articles is: 34
25-04-2026 10:42:18 INFO     Info: ('nova.bg', 'TV news')
Current page is 260
25-04-2026 10:42:18 INFO     	For media nova.bg (TV news) searching in page https://nova.bg/news/category/2/%D0%B1%D1%8A%D0%BB%D0%B3%D0%B0%D1%80%D0%B8%D1%8F/261	The number of found articles is: 34
25-04-2026 10:42:18 INFO     Info: ('nova.bg', 'TV news')
Current page is 261
25-04-2026 10:42:18 INFO     	For media nova.bg (TV news) searching in page https://nova.bg/news/category/2/%D0%B1%D1%8A%D0%BB%D0%B3%D0%B0%D1%80%D0%B8%D1%8F/262	The number of found articles is: 34
25-04-2026 10:42:18 INFO     Info: ('nova.bg', 'TV news')
Current page is 262
25-04-2026 10:42:18 INFO     	For media nova.bg (TV news) searching in page https://nova.bg/news/category/2/%D0%B1%D1%8A%D0%BB%D0%B3%D0%B0%D1%80%D0%B8%D1%8F/263	The number of found articles is: 34
25-04-2026 10:42:18 INFO     Info: ('nova.bg', 'TV news')
Current page is 263
25-04-2026 10:42:19 INFO     	For media nova.bg (TV news) searching in page https://nova.bg/news/category/2/%D0%B1%D1%8A%D0%BB%D0%B3%D0%B0%D1%80%D0%B8%D1%8F/264	The number of found articles is: 34
25-04-2026 10:42:19 INFO     Info: ('nova.bg', 'TV news')
Current page is 264
25-04-2026 10:42:19 INFO     	For media nova.bg (TV news) searching in page https://nova.bg/news/category/2/%D0%B1%D1%8A%D0%BB%D0%B3%D0%B0%D1%80%D0%B8%D1%8F/265	The number of found articles is: 34
25-04-2026 10:42:19 INFO     Info: ('nova.bg', 'TV news')
Current page is 265
25-04-2026 10:42:19 INFO     	For media nova.bg (TV news) searching in page https://nova.bg/news/category/2/%D0%B1%D1%8A%D0%BB%D0%B3%D0%B0%D1%80%D0%B8%D1%8F/266	The number of found articles is: 34
25-04-2026 10:42:19 INFO     Info: ('nova.bg', 'TV news')
Current page is 266
25-04-2026 10:42:19 INFO     	For media nova.bg (TV news) searching in page https://nova.bg/news/category/2/%D0%B1%D1%8A%D0%BB%D0%B3%D0%B0%D1%80%D0%B8%D1%8F/267	The number of found articles is: 34
25-04-2026 10:42:19 INFO     Info: ('nova.bg', 'TV news')
Current page is 267
25-04-2026 10:42:20 INFO     +++ Records for the news with „Ще те очистя“: Обвиниха мъж, заплашил съпругата си с убийство и заливане с киселина with url https://nova.bg/news/view/2026/01/20/524494/%D1%89%D0%B5-%D1%82%D0%B5-%D0%BE%D1%87%D0%B8%D1%81%D1%82%D1%8F-%D0%BE%D0%B1%D0%B2%D0%B8%D0%BD%D0%B8%D1%85%D0%B0-%D0%BC%D1%8A%D0%B6-%D0%B7%D0%B0%D0%BF%D0%BB%D0%B0%D1%88%D0%B8%D0%BB-%D1%81%D1%8A%D0%BF%D1%80%D1%83%D0%B3%D0%B0%D1%82%D0%B0-%D1%81%D0%B8-%D1%81-%D1%83%D0%B1%D0%B8%D0%B9%D1%81%D1%82%D0%B2%D0%BE-%D0%B8-%D0%B7%D0%B0%D0%BB%D0%B8%D0%B2%D0%B0%D0%BD%D0%B5-%D1%81-%D0%BA%D0%B8%D1%81%D0%B5%D0%BB%D0%B8%D0%BD%D0%B0/ and text Софийската районна прокуратура повдигна обвинения на 46-годишен мъж, заканил се с убийство на съпругата си. Събраните доказателства сочат, че на 18 януари, пред заведение в търговски център в столицата, обвиняемият заплашил половинката си, като ѝ казал: „Няма да те оставя на спокойствие, ще те залея с киселина, ще те очистя“. Тя подала сигнал в полицията. Обвиниха мъж в побой над възрастната му майка в София Предвид възможността да извърши друго престъпление, мъжът е задържан за срок до 72 часа. Наблюдаващ прокурор внесе искане в Софийския районен съд за определяне на мярка „задържане под стража“. Последвайте ни from source: nova.bg was successfully added to the BaseWebsite._data_dict
25-04-2026 10:42:20 INFO     	For media nova.bg (TV news) searching in page https://nova.bg/news/category/2/%D0%B1%D1%8A%D0%BB%D0%B3%D0%B0%D1%80%D0%B8%D1%8F/268	The number of found articles is: 35
25-04-2026 10:42:20 INFO     Info: ('nova.bg', 'TV news')
Current page is 268
25-04-2026 10:42:20 INFO     ---Article with title: Шофьорка удари аварирала кола в Бургаско, пострадаха майка и дете was not added because contains words from article title exclusion list: [' кола', 'шофьор', 'дете']
25-04-2026 10:42:20 INFO     	For media nova.bg (TV news) searching in page https://nova.bg/news/category/2/%D0%B1%D1%8A%D0%BB%D0%B3%D0%B0%D1%80%D0%B8%D1%8F/269	The number of found articles is: 35
25-04-2026 10:42:20 INFO     Info: ('nova.bg', 'TV news')
Current page is 269
25-04-2026 10:42:20 INFO     	For media nova.bg (TV news) searching in page https://nova.bg/news/category/2/%D0%B1%D1%8A%D0%BB%D0%B3%D0%B0%D1%80%D0%B8%D1%8F/270	The number of found articles is: 35
25-04-2026 10:42:20 INFO     Info: ('nova.bg', 'TV news')
Current page is 270
25-04-2026 10:42:20 INFO     	For media nova.bg (TV news) searching in page https://nova.bg/news/category/2/%D0%B1%D1%8A%D0%BB%D0%B3%D0%B0%D1%80%D0%B8%D1%8F/271	The number of found articles is: 35
25-04-2026 10:42:20 INFO     Info: ('nova.bg', 'TV news')
Current page is 271
25-04-2026 10:42:20 INFO     	For media nova.bg (TV news) searching in page https://nova.bg/news/category/2/%D0%B1%D1%8A%D0%BB%D0%B3%D0%B0%D1%80%D0%B8%D1%8F/272	The number of found articles is: 35
25-04-2026 10:42:20 INFO     Info: ('nova.bg', 'TV news')
Current page is 272
25-04-2026 10:42:20 INFO     	For media nova.bg (TV news) searching in page https://nova.bg/news/category/2/%D0%B1%D1%8A%D0%BB%D0%B3%D0%B0%D1%80%D0%B8%D1%8F/273	The number of found articles is: 35
25-04-2026 10:42:20 INFO     Info: ('nova.bg', 'TV news')
Current page is 273
25-04-2026 10:42:20 INFO     	For media nova.bg (TV news) searching in page https://nova.bg/news/category/2/%D0%B1%D1%8A%D0%BB%D0%B3%D0%B0%D1%80%D0%B8%D1%8F/274	The number of found articles is: 35
25-04-2026 10:42:20 INFO     Info: ('nova.bg', 'TV news')
Current page is 274
25-04-2026 10:42:21 INFO     	For media nova.bg (TV news) searching in page https://nova.bg/news/category/2/%D0%B1%D1%8A%D0%BB%D0%B3%D0%B0%D1%80%D0%B8%D1%8F/275	The number of found articles is: 35
25-04-2026 10:42:21 INFO     Info: ('nova.bg', 'TV news')
Current page is 275
25-04-2026 10:42:21 INFO     ---Article with title: Тежка катастрофа в Ловешко, загинаха баща и дъщеря was not added because contains words from article title exclusion list: ['катастроф']
25-04-2026 10:42:21 INFO     	For media nova.bg (TV news) searching in page https://nova.bg/news/category/2/%D0%B1%D1%8A%D0%BB%D0%B3%D0%B0%D1%80%D0%B8%D1%8F/276	The number of found articles is: 35
25-04-2026 10:42:21 INFO     Info: ('nova.bg', 'TV news')
Current page is 276
25-04-2026 10:42:21 INFO     	For media nova.bg (TV news) searching in page https://nova.bg/news/category/2/%D0%B1%D1%8A%D0%BB%D0%B3%D0%B0%D1%80%D0%B8%D1%8F/277	The number of found articles is: 35
25-04-2026 10:42:21 INFO     Info: ('nova.bg', 'TV news')
Current page is 277
25-04-2026 10:42:21 INFO     ---Article with title: Шанс за живот: Лекари направиха рядка операция на жена с тумор на кръвоносните съдове was not added because contains words from article title exclusion list: ['операц']
25-04-2026 10:42:21 INFO     	For media nova.bg (TV news) searching in page https://nova.bg/news/category/2/%D0%B1%D1%8A%D0%BB%D0%B3%D0%B0%D1%80%D0%B8%D1%8F/278	The number of found articles is: 35
25-04-2026 10:42:21 INFO     Info: ('nova.bg', 'TV news')
Current page is 278
25-04-2026 10:42:21 INFO     	For media nova.bg (TV news) searching in page https://nova.bg/news/category/2/%D0%B1%D1%8A%D0%BB%D0%B3%D0%B0%D1%80%D0%B8%D1%8F/279	The number of found articles is: 35
25-04-2026 10:42:21 INFO     Info: ('nova.bg', 'TV news')
Current page is 279
25-04-2026 10:42:21 INFO     	For media nova.bg (TV news) searching in page https://nova.bg/news/category/2/%D0%B1%D1%8A%D0%BB%D0%B3%D0%B0%D1%80%D0%B8%D1%8F/280	The number of found articles is: 35
25-04-2026 10:42:21 INFO     Info: ('nova.bg', 'TV news')
Current page is 280
25-04-2026 10:42:21 INFO     	For media nova.bg (TV news) searching in page https://nova.bg/news/category/2/%D0%B1%D1%8A%D0%BB%D0%B3%D0%B0%D1%80%D0%B8%D1%8F/281	The number of found articles is: 35
25-04-2026 10:42:21 INFO     Info: ('nova.bg', 'TV news')
Current page is 281
25-04-2026 10:42:22 INFO     	For media nova.bg (TV news) searching in page https://nova.bg/news/category/2/%D0%B1%D1%8A%D0%BB%D0%B3%D0%B0%D1%80%D0%B8%D1%8F/282	The number of found articles is: 35
25-04-2026 10:42:22 INFO     Info: ('nova.bg', 'TV news')
Current page is 282
25-04-2026 10:42:22 INFO     	For media nova.bg (TV news) searching in page https://nova.bg/news/category/2/%D0%B1%D1%8A%D0%BB%D0%B3%D0%B0%D1%80%D0%B8%D1%8F/283	The number of found articles is: 35
25-04-2026 10:42:22 INFO     Info: ('nova.bg', 'TV news')
Current page is 283
25-04-2026 10:42:23 INFO     +++ Records for the news with Задържаха мъж, заплашил да отреже гърлото на жената, с която живее with url https://nova.bg/news/view/2026/01/15/523997/%D0%B7%D0%B0%D0%B4%D1%8A%D1%80%D0%B6%D0%B0%D1%85%D0%B0-%D0%BC%D1%8A%D0%B6-%D0%B7%D0%B0%D0%BF%D0%BB%D0%B0%D1%88%D0%B8%D0%BB-%D0%B4%D0%B0-%D0%BE%D1%82%D1%80%D0%B5%D0%B6%D0%B5-%D0%B3%D1%8A%D1%80%D0%BB%D0%BE%D1%82%D0%BE-%D0%BD%D0%B0-%D0%B6%D0%B5%D0%BD%D0%B0%D1%82%D0%B0-%D1%81-%D0%BA%D0%BE%D1%8F%D1%82%D0%BE-%D0%B6%D0%B8%D0%B2%D0%B5%D0%B5/ and text Софийската районна прокуратура привлече към наказателна отговорност 49-годишен мъж за закана с убийство и нанасяне на телесна повреда. Престъпленията са извършени в условията на домашно насилие. Разследването сочи, че на 13 януари около 19:00 часа в село Лозен обвиняемият нападнал жената, с която живее на семейни начала. Той я ударил в областта на дясната скула и хвърлил стол по нея, с което ѝ нанесъл телесна повреда. Агресията продължила със закана за убийство - докато държал в ръка дъното на празен счупен буркан, мъжът заявил на жената, че ще отреже гърлото ѝ. „Викай колкото искаш, тук няма кой да те чуе": Задържаха мъж за душене на жена с колан и удари с телефон в главата По случая е образувано досъдебно производство за престъпления, за които се предвижда наказание „лишаване от свобода“. От прокуратурата уточняват, че обвиненият е осъждан в миналото, но е реабилитиран. Предвид опасността да извърши друго престъпление, той е задържан за срок до 72 часа с постановление на наблюдаващ прокурор. Предстои в съда да бъде внесено искане за определяне на най-тежката мярка за неотклонение – „задържане под стража“. Последвайте ни from source: nova.bg was successfully added to the BaseWebsite._data_dict
25-04-2026 10:42:23 INFO     	For media nova.bg (TV news) searching in page https://nova.bg/news/category/2/%D0%B1%D1%8A%D0%BB%D0%B3%D0%B0%D1%80%D0%B8%D1%8F/284	The number of found articles is: 36
25-04-2026 10:42:23 INFO     Info: ('nova.bg', 'TV news')
Current page is 284
25-04-2026 10:42:23 INFO     	For media nova.bg (TV news) searching in page https://nova.bg/news/category/2/%D0%B1%D1%8A%D0%BB%D0%B3%D0%B0%D1%80%D0%B8%D1%8F/285	The number of found articles is: 36
25-04-2026 10:42:23 INFO     Info: ('nova.bg', 'TV news')
Current page is 285
25-04-2026 10:42:23 INFO     	For media nova.bg (TV news) searching in page https://nova.bg/news/category/2/%D0%B1%D1%8A%D0%BB%D0%B3%D0%B0%D1%80%D0%B8%D1%8F/286	The number of found articles is: 36
25-04-2026 10:42:23 INFO     Info: ('nova.bg', 'TV news')
Current page is 286
25-04-2026 10:42:23 INFO     	For media nova.bg (TV news) searching in page https://nova.bg/news/category/2/%D0%B1%D1%8A%D0%BB%D0%B3%D0%B0%D1%80%D0%B8%D1%8F/287	The number of found articles is: 36
25-04-2026 10:42:23 INFO     Info: ('nova.bg', 'TV news')
Current page is 287
25-04-2026 10:42:23 INFO     	For media nova.bg (TV news) searching in page https://nova.bg/news/category/2/%D0%B1%D1%8A%D0%BB%D0%B3%D0%B0%D1%80%D0%B8%D1%8F/288	The number of found articles is: 36
25-04-2026 10:42:23 INFO     Info: ('nova.bg', 'TV news')
Current page is 288
25-04-2026 10:42:23 INFO     	For media nova.bg (TV news) searching in page https://nova.bg/news/category/2/%D0%B1%D1%8A%D0%BB%D0%B3%D0%B0%D1%80%D0%B8%D1%8F/289	The number of found articles is: 36
25-04-2026 10:42:23 INFO     Info: ('nova.bg', 'TV news')
Current page is 289
25-04-2026 10:42:24 INFO     	For media nova.bg (TV news) searching in page https://nova.bg/news/category/2/%D0%B1%D1%8A%D0%BB%D0%B3%D0%B0%D1%80%D0%B8%D1%8F/290	The number of found articles is: 36
25-04-2026 10:42:24 INFO     Info: ('nova.bg', 'TV news')
Current page is 290
25-04-2026 10:42:24 INFO     	For media nova.bg (TV news) searching in page https://nova.bg/news/category/2/%D0%B1%D1%8A%D0%BB%D0%B3%D0%B0%D1%80%D0%B8%D1%8F/291	The number of found articles is: 36
25-04-2026 10:42:24 INFO     Info: ('nova.bg', 'TV news')
Current page is 291
25-04-2026 10:42:24 INFO     	For media nova.bg (TV news) searching in page https://nova.bg/news/category/2/%D0%B1%D1%8A%D0%BB%D0%B3%D0%B0%D1%80%D0%B8%D1%8F/292	The number of found articles is: 36
25-04-2026 10:42:24 INFO     Info: ('nova.bg', 'TV news')
Current page is 292
25-04-2026 10:42:24 INFO     	For media nova.bg (TV news) searching in page https://nova.bg/news/category/2/%D0%B1%D1%8A%D0%BB%D0%B3%D0%B0%D1%80%D0%B8%D1%8F/293	The number of found articles is: 36
25-04-2026 10:42:24 INFO     Info: ('nova.bg', 'TV news')
Current page is 293
25-04-2026 10:42:24 INFO     	For media nova.bg (TV news) searching in page https://nova.bg/news/category/2/%D0%B1%D1%8A%D0%BB%D0%B3%D0%B0%D1%80%D0%B8%D1%8F/294	The number of found articles is: 36
25-04-2026 10:42:24 INFO     Info: ('nova.bg', 'TV news')
Current page is 294
25-04-2026 10:42:24 INFO     	For media nova.bg (TV news) searching in page https://nova.bg/news/category/2/%D0%B1%D1%8A%D0%BB%D0%B3%D0%B0%D1%80%D0%B8%D1%8F/295	The number of found articles is: 36
25-04-2026 10:42:24 INFO     Info: ('nova.bg', 'TV news')
Current page is 295
25-04-2026 10:42:24 INFO     	For media nova.bg (TV news) searching in page https://nova.bg/news/category/2/%D0%B1%D1%8A%D0%BB%D0%B3%D0%B0%D1%80%D0%B8%D1%8F/296	The number of found articles is: 36
25-04-2026 10:42:24 INFO     Info: ('nova.bg', 'TV news')
Current page is 296
25-04-2026 10:42:25 INFO     	For media nova.bg (TV news) searching in page https://nova.bg/news/category/2/%D0%B1%D1%8A%D0%BB%D0%B3%D0%B0%D1%80%D0%B8%D1%8F/297	The number of found articles is: 36
25-04-2026 10:42:25 INFO     Info: ('nova.bg', 'TV news')
Current page is 297
25-04-2026 10:42:25 INFO     	For media nova.bg (TV news) searching in page https://nova.bg/news/category/2/%D0%B1%D1%8A%D0%BB%D0%B3%D0%B0%D1%80%D0%B8%D1%8F/298	The number of found articles is: 36
25-04-2026 10:42:25 INFO     Info: ('nova.bg', 'TV news')
Current page is 298
25-04-2026 10:42:25 INFO     	For media nova.bg (TV news) searching in page https://nova.bg/news/category/2/%D0%B1%D1%8A%D0%BB%D0%B3%D0%B0%D1%80%D0%B8%D1%8F/299	The number of found articles is: 36
25-04-2026 10:42:25 INFO     Info: ('nova.bg', 'TV news')
Current page is 299
25-04-2026 10:42:25 INFO     	For media nova.bg (TV news) searching in page https://nova.bg/news/category/2/%D0%B1%D1%8A%D0%BB%D0%B3%D0%B0%D1%80%D0%B8%D1%8F/300	The number of found articles is: 36
25-04-2026 10:42:25 INFO     Info: ('nova.bg', 'TV news')
Current page is 300
25-04-2026 10:42:26 INFO     +++ Records for the news with 10 души са собствениците на парцела с дървото, убило жена в София with url https://nova.bg/news/view/2026/01/09/523401/10-%D0%B4%D1%83%D1%88%D0%B8-%D1%81%D0%B0-%D1%81%D0%BE%D0%B1%D1%81%D1%82%D0%B2%D0%B5%D0%BD%D0%B8%D1%86%D0%B8%D1%82%D0%B5-%D0%BD%D0%B0-%D0%BF%D0%B0%D1%80%D1%86%D0%B5%D0%BB%D0%B0-%D1%81-%D0%B4%D1%8A%D1%80%D0%B2%D0%BE%D1%82%D0%BE-%D1%83%D0%B1%D0%B8%D0%BB%D0%BE-%D0%B6%D0%B5%D0%BD%D0%B0-%D0%B2-%D1%81%D0%BE%D1%84%D0%B8%D1%8F/ and text 10 души са собственици на парцела, на който беше дървото, паднало от силния вятър и убило жена на ул. „Беловодски път” в столичния квартал „Бояна”. Това е показала проверка на общинската администрация, съобщи за NOVA кметът на район „Витоша” арх. Здравко Клинков. По думите му, те са го получи следствие реституция през 90-те години на миналия век. Общинско участие в този терен, документално, няма, категоричен е районният кмет. По неговите думи, в случая се касае за по-сложен юридически казус, тъй като парцелът се намира на територията на София, но попада в обхвата на Природен парк „Витоша”. Майка на две деца загина, след като дърво падна върху автомобил в Природен парк "Витоша" „Парцелът е горска защитена територия за природен парк към Природен парк „Витоша””, сочат документите на районната администрация. Там, според закона за природния парк, няма право да се премахват дървета. Дори дърветата, които падат, не могат да се отстраняват, а остават за мъртва дървесина, обясни арх. Клинков. Така че юристите трябва да кажат спрямо законите за природния парк кой носи отговорност и защо това дърво не е проверено. Часове след инцидента от Природен парк „Витоша” обявиха, че за последно дърветата в този район са проверявани на 20.10.2025 г. Тогава дървото не е показвало външни признаци, че е болно и затова не е отсечено. Най-вероятната причина за падането му е силният вятър, предположиха от парка. А кметът на район „Витоша” напомни, че в урбанизирана територия е по-лесно, защото там има наредба, според която за такива опасни дървета местната власт издава разрешения за премахване. Но в границите на Природния парк районната администрация  няма правомощия да издава  такива.  Ето защо компетентният орган, който може да установи опасно дърво и да вземе решение за премахването му, остава Природен парк „Витоша”. А там, казва кметът, е доста по-сложен самият механизъм за поддръжката на цялата екосистема. „Искам да използвам случая  да изразя и своите съболезнования към семейството на починалата жена", заяви арх. Здравко Клинков. От Министерството на земеделието и горите уточниха за NOVA, че още в събота е започнала проверка дали в района има още опасни дървета. Заради лошото време през последните дни обаче резултатите от нея ще се забавят. Последвайте ни from source: nova.bg was successfully added to the BaseWebsite._data_dict
25-04-2026 10:42:26 INFO     	For media nova.bg (TV news) searching in page https://nova.bg/news/category/2/%D0%B1%D1%8A%D0%BB%D0%B3%D0%B0%D1%80%D0%B8%D1%8F/301	The number of found articles is: 37
25-04-2026 10:42:26 INFO     Info: ('nova.bg', 'TV news')
Current page is 301
25-04-2026 10:42:26 INFO     ---News article: <<< Издирват 38-годишна жена в Шумен >>> was not included in the data because none of BaseWebsite._second_level keywords were found in the article text Article url: https://nova.bg/news/view/2026/01/09/523385/%D0%B8%D0%B7%D0%B4%D0%B8%D1%80%D0%B2%D0%B0%D1%82-38-%D0%B3%D0%BE%D0%B4%D0%B8%D1%88%D0%BD%D0%B0-%D0%B6%D0%B5%D0%BD%D0%B0-%D0%B2-%D1%88%D1%83%D0%BC%D0%B5%D0%BD/
25-04-2026 10:42:26 INFO     	For media nova.bg (TV news) searching in page https://nova.bg/news/category/2/%D0%B1%D1%8A%D0%BB%D0%B3%D0%B0%D1%80%D0%B8%D1%8F/302	The number of found articles is: 37
25-04-2026 10:42:26 INFO     Info: ('nova.bg', 'TV news')
Current page is 302
25-04-2026 10:42:26 INFO     	For media nova.bg (TV news) searching in page https://nova.bg/news/category/2/%D0%B1%D1%8A%D0%BB%D0%B3%D0%B0%D1%80%D0%B8%D1%8F/303	The number of found articles is: 37
25-04-2026 10:42:26 INFO     Info: ('nova.bg', 'TV news')
Current page is 303
25-04-2026 10:42:27 INFO     +++ Records for the news with Юлия Андонова: Домашното насилие няма извинение и не е семеен проблем with url https://nova.bg/news/view/2026/01/08/523268/%D1%8E%D0%BB%D0%B8%D1%8F-%D0%B0%D0%BD%D0%B4%D0%BE%D0%BD%D0%BE%D0%B2%D0%B0-%D0%B4%D0%BE%D0%BC%D0%B0%D1%88%D0%BD%D0%BE%D1%82%D0%BE-%D0%BD%D0%B0%D1%81%D0%B8%D0%BB%D0%B8%D0%B5-%D0%BD%D1%8F%D0%BC%D0%B0-%D0%B8%D0%B7%D0%B2%D0%B8%D0%BD%D0%B5%D0%BD%D0%B8%D0%B5-%D0%B8-%D0%BD%D0%B5-%D0%B5-%D1%81%D0%B5%D0%BC%D0%B5%D0%B5%D0%BD-%D0%BF%D1%80%D0%BE%D0%B1%D0%BB%D0%B5%D0%BC/ and text Случаите на домашно насилие в България продължават да се увеличават тревожно в първите дни на новата година. Само от началото на януари няколко жени са приети в спешни отделения с тежки наранявания, нанесени от техните партньори. На 1 януари 27-годишна жена беше убита след жесток побой с бутилка и нож. По-рано през седмицата мъж беше задържан за заплаха за убийство, а друг наръга жена си с кухненски нож. По последни данни случаите на домашно насилие у нас са около 3000 годишно. През 2025 г. над 20 жени са загинали от ръката на близък мъж – брой, който остава почти непроменен спрямо предходните години. „Домашното насилие няма извинение. То не е семеен проблем, който трябва да се решава зад затворени врати“, заяви в предаването „Социална мрежа“ Юлия Андонова, директор „Развитие и комуникации“ във фондация ПУЛС. По думите ѝ отговорността за спирането на насилието е споделена – от семейството и съседите, до институциите и цялото общество. Обвиниха мъж в побой над възрастната му майка в София Според Андонова една от основните причини проблемът да продължава е, че много форми на насилие не се разпознават като такива. „Психологическото, емоционалното и икономическото насилие често се подценяват или оправдават. Те остават „невидими“, а насилието продължава“, посочи тя, позовавайки се на европейско проучване за нагласите към насилието. Положителна стъпка според фондация ПУЛС е приетият в края на миналата година национален координационен механизъм за реакция при случаи на домашно насилие. „Това е документ, за който настоявахме години наред. Насилието не засяга само полицията или социалните – то засяга здравеопазване, съдебна система, образование. Само с общи усилия може да има ефект“, каза Андонова. Според нея ключова роля има и превенцията – още от най-ранна възраст. „Трябва да говорим за насилието в училище и дори в детската градина. Децата трябва да разпознават границите, нежеланото поведение и да знаят към кого да се обърнат“, заяви Андонова. Според нея общество, което не толерира насилието, се изгражда с дългосрочна и целенасочена работа. Целия разговор вижте във видеото. Последвайте ни from source: nova.bg was successfully added to the BaseWebsite._data_dict
25-04-2026 10:42:27 INFO     	For media nova.bg (TV news) searching in page https://nova.bg/news/category/2/%D0%B1%D1%8A%D0%BB%D0%B3%D0%B0%D1%80%D0%B8%D1%8F/304	The number of found articles is: 38
25-04-2026 10:42:27 INFO     Info: ('nova.bg', 'TV news')
Current page is 304
25-04-2026 10:42:27 INFO     	For media nova.bg (TV news) searching in page https://nova.bg/news/category/2/%D0%B1%D1%8A%D0%BB%D0%B3%D0%B0%D1%80%D0%B8%D1%8F/305	The number of found articles is: 38
25-04-2026 10:42:27 INFO     Info: ('nova.bg', 'TV news')
Current page is 305
25-04-2026 10:42:27 INFO     	For media nova.bg (TV news) searching in page https://nova.bg/news/category/2/%D0%B1%D1%8A%D0%BB%D0%B3%D0%B0%D1%80%D0%B8%D1%8F/306	The number of found articles is: 38
25-04-2026 10:42:27 INFO     Info: ('nova.bg', 'TV news')
Current page is 306
25-04-2026 10:42:27 INFO     	For media nova.bg (TV news) searching in page https://nova.bg/news/category/2/%D0%B1%D1%8A%D0%BB%D0%B3%D0%B0%D1%80%D0%B8%D1%8F/307	The number of found articles is: 38
25-04-2026 10:42:27 INFO     Info: ('nova.bg', 'TV news')
Current page is 307
25-04-2026 10:42:27 INFO     	For media nova.bg (TV news) searching in page https://nova.bg/news/category/2/%D0%B1%D1%8A%D0%BB%D0%B3%D0%B0%D1%80%D0%B8%D1%8F/308	The number of found articles is: 38
25-04-2026 10:42:27 INFO     Info: ('nova.bg', 'TV news')
Current page is 308
25-04-2026 10:42:27 INFO     	For media nova.bg (TV news) searching in page https://nova.bg/news/category/2/%D0%B1%D1%8A%D0%BB%D0%B3%D0%B0%D1%80%D0%B8%D1%8F/309	The number of found articles is: 38
25-04-2026 10:42:27 INFO     Info: ('nova.bg', 'TV news')
Current page is 309
25-04-2026 10:42:28 INFO     	For media nova.bg (TV news) searching in page https://nova.bg/news/category/2/%D0%B1%D1%8A%D0%BB%D0%B3%D0%B0%D1%80%D0%B8%D1%8F/310	The number of found articles is: 38
25-04-2026 10:42:28 INFO     Info: ('nova.bg', 'TV news')
Current page is 310
25-04-2026 10:42:28 INFO     	For media nova.bg (TV news) searching in page https://nova.bg/news/category/2/%D0%B1%D1%8A%D0%BB%D0%B3%D0%B0%D1%80%D0%B8%D1%8F/311	The number of found articles is: 38
25-04-2026 10:42:28 INFO     Info: ('nova.bg', 'TV news')
Current page is 311
25-04-2026 10:42:28 INFO     	For media nova.bg (TV news) searching in page https://nova.bg/news/category/2/%D0%B1%D1%8A%D0%BB%D0%B3%D0%B0%D1%80%D0%B8%D1%8F/312	The number of found articles is: 38
25-04-2026 10:42:28 INFO     Info: ('nova.bg', 'TV news')
Current page is 312
25-04-2026 10:42:28 INFO     	For media nova.bg (TV news) searching in page https://nova.bg/news/category/2/%D0%B1%D1%8A%D0%BB%D0%B3%D0%B0%D1%80%D0%B8%D1%8F/313	The number of found articles is: 38
25-04-2026 10:42:28 INFO     Info: ('nova.bg', 'TV news')
Current page is 313
25-04-2026 10:42:29 INFO     +++ Records for the news with Обвиниха мъж в побой над възрастната му майка в София with url https://nova.bg/news/view/2026/01/05/522929/%D0%BE%D0%B1%D0%B2%D0%B8%D0%BD%D0%B8%D1%85%D0%B0-%D0%BC%D1%8A%D0%B6-%D0%B2-%D0%BF%D0%BE%D0%B1%D0%BE%D0%B9-%D0%BD%D0%B0%D0%B4-%D0%B2%D1%8A%D0%B7%D1%80%D0%B0%D1%81%D1%82%D0%BD%D0%B0%D1%82%D0%B0-%D0%BC%D1%83-%D0%BC%D0%B0%D0%B9%D0%BA%D0%B0-%D0%B2-%D1%81%D0%BE%D1%84%D0%B8%D1%8F/ and text По искане на Софийската районна прокуратура съдът наложи мярка „задържане под стража“ на 53-годишен мъж, който е обвиненен за побой над 77-годишната си майка. Според събраните до момента доказателства нападението е извършено на 30 декември около 23:30 часа в апартамент в столичния квартал „Гоце Делчев“. Обвиняемият нанесъл множество удари с юмрук по главата на жената, както и удари с крака по тялото ѝ. Деянието е извършено в условията на домашно насилие. Момиче се обади в полицията за домашно насилие над майка ѝ По случая е образувано досъдебно производство за престъпление, за което се предвижда наказание лишаване от свобода. Постановлението на прокурора за задържане на мъжа било за срок до 72 часа. Известно е, че мъжът е осъждан. След внесеното от прокуратурата искане, състав на Софийския районен съд е приел предложението и е наложил най-тежката мярка за неотклонение. Решението подлежи на обжалване пред Софийския градски съд. Последвайте ни from source: nova.bg was successfully added to the BaseWebsite._data_dict
25-04-2026 10:42:29 INFO     	For media nova.bg (TV news) searching in page https://nova.bg/news/category/2/%D0%B1%D1%8A%D0%BB%D0%B3%D0%B0%D1%80%D0%B8%D1%8F/314	The number of found articles is: 39
25-04-2026 10:42:29 INFO     Info: ('nova.bg', 'TV news')
Current page is 314
25-04-2026 10:42:29 INFO     ---News article: <<< Безплатна ваксина за човешки папиломен вирус - вече и за момичета от 15 до 18 години >>> was not included in the data because none of BaseWebsite._second_level keywords were found in the article text Article url: https://nova.bg/news/view/2026/01/05/522900/%D0%B1%D0%B5%D0%B7%D0%BF%D0%BB%D0%B0%D1%82%D0%BD%D0%B0-%D0%B2%D0%B0%D0%BA%D1%81%D0%B8%D0%BD%D0%B0-%D0%B7%D0%B0-%D1%87%D0%BE%D0%B2%D0%B5%D1%88%D0%BA%D0%B8-%D0%BF%D0%B0%D0%BF%D0%B8%D0%BB%D0%BE%D0%BC%D0%B5%D0%BD-%D0%B2%D0%B8%D1%80%D1%83%D1%81-%D0%B2%D0%B5%D1%87%D0%B5-%D0%B8-%D0%B7%D0%B0-%D0%BC%D0%BE%D0%BC%D0%B8%D1%87%D0%B5%D1%82%D0%B0-%D0%BE%D1%82-15-%D0%B4%D0%BE-18-%D0%B3%D0%BE%D0%B4%D0%B8%D0%BD%D0%B8/
25-04-2026 10:42:29 INFO     	For media nova.bg (TV news) searching in page https://nova.bg/news/category/2/%D0%B1%D1%8A%D0%BB%D0%B3%D0%B0%D1%80%D0%B8%D1%8F/315	The number of found articles is: 39
25-04-2026 10:42:29 INFO     Info: ('nova.bg', 'TV news')
Current page is 315
25-04-2026 10:42:29 INFO     	For media nova.bg (TV news) searching in page https://nova.bg/news/category/2/%D0%B1%D1%8A%D0%BB%D0%B3%D0%B0%D1%80%D0%B8%D1%8F/316	The number of found articles is: 39
25-04-2026 10:42:29 INFO     Info: ('nova.bg', 'TV news')
Current page is 316
25-04-2026 10:42:29 INFO     	For media nova.bg (TV news) searching in page https://nova.bg/news/category/2/%D0%B1%D1%8A%D0%BB%D0%B3%D0%B0%D1%80%D0%B8%D1%8F/317	The number of found articles is: 39
25-04-2026 10:42:29 INFO     Info: ('nova.bg', 'TV news')
Current page is 317
25-04-2026 10:42:30 INFO     	For media nova.bg (TV news) searching in page https://nova.bg/news/category/2/%D0%B1%D1%8A%D0%BB%D0%B3%D0%B0%D1%80%D0%B8%D1%8F/318	The number of found articles is: 39
25-04-2026 10:42:30 INFO     Info: ('nova.bg', 'TV news')
Current page is 318
25-04-2026 10:42:30 INFO     	For media nova.bg (TV news) searching in page https://nova.bg/news/category/2/%D0%B1%D1%8A%D0%BB%D0%B3%D0%B0%D1%80%D0%B8%D1%8F/319	The number of found articles is: 39
25-04-2026 10:42:30 INFO     Info: ('nova.bg', 'TV news')
Current page is 319
25-04-2026 10:42:30 INFO     ---Article with title: Майка на две деца загина, след като дърво падна върху автомобил в Природен парк "Витоша" was not added because contains words from article title exclusion list: ['автомоб', ' падна ', 'деца', 'роден']
25-04-2026 10:42:30 INFO     	For media nova.bg (TV news) searching in page https://nova.bg/news/category/2/%D0%B1%D1%8A%D0%BB%D0%B3%D0%B0%D1%80%D0%B8%D1%8F/320	The number of found articles is: 39
25-04-2026 10:42:30 INFO     Info: ('nova.bg', 'TV news')
Current page is 320
25-04-2026 10:42:30 INFO     +++ Records for the news with Съдът остави в ареста обвиняем за убийството на жена в София with url https://nova.bg/news/view/2026/01/02/522706/%D1%81%D1%8A%D0%B4%D1%8A%D1%82-%D0%BE%D1%81%D1%82%D0%B0%D0%B2%D0%B8-%D0%B2-%D0%B0%D1%80%D0%B5%D1%81%D1%82%D0%B0-%D0%BE%D0%B1%D0%B2%D0%B8%D0%BD%D1%8F%D0%B5%D0%BC-%D0%B7%D0%B0-%D1%83%D0%B1%D0%B8%D0%B9%D1%81%D1%82%D0%B2%D0%BE%D1%82%D0%BE-%D0%BD%D0%B0-%D0%B6%D0%B5%D0%BD%D0%B0-%D0%B2-%D1%81%D0%BE%D1%84%D0%B8%D1%8F/ and text Софийският градски съд наложи днес мярка за неотклонение „задържане под стража“ на Валентин Василев. 35-годишният мъж е обвиняем за убийството на Петрана Петкова, чието тяло беше открито в трафопост в столичния квартал „Надежда 1“. Мярката може да бъде обжалвана в тридневен срок. Адвокатът на Василев поиска по-лека мярка – домашен арест, с аргумента, че обвиняемият е болен. Откриха тяло на жена в София По време на заседанието самият обвиняем заяви, че е неграмотен, необразован, не работи и получава пенсия по болест. С жертвата Петрана Петкова той има дете на 5 години. Жената е убита по особено жесток начин в условията на домашно насилие. Тя е с множество наранявания, нанесени с лопата, стана ясно по време на съдебното заседание. За открито тяло на жена в столичния квартал „Надежда 1“ в късния следобед на 29 декември съобщиха от пресцентъра на СДВР. Оттам уточниха, че работата по случая продължава. Последвайте ни from source: nova.bg was successfully added to the BaseWebsite._data_dict
25-04-2026 10:42:30 INFO     	For media nova.bg (TV news) searching in page https://nova.bg/news/category/2/%D0%B1%D1%8A%D0%BB%D0%B3%D0%B0%D1%80%D0%B8%D1%8F/321	The number of found articles is: 40
25-04-2026 10:42:30 INFO     Info: ('nova.bg', 'TV news')
Current page is 321
25-04-2026 10:42:31 INFO     ---Article with title: Възрастна жена е жертвата на един от пожарите в Бургаско was not added because contains words from article title exclusion list: ['пожар']
25-04-2026 10:42:31 INFO     ---News article: <<< Евакуираха с хеликоптер от хижа в Рила жена с измръзване на краката (ВИДЕО+СНИМКИ) >>> was not included in the data because none of BaseWebsite._second_level keywords were found in the article text Article url: https://nova.bg/news/view/2026/01/02/522674/%D0%B5%D0%B2%D0%B0%D0%BA%D1%83%D0%B8%D1%80%D0%B0%D1%85%D0%B0-%D1%81-%D1%85%D0%B5%D0%BB%D0%B8%D0%BA%D0%BE%D0%BF%D1%82%D0%B5%D1%80-%D0%BE%D1%82-%D1%85%D0%B8%D0%B6%D0%B0-%D0%B2-%D1%80%D0%B8%D0%BB%D0%B0-%D0%B6%D0%B5%D0%BD%D0%B0-%D1%81-%D0%B8%D0%B7%D0%BC%D1%80%D1%8A%D0%B7%D0%B2%D0%B0%D0%BD%D0%B5-%D0%BD%D0%B0-%D0%BA%D1%80%D0%B0%D0%BA%D0%B0%D1%82%D0%B0-%D0%B2%D0%B8%D0%B4%D0%B5%D0%BE%D1%81%D0%BD%D0%B8%D0%BC%D0%BA%D0%B8/
25-04-2026 10:42:31 INFO     ---Article with title: Как жена с психично заболяване успя да върне жилището си, придобито от “влюбен” в нея мъж was not added because contains words from article title exclusion list: ['психичн']
25-04-2026 10:42:31 INFO     	For media nova.bg (TV news) searching in page https://nova.bg/news/category/2/%D0%B1%D1%8A%D0%BB%D0%B3%D0%B0%D1%80%D0%B8%D1%8F/322	The number of found articles is: 40
25-04-2026 10:42:31 INFO     Info: ('nova.bg', 'TV news')
Current page is 322
25-04-2026 10:42:31 INFO     	For media nova.bg (TV news) searching in page https://nova.bg/news/category/2/%D0%B1%D1%8A%D0%BB%D0%B3%D0%B0%D1%80%D0%B8%D1%8F/323	The number of found articles is: 40
25-04-2026 10:42:31 INFO     Info: ('nova.bg', 'TV news')
Current page is 323
25-04-2026 10:42:31 INFO     	For media nova.bg (TV news) searching in page https://nova.bg/news/category/2/%D0%B1%D1%8A%D0%BB%D0%B3%D0%B0%D1%80%D0%B8%D1%8F/324	The number of found articles is: 40
25-04-2026 10:42:31 INFO     Info: ('nova.bg', 'TV news')
Current page is 324
25-04-2026 10:42:31 INFO     	For media nova.bg (TV news) searching in page https://nova.bg/news/category/2/%D0%B1%D1%8A%D0%BB%D0%B3%D0%B0%D1%80%D0%B8%D1%8F/325	The number of found articles is: 40
25-04-2026 10:42:31 INFO     Info: ('nova.bg', 'TV news')
Current page is 325
25-04-2026 10:42:32 INFO     ---Article with title: "Коремът ми не е от сарми, бебе номер 2 се готви": Дъщерята на Гала очаква второто си дете was not added because contains words from article title exclusion list: ['бебе', 'дете']
25-04-2026 10:42:32 INFO     	For media nova.bg (TV news) searching in page https://nova.bg/news/category/2/%D0%B1%D1%8A%D0%BB%D0%B3%D0%B0%D1%80%D0%B8%D1%8F/326	The number of found articles is: 40
25-04-2026 10:42:32 INFO     Info: ('nova.bg', 'TV news')
Current page is 326
25-04-2026 10:42:32 INFO     	For media nova.bg (TV news) searching in page https://nova.bg/news/category/2/%D0%B1%D1%8A%D0%BB%D0%B3%D0%B0%D1%80%D0%B8%D1%8F/327	The number of found articles is: 40
25-04-2026 10:42:32 INFO     Info: ('nova.bg', 'TV news')
Current page is 327
25-04-2026 10:42:32 INFO     	For media nova.bg (TV news) searching in page https://nova.bg/news/category/2/%D0%B1%D1%8A%D0%BB%D0%B3%D0%B0%D1%80%D0%B8%D1%8F/328	The number of found articles is: 40
25-04-2026 10:42:32 INFO     Info: ('nova.bg', 'TV news')
Current page is 328
25-04-2026 10:42:32 INFO     	For media nova.bg (TV news) searching in page https://nova.bg/news/category/2/%D0%B1%D1%8A%D0%BB%D0%B3%D0%B0%D1%80%D0%B8%D1%8F/329	The number of found articles is: 40
25-04-2026 10:42:32 INFO     Info: ('nova.bg', 'TV news')
Current page is 329
25-04-2026 10:42:33 INFO     +++ Records for the news with Задържаха мъж за побой над съпругата му навръх Коледа with url https://nova.bg/news/view/2025/12/30/522402/%D0%B7%D0%B0%D0%B4%D1%8A%D1%80%D0%B6%D0%B0%D1%85%D0%B0-%D0%BC%D1%8A%D0%B6-%D0%B7%D0%B0-%D0%BF%D0%BE%D0%B1%D0%BE%D0%B9-%D0%BD%D0%B0%D0%B4-%D1%81%D1%8A%D0%BF%D1%80%D1%83%D0%B3%D0%B0%D1%82%D0%B0-%D0%BC%D1%83-%D0%BD%D0%B0%D0%B2%D1%80%D1%8A%D1%85-%D0%BA%D0%BE%D0%BB%D0%B5%D0%B4%D0%B0/ and text По искане на Софийската районна прокуратура съдът задържа 57-годишен мъж, нанесъл телесна повреда на съпругата си. Събраните до момента доказателства сочат, че на 25 декември, в къща в село Долни Богоров, обвиняемият нанесъл удари с юмруци в главата, лицето и гърба на своята съпруга. Вследствие на това той ѝ причинил лека телесна повреда. Деянието е извършено в условията на домашно насилие. По случая е образувано досъдебно производство за престъпление, за което се предвижда наказание „лишаване от свобода“. С постановление на прокурор мъжът бил задържан за срок до 72 часа. В миналото той е осъждан. Момиче се обади в полицията за домашно насилие над майка ѝ Прокурор е внесъл искане в Софийския районен съд за постоянен арест на обвиняемия. Състав на съда се съгласил с искането и му наложил най-тежката мярка за неотклонение. Тя подлежи на обжалване пред Софийския градски съд. Последвайте ни from source: nova.bg was successfully added to the BaseWebsite._data_dict
25-04-2026 10:42:33 INFO     	For media nova.bg (TV news) searching in page https://nova.bg/news/category/2/%D0%B1%D1%8A%D0%BB%D0%B3%D0%B0%D1%80%D0%B8%D1%8F/330	The number of found articles is: 41
25-04-2026 10:42:33 INFO     Info: ('nova.bg', 'TV news')
Current page is 330
25-04-2026 10:42:33 INFO     ---News article: <<< Стрелба и заплахи при опит за кражба на 14-годишно момиче за булка в Димитровград >>> was not included in the data because none of BaseWebsite._second_level keywords were found in the article text Article url: https://nova.bg/news/view/2025/12/30/522399/%D1%81%D1%82%D1%80%D0%B5%D0%BB%D0%B1%D0%B0-%D0%B8-%D0%B7%D0%B0%D0%BF%D0%BB%D0%B0%D1%85%D0%B8-%D0%BF%D1%80%D0%B8-%D0%BE%D0%BF%D0%B8%D1%82-%D0%B7%D0%B0-%D0%BA%D1%80%D0%B0%D0%B6%D0%B1%D0%B0-%D0%BD%D0%B0-14-%D0%B3%D0%BE%D0%B4%D0%B8%D1%88%D0%BD%D0%BE-%D0%BC%D0%BE%D0%BC%D0%B8%D1%87%D0%B5-%D0%B7%D0%B0-%D0%B1%D1%83%D0%BB%D0%BA%D0%B0-%D0%B2-%D0%B4%D0%B8%D0%BC%D0%B8%D1%82%D1%80%D0%BE%D0%B2%D0%B3%D1%80%D0%B0%D0%B4/
25-04-2026 10:42:34 INFO     +++ Records for the news with Откриха тяло на жена в София with url https://nova.bg/news/view/2025/12/30/522386/%D0%BE%D1%82%D0%BA%D1%80%D0%B8%D1%85%D0%B0-%D1%82%D1%8F%D0%BB%D0%BE-%D0%BD%D0%B0-%D0%B6%D0%B5%D0%BD%D0%B0-%D0%B2-%D1%81%D0%BE%D1%84%D0%B8%D1%8F/ and text Тяло на жена е открито в столичния квартал "Надежда 1" в късния следобед вчера, съобщиха от СДВР. От там допълват, че работата по случая продължава. Откриха мъртъв мъжа, издирван за убийството на жена в София Последвайте ни from source: nova.bg was successfully added to the BaseWebsite._data_dict
25-04-2026 10:42:34 INFO     	For media nova.bg (TV news) searching in page https://nova.bg/news/category/2/%D0%B1%D1%8A%D0%BB%D0%B3%D0%B0%D1%80%D0%B8%D1%8F/331	The number of found articles is: 42
25-04-2026 10:42:34 INFO     Info: ('nova.bg', 'TV news')
Current page is 331
25-04-2026 10:42:34 INFO     	For media nova.bg (TV news) searching in page https://nova.bg/news/category/2/%D0%B1%D1%8A%D0%BB%D0%B3%D0%B0%D1%80%D0%B8%D1%8F/332	The number of found articles is: 42
25-04-2026 10:42:34 INFO     Info: ('nova.bg', 'TV news')
Current page is 332
25-04-2026 10:42:34 INFO     	For media nova.bg (TV news) searching in page https://nova.bg/news/category/2/%D0%B1%D1%8A%D0%BB%D0%B3%D0%B0%D1%80%D0%B8%D1%8F/333	The number of found articles is: 42
25-04-2026 10:42:34 INFO     Info: ('nova.bg', 'TV news')
Current page is 333
25-04-2026 10:42:34 INFO     	For media nova.bg (TV news) searching in page https://nova.bg/news/category/2/%D0%B1%D1%8A%D0%BB%D0%B3%D0%B0%D1%80%D0%B8%D1%8F/334	The number of found articles is: 42
25-04-2026 10:42:34 INFO     Info: ('nova.bg', 'TV news')
Current page is 334
25-04-2026 10:42:34 INFO     	For media nova.bg (TV news) searching in page https://nova.bg/news/category/2/%D0%B1%D1%8A%D0%BB%D0%B3%D0%B0%D1%80%D0%B8%D1%8F/335	The number of found articles is: 42
25-04-2026 10:42:34 INFO     Info: ('nova.bg', 'TV news')
Current page is 335
25-04-2026 10:42:34 INFO     	For media nova.bg (TV news) searching in page https://nova.bg/news/category/2/%D0%B1%D1%8A%D0%BB%D0%B3%D0%B0%D1%80%D0%B8%D1%8F/336	The number of found articles is: 42
25-04-2026 10:42:34 INFO     Info: ('nova.bg', 'TV news')
Current page is 336
25-04-2026 10:42:34 INFO     	For media nova.bg (TV news) searching in page https://nova.bg/news/category/2/%D0%B1%D1%8A%D0%BB%D0%B3%D0%B0%D1%80%D0%B8%D1%8F/337	The number of found articles is: 42
25-04-2026 10:42:34 INFO     Info: ('nova.bg', 'TV news')
Current page is 337
25-04-2026 10:42:35 INFO     	For media nova.bg (TV news) searching in page https://nova.bg/news/category/2/%D0%B1%D1%8A%D0%BB%D0%B3%D0%B0%D1%80%D0%B8%D1%8F/338	The number of found articles is: 42
25-04-2026 10:42:35 INFO     Info: ('nova.bg', 'TV news')
Current page is 338
25-04-2026 10:42:35 INFO     	For media nova.bg (TV news) searching in page https://nova.bg/news/category/2/%D0%B1%D1%8A%D0%BB%D0%B3%D0%B0%D1%80%D0%B8%D1%8F/339	The number of found articles is: 42
25-04-2026 10:42:35 INFO     Info: ('nova.bg', 'TV news')
Current page is 339
25-04-2026 10:42:35 INFO     	For media nova.bg (TV news) searching in page https://nova.bg/news/category/2/%D0%B1%D1%8A%D0%BB%D0%B3%D0%B0%D1%80%D0%B8%D1%8F/340	The number of found articles is: 42
25-04-2026 10:42:35 INFO     Info: ('nova.bg', 'TV news')
Current page is 340
25-04-2026 10:42:35 INFO     +++ Records for the news with Силата на волята: Как болна от диабет жена отслабна със 67 кг и стана треньор по пилатес with url https://nova.bg/news/view/2025/12/26/522075/%D1%81%D0%B8%D0%BB%D0%B0%D1%82%D0%B0-%D0%BD%D0%B0-%D0%B2%D0%BE%D0%BB%D1%8F%D1%82%D0%B0-%D0%BA%D0%B0%D0%BA-%D0%B1%D0%BE%D0%BB%D0%BD%D0%B0-%D0%BE%D1%82-%D0%B4%D0%B8%D0%B0%D0%B1%D0%B5%D1%82-%D0%B6%D0%B5%D0%BD%D0%B0-%D0%BE%D1%82%D1%81%D0%BB%D0%B0%D0%B1%D0%BD%D0%B0-%D1%81%D1%8A%D1%81-67-%D0%BA%D0%B3-%D0%B8-%D1%81%D1%82%D0%B0%D0%BD%D0%B0-%D1%82%D1%80%D0%B5%D0%BD%D1%8C%D0%BE%D1%80-%D0%BF%D0%BE-%D0%BF%D0%B8%D0%BB%D0%B0%D1%82%D0%B5%D1%81/ and text Историята на Катерина Илиева е история за волята, постоянството и най-трудната победа – тази над самия себе си. Днес тя е на 34 години, майка на осемгодишен син, мениджър в компания за клинични проучвания и сертифициран треньор по пилатес. Пътят ѝ дотук започва от едно тежко изпитание, което променя живота ѝ из основи. Преди девет години Катерина тежи 123 килограма. След тежка бременност, хормонална терапия и сериозни здравословни проблеми, включително диабет, тя се изправя пред реалната опасност да загуби не само контрола над тялото си, но и качеството си на живот. „Ничия земя“: За мисията в Нови хан „Не исках да съм версията на себе си, която ще е болна, немощна и просто няма да може да се справи с ежедневните си активности“, споделя тя в ефира на предаването „Твоят ден”. Мотивацията ѝ е ясна – синът ѝ: „Честно казано, исках да му покажа, че мога“. Истинската битка започва след раждането. „Тогава започна реално моята борба – с килограмите, с майчинството и с всичко, което следва. За това обаче много малко хора говорят – колко е трудно да се върнеш към нормалния си начин на живот и да продължиш“, казва Катерина. Първите ѝ стъпки в залата са изпълнени със страх, срам и болка. „Аз се търкалях. Беше ужасно. Потях се от абсолютно елементарни упражнения и страшно много ме беше срам“, признава тя. Вместо да се откаже, Катерина взима решение – да продължи. „Амбицирах се и си казах, че ще се науча. Започнах да идвам всеки ден – от понеделник до неделя, след работа, преди работа. Исках да дам шанс на организма си и на тялото си да изглежда по онзи начин, който си спомнях, че може“, разказва пилатес инструктурът. Зад физическата трансформация стои и силна вътрешна борба: „Имала съм много дълги етапи, в които се чудех дали да продължа, дали си заслужава. Какво ще стане, ако спра за седмица-две. Но осъзнавах, че организмът ми не иска това. Когато седнеш на дивана и си стоиш, после идва вината“. Психолог: Системното гладуване води до преяждане Човекът, който е до нея през годините, е личният ѝ треньор Иван Христов. По думите му ключът към успеха на Катерина е именно постоянството. „Тя е човек, който не се предава. Това беше тайната. Въпреки проблемите вкъщи, в работата, тя не се отказа. Залата беше нейният отдушник“, споделя той за нея. Днес Катерина е отслабнала със 67 килограма и не просто е променила външния си вид, а и отношението си към живота. Вече помага на други жени, преминали през подобни изпитания, да се върнат към себе си. Целия разговор гледайте във видеото. Последвайте ни from source: nova.bg was successfully added to the BaseWebsite._data_dict
25-04-2026 10:42:35 INFO     	For media nova.bg (TV news) searching in page https://nova.bg/news/category/2/%D0%B1%D1%8A%D0%BB%D0%B3%D0%B0%D1%80%D0%B8%D1%8F/341	The number of found articles is: 43
25-04-2026 10:42:35 INFO     Info: ('nova.bg', 'TV news')
Current page is 341
25-04-2026 10:42:36 INFO     ---Article with title: Вторият ден на Коледа: Почитаме Божията майка и Свети Йосиф was not added because contains words from article title exclusion list: ['почитаме']
25-04-2026 10:42:36 INFO     ---News article: <<< Обявиха за издирване момиче във Варна >>> was not included in the data because none of BaseWebsite._second_level keywords were found in the article text Article url: https://nova.bg/news/view/2025/12/25/522041/%D0%BE%D0%B1%D1%8F%D0%B2%D0%B8%D1%85%D0%B0-%D0%B7%D0%B0-%D0%B8%D0%B7%D0%B4%D0%B8%D1%80%D0%B2%D0%B0%D0%BD%D0%B5-%D0%BC%D0%BE%D0%BC%D0%B8%D1%87%D0%B5-%D0%B2%D1%8A%D0%B2-%D0%B2%D0%B0%D1%80%D0%BD%D0%B0/
25-04-2026 10:42:36 INFO     	For media nova.bg (TV news) searching in page https://nova.bg/news/category/2/%D0%B1%D1%8A%D0%BB%D0%B3%D0%B0%D1%80%D0%B8%D1%8F/342	The number of found articles is: 43
25-04-2026 10:42:36 INFO     Info: ('nova.bg', 'TV news')
Current page is 342
25-04-2026 10:42:36 INFO     	For media nova.bg (TV news) searching in page https://nova.bg/news/category/2/%D0%B1%D1%8A%D0%BB%D0%B3%D0%B0%D1%80%D0%B8%D1%8F/343	The number of found articles is: 43
25-04-2026 10:42:36 INFO     Info: ('nova.bg', 'TV news')
Current page is 343
25-04-2026 10:42:37 INFO     ---News article: <<< Традиции в "Студентски град": Защо две момичета сушат суджуци на балкон в общежитие >>> was not included in the data because none of BaseWebsite._second_level keywords were found in the article text Article url: https://nova.bg/news/view/2025/12/25/521975/%D1%82%D1%80%D0%B0%D0%B4%D0%B8%D1%86%D0%B8%D0%B8-%D0%B2-%D1%81%D1%82%D1%83%D0%B4%D0%B5%D0%BD%D1%82%D1%81%D0%BA%D0%B8-%D0%B3%D1%80%D0%B0%D0%B4-%D0%B7%D0%B0%D1%89%D0%BE-%D0%B4%D0%B2%D0%B5-%D0%BC%D0%BE%D0%BC%D0%B8%D1%87%D0%B5%D1%82%D0%B0-%D1%81%D1%83%D1%88%D0%B0%D1%82-%D1%81%D1%83%D0%B4%D0%B6%D1%83%D1%86%D0%B8-%D0%BD%D0%B0-%D0%B1%D0%B0%D0%BB%D0%BA%D0%BE%D0%BD-%D0%B2-%D0%BE%D0%B1%D1%89%D0%B5%D0%B6%D0%B8%D1%82%D0%B8%D0%B5/
25-04-2026 10:42:37 INFO     	For media nova.bg (TV news) searching in page https://nova.bg/news/category/2/%D0%B1%D1%8A%D0%BB%D0%B3%D0%B0%D1%80%D0%B8%D1%8F/344	The number of found articles is: 43
25-04-2026 10:42:37 INFO     Info: ('nova.bg', 'TV news')
Current page is 344
25-04-2026 10:42:37 INFO     	For media nova.bg (TV news) searching in page https://nova.bg/news/category/2/%D0%B1%D1%8A%D0%BB%D0%B3%D0%B0%D1%80%D0%B8%D1%8F/345	The number of found articles is: 43
25-04-2026 10:42:37 INFO     Info: ('nova.bg', 'TV news')
Current page is 345
25-04-2026 10:42:38 INFO     ---News article: <<< „По следите“: Частен съдебен изпълнител се усъмни в законността на сделка, ощетила възрастна жена >>> was not included in the data because none of BaseWebsite._second_level keywords were found in the article text Article url: https://nova.bg/news/view/2025/12/24/521892/%D0%BF%D0%BE-%D1%81%D0%BB%D0%B5%D0%B4%D0%B8%D1%82%D0%B5-%D1%87%D0%B0%D1%81%D1%82%D0%B5%D0%BD-%D1%81%D1%8A%D0%B4%D0%B5%D0%B1%D0%B5%D0%BD-%D0%B8%D0%B7%D0%BF%D1%8A%D0%BB%D0%BD%D0%B8%D1%82%D0%B5%D0%BB-%D1%81%D0%B5-%D1%83%D1%81%D1%8A%D0%BC%D0%BD%D0%B8-%D0%B2-%D0%B7%D0%B0%D0%BA%D0%BE%D0%BD%D0%BD%D0%BE%D1%81%D1%82%D1%82%D0%B0-%D0%BD%D0%B0-%D1%81%D0%B4%D0%B5%D0%BB%D0%BA%D0%B0-%D0%BE%D1%89%D0%B5%D1%82%D0%B8%D0%BB%D0%B0-%D0%B2%D1%8A%D0%B7%D1%80%D0%B0%D1%81%D1%82%D0%BD%D0%B0-%D0%B6%D0%B5%D0%BD%D0%B0/
25-04-2026 10:42:38 INFO     	For media nova.bg (TV news) searching in page https://nova.bg/news/category/2/%D0%B1%D1%8A%D0%BB%D0%B3%D0%B0%D1%80%D0%B8%D1%8F/346	The number of found articles is: 43
25-04-2026 10:42:38 INFO     Info: ('nova.bg', 'TV news')
Current page is 346
25-04-2026 10:42:38 INFO     	For media nova.bg (TV news) searching in page https://nova.bg/news/category/2/%D0%B1%D1%8A%D0%BB%D0%B3%D0%B0%D1%80%D0%B8%D1%8F/347	The number of found articles is: 43
25-04-2026 10:42:38 INFO     Info: ('nova.bg', 'TV news')
Current page is 347
25-04-2026 10:42:38 INFO     ---Article with title: Излязоха пробите за алкохол и дрога на шофьора, убил две жени на тротоар във Варна was not added because contains words from article title exclusion list: ['шофьор', 'алкохол']
25-04-2026 10:42:38 INFO     	For media nova.bg (TV news) searching in page https://nova.bg/news/category/2/%D0%B1%D1%8A%D0%BB%D0%B3%D0%B0%D1%80%D0%B8%D1%8F/348	The number of found articles is: 43
25-04-2026 10:42:38 INFO     Info: ('nova.bg', 'TV news')
Current page is 348
25-04-2026 10:42:38 INFO     	For media nova.bg (TV news) searching in page https://nova.bg/news/category/2/%D0%B1%D1%8A%D0%BB%D0%B3%D0%B0%D1%80%D0%B8%D1%8F/349	The number of found articles is: 43
25-04-2026 10:42:38 INFO     Info: ('nova.bg', 'TV news')
Current page is 349
25-04-2026 10:42:38 INFO     	For media nova.bg (TV news) searching in page https://nova.bg/news/category/2/%D0%B1%D1%8A%D0%BB%D0%B3%D0%B0%D1%80%D0%B8%D1%8F/350	The number of found articles is: 43
25-04-2026 10:42:38 INFO     Info: ('nova.bg', 'TV news')
Current page is 350
25-04-2026 10:42:39 INFO     ---Article with title: Скрита камера: Жена заложи капан и залови мъже при опит да отворят чужда кола was not added because contains words from article title exclusion list: [' кола']
25-04-2026 10:42:39 INFO     	For media nova.bg (TV news) searching in page https://nova.bg/news/category/2/%D0%B1%D1%8A%D0%BB%D0%B3%D0%B0%D1%80%D0%B8%D1%8F/351	The number of found articles is: 43
25-04-2026 10:42:39 INFO     Info: ('nova.bg', 'TV news')
Current page is 351
25-04-2026 10:42:39 INFO     ---Article with title: Кола блъсна и уби две жени на тротоар във Варна и се вряза в магазин was not added because contains words from article title exclusion list: ['блъсна']
25-04-2026 10:42:39 INFO     	For media nova.bg (TV news) searching in page https://nova.bg/news/category/2/%D0%B1%D1%8A%D0%BB%D0%B3%D0%B0%D1%80%D0%B8%D1%8F/352	The number of found articles is: 43
25-04-2026 10:42:39 INFO     Info: ('nova.bg', 'TV news')
Current page is 352
25-04-2026 10:42:39 INFO     +++ Records for the news with Момиче се обади в полицията за домашно насилие над майка ѝ with url https://nova.bg/news/view/2025/12/22/521660/%D0%BC%D0%BE%D0%BC%D0%B8%D1%87%D0%B5-%D1%81%D0%B5-%D0%BE%D0%B1%D0%B0%D0%B4%D0%B8-%D0%B2-%D0%BF%D0%BE%D0%BB%D0%B8%D1%86%D0%B8%D1%8F%D1%82%D0%B0-%D0%B7%D0%B0-%D0%B4%D0%BE%D0%BC%D0%B0%D1%88%D0%BD%D0%BE-%D0%BD%D0%B0%D1%81%D0%B8%D0%BB%D0%B8%D0%B5-%D0%BD%D0%B0%D0%B4-%D0%BC%D0%B0%D0%B9%D0%BA%D0%B0-%D1%9D/ and text 14-годишно момиче подаде сигнал в полицията за домашно насилие над майка ѝ от 45-годишен мъж, с когото потърпевшата живеела на семейни начала. Случаят е от 21 декември в Перник. На пострадалата били нанесени удари с юмруци в областта на лицето, а мъжът си наранил пръстите от счупена чиния. Оказана им е медицинска помощ и впоследствие 45-годишният бил задържан за срок до 24 часа с полицейска заповед. „Скоро ти и детето в корема ти ще умрете“: Задържаха мъж за побой и заплахи с убийство към съпругата му При друг случай отново на 21 декември е задържан син за побой над баща му. Образувани са бързи производства, а работата продължава под надзора на прокуратурата. Последвайте ни from source: nova.bg was successfully added to the BaseWebsite._data_dict
25-04-2026 10:42:39 INFO     	For media nova.bg (TV news) searching in page https://nova.bg/news/category/2/%D0%B1%D1%8A%D0%BB%D0%B3%D0%B0%D1%80%D0%B8%D1%8F/353	The number of found articles is: 44
25-04-2026 10:42:39 INFO     Info: ('nova.bg', 'TV news')
Current page is 353
25-04-2026 10:42:40 INFO     	For media nova.bg (TV news) searching in page https://nova.bg/news/category/2/%D0%B1%D1%8A%D0%BB%D0%B3%D0%B0%D1%80%D0%B8%D1%8F/354	The number of found articles is: 44
25-04-2026 10:42:40 INFO     Info: ('nova.bg', 'TV news')
Current page is 354
25-04-2026 10:42:40 INFO     ---News article: <<< „Да хванеш гората”: Две приятелки се вдъхновиха от рецептата на баба и произведоха собствена лютеница >>> was not included in the data because none of BaseWebsite._second_level keywords were found in the article text Article url: https://nova.bg/news/view/2025/12/21/521565/%D0%B4%D0%B0-%D1%85%D0%B2%D0%B0%D0%BD%D0%B5%D1%88-%D0%B3%D0%BE%D1%80%D0%B0%D1%82%D0%B0-%D0%B4%D0%B2%D0%B5-%D0%BF%D1%80%D0%B8%D1%8F%D1%82%D0%B5%D0%BB%D0%BA%D0%B8-%D1%81%D0%B5-%D0%B2%D0%B4%D1%8A%D1%85%D0%BD%D0%BE%D0%B2%D0%B8%D1%85%D0%B0-%D0%BE%D1%82-%D1%80%D0%B5%D1%86%D0%B5%D0%BF%D1%82%D0%B0%D1%82%D0%B0-%D0%BD%D0%B0-%D0%B1%D0%B0%D0%B1%D0%B0-%D0%B8-%D0%BF%D1%80%D0%BE%D0%B8%D0%B7%D0%B2%D0%B5%D0%B4%D0%BE%D1%85%D0%B0-%D1%81%D0%BE%D0%B1%D1%81%D1%82%D0%B2%D0%B5%D0%BD%D0%B0-%D0%BB%D1%8E%D1%82%D0%B5%D0%BD%D0%B8%D1%86%D0%B0/
25-04-2026 10:42:40 INFO     	For media nova.bg (TV news) searching in page https://nova.bg/news/category/2/%D0%B1%D1%8A%D0%BB%D0%B3%D0%B0%D1%80%D0%B8%D1%8F/355	The number of found articles is: 44
25-04-2026 10:42:40 INFO     Info: ('nova.bg', 'TV news')
Current page is 355
25-04-2026 10:42:40 INFO     	For media nova.bg (TV news) searching in page https://nova.bg/news/category/2/%D0%B1%D1%8A%D0%BB%D0%B3%D0%B0%D1%80%D0%B8%D1%8F/356	The number of found articles is: 44
25-04-2026 10:42:40 INFO     Info: ('nova.bg', 'TV news')
Current page is 356
25-04-2026 10:42:40 INFO     	For media nova.bg (TV news) searching in page https://nova.bg/news/category/2/%D0%B1%D1%8A%D0%BB%D0%B3%D0%B0%D1%80%D0%B8%D1%8F/357	The number of found articles is: 44
25-04-2026 10:42:40 INFO     Info: ('nova.bg', 'TV news')
Current page is 357
25-04-2026 10:42:40 INFO     	For media nova.bg (TV news) searching in page https://nova.bg/news/category/2/%D0%B1%D1%8A%D0%BB%D0%B3%D0%B0%D1%80%D0%B8%D1%8F/358	The number of found articles is: 44
25-04-2026 10:42:40 INFO     Info: ('nova.bg', 'TV news')
Current page is 358
25-04-2026 10:42:40 INFO     ---Article with title: 18-годишно момиче загина при катастрофа край Варна was not added because contains words from article title exclusion list: ['катастроф']
25-04-2026 10:42:41 INFO     +++ Records for the news with Владо Зомбори: Смъртта на баща ми и раждането на дъщеря ми пренаредиха приоритетите ми в живота with url https://nova.bg/news/view/2025/12/20/521479/%D0%B2%D0%BB%D0%B0%D0%B4%D0%BE-%D0%B7%D0%BE%D0%BC%D0%B1%D0%BE%D1%80%D0%B8-%D1%81%D0%BC%D1%8A%D1%80%D1%82%D1%82%D0%B0-%D0%BD%D0%B0-%D0%B1%D0%B0%D1%89%D0%B0-%D0%BC%D0%B8-%D0%B8-%D1%80%D0%B0%D0%B6%D0%B4%D0%B0%D0%BD%D0%B5%D1%82%D0%BE-%D0%BD%D0%B0-%D0%B4%D1%8A%D1%89%D0%B5%D1%80%D1%8F-%D0%BC%D0%B8-%D0%BF%D1%80%D0%B5%D0%BD%D0%B0%D1%80%D0%B5%D0%B4%D0%B8%D1%85%D0%B0-%D0%BF%D1%80%D0%B8%D0%BE%D1%80%D0%B8%D1%82%D0%B5%D1%82%D0%B8%D1%82%D0%B5-%D0%BC%D0%B8-%D0%B2-%D0%B6%D0%B8%D0%B2%D0%BE%D1%82%D0%B0/ and text В рубриката „Тук и сега“ Деси Банова-Плевнелиева ни среща с един от най-търсените и обичани млади актьори у нас - Владо Зомбори. Срещата се случва в театъра, по време на репетиции, където той споделя за извървения път от училището по сценични кадри до голямата сцена. Какво е усещането да избереш актьорството в последния момент, как загубата на родител променя приоритетите, как се гради семейство между двама артисти и кое е най-голямото чудо в живота му - отговорите тук и сега. Любовта на Владо Зомбори към изкуството започва в Пловдив, където завършва Професионалната гимназия за екранни и сценични изкуства. Първоначално семейството му очаква той да се насочи към архитектурата или сценографията, но само три месеца преди изпитите в НАТФИЗ, той рязко сменя посоката. "Тук и сега": Стефания Колева за артистичните гени в рода ѝ и любовта към изкуството „Винаги съм бил леко артистичен и с особено чувство за хумор. В последния момент реших да пробвам с актьорско майсторство и явно съм имал талант, защото ме приеха без много усилия“, спомня си той. Въпреки успехите си в киното и телевизията, Владо признава, че театърът заема най-специално място в сърцето му заради директния контакт с публиката. „В театъра светлината угасва, хората млъкват и ти имаш възможност за два часа да преживееш един чужд живот заедно с тях. Това е неповторимо“, споделя актьорът. Музиката също играе ключова роля в неговата кариера, особено след триумфа му в последния сезон на „Като две капки вода“. Той признава, че именно пеенето му е дало увереност още по време на кандидатстудентските изпити в Академията. В интервюто Зомбори говори откровено и за най-трудния си период - загубата на неговия баща в края на миналата година. „Това събитие, наред с раждането на дъщеря ми, пренареди приоритетите ми из основи. Смъртта на баща ми ме накара да осъзная, че сме тук за кратко и трябва да бъдем много отговорни към времето си“, казва той. Относно личния си живот, Владо не пести суперлативи за своята половинка - актрисата Весела Бабинова. „Ние имаме много силна приятелска и колегиална връзка. Аз съм в нейния фен клуб. Тя е изключителен професионалист и интелигентен човек. Благодарен съм, че споделяме обща идеология за света“, споделя той и допълва, че за него е трудно да си представи връзка с човек извън тяхната професия. Владо вярва в съдбата и в това, че няма случайни неща. Според него в днешно време хората са загубили вярата си и са станали твърде агресивни, а спасението е в смирението и сплотеността. На въпроса кое е най-голямото чудо в неговия свят, той отговаря без колебание: „На първо място е детето ми. А след това - фактът, че успявам да съществувам, работейки това, което най-много обичам. Това е благодат, за която благодаря всеки ден“. Повече гледайте във видеото. Последвайте ни from source: nova.bg was successfully added to the BaseWebsite._data_dict
25-04-2026 10:42:41 INFO     	For media nova.bg (TV news) searching in page https://nova.bg/news/category/2/%D0%B1%D1%8A%D0%BB%D0%B3%D0%B0%D1%80%D0%B8%D1%8F/359	The number of found articles is: 45
25-04-2026 10:42:41 INFO     Info: ('nova.bg', 'TV news')
Current page is 359
25-04-2026 10:42:41 INFO     	For media nova.bg (TV news) searching in page https://nova.bg/news/category/2/%D0%B1%D1%8A%D0%BB%D0%B3%D0%B0%D1%80%D0%B8%D1%8F/360	The number of found articles is: 45
25-04-2026 10:42:41 INFO     Info: ('nova.bg', 'TV news')
Current page is 360
25-04-2026 10:42:42 INFO     +++ Records for the news with Млада жена почина след пушене на наргиле в Благоевград with url https://nova.bg/news/view/2025/12/19/521403/%D0%BC%D0%BB%D0%B0%D0%B4%D0%B0-%D0%B6%D0%B5%D0%BD%D0%B0-%D0%BF%D0%BE%D1%87%D0%B8%D0%BD%D0%B0-%D1%81%D0%BB%D0%B5%D0%B4-%D0%BF%D1%83%D1%88%D0%B5%D0%BD%D0%B5-%D0%BD%D0%B0-%D0%BD%D0%B0%D1%80%D0%B3%D0%B8%D0%BB%D0%B5-%D0%B2-%D0%B1%D0%BB%D0%B0%D0%B3%D0%BE%D0%B5%D0%B2%D0%B3%D1%80%D0%B0%D0%B4/ and text 24-годишно момиче е починало след пушене на наргиле на младежки купон в Благоевград, съобщи "24 часа". По време на партито, на което присъствала, тя споделила, че не се чувства добре. Докарана е с частен превоз до спешното отделение в града около 1:30 часа. Медиците опитали да я реанимират, но безуспешно. Предстои да се установят причините за смъртта на младата жена. Последвайте ни from source: nova.bg was successfully added to the BaseWebsite._data_dict
25-04-2026 10:42:42 INFO     	For media nova.bg (TV news) searching in page https://nova.bg/news/category/2/%D0%B1%D1%8A%D0%BB%D0%B3%D0%B0%D1%80%D0%B8%D1%8F/361	The number of found articles is: 46
25-04-2026 10:42:42 INFO     Info: ('nova.bg', 'TV news')
Current page is 361
25-04-2026 10:42:42 INFO     	For media nova.bg (TV news) searching in page https://nova.bg/news/category/2/%D0%B1%D1%8A%D0%BB%D0%B3%D0%B0%D1%80%D0%B8%D1%8F/362	The number of found articles is: 46
25-04-2026 10:42:42 INFO     Info: ('nova.bg', 'TV news')
Current page is 362
25-04-2026 10:42:42 INFO     	For media nova.bg (TV news) searching in page https://nova.bg/news/category/2/%D0%B1%D1%8A%D0%BB%D0%B3%D0%B0%D1%80%D0%B8%D1%8F/363	The number of found articles is: 46
25-04-2026 10:42:42 INFO     Info: ('nova.bg', 'TV news')
Current page is 363
25-04-2026 10:42:42 INFO     	For media nova.bg (TV news) searching in page https://nova.bg/news/category/2/%D0%B1%D1%8A%D0%BB%D0%B3%D0%B0%D1%80%D0%B8%D1%8F/364	The number of found articles is: 46
25-04-2026 10:42:42 INFO     Info: ('nova.bg', 'TV news')
Current page is 364
25-04-2026 10:42:42 INFO     	For media nova.bg (TV news) searching in page https://nova.bg/news/category/2/%D0%B1%D1%8A%D0%BB%D0%B3%D0%B0%D1%80%D0%B8%D1%8F/365	The number of found articles is: 46
25-04-2026 10:42:42 INFO     Info: ('nova.bg', 'TV news')
Current page is 365
25-04-2026 10:42:42 INFO     ---Article with title: Героизъм на пътя: Полицай ескортира раждаща жена до болницата (ВИДЕО) was not added because contains words from article title exclusion list: ['тир']
25-04-2026 10:42:42 INFO     	For media nova.bg (TV news) searching in page https://nova.bg/news/category/2/%D0%B1%D1%8A%D0%BB%D0%B3%D0%B0%D1%80%D0%B8%D1%8F/366	The number of found articles is: 46
25-04-2026 10:42:42 INFO     Info: ('nova.bg', 'TV news')
Current page is 366
25-04-2026 10:42:43 INFO     	For media nova.bg (TV news) searching in page https://nova.bg/news/category/2/%D0%B1%D1%8A%D0%BB%D0%B3%D0%B0%D1%80%D0%B8%D1%8F/367	The number of found articles is: 46
25-04-2026 10:42:43 INFO     Info: ('nova.bg', 'TV news')
Current page is 367
25-04-2026 10:42:43 INFO     	For media nova.bg (TV news) searching in page https://nova.bg/news/category/2/%D0%B1%D1%8A%D0%BB%D0%B3%D0%B0%D1%80%D0%B8%D1%8F/368	The number of found articles is: 46
25-04-2026 10:42:43 INFO     Info: ('nova.bg', 'TV news')
Current page is 368
25-04-2026 10:42:43 INFO     	For media nova.bg (TV news) searching in page https://nova.bg/news/category/2/%D0%B1%D1%8A%D0%BB%D0%B3%D0%B0%D1%80%D0%B8%D1%8F/369	The number of found articles is: 46
25-04-2026 10:42:43 INFO     Info: ('nova.bg', 'TV news')
Current page is 369
25-04-2026 10:42:43 INFO     	For media nova.bg (TV news) searching in page https://nova.bg/news/category/2/%D0%B1%D1%8A%D0%BB%D0%B3%D0%B0%D1%80%D0%B8%D1%8F/370	The number of found articles is: 46
25-04-2026 10:42:43 INFO     Info: ('nova.bg', 'TV news')
Current page is 370
25-04-2026 10:42:43 INFO     	For media nova.bg (TV news) searching in page https://nova.bg/news/category/2/%D0%B1%D1%8A%D0%BB%D0%B3%D0%B0%D1%80%D0%B8%D1%8F/371	The number of found articles is: 46
25-04-2026 10:42:43 INFO     Info: ('nova.bg', 'TV news')
Current page is 371
25-04-2026 10:42:44 INFO     ---News article: <<< Издирват 51-годишна жена от Шумен >>> was not included in the data because none of BaseWebsite._second_level keywords were found in the article text Article url: https://nova.bg/news/view/2025/12/16/521051/%D0%B8%D0%B7%D0%B4%D0%B8%D1%80%D0%B2%D0%B0%D1%82-51-%D0%B3%D0%BE%D0%B4%D0%B8%D1%88%D0%BD%D0%B0-%D0%B6%D0%B5%D0%BD%D0%B0-%D0%BE%D1%82-%D1%88%D1%83%D0%BC%D0%B5%D0%BD/
25-04-2026 10:42:44 INFO     	For media nova.bg (TV news) searching in page https://nova.bg/news/category/2/%D0%B1%D1%8A%D0%BB%D0%B3%D0%B0%D1%80%D0%B8%D1%8F/372	The number of found articles is: 46
25-04-2026 10:42:44 INFO     Info: ('nova.bg', 'TV news')
Current page is 372
25-04-2026 10:42:44 INFO     	For media nova.bg (TV news) searching in page https://nova.bg/news/category/2/%D0%B1%D1%8A%D0%BB%D0%B3%D0%B0%D1%80%D0%B8%D1%8F/373	The number of found articles is: 46
25-04-2026 10:42:44 INFO     Info: ('nova.bg', 'TV news')
Current page is 373
25-04-2026 10:42:44 INFO     	For media nova.bg (TV news) searching in page https://nova.bg/news/category/2/%D0%B1%D1%8A%D0%BB%D0%B3%D0%B0%D1%80%D0%B8%D1%8F/374	The number of found articles is: 46
25-04-2026 10:42:44 INFO     Info: ('nova.bg', 'TV news')
Current page is 374
25-04-2026 10:42:44 INFO     	For media nova.bg (TV news) searching in page https://nova.bg/news/category/2/%D0%B1%D1%8A%D0%BB%D0%B3%D0%B0%D1%80%D0%B8%D1%8F/375	The number of found articles is: 46
25-04-2026 10:42:44 INFO     Info: ('nova.bg', 'TV news')
Current page is 375
25-04-2026 10:42:44 INFO     	For media nova.bg (TV news) searching in page https://nova.bg/news/category/2/%D0%B1%D1%8A%D0%BB%D0%B3%D0%B0%D1%80%D0%B8%D1%8F/376	The number of found articles is: 46
25-04-2026 10:42:44 INFO     Info: ('nova.bg', 'TV news')
Current page is 376
25-04-2026 10:42:44 INFO     ---Article with title: Приза "Полицай на годината" спечели униформеният, който спаси жена, паднала в река с колата си was not added because contains words from article title exclusion list: [' кола']
25-04-2026 10:42:44 INFO     ---Article with title: Психично болен нападнал непозната жена в „Овча купел“, пребил майка си и я пратил в кома was not added because contains words from article title exclusion list: ['психичн']
25-04-2026 10:42:45 INFO     +++ Records for the news with Подпалени коли и заплахи за живота: Тормоз над жена от „Филиповци“, бореща се срещу незаконни постройки with url https://nova.bg/news/view/2025/12/15/520823/%D0%BF%D0%BE%D0%B4%D0%BF%D0%B0%D0%BB%D0%B5%D0%BD%D0%B8-%D0%BA%D0%BE%D0%BB%D0%B8-%D0%B8-%D0%B7%D0%B0%D0%BF%D0%BB%D0%B0%D1%85%D0%B8-%D0%B7%D0%B0-%D0%B6%D0%B8%D0%B2%D0%BE%D1%82%D0%B0-%D1%82%D0%BE%D1%80%D0%BC%D0%BE%D0%B7-%D0%BD%D0%B0%D0%B4-%D0%B6%D0%B5%D0%BD%D0%B0-%D0%BE%D1%82-%D1%84%D0%B8%D0%BB%D0%B8%D0%BF%D0%BE%D0%B2%D1%86%D0%B8-%D0%B1%D0%BE%D1%80%D0%B5%D1%89%D0%B0-%D1%81%D0%B5-%D1%81%D1%80%D0%B5%D1%89%D1%83-%D0%BD%D0%B5%D0%B7%D0%B0%D0%BA%D0%BE%D0%BD%D0%BD%D0%B8-%D0%BF%D0%BE%D1%81%D1%82%D1%80%D0%BE%D0%B9%D0%BA%D0%B8/ and text Два автомобила, собственост на млада жена, са били подпалени в столичния квартал „Филиповци“, след като месеци наред собственичката получавала заплахи. Част от тях гласят:„Стават доста нелепи инциденти с пожари, пазете се, оглеждайте се, когато пресичате, доста дрогирани и пияни шофьори карат напоследък“. Това е само един от цитатите, които жената, бореща се срещу незаконни постройки в квартала, показа пред екипа ни. По нейните думи заплахите идват от мъже, с които има конфликт от дълго време, именно защото се бори срещу нерегламентираното строителство. Според нея именно затова една сутрин осъмва с два запалени автомобила. По един от сигналите работи прокуратурата. Неизвестни запалиха колата на учител от Разлог „Искаме само да се спазва законът и редът в гетото до квартала ми. В него е пренаселено, с над 10 000 незаконно пребиваващи, които строят незаконно, използват питейната вода, направили са огромно бунище и като квартал имаме много проблеми заради тях. Агресират, ако им направиш забележка. Лицата, извършили палежите, са платени, не са тези, които ме заплашват. В деня преди случилото се направихме две статии по повод факта, че кметският наместник е подсъдим, а и има много нарушения във времето. Освен това не сме съгласни ресторант в квартала ни да бъде взет от хора от гетото. Имаме и случаи на побои на детските площадки“, разказва Силвия Йорданова. Тя е подала над 30 жалби на отговорните институции, но резултат няма. Силвия твърди, че от район „Люлин“ пренебрегват поддръжката на „Филиповци“ за сметка на гетото. Заместник-кметът на район „Люлин“ Георги Гочев обясни, че жалбите срещу незаконното строителство са натрупани във времето. „МВР да предприеме незабавни мерки срещу палежите на автомобили. Незаконните постройки се разрастват през последните 20 години, кметът на района е наредил да спрем това. За сигналите на г-жа Йорданова са започнати преписки. Кварталът няма чак толкова незаконно строителство. За да се реши проблемът, е нужен цялостен ангажимент на държавата и отговорните институции. Не можем да премахнем гетото, както е създадено, трябва да се осигурят жилища на хората“, смята Гочев. Повече по темата гледайте във видеото. Последвайте ни from source: nova.bg was successfully added to the BaseWebsite._data_dict
25-04-2026 10:42:45 INFO     	For media nova.bg (TV news) searching in page https://nova.bg/news/category/2/%D0%B1%D1%8A%D0%BB%D0%B3%D0%B0%D1%80%D0%B8%D1%8F/377	The number of found articles is: 47
25-04-2026 10:42:45 INFO     Info: ('nova.bg', 'TV news')
Current page is 377
25-04-2026 10:42:45 INFO     	For media nova.bg (TV news) searching in page https://nova.bg/news/category/2/%D0%B1%D1%8A%D0%BB%D0%B3%D0%B0%D1%80%D0%B8%D1%8F/378	The number of found articles is: 47
25-04-2026 10:42:45 INFO     Info: ('nova.bg', 'TV news')
Current page is 378
25-04-2026 10:42:45 INFO     	For media nova.bg (TV news) searching in page https://nova.bg/news/category/2/%D0%B1%D1%8A%D0%BB%D0%B3%D0%B0%D1%80%D0%B8%D1%8F/379	The number of found articles is: 47
25-04-2026 10:42:45 INFO     Info: ('nova.bg', 'TV news')
Current page is 379
25-04-2026 10:42:45 INFO     	For media nova.bg (TV news) searching in page https://nova.bg/news/category/2/%D0%B1%D1%8A%D0%BB%D0%B3%D0%B0%D1%80%D0%B8%D1%8F/380	The number of found articles is: 47
25-04-2026 10:42:45 INFO     Info: ('nova.bg', 'TV news')
Current page is 380
25-04-2026 10:42:45 INFO     	For media nova.bg (TV news) searching in page https://nova.bg/news/category/2/%D0%B1%D1%8A%D0%BB%D0%B3%D0%B0%D1%80%D0%B8%D1%8F/381	The number of found articles is: 47
25-04-2026 10:42:45 INFO     Info: ('nova.bg', 'TV news')
Current page is 381
25-04-2026 10:42:46 INFO     	For media nova.bg (TV news) searching in page https://nova.bg/news/category/2/%D0%B1%D1%8A%D0%BB%D0%B3%D0%B0%D1%80%D0%B8%D1%8F/382	The number of found articles is: 47
25-04-2026 10:42:46 INFO     Info: ('nova.bg', 'TV news')
Current page is 382
25-04-2026 10:42:46 INFO     ---Article with title: СРП задържа мъж, предизвикал в пияно състояние катастрофа и телесна повреда на жена was not added because contains words from article title exclusion list: ['катастроф']
25-04-2026 10:42:46 INFO     	For media nova.bg (TV news) searching in page https://nova.bg/news/category/2/%D0%B1%D1%8A%D0%BB%D0%B3%D0%B0%D1%80%D0%B8%D1%8F/383	The number of found articles is: 47
25-04-2026 10:42:46 INFO     Info: ('nova.bg', 'TV news')
Current page is 383
25-04-2026 10:42:46 INFO     	For media nova.bg (TV news) searching in page https://nova.bg/news/category/2/%D0%B1%D1%8A%D0%BB%D0%B3%D0%B0%D1%80%D0%B8%D1%8F/384	The number of found articles is: 47
25-04-2026 10:42:46 INFO     Info: ('nova.bg', 'TV news')
Current page is 384
25-04-2026 10:42:46 INFO     	For media nova.bg (TV news) searching in page https://nova.bg/news/category/2/%D0%B1%D1%8A%D0%BB%D0%B3%D0%B0%D1%80%D0%B8%D1%8F/385	The number of found articles is: 47
25-04-2026 10:42:46 INFO     Info: ('nova.bg', 'TV news')
Current page is 385
25-04-2026 10:42:46 INFO     	For media nova.bg (TV news) searching in page https://nova.bg/news/category/2/%D0%B1%D1%8A%D0%BB%D0%B3%D0%B0%D1%80%D0%B8%D1%8F/386	The number of found articles is: 47
25-04-2026 10:42:46 INFO     Info: ('nova.bg', 'TV news')
Current page is 386
25-04-2026 10:42:47 INFO     +++ Records for the news with Ухапвания по лицето и тялото: Задържаха мъж за побой над съпругата му в София with url https://nova.bg/news/view/2025/12/11/520479/%D1%83%D1%85%D0%B0%D0%BF%D0%B2%D0%B0%D0%BD%D0%B8%D1%8F-%D0%BF%D0%BE-%D0%BB%D0%B8%D1%86%D0%B5%D1%82%D0%BE-%D0%B8-%D1%82%D1%8F%D0%BB%D0%BE%D1%82%D0%BE-%D0%B7%D0%B0%D0%B4%D1%8A%D1%80%D0%B6%D0%B0%D1%85%D0%B0-%D0%BC%D1%8A%D0%B6-%D0%B7%D0%B0-%D0%BF%D0%BE%D0%B1%D0%BE%D0%B9-%D0%BD%D0%B0%D0%B4-%D1%81%D1%8A%D0%BF%D1%80%D1%83%D0%B3%D0%B0%D1%82%D0%B0-%D0%BC%D1%83-%D0%B2-%D1%81%D0%BE%D1%84%D0%B8%D1%8F/ and text По искане на Софийската районна прокуратура съдът задържа под стража 37-годишен мъж, нанесъл телесна повреда на жена и ѝ се заканил с убийство с нож. Събраните до момента доказателства сочат, че на 8 декември в столичния квартал „Овча купел“, обвиняемият е притискал главата на жената, с която живее на семейни начала, и я е хапал по лицето и тялото. Причинил ѝ множество кръвонасядания, отоци по лицето и охлузвания. „Викай колкото искаш, тук няма кой да те чуе": Задържаха мъж за душене на жена с колан и удари с телефон в главата Освен това ѝ се заканил с убийство, като ѝ казал: „Ей сега ще те приключа“, докато я държал за шията, след което взел кухненски нож и го насочил към нея. С постановление на прокурор обвиняемият е задържан за 72 часа, а впоследствие му е наложен постоянен арест. Мярката подлежи на обжалване пред Софийския градски съд. Последвайте ни from source: nova.bg was successfully added to the BaseWebsite._data_dict
25-04-2026 10:42:47 INFO     	For media nova.bg (TV news) searching in page https://nova.bg/news/category/2/%D0%B1%D1%8A%D0%BB%D0%B3%D0%B0%D1%80%D0%B8%D1%8F/387	The number of found articles is: 48
25-04-2026 10:42:47 INFO     Info: ('nova.bg', 'TV news')
Current page is 387
25-04-2026 10:42:47 INFO     	For media nova.bg (TV news) searching in page https://nova.bg/news/category/2/%D0%B1%D1%8A%D0%BB%D0%B3%D0%B0%D1%80%D0%B8%D1%8F/388	The number of found articles is: 48
25-04-2026 10:42:47 INFO     Info: ('nova.bg', 'TV news')
Current page is 388
25-04-2026 10:42:47 INFO     	For media nova.bg (TV news) searching in page https://nova.bg/news/category/2/%D0%B1%D1%8A%D0%BB%D0%B3%D0%B0%D1%80%D0%B8%D1%8F/389	The number of found articles is: 48
25-04-2026 10:42:47 INFO     Info: ('nova.bg', 'TV news')
Current page is 389
25-04-2026 10:42:47 INFO     ---Article with title: Вицепрезидентът: Държавата трябва да гарантира на жертвите на домашно насилие бърза реакция, достъпна подкрепа и сигурност was not added because contains words from article title exclusion list: ['тир']
25-04-2026 10:42:47 INFO     	For media nova.bg (TV news) searching in page https://nova.bg/news/category/2/%D0%B1%D1%8A%D0%BB%D0%B3%D0%B0%D1%80%D0%B8%D1%8F/390	The number of found articles is: 48
25-04-2026 10:42:47 INFO     Info: ('nova.bg', 'TV news')
Current page is 390
25-04-2026 10:42:47 INFO     	For media nova.bg (TV news) searching in page https://nova.bg/news/category/2/%D0%B1%D1%8A%D0%BB%D0%B3%D0%B0%D1%80%D0%B8%D1%8F/391	The number of found articles is: 48
25-04-2026 10:42:47 INFO     Info: ('nova.bg', 'TV news')
Current page is 391
25-04-2026 10:42:48 INFO     	For media nova.bg (TV news) searching in page https://nova.bg/news/category/2/%D0%B1%D1%8A%D0%BB%D0%B3%D0%B0%D1%80%D0%B8%D1%8F/392	The number of found articles is: 48
25-04-2026 10:42:48 INFO     Info: ('nova.bg', 'TV news')
Current page is 392
25-04-2026 10:42:48 INFO     	For media nova.bg (TV news) searching in page https://nova.bg/news/category/2/%D0%B1%D1%8A%D0%BB%D0%B3%D0%B0%D1%80%D0%B8%D1%8F/393	The number of found articles is: 48
25-04-2026 10:42:48 INFO     Info: ('nova.bg', 'TV news')
Current page is 393
25-04-2026 10:42:48 INFO     ---Article with title: Задържаха двама за побои над възрастни мъж и жена, които са с опасност за живота was not added because contains words from article title exclusion list: ['мъж и жена']
25-04-2026 10:42:48 INFO     	For media nova.bg (TV news) searching in page https://nova.bg/news/category/2/%D0%B1%D1%8A%D0%BB%D0%B3%D0%B0%D1%80%D0%B8%D1%8F/394	The number of found articles is: 48
25-04-2026 10:42:48 INFO     Info: ('nova.bg', 'TV news')
Current page is 394
25-04-2026 10:42:48 INFO     ---Article with title: Почитаме Света Анна – майка на Богородица was not added because contains words from article title exclusion list: ['почитаме', 'роди']
25-04-2026 10:42:48 INFO     ---News article: <<< Надеждата, която расте: историята на София и нейната майка >>> was not included in the data because none of BaseWebsite._second_level keywords were found in the article text Article url: https://nova.bg/news/view/2025/12/08/520195/%D0%BD%D0%B0%D0%B4%D0%B5%D0%B6%D0%B4%D0%B0%D1%82%D0%B0-%D0%BA%D0%BE%D1%8F%D1%82%D0%BE-%D1%80%D0%B0%D1%81%D1%82%D0%B5-%D0%B8%D1%81%D1%82%D0%BE%D1%80%D0%B8%D1%8F%D1%82%D0%B0-%D0%BD%D0%B0-%D1%81%D0%BE%D1%84%D0%B8%D1%8F-%D0%B8-%D0%BD%D0%B5%D0%B9%D0%BD%D0%B0%D1%82%D0%B0-%D0%BC%D0%B0%D0%B9%D0%BA%D0%B0/
25-04-2026 10:42:48 INFO     	For media nova.bg (TV news) searching in page https://nova.bg/news/category/2/%D0%B1%D1%8A%D0%BB%D0%B3%D0%B0%D1%80%D0%B8%D1%8F/395	The number of found articles is: 48
25-04-2026 10:42:48 INFO     Info: ('nova.bg', 'TV news')
Current page is 395
25-04-2026 10:42:49 INFO     	For media nova.bg (TV news) searching in page https://nova.bg/news/category/2/%D0%B1%D1%8A%D0%BB%D0%B3%D0%B0%D1%80%D0%B8%D1%8F/396	The number of found articles is: 48
25-04-2026 10:42:49 INFO     Info: ('nova.bg', 'TV news')
Current page is 396
25-04-2026 10:42:49 INFO     ---Article with title: Задържаха мъж и жена за побой в хотел в Сандански was not added because contains words from article title exclusion list: ['мъж и жена']
25-04-2026 10:42:49 INFO     	For media nova.bg (TV news) searching in page https://nova.bg/news/category/2/%D0%B1%D1%8A%D0%BB%D0%B3%D0%B0%D1%80%D0%B8%D1%8F/397	The number of found articles is: 48
25-04-2026 10:42:49 INFO     Info: ('nova.bg', 'TV news')
Current page is 397
25-04-2026 10:42:49 INFO     	For media nova.bg (TV news) searching in page https://nova.bg/news/category/2/%D0%B1%D1%8A%D0%BB%D0%B3%D0%B0%D1%80%D0%B8%D1%8F/398	The number of found articles is: 48
25-04-2026 10:42:49 INFO     Info: ('nova.bg', 'TV news')
Current page is 398
25-04-2026 10:42:49 INFO     	For media nova.bg (TV news) searching in page https://nova.bg/news/category/2/%D0%B1%D1%8A%D0%BB%D0%B3%D0%B0%D1%80%D0%B8%D1%8F/399	The number of found articles is: 48
25-04-2026 10:42:49 INFO     Info: ('nova.bg', 'TV news')
Current page is 399
25-04-2026 10:42:49 INFO     	For media nova.bg (TV news) searching in page https://nova.bg/news/category/2/%D0%B1%D1%8A%D0%BB%D0%B3%D0%B0%D1%80%D0%B8%D1%8F/400	The number of found articles is: 48
25-04-2026 10:42:49 INFO     Info: ('nova.bg', 'TV news')
Current page is 400
25-04-2026 10:42:49 INFO     	For media nova.bg (TV news) searching in page https://nova.bg/news/category/2/%D0%B1%D1%8A%D0%BB%D0%B3%D0%B0%D1%80%D0%B8%D1%8F/401	The number of found articles is: 48
25-04-2026 10:42:49 INFO     Info: ('nova.bg', 'TV news')
Current page is 401
25-04-2026 10:42:49 INFO     	For media nova.bg (TV news) searching in page https://nova.bg/news/category/2/%D0%B1%D1%8A%D0%BB%D0%B3%D0%B0%D1%80%D0%B8%D1%8F/402	The number of found articles is: 48
25-04-2026 10:42:49 INFO     Info: ('nova.bg', 'TV news')
Current page is 402
25-04-2026 10:42:49 INFO     	For media nova.bg (TV news) searching in page https://nova.bg/news/category/2/%D0%B1%D1%8A%D0%BB%D0%B3%D0%B0%D1%80%D0%B8%D1%8F/403	The number of found articles is: 48
25-04-2026 10:42:49 INFO     Info: ('nova.bg', 'TV news')
Current page is 403
25-04-2026 10:42:50 INFO     +++ Records for the news with Разследват причините за травми на 74-годишна жена with url https://nova.bg/news/view/2025/12/05/519966/%D1%80%D0%B0%D0%B7%D1%81%D0%BB%D0%B5%D0%B4%D0%B2%D0%B0%D1%82-%D0%BF%D1%80%D0%B8%D1%87%D0%B8%D0%BD%D0%B8%D1%82%D0%B5-%D0%B7%D0%B0-%D1%82%D1%80%D0%B0%D0%B2%D0%BC%D0%B8-%D0%BD%D0%B0-74-%D0%B3%D0%BE%D0%B4%D0%B8%D1%88%D0%BD%D0%B0-%D0%B6%D0%B5%D0%BD%D0%B0/ and text 74-годишна жена от Дом за пълнолетни лица в Казанлък е настанена в болница с травми и синини по тялото. От прокуратурата потвърдиха, че разследват случая. Назначена е съдебномедицинска експертиза, чието заключение ще даде отговор  дали травмите са получени от падане или са причинени от нанесен побой. Към момента свидетелските показания не потвърждават за упражнено насилие спрямо жената. Срокът за приключване на разследването е тримесечен.     Последвайте ни from source: nova.bg was successfully added to the BaseWebsite._data_dict
25-04-2026 10:42:50 INFO     	For media nova.bg (TV news) searching in page https://nova.bg/news/category/2/%D0%B1%D1%8A%D0%BB%D0%B3%D0%B0%D1%80%D0%B8%D1%8F/404	The number of found articles is: 49
25-04-2026 10:42:50 INFO     Info: ('nova.bg', 'TV news')
Current page is 404
25-04-2026 10:42:50 INFO     	For media nova.bg (TV news) searching in page https://nova.bg/news/category/2/%D0%B1%D1%8A%D0%BB%D0%B3%D0%B0%D1%80%D0%B8%D1%8F/405	The number of found articles is: 49
25-04-2026 10:42:50 INFO     Info: ('nova.bg', 'TV news')
Current page is 405
25-04-2026 10:42:50 INFO     	For media nova.bg (TV news) searching in page https://nova.bg/news/category/2/%D0%B1%D1%8A%D0%BB%D0%B3%D0%B0%D1%80%D0%B8%D1%8F/406	The number of found articles is: 49
25-04-2026 10:42:50 INFO     Info: ('nova.bg', 'TV news')
Current page is 406
25-04-2026 10:42:51 INFO     +++ Records for the news with Майката и сестрата на задържания след протеста Николай Алексиев: Той не е част от агитка и не е провокатор with url https://nova.bg/news/view/2025/12/05/519846/%D0%BC%D0%B0%D0%B9%D0%BA%D0%B0%D1%82%D0%B0-%D0%B8-%D1%81%D0%B5%D1%81%D1%82%D1%80%D0%B0%D1%82%D0%B0-%D0%BD%D0%B0-%D0%B7%D0%B0%D0%B4%D1%8A%D1%80%D0%B6%D0%B0%D0%BD%D0%B8%D1%8F-%D1%81%D0%BB%D0%B5%D0%B4-%D0%BF%D1%80%D0%BE%D1%82%D0%B5%D1%81%D1%82%D0%B0-%D0%BD%D0%B8%D0%BA%D0%BE%D0%BB%D0%B0%D0%B9-%D0%B0%D0%BB%D0%B5%D0%BA%D1%81%D0%B8%D0%B5%D0%B2-%D1%82%D0%BE%D0%B9-%D0%BD%D0%B5-%D0%B5-%D1%87%D0%B0%D1%81%D1%82-%D0%BE%D1%82-%D0%B0%D0%B3%D0%B8%D1%82%D0%BA%D0%B0-%D0%B8-%D0%BD%D0%B5-%D0%B5-%D0%BF%D1%80%D0%BE%D0%B2%D0%BE%D0%BA%D0%B0%D1%82%D0%BE%D1%80/ and text От разпространените в мрежата видеокадри не мога да кажа дали това е моят син. От публичната информация става ясно, че те не са годни за разпознаване. Не знам колко хора с лилаво и жълто яке и черна качулка са били на протеста. Аз нямам достъп до сина си. Във вторник вечерта го видях за кратко, когато го превеждаха в следствения арест. Това каза в ефира на „Здравей, България” Десислава Алексиева - майка на задържания при погрома след протестите на 1 декември Николай Алексиев. В четвъртък съдът остави в ареста 21-годишния мъж. Според магистратите младият мъж е разпознат по отличително яке, след като са били прегледани кадри от момента на сблъсъците. Близките му твърдят, че той е бил бит от полицаи на протеста. По думите на Алексиева, когато видяла сина си, тя го попитала как е. "В отговор полицаите, които бяха в Пето районно, казаха: „А, добре са, добре са“... с един такъв весел тон. Тъй като имах информация за това, че са го били в полицейското управление, казах: „Да, само малко сте ги били. Нападали са го физически. Това, което имам като информация е, че са го удряли в корема, ребрата и лицето. Това е казал на адвокатите“, разказа тя. Оставиха в ареста петима от задържаните за погрома след протеста в понеделник Майката посочи, че записи от камери в полицейското управление не са изискани и не са прегледани. "Това е в правомощията на прокурора, който води преписката, но и до ден-днешен те не са изискани. Мисля, че имаме огромен проблем - омертата, която тегне върху полицейското насилие. И тук не е въпросът дали конкретно моят син е бил бит. Въпросът е, че това насилие е институционализирано и абсолютно безнаказано, което е много страшно", подчерта майката на Николай. Тя беше категорична, че синът ѝ не е член на агитка и не е провокатор. Според нея ситуацията на протест е силно динамична. "Виждаме какво се случва и от едната, и от другата страна. Нямаме гаранции, че когато отидем на протест, напрежението няма да ескалира. А в конкретния случай това, което видяхме категорично, е, че има някакви хвърлени неща. Не знаем кой ги хвърля, защото няма разпознаване, но знаем много добре кои организирано вандализираха и разрушаваха", обясни тя. "Ники няма крайно десни позиции, каквито изповядват тези агитки. Той по убеждение е изключително свободолюбив човек, който уважава правата на другия. Синът ми не е бил и пиян. Спекулациите за употреба на алкохол са много лесни, когато някой е с травма на главата. И след като не е направен алкохолен тест, всичко друго са спекулации. Ако това е утежняващо вината обстоятелство, нека то бъде доказано", заяви Алексиева. Пламъци и сблъсъци пред централата на "ДПС-Ново начало" и офис на ГЕРБ в центъра на София (ВИДЕО+СНИМКИ) Тя обясни, че синът ѝ е задържан в район на центъра, през който е минавал, за да се прибере вкъщи. "Когато булевард "Дондуков" е затворен, оттам минава пътят за нашия дом. Аз съм майка на пет деца. Ники е второто. Имам книжарница в центъра на София. Ники е завършил Професионалната гимназия по туризъм и в момента ми помага в семейния бизнес", заяви тя. Сестрата на Николай - Йоанна Алексиева, обясни, че има несъответствия в показанията на полицаите, които определи като "копи-пейст". "Единият пише за себе си в трето лице. Показанията са едни и същи. От тях става ясно, че едва ли не брат ми сам се е ударил по главата", обясни младата жена. И подчерта, че Николай категорично не е част от агитка и никога не се е социализирал с такива хора. "Останалите хора, които са на видеата и видимо са част от агитката, не са арестувани. В конкретния случай мисля, че има изкупителна жертва", каза още Йоана. Тя разказа, че адвокати са били "блъскани в полицейското управление и не са били допускани до задържаните". "Повече от час и половина не допускаха нашите адвокати. Отношението в районното беше изключително грубо и безпардонно", посочи жената. Майка ѝ изрази предположение, че това е станало, за да "се окаже натиск върху задържаните и те да подписват неща без адвокатско присъствие". От СДВР публикуваха на официалната си Facebook страница кадрите, на които се твърди, че се вижда задържаният при погрома след протестите Николай Алексиев. От полицията посочват в позиция, че е разпоредена проверка във връзка с твърденията за нерегламентирани действия на униформени по отношение на задържани. Ето и пълния текст на позицията: Във връзка с множество запитвания от медии относно задържан младеж в столичното Пето РУ информираме следното: Около 21:30 ч. на 1 декември служители на Първо РУ са изпратени от площад „Жельо Желев“ към кръстовището на ул. „Врабча“ и бул. „Васил Левски“ до сградата на „ДПС – Ново начало“. Малко след това пристига шествието на протестиращите, като част от тях започват да хвърлят предмети – стъклени бутилки, клони, камъни и различни пиротехнически изделия по сградата на партийна централа, а след това - по служителите на МВР, без да са провокирани по никакъв начин. В множеството полицаите забелязват двама младежи с изключително агресивно поведение. Единият от тях е облечен с яке с жълти ръкави и лилав гръб, с поставена маска на лицето, която от време на време сваля, а другият - с черни дрехи и черна качулка. Около 00:00 ч. на 2 декември на бул. „Васил Левски“ служителите на реда забелязват въпросните младежи, разпознават ги и ги задържат. По време на задържането не са използвани физическа сила, а само помощни средства (белезници). Младежът с шареното яке е установен след пристигане в Пето РУ, тъй като не е представил документ за самоличност. В момента, в който е преместен за отработване на документите по задържането, служителите забелязват, че на стената на нивото на главата му има кърваво петно. Веднага свалили качулката и забелязали от дясната страна на главата над ухото рана, която е зашита и превързана. На въпроса кога и къде е пострадал и кога и къде му е оказана медицинска помощ, 21-годишният младеж е отговорил, че по време на протеста е ударен от неизвестно за него лице, отишъл е сам до болница, където са обработили раната и след това се е върнал на протеста. Установено е, че на 1 декември в 22.35 ч. младежът е посетил лечебно заведение и е напуснал в 22.55 ч. след оказване на медицинска помощ. Задържаният собственоръчно е подписал всички документи по задържането, като в декларацията отразява, че не желае да бъде прегледан от медицински екип, нито да бъде уведомяван адвокат. Единственото му желание е да бъде уведомена майка му. В книгата за задържани лица в Пето РУ е отразено, че раната на главата му е отпреди задържането и вече е била обработена. Впоследствие младежът се оплаква от болки в главата, като незабавно е извикан екип на ЦСМП. Същият пристига в 06.50 ч. и го транспортира за преглед в лечебно заведение. Младежът е задържан с полицейска мярка до 24 часа, води се досъдебно производство по чл. 325 от НК. След доклад на материалите в Софийска районна прокуратура, му е повдигнато обвинение и взета мярка за неотклонение „задържане под стража“ до 72 часа. Директорът на СДВР е разпоредил проверка във връзка с твърденията за нерегламентирани действия на полицията по отношение на задържани.  Целия разговор гледайте във видеото. Последвайте ни from source: nova.bg was successfully added to the BaseWebsite._data_dict
25-04-2026 10:42:51 INFO     	For media nova.bg (TV news) searching in page https://nova.bg/news/category/2/%D0%B1%D1%8A%D0%BB%D0%B3%D0%B0%D1%80%D0%B8%D1%8F/407	The number of found articles is: 50
25-04-2026 10:42:51 INFO     Info: ('nova.bg', 'TV news')
Current page is 407
25-04-2026 10:42:51 INFO     	For media nova.bg (TV news) searching in page https://nova.bg/news/category/2/%D0%B1%D1%8A%D0%BB%D0%B3%D0%B0%D1%80%D0%B8%D1%8F/408	The number of found articles is: 50
25-04-2026 10:42:51 INFO     Info: ('nova.bg', 'TV news')
Current page is 408
25-04-2026 10:42:51 INFO     	For media nova.bg (TV news) searching in page https://nova.bg/news/category/2/%D0%B1%D1%8A%D0%BB%D0%B3%D0%B0%D1%80%D0%B8%D1%8F/409	The number of found articles is: 50
25-04-2026 10:42:51 INFO     Info: ('nova.bg', 'TV news')
Current page is 409
25-04-2026 10:42:52 INFO     	For media nova.bg (TV news) searching in page https://nova.bg/news/category/2/%D0%B1%D1%8A%D0%BB%D0%B3%D0%B0%D1%80%D0%B8%D1%8F/410	The number of found articles is: 50
25-04-2026 10:42:52 INFO     Info: ('nova.bg', 'TV news')
Current page is 410
25-04-2026 10:42:52 INFO     	For media nova.bg (TV news) searching in page https://nova.bg/news/category/2/%D0%B1%D1%8A%D0%BB%D0%B3%D0%B0%D1%80%D0%B8%D1%8F/411	The number of found articles is: 50
25-04-2026 10:42:52 INFO     Info: ('nova.bg', 'TV news')
Current page is 411
25-04-2026 10:42:52 INFO     	For media nova.bg (TV news) searching in page https://nova.bg/news/category/2/%D0%B1%D1%8A%D0%BB%D0%B3%D0%B0%D1%80%D0%B8%D1%8F/412	The number of found articles is: 50
25-04-2026 10:42:52 INFO     Info: ('nova.bg', 'TV news')
Current page is 412
25-04-2026 10:42:52 INFO     ---Article with title: Кредити, инвестиции и "престижни" назначения: Съдят жена, подлъгала хора да помагат за фалшиви операции и трансплантации was not added because contains words from article title exclusion list: ['операц']
25-04-2026 10:42:52 INFO     	For media nova.bg (TV news) searching in page https://nova.bg/news/category/2/%D0%B1%D1%8A%D0%BB%D0%B3%D0%B0%D1%80%D0%B8%D1%8F/413	The number of found articles is: 50
25-04-2026 10:42:52 INFO     Info: ('nova.bg', 'TV news')
Current page is 413
25-04-2026 10:42:53 INFO     	For media nova.bg (TV news) searching in page https://nova.bg/news/category/2/%D0%B1%D1%8A%D0%BB%D0%B3%D0%B0%D1%80%D0%B8%D1%8F/414	The number of found articles is: 50
25-04-2026 10:42:53 INFO     Info: ('nova.bg', 'TV news')
Current page is 414
25-04-2026 10:42:53 INFO     +++ Records for the news with Над 20 жени са убити в България от началото на 2025 г. with url https://nova.bg/news/view/2025/12/02/519536/%D0%BD%D0%B0%D0%B4-20-%D0%B6%D0%B5%D0%BD%D0%B8-%D1%81%D0%B0-%D1%83%D0%B1%D0%B8%D1%82%D0%B8-%D0%B2-%D0%B1%D1%8A%D0%BB%D0%B3%D0%B0%D1%80%D0%B8%D1%8F-%D0%BE%D1%82-%D0%BD%D0%B0%D1%87%D0%B0%D0%BB%D0%BE%D1%82%D0%BE-%D0%BD%D0%B0-2025-%D0%B3/ and text От началото на годината в България най-малко 23 жени са убити от свои партньори или близки мъже, показват данните на организации, работещи в сферата на домашното насилие. Две години след приемането на измененията в Закона за защита от домашното насилие, институциите продължават да не работят ефективно, сочат наблюденията на експертите. През юни 2025 г. Фондация „Бодителките“ представя първото по рода си изследване сред членовете на групата „Не си сама“ – най-голямата общност в България, обединяваща хора, преживели подобна травма. Данните показват сериозен дефицит в доверието към държавните органи и в реалната защита, която те предоставят. По думите на Преслава Фентъм – Флетчър, представител на фондацията, липсата на институционална ефективност е системен проблем. „Над 70% считат, че институциите не работят. И 85% от пострадалите споделят, че насилието продължава, дори след взети мерки“, подчерта тя в предаването „Социална мрежа" по NOVA NEWS. С песен Папи Ханс каза „не” на насилието над жени Според нея новите правила ясно определят ангажиментите на държавните органи. „Когато полиция отиде в дом, където има случай на домашно насилие, тя трябва да направи протокол, да направи оценка на риска, да насочи пострадалия — към спешна помощ или болница. Всичко е разписано точно и ясно“, обясни Флетчър. Изследването на фондацията потвърждава и критичното положение на децата, попаднали в среда на насилие. „Когато детето е свидетел, той е директна жертва. Независимо дали е потърпевш или не“, посочва Флетчър, отбелязвайки, че 46% от жените съобщават за насилие над децата, а 51% – че те са свидетели. Доклад на ООН: На всеки 10 минути жени били убити през 2024 г. от партньора си или член на семейството Флетчър изтъкна и необходимостта от програми за работа с извършителите: „Абсолютно е задължително. Няма достатъчно такива програми в България, но те трябва да бъдат имплементирани все повече и повече.“ Тя подчерта значението на навременните сигнали: „Трябва да се подава сигнал на 112, защото той се регистрира и остава свидетелство в съда.“ За 2024 г. чрез единния номер са подадени над 53 000 сигнала за домашно насилие. Повече гледайте във видеото. Последвайте ни from source: nova.bg was successfully added to the BaseWebsite._data_dict
25-04-2026 10:42:53 INFO     	For media nova.bg (TV news) searching in page https://nova.bg/news/category/2/%D0%B1%D1%8A%D0%BB%D0%B3%D0%B0%D1%80%D0%B8%D1%8F/415	The number of found articles is: 51
25-04-2026 10:42:53 INFO     Info: ('nova.bg', 'TV news')
Current page is 415
25-04-2026 10:42:54 INFO     	For media nova.bg (TV news) searching in page https://nova.bg/news/category/2/%D0%B1%D1%8A%D0%BB%D0%B3%D0%B0%D1%80%D0%B8%D1%8F/416	The number of found articles is: 51
25-04-2026 10:42:54 INFO     Info: ('nova.bg', 'TV news')
Current page is 416
25-04-2026 10:42:54 INFO     ---Article with title: Млада жена загина при тежка катастрофа край Шумен was not added because contains words from article title exclusion list: ['катастроф']
25-04-2026 10:42:54 INFO     	For media nova.bg (TV news) searching in page https://nova.bg/news/category/2/%D0%B1%D1%8A%D0%BB%D0%B3%D0%B0%D1%80%D0%B8%D1%8F/417	The number of found articles is: 51
25-04-2026 10:42:54 INFO     Info: ('nova.bg', 'TV news')
Current page is 417
25-04-2026 10:42:54 INFO     	For media nova.bg (TV news) searching in page https://nova.bg/news/category/2/%D0%B1%D1%8A%D0%BB%D0%B3%D0%B0%D1%80%D0%B8%D1%8F/418	The number of found articles is: 51
25-04-2026 10:42:54 INFO     Info: ('nova.bg', 'TV news')
Current page is 418
25-04-2026 10:42:54 INFO     ---Article with title: Момиче загина, трима младежи са ранени при катастрофа в Русенско was not added because contains words from article title exclusion list: ['катастроф']
25-04-2026 10:42:54 INFO     	For media nova.bg (TV news) searching in page https://nova.bg/news/category/2/%D0%B1%D1%8A%D0%BB%D0%B3%D0%B0%D1%80%D0%B8%D1%8F/419	The number of found articles is: 51
25-04-2026 10:42:54 INFO     Info: ('nova.bg', 'TV news')
Current page is 419
25-04-2026 10:42:54 INFO     	For media nova.bg (TV news) searching in page https://nova.bg/news/category/2/%D0%B1%D1%8A%D0%BB%D0%B3%D0%B0%D1%80%D0%B8%D1%8F/420	The number of found articles is: 51
25-04-2026 10:42:54 INFO     Info: ('nova.bg', 'TV news')
Current page is 420
25-04-2026 10:42:54 INFO     	For media nova.bg (TV news) searching in page https://nova.bg/news/category/2/%D0%B1%D1%8A%D0%BB%D0%B3%D0%B0%D1%80%D0%B8%D1%8F/421	The number of found articles is: 51
25-04-2026 10:42:54 INFO     Info: ('nova.bg', 'TV news')
Current page is 421
25-04-2026 10:42:54 INFO     	For media nova.bg (TV news) searching in page https://nova.bg/news/category/2/%D0%B1%D1%8A%D0%BB%D0%B3%D0%B0%D1%80%D0%B8%D1%8F/422	The number of found articles is: 51
25-04-2026 10:42:54 INFO     Info: ('nova.bg', 'TV news')
Current page is 422
25-04-2026 10:42:55 INFO     	For media nova.bg (TV news) searching in page https://nova.bg/news/category/2/%D0%B1%D1%8A%D0%BB%D0%B3%D0%B0%D1%80%D0%B8%D1%8F/423	The number of found articles is: 51
25-04-2026 10:42:55 INFO     Info: ('nova.bg', 'TV news')
Current page is 423
25-04-2026 10:42:55 INFO     	For media nova.bg (TV news) searching in page https://nova.bg/news/category/2/%D0%B1%D1%8A%D0%BB%D0%B3%D0%B0%D1%80%D0%B8%D1%8F/424	The number of found articles is: 51
25-04-2026 10:42:55 INFO     Info: ('nova.bg', 'TV news')
Current page is 424
25-04-2026 10:42:55 INFO     	For media nova.bg (TV news) searching in page https://nova.bg/news/category/2/%D0%B1%D1%8A%D0%BB%D0%B3%D0%B0%D1%80%D0%B8%D1%8F/425	The number of found articles is: 51
25-04-2026 10:42:55 INFO     Info: ('nova.bg', 'TV news')
Current page is 425
25-04-2026 10:42:55 INFO     	For media nova.bg (TV news) searching in page https://nova.bg/news/category/2/%D0%B1%D1%8A%D0%BB%D0%B3%D0%B0%D1%80%D0%B8%D1%8F/426	The number of found articles is: 51
25-04-2026 10:42:55 INFO     Info: ('nova.bg', 'TV news')
Current page is 426
25-04-2026 10:42:55 INFO     ***Article with title: <<< С песен Папи Ханс каза „не” на насилието над жени >>> already existed within the media archive as URL and Title. 
25-04-2026 10:42:55 INFO     	For media nova.bg (TV news) searching in page https://nova.bg/news/category/2/%D0%B1%D1%8A%D0%BB%D0%B3%D0%B0%D1%80%D0%B8%D1%8F/427	The number of found articles is: 51
25-04-2026 10:42:55 INFO     Info: ('nova.bg', 'TV news')
Current page is 427
25-04-2026 10:42:55 INFO     The info of the df after transform it from the _data_dict is: (51, 9) (rows/cols)
25-04-2026 10:42:55 INFO     Info: ('nova.bg', 'TV news')
Last page was: 427
25-04-2026 10:42:55 INFO     The 'export/nova.bg/nova.bg_archive.csv' was updated with 51 articles
25-04-2026 10:42:56 INFO     @The article collection for nova.bg is done!
