30-11-2025 10:47:52 INFO     Opening: 'export/btvnovinite.bg/btvnovinite.bg_archive.csv' >>>
30-11-2025 10:47:52 INFO     	For media btvnovinite.bg (TV news) searching in page https://btvnovinite.bg/bulgaria/?page=1	The number of found articles is: 0
30-11-2025 10:47:52 INFO     Info: ('btvnovinite.bg', 'TV news')
Current page is 1
30-11-2025 10:47:52 INFO     	For media btvnovinite.bg (TV news) searching in page https://btvnovinite.bg/bulgaria/?page=2	The number of found articles is: 0
30-11-2025 10:47:52 INFO     Info: ('btvnovinite.bg', 'TV news')
Current page is 2
30-11-2025 10:47:53 INFO     	For media btvnovinite.bg (TV news) searching in page https://btvnovinite.bg/bulgaria/?page=3	The number of found articles is: 0
30-11-2025 10:47:53 INFO     Info: ('btvnovinite.bg', 'TV news')
Current page is 3
30-11-2025 10:47:53 INFO     ---Article with title: Момичето, единствено оцеляло от жестоката катастрофа в Пловдив, e в съзнание (ВИДЕО) was not added because contains words from article title exclusion list: ['катастроф']
30-11-2025 10:47:53 INFO     ---Article with title: 58-годишен мъж преби дъщеря си и майка си. Заплашил, че ще убие детето си was not added because contains words from article title exclusion list: ['дете']
30-11-2025 10:47:53 INFO     	For media btvnovinite.bg (TV news) searching in page https://btvnovinite.bg/bulgaria/?page=4	The number of found articles is: 0
30-11-2025 10:47:53 INFO     Info: ('btvnovinite.bg', 'TV news')
Current page is 4
30-11-2025 10:47:53 INFO     ---Article with title: 48-годишна жена е първият пациент у нас с имплантирана специална помпа за лечение на тежки спазми was not added because contains words from article title exclusion list: ['тир']
30-11-2025 10:47:54 INFO     +++ Records for the news with Убитият мъж в Мадан - син на местен бизнесмен. Изпращал настойчиво съобщения на обвързана жена with url https://btvnovinite.bg/bulgaria/ubitijat-mazh-v-madan-sin-na-mesten-biznesmen-izprashtal-nastojchivo-saobshtenija-na-obvarzana-zhena.html and text Убийство на 23-годишен мъж потресе Мадан. Младежът е син на известен местен бизнесмен. Предполагаемите трима убийци са задържани – мотивът е спор за жена. Две групи младежи се срещат на улицата през нощта. Потърпевшият е нападнат от трима, а негови приятели се опитват да прекратят побоя с изстрели от газов пистолет във въздуха, а тялото на убития пада в близката река. Причината за инцидента -  спор за жена. 23-годишният младеж и негов приятел търсели контакт с нея в социалните мрежи, а тя се оплакала на приятеля си. "След отказ от нейна страна за комуникация, комуникацията е продължила и са били изпращани настойчиво съобщения", посочва старши комисар Цветан Цанков, директор на ОДМВР–Смолян. "Няма прострелни рани по пострадалия или по някой друг. Мотивът за убийството е любовна драма", казва Недко Симов, окръжен прокурор на Смолян. Хората в Мадан са потресени. "Нищо лошо не е правило момчето, за да заслужи това. Абсурдно е това!... Добро момче", коментира Копринка Иванова. Срещу тримата ще бъде повдигнато обвинение за умишлено убийство. Последвайте ни за още актуални новини в Google News Showcase Последвайте btvnovinite.bg във VIBER Последвайте btvnovinite.bg в INSTAGRAM Последвайте btvnovinite.bg във FACEBOOK Последвайте btvnovinite.bg в TIKTOK from source: btvnovinite.bg was successfully added to the BaseWebsite._data_dict
30-11-2025 10:47:54 INFO     	For media btvnovinite.bg (TV news) searching in page https://btvnovinite.bg/bulgaria/?page=5	The number of found articles is: 1
30-11-2025 10:47:54 INFO     Info: ('btvnovinite.bg', 'TV news')
Current page is 5
30-11-2025 10:47:54 INFO     +++ Records for the news with 23-годишният Костадин Кабаджов е починал след побой заради жена with url https://btvnovinite.bg/bulgaria/23-godishnijat-kostadin-kabadzhov-e-pochinal-sled-poboj-zaradi-zhena.html and text 23-годишният Костадин Кабаджов е починал след побой заради „спор за жена и мъжка чест“, казаха от прокуратурата по време на брифинг относно убийството в Мадан. На 26 ноември 2025 г., около 22.12 ч. е получен сигнал на тел. 112 за намерен починал мъж в коритото на река в землището на гр. Мадан, в посока главния път за гр. Златоград. Незабавно към мястото са изпратени екипи на полицията и Спешна помощ. По главата и тялото на мъже е имало множество контузни рани. Той е бил убит с удари. Няма огнестрелни рани. Трима са арестувани. Жертвата и арестуваните са влезли в конфликт заради жена. При срещата им се стига до конфликт. Извършителите са от Кърджали. Удряли са го в главата, след което той е паднал в реката край винпрома на Мадан. Според разследващите единият от нападателите имал интимна приятелка, която била притеснявана онлайн от убития. Последвайте ни за още актуални новини в Google News Showcase Последвайте btvnovinite.bg във VIBER Последвайте btvnovinite.bg в INSTAGRAM Последвайте btvnovinite.bg във FACEBOOK Последвайте btvnovinite.bg в TIKTOK from source: btvnovinite.bg was successfully added to the BaseWebsite._data_dict
30-11-2025 10:47:54 INFO     	For media btvnovinite.bg (TV news) searching in page https://btvnovinite.bg/bulgaria/?page=6	The number of found articles is: 2
30-11-2025 10:47:54 INFO     Info: ('btvnovinite.bg', 'TV news')
Current page is 6
30-11-2025 10:47:54 INFO     	For media btvnovinite.bg (TV news) searching in page https://btvnovinite.bg/bulgaria/?page=7	The number of found articles is: 2
30-11-2025 10:47:54 INFO     Info: ('btvnovinite.bg', 'TV news')
Current page is 7
30-11-2025 10:47:55 INFO     	For media btvnovinite.bg (TV news) searching in page https://btvnovinite.bg/bulgaria/?page=8	The number of found articles is: 2
30-11-2025 10:47:55 INFO     Info: ('btvnovinite.bg', 'TV news')
Current page is 8
30-11-2025 10:47:55 INFO     ---News article: <<< Колата, която се удари в дърво в Шуменско: В болницата е починала и пострадалата жена >>> was not included in the data because none of BaseWebsite._second_level keywords were found in the article text Article url: https://btvnovinite.bg/bulgaria/kolata-kojato-se-udari-v-darvo-v-shumensko-v-bolnicata-e-pochinala-i-postradalata-zhena.html
30-11-2025 10:47:55 INFO     ---Article with title: Мъж загина при тежка катастрофа в Шуменско, жена е в болница was not added because contains words from article title exclusion list: ['катастроф']
30-11-2025 10:47:55 INFO     	For media btvnovinite.bg (TV news) searching in page https://btvnovinite.bg/bulgaria/?page=9	The number of found articles is: 2
30-11-2025 10:47:55 INFO     Info: ('btvnovinite.bg', 'TV news')
Current page is 9
30-11-2025 10:47:55 INFO     ---Article with title: 25 мигранти, сред които жени и деца, намерени в апартаменти в София, 10 са арестувани was not added because contains words from article title exclusion list: ['мигранти', 'деца']
30-11-2025 10:47:56 INFO     +++ Records for the news with Задържаха мъж, пребил 76-годишната си майка with url https://btvnovinite.bg/bulgaria/sofijska-rajonna-prokuratura-obvini-i-zadarzha-mazh-nanesal-telesna-povreda-na-76-godishnata-si-majka.html and text Софийска районна прокуратура обвини и задържа 53-годишен мъж, нанесъл телесна повреда на 76-годишната си майка. Събраните до момента доказателства сочат, че на 23.11.2025 г. в ж.к. „Дружба“в гр. София обвиняемият К.Ц. е нанесъл удари с ръце в областта на главата на своята майка. Вследствие на това, той й е причинил лека телесна повреда, изразяваща се в множество подкожни хематоми по лицето и главата й. Деянието е извършено в условията на домашно насилие. По случая е образувано досъдебно производство за престъпление по чл. 131, ал. 1, т. 5а, вр. чл. 130, ал. 2 от НК, за което се предвижда наказание „лишаване от свобода“. С постановление на наблюдаващ прокурор К.Ц. е задържан за срок до 72 часа. Той е осъждан. Предстои прокурор да внесе искане в Софийски районен съд за определяне на постоянна мярка за неотклонение „задържане под стража“ спрямо обвиняемия.Последвайте ни за още актуални новини в Google News Showcase Последвайте btvnovinite.bg във VIBER Последвайте btvnovinite.bg в INSTAGRAM Последвайте btvnovinite.bg във FACEBOOK Последвайте btvnovinite.bg в TIKTOK  from source: btvnovinite.bg was successfully added to the BaseWebsite._data_dict
30-11-2025 10:47:56 INFO     	For media btvnovinite.bg (TV news) searching in page https://btvnovinite.bg/bulgaria/?page=10	The number of found articles is: 3
30-11-2025 10:47:56 INFO     Info: ('btvnovinite.bg', 'TV news')
Current page is 10
30-11-2025 10:47:57 INFO     	For media btvnovinite.bg (TV news) searching in page https://btvnovinite.bg/bulgaria/?page=11	The number of found articles is: 3
30-11-2025 10:47:57 INFO     Info: ('btvnovinite.bg', 'TV news')
Current page is 11
30-11-2025 10:47:58 INFO     +++ Records for the news with Задържаха мъж, избил зъбите на жената, с която живее with url https://btvnovinite.bg/bulgaria/zadarzhaha-mazh-izbil-zabite-na-zhenata-s-kojato-zhivee.html and text Софийска районна прокуратура привлече към наказателна отговорност 26-годишен мъж, избил зъбите на жената, с която живее. На 21 ноември в жилище в с. Кубратово обвиняемият е нанесъл удари с юмруци по главата и тялото, както и е скубал косата на жената, с която живее във фактическо съжителство. Обвиняемият е отскубнал цели участъци с коса от главата на жената, избил ѝ е зъби и ѝ причинил множество кръвонасядания и отоци по цялото тяло. Вследствие на това ѝ е нанесъл средна телесна повреда. Деянието е извършено с особена жестокост чрез продължително нанасяне на побой и в условията на домашно насилие. По случая е образувано досъдебно производство за престъпление, за което се предвижда наказание „лишаване от свобода“. Мъжът е задържа за срок до 72 часа. Той е осъждан, като към момента е в изпитателен срок по предходно осъждане. По искане на прокурор съдът му е наложил постоянна мярка "задържане под стража". Мярката подлежи на обжалване пред Софийския градски съд. Последвайте ни за още актуални новини в Google News Showcase Последвайте btvnovinite.bg във VIBER Последвайте btvnovinite.bg в INSTAGRAM Последвайте btvnovinite.bg във FACEBOOK Последвайте btvnovinite.bg в TIKTOK from source: btvnovinite.bg was successfully added to the BaseWebsite._data_dict
30-11-2025 10:47:58 INFO     	For media btvnovinite.bg (TV news) searching in page https://btvnovinite.bg/bulgaria/?page=12	The number of found articles is: 4
30-11-2025 10:47:58 INFO     Info: ('btvnovinite.bg', 'TV news')
Current page is 12
30-11-2025 10:47:59 INFO     ---Article with title: Трима души са в болница след катастрофа във Велинград, жена е с опасност за живота was not added because contains words from article title exclusion list: ['катастроф']
30-11-2025 10:47:59 INFO     ---Article with title: Вълна от доброта: След репортаж по bTV стотици помогнаха на самотна майка от Тенево was not added because contains words from article title exclusion list: ['добро']
30-11-2025 10:47:59 INFO     	For media btvnovinite.bg (TV news) searching in page https://btvnovinite.bg/bulgaria/?page=13	The number of found articles is: 4
30-11-2025 10:47:59 INFO     Info: ('btvnovinite.bg', 'TV news')
Current page is 13
30-11-2025 10:47:59 INFO     ---News article: <<< Ръст на онлайн пазаруването на Черен петък: Вместо маркови обувки жена получи… парче дърво >>> was not included in the data because none of BaseWebsite._second_level keywords were found in the article text Article url: https://btvnovinite.bg/bulgaria/rast-na-onlajn-pazaruvaneto-na-cheren-petak-vmesto-markovi-obuvki-zhena-poluchi-parche-darvo.html
30-11-2025 10:47:59 INFO     	For media btvnovinite.bg (TV news) searching in page https://btvnovinite.bg/bulgaria/?page=14	The number of found articles is: 4
30-11-2025 10:47:59 INFO     Info: ('btvnovinite.bg', 'TV news')
Current page is 14
30-11-2025 10:48:00 INFO     	For media btvnovinite.bg (TV news) searching in page https://btvnovinite.bg/bulgaria/?page=15	The number of found articles is: 4
30-11-2025 10:48:00 INFO     Info: ('btvnovinite.bg', 'TV news')
Current page is 15
30-11-2025 10:48:01 INFO     +++ Records for the news with Нов механизъм за помощ и подкрепа на пострадали от домашно насилие влиза в закона with url https://btvnovinite.bg/bulgaria/nov-mehanizam-za-pomosht-i-podkrepa-na-postradali-ot-domashno-nasilie-vliza-v-zakona.html and text Нов механизъм за помощ и подкрепа на пострадали от домашно насилие влиза в закона. Той дава шанс на жертвите за по-бърза координация на институциите и получаване на пълна защита. Няма да ви покажем лицето и името на 43-годишната жена, жертва на насилие, която миналата седмица се е обърнала към Анимус, но, благодарение на новия механизъм, тя вече е стигнала до съда. "Страшно е! Сега, тя не се върна там, където живее с извършителя на насилие, тя е от случаите, в които има подкрепяща среда. Тоест, тя успя да отиде някъде другаде заедно с децата", казва Николина Ганева, юрист, ръководител на правната клиника "Анимус".  Министерството на правосъдието започва работата си върху този координационен механизъм още през 2012 година. "Смятайте колко време сме искали и сме го допълвали, и се е преработвал и е имало негативни нагласи към него и някой не го е искал", казва Надежда Стойчева, директор на фондация "Асоциация Анимус". "Насилието и агресията не е само въпрос на правосъдие. Те са следствие. И те се сблъскват с правосъдието, когато се проявят много преди да стане белята. Много преди да посегне един човек на друго човешко същество или животно, са се счупили и скъсали много други връзки", коментира Георги Георгиев, министър на правосъдието. Според статистиката, 43-годишната жена от този разказ е един от онези 53 хиляди случаи на обаждания, регистрирани за последната година от жертви на домашно насилие. И една от жените, чийто живот е започнал отначало. 0800 18676 е телефонът на Фондация "Асоциация Анимус" за 24-часова анонимна помощ. Последвайте ни за още актуални новини в Google News Showcase Последвайте btvnovinite.bg във VIBER Последвайте btvnovinite.bg в INSTAGRAM Последвайте btvnovinite.bg във FACEBOOK Последвайте btvnovinite.bg в TIKTOK   from source: btvnovinite.bg was successfully added to the BaseWebsite._data_dict
30-11-2025 10:48:01 INFO     	For media btvnovinite.bg (TV news) searching in page https://btvnovinite.bg/bulgaria/?page=16	The number of found articles is: 5
30-11-2025 10:48:01 INFO     Info: ('btvnovinite.bg', 'TV news')
Current page is 16
30-11-2025 10:48:03 INFO     +++ Records for the news with 20 години затвор за жена, участвала в убийствата на двама братя и техен приятел with url https://btvnovinite.bg/bulgaria/20-godini-zatvor-za-zhena-uchastvala-v-ubijstvata-na-dvama-bratja-i-tehen-prijatel.html and text Жена е осъдена на 20 години затвор за участие в убийствата на трима туристи при кражба на кола в Мексико миналата година. 23-годишната Ари Гизел се признава за виновна в подбудителство към насилственото нападение над австралийските братя Джейк и Калъм Робинсън и техния американски приятел Картър Роуд, които са пътували, за да карат сърф в северния мексикански щат Баха Калифорния през април 2024 г. По време на пътуването си тримата млади мъже изчезват. Телата им по-късно са открити с огнестрелни рани по главата на дъното на дълбок кладенец, коментира Би Би Си. Ари Гизел е проявила интерес към гумите на автомобила на сърфистите. Тя се е свързала тогава с тогавашния си приятел Хесус Херардо и е заявила да ѝ „занесе добър телефон и добри гуми за пикапа ѝ“. Хесус Херардо и двамата негови приятели проследили превозното средство на американците до къмпинга, където били отседнали чужденците. Там ги ограбили, а след това и застреляли. Делата срещу тримата мъже, обвинени в извършването на убийствата, все още са в съда. Според мексиканския вестник La Slav Rota двама от тях имат връзки с могъщия наркокартел Синалоа, който в продължение на много години е бил ръководен от известния наркобарон Хоакин „Ел Чапо“ Гусман. Поради тези връзки и двамата мъже са задържани в Ел Хонго, а след това са били изпратени в затвор с максимална сигурност в Баха Калифорния. Прокурорите обаче не смятат, че има връзка между убийствата и организираната престъпност, посочва Австралийската радиоразпръсквателна корпорация (ABC). Семействата на жертвите, които се включват в процеса чрез видеоконферентна връзка, правят емоционални изявления на изслушването в сряда. „Мечтаехме да ги видим да пораснат, да имат деца. Всичко това вече не съществува “, коментира майката на Калъм и Джейк - Дебра Робинсън, цитираната от ABC. 33-годишният Калъм Робинсън е бил член на националния отбор по лакрос на Австралия и е живял в Сан Диего, точно от другата страна на границата между САЩ и Мексико. Последвайте ни за още актуални новини в Google News Showcase Последвайте btvnovinite.bg във VIBER Последвайте btvnovinite.bg в INSTAGRAM Последвайте btvnovinite.bg във FACEBOOK Последвайте btvnovinite.bg в TIKTOK from source: btvnovinite.bg was successfully added to the BaseWebsite._data_dict
30-11-2025 10:48:03 INFO     	For media btvnovinite.bg (TV news) searching in page https://btvnovinite.bg/bulgaria/?page=17	The number of found articles is: 6
30-11-2025 10:48:03 INFO     Info: ('btvnovinite.bg', 'TV news')
Current page is 17
30-11-2025 10:48:04 INFO     ---News article: <<< "Нещо малко - свинско, банани, сладко": Борисов предложил 120 лв. надбавки заради "една баба" в репортаж на bTV >>> was not included in the data because none of BaseWebsite._second_level keywords were found in the article text Article url: https://btvnovinite.bg/bulgaria/neshto-malko-svinsko-banani-neshto-sladko-borisov-predlozhil-120-lv-koledni-nadbavki-zaradi-reportazh-na-btv.html
30-11-2025 10:48:04 INFO     	For media btvnovinite.bg (TV news) searching in page https://btvnovinite.bg/bulgaria/?page=18	The number of found articles is: 6
30-11-2025 10:48:04 INFO     Info: ('btvnovinite.bg', 'TV news')
Current page is 18
30-11-2025 10:48:05 INFO     ---News article: <<< Кирил Петков: Слави Трифонов написа поредния си „мъжествен“ пост срещу жената, която го осъди >>> was not included in the data because none of BaseWebsite._second_level keywords were found in the article text Article url: https://btvnovinite.bg/bulgaria/kiril-petkov-slavi-trifonov-napisa-porednija-si-mazhestven-post-sreshtu-zhenata-kojato-go-osadi.html
30-11-2025 10:48:06 INFO     ---News article: <<< След репортаж по bTV - Паметникът "Майка България" край Гургулят вече е обновен >>> was not included in the data because none of BaseWebsite._second_level keywords were found in the article text Article url: https://btvnovinite.bg/bulgaria/sled-reportazh-po-btv-pametnikat-majka-balgarija-kraj-gurguljat-veche-e-obnoven.html
30-11-2025 10:48:07 INFO     ---News article: <<< Осъдиха жена за агресия в магазин в Казанлък: Напръскала със спрей служители и ги удряла >>> was not included in the data because none of BaseWebsite._second_level keywords were found in the article text Article url: https://btvnovinite.bg/bulgaria/osadiha-zhena-za-agresija-v-magazin-v-kazanlak-napraskala-sas-sprej-sluzhiteli-i-gi-udrjala.html
30-11-2025 10:48:07 INFO     	For media btvnovinite.bg (TV news) searching in page https://btvnovinite.bg/bulgaria/?page=19	The number of found articles is: 6
30-11-2025 10:48:07 INFO     Info: ('btvnovinite.bg', 'TV news')
Current page is 19
30-11-2025 10:48:07 INFO     	For media btvnovinite.bg (TV news) searching in page https://btvnovinite.bg/bulgaria/?page=20	The number of found articles is: 6
30-11-2025 10:48:07 INFO     Info: ('btvnovinite.bg', 'TV news')
Current page is 20
30-11-2025 10:48:08 INFO     +++ Records for the news with Познавали се от години, всеки ден се чували: 26-годишна жена отива на съд за убийството на мъж в Пловдив with url https://btvnovinite.bg/bulgaria/poznavali-se-ot-godini-vseki-den-se-chuvali-26-godishna-zhena-otiva-na-sad-za-ubijstvoto-na-mazh-v-plovdiv.html and text Окръжната прокуратура в Пловдив внесе обвинителен акт срещу 26-годишна жена. Тя е предадена на съд за това, че на 6 януари 2023 г. в Пловдив, в ж.к.“Тракия“, умишлено е умъртвила 50-годишен мъж, съобщиха от държавното обвинение. Двамата се познавали от няколко години. Те се виждали редовно през седмицата и си говорили по телефона всеки ден. На 6 януари 2023 г. мъжът бил на работа, а когато се прибрал жената го посетила в апартамента му в „Тракия“ в Пловдив. Първоначално с тях бил приятел на мъжа, като те се почерпили с алкохол. Когато той си тръгнал, телефонът на жената позвънил, което подразнило жертвата. Той го взел и скрил в джоба си. Поради тази причина между двамата възникнал скандал. Мъжът ударил жената, като впоследствие извадил газов пистолет, който държал под възглавницата на леглото. Той насочил оръжието срещу нея, но тя успяла да го вземе от ръката му и произвела няколко изстрела в тялото му. Според заключението на съдебномедицинската експертиза причината за смъртта на мъжа е остра кръвозагуба. Делото е внесено за разглеждане в Окръжния съд в Пловдив. Последвайте ни за още актуални новини в Google News Showcase Последвайте btvnovinite.bg във VIBER Последвайте btvnovinite.bg в INSTAGRAM Последвайте btvnovinite.bg във FACEBOOK Последвайте btvnovinite.bg в TIKTOK from source: btvnovinite.bg was successfully added to the BaseWebsite._data_dict
30-11-2025 10:48:08 INFO     	For media btvnovinite.bg (TV news) searching in page https://btvnovinite.bg/bulgaria/?page=21	The number of found articles is: 7
30-11-2025 10:48:08 INFO     Info: ('btvnovinite.bg', 'TV news')
Current page is 21
30-11-2025 10:48:09 INFO     	For media btvnovinite.bg (TV news) searching in page https://btvnovinite.bg/bulgaria/?page=22	The number of found articles is: 7
30-11-2025 10:48:09 INFO     Info: ('btvnovinite.bg', 'TV news')
Current page is 22
30-11-2025 10:48:09 INFO     	For media btvnovinite.bg (TV news) searching in page https://btvnovinite.bg/bulgaria/?page=23	The number of found articles is: 7
30-11-2025 10:48:09 INFO     Info: ('btvnovinite.bg', 'TV news')
Current page is 23
30-11-2025 10:48:10 INFO     ---Article with title: Майка на недоносено дете: Страховете ни станаха още по-големи след изписването от болницата was not added because contains words from article title exclusion list: ['дете']
30-11-2025 10:48:11 INFO     +++ Records for the news with Задържаха 30-годишен мъж, нанесъл побой на баба си в Стара Загора with url https://btvnovinite.bg/bulgaria/zadarzhaha-30-godishen-mazh-nanesal-poboj-na-baba-si-v-stara-zagora.html and text Мъж на 30 години е задържан за 24 часа за нанасяне на побой на възрастна жена в Стара Загора, съобщиха от полицията. Пострадалата е 75-годишна жена, която е баба на сочения за извършител. Инцидентът е станал снощи около 20:30 часа в жилище в областния град. По случая е образувано досъдебно производство. Това е пореден случай на домашно насилие от внук към баба в Стара Загора - през март две възрастни жени станаха жертви на домашно насилие от внуците си. Районната прокуратура в Стара Загора е ръководила разследвания по 237 досъдебни производства за престъпления, извършени в условията на домашно насилие през миналата година. Това е с близо 100 случая повече в сравнение с 2023 година. Последвайте ни за още актуални новини в Google News Showcase Последвайте btvnovinite.bg във VIBER Последвайте btvnovinite.bg в INSTAGRAM Последвайте btvnovinite.bg във FACEBOOK Последвайте btvnovinite.bg в TIKTOK from source: btvnovinite.bg was successfully added to the BaseWebsite._data_dict
30-11-2025 10:48:11 INFO     	For media btvnovinite.bg (TV news) searching in page https://btvnovinite.bg/bulgaria/?page=24	The number of found articles is: 8
30-11-2025 10:48:11 INFO     Info: ('btvnovinite.bg', 'TV news')
Current page is 24
30-11-2025 10:48:11 INFO     	For media btvnovinite.bg (TV news) searching in page https://btvnovinite.bg/bulgaria/?page=25	The number of found articles is: 8
30-11-2025 10:48:11 INFO     Info: ('btvnovinite.bg', 'TV news')
Current page is 25
30-11-2025 10:48:11 INFO     	For media btvnovinite.bg (TV news) searching in page https://btvnovinite.bg/bulgaria/?page=26	The number of found articles is: 8
30-11-2025 10:48:11 INFO     Info: ('btvnovinite.bg', 'TV news')
Current page is 26
30-11-2025 10:48:12 INFO     	For media btvnovinite.bg (TV news) searching in page https://btvnovinite.bg/bulgaria/?page=27	The number of found articles is: 8
30-11-2025 10:48:12 INFO     Info: ('btvnovinite.bg', 'TV news')
Current page is 27
30-11-2025 10:48:13 INFO     ---Article with title: Диана Русинова: Жената, пострадала при катастрофата с автомобил на НСО, не е починала. Бях подведена от местни хора was not added because contains words from article title exclusion list: ['катастроф', 'автомоб']
30-11-2025 10:48:13 INFO     +++ Records for the news with Обвиниха двама мъже и жена за отвличане на момиче, открито в къща в Свиленградско with url https://btvnovinite.bg/bulgaria/obviniha-dvama-mazhe-i-zhena-za-otvlichane-na-momiche-otkrito-v-kashta-v-svilengradsko.html and text Задържаха трима души, сред които и жена, за отвличането на 21-годишно момиче в Свиленград. На тримата похитители е повдигнато обвинение, а жертвата е открита жива и здрава в къща в свиленградското село Мустрак. С единия от похитителите, жената е живеела на семейни начала преди време. Предполага се, че мотив за престъплението е ревност. На 13 ноември в 3:20 часа сутринта е получен сигнал на тел. 112 във връзка с това, че жител на Свиленград е видял, че младо момиче се е качило насила в лек автомобил, като е крещяла, става ясно от брифинг на ОД МВР и прокуратурата в Хасково. Сформирана е група и по горещи следи, служителите на РУ Свиленград са стигнали до село Мустрак, където в къща е установено отвлеченото момиче, както и 44-годишна жена, осъждана и криминално проявена. В къщата е бил и мъж на 27 години от Свиленград, който е бил в близки отношения с жертвата. Автомобилът, с който е била отвлечена жената, е бил спрян на АМ „Марица“. В него са пътували мъже на 40 и 42 г. 40-годишният е задържан, тъй като е бил шофьор, в момента на отвличането. Жертвата има натъртвания по тялото. И тримата задържани са осъждани и криминално проявени. За двама от тях има утежняващи условия, тоест престъплението е извършено при условията на опасен рецидив - осъждани са многократно и са изтърпявали ефективно повече от два пъти лишаване от свобода. Всички са задържани за 72 часа с прокурорско разпореждане. Срещу тях са повдигнати обвинения за това, че в съучастие като съизвършители са отвлекли 21-годишната българска гражданка. Наказанието за двамата, които са в рецидив, може да е от 10 до 20 години или доживотен затвор. От прокуратура ще искат постоянното им задържане. Последвайте ни за още актуални новини в Google News Showcase Последвайте btvnovinite.bg във VIBER Последвайте btvnovinite.bg в INSTAGRAM Последвайте btvnovinite.bg във FACEBOOK Последвайте btvnovinite.bg в TIKTOK from source: btvnovinite.bg was successfully added to the BaseWebsite._data_dict
30-11-2025 10:48:13 INFO     	For media btvnovinite.bg (TV news) searching in page https://btvnovinite.bg/bulgaria/?page=28	The number of found articles is: 9
30-11-2025 10:48:13 INFO     Info: ('btvnovinite.bg', 'TV news')
Current page is 28
30-11-2025 10:48:14 INFO     ---News article: <<< Сигнал за отвличане в Свиленград на млада жена: Тя е намерена, сред арестуваните е партньорът ѝ >>> was not included in the data because none of BaseWebsite._second_level keywords were found in the article text Article url: https://btvnovinite.bg/bulgaria/signal-za-otvlichane-v-svilengrad-na-mlada-zhena.html
30-11-2025 10:48:14 INFO     	For media btvnovinite.bg (TV news) searching in page https://btvnovinite.bg/bulgaria/?page=29	The number of found articles is: 9
30-11-2025 10:48:14 INFO     Info: ('btvnovinite.bg', 'TV news')
Current page is 29
30-11-2025 10:48:15 INFO     	For media btvnovinite.bg (TV news) searching in page https://btvnovinite.bg/bulgaria/?page=30	The number of found articles is: 9
30-11-2025 10:48:15 INFO     Info: ('btvnovinite.bg', 'TV news')
Current page is 30
30-11-2025 10:48:15 INFO     	For media btvnovinite.bg (TV news) searching in page https://btvnovinite.bg/bulgaria/?page=31	The number of found articles is: 9
30-11-2025 10:48:15 INFO     Info: ('btvnovinite.bg', 'TV news')
Current page is 31
30-11-2025 10:48:16 INFO     	For media btvnovinite.bg (TV news) searching in page https://btvnovinite.bg/bulgaria/?page=32	The number of found articles is: 9
30-11-2025 10:48:16 INFO     Info: ('btvnovinite.bg', 'TV news')
Current page is 32
30-11-2025 10:48:16 INFO     ---Article with title: „Момичето беше затиснато под скарата на трамвая“: Блъснатото дете е извън опасност was not added because contains words from article title exclusion list: ['трамва', 'блъсна', 'дете']
30-11-2025 10:48:16 INFO     	For media btvnovinite.bg (TV news) searching in page https://btvnovinite.bg/bulgaria/?page=33	The number of found articles is: 9
30-11-2025 10:48:16 INFO     Info: ('btvnovinite.bg', 'TV news')
Current page is 33
30-11-2025 10:48:17 INFO     ---Article with title: Трамвай блъсна момиче на "Граф Игнатиев" в София (ГАЛЕРИЯ, ВИДЕО) was not added because contains words from article title exclusion list: ['трамва', 'блъсна']
30-11-2025 10:48:17 INFO     	For media btvnovinite.bg (TV news) searching in page https://btvnovinite.bg/bulgaria/?page=34	The number of found articles is: 9
30-11-2025 10:48:17 INFO     Info: ('btvnovinite.bg', 'TV news')
Current page is 34
30-11-2025 10:48:17 INFO     	For media btvnovinite.bg (TV news) searching in page https://btvnovinite.bg/bulgaria/?page=35	The number of found articles is: 9
30-11-2025 10:48:17 INFO     Info: ('btvnovinite.bg', 'TV news')
Current page is 35
30-11-2025 10:48:17 INFO     ---Article with title: Обвиняемият за катастрофата със загинал французин: Писах SMS на жена ми дали се е прибрала was not added because contains words from article title exclusion list: ['катастроф']
30-11-2025 10:48:17 INFO     	For media btvnovinite.bg (TV news) searching in page https://btvnovinite.bg/bulgaria/?page=36	The number of found articles is: 9
30-11-2025 10:48:17 INFO     Info: ('btvnovinite.bg', 'TV news')
Current page is 36
30-11-2025 10:48:18 INFO     	For media btvnovinite.bg (TV news) searching in page https://btvnovinite.bg/bulgaria/?page=37	The number of found articles is: 9
30-11-2025 10:48:18 INFO     Info: ('btvnovinite.bg', 'TV news')
Current page is 37
30-11-2025 10:48:18 INFO     	For media btvnovinite.bg (TV news) searching in page https://btvnovinite.bg/bulgaria/?page=38	The number of found articles is: 9
30-11-2025 10:48:18 INFO     Info: ('btvnovinite.bg', 'TV news')
Current page is 38
30-11-2025 10:48:19 INFO     	For media btvnovinite.bg (TV news) searching in page https://btvnovinite.bg/bulgaria/?page=39	The number of found articles is: 9
30-11-2025 10:48:19 INFO     Info: ('btvnovinite.bg', 'TV news')
Current page is 39
30-11-2025 10:48:19 INFO     	For media btvnovinite.bg (TV news) searching in page https://btvnovinite.bg/bulgaria/?page=40	The number of found articles is: 9
30-11-2025 10:48:19 INFO     Info: ('btvnovinite.bg', 'TV news')
Current page is 40
30-11-2025 10:48:19 INFO     	For media btvnovinite.bg (TV news) searching in page https://btvnovinite.bg/bulgaria/?page=41	The number of found articles is: 9
30-11-2025 10:48:19 INFO     Info: ('btvnovinite.bg', 'TV news')
Current page is 41
30-11-2025 10:48:20 INFO     ---Article with title: Спешна операция спаси зрението на млада жена с 10-милиметрова шнола в окото was not added because contains words from article title exclusion list: ['операц']
30-11-2025 10:48:20 INFO     	For media btvnovinite.bg (TV news) searching in page https://btvnovinite.bg/bulgaria/?page=42	The number of found articles is: 9
30-11-2025 10:48:20 INFO     Info: ('btvnovinite.bg', 'TV news')
Current page is 42
30-11-2025 10:48:21 INFO     ---News article: <<< Удар с крак в гръдния кош: Оставиха в ареста мъж, посегнал на майка си >>> was not included in the data because none of BaseWebsite._second_level keywords were found in the article text Article url: https://btvnovinite.bg/bulgaria/udar-s-krak-v-gradnija-kosh-ostaviha-v-aresta-mazh-posegnal-na-majka-si.html
30-11-2025 10:48:22 INFO     ---News article: <<< Репортерът и водещ на bTV Новините Мария Ванкова стана майка на момче >>> was not included in the data because none of BaseWebsite._second_level keywords were found in the article text Article url: https://btvnovinite.bg/bulgaria/vodeshtata-na-btv-novinite-marija-vankova.html
30-11-2025 10:48:22 INFO     ---Article with title: Бременна жена с трансплантиран бъбрек и рядко заболяване беше спасена в „Майчин дом“ was not added because contains words from article title exclusion list: ['тир']
30-11-2025 10:48:22 INFO     	For media btvnovinite.bg (TV news) searching in page https://btvnovinite.bg/bulgaria/?page=43	The number of found articles is: 9
30-11-2025 10:48:22 INFO     Info: ('btvnovinite.bg', 'TV news')
Current page is 43
30-11-2025 10:48:22 INFO     	For media btvnovinite.bg (TV news) searching in page https://btvnovinite.bg/bulgaria/?page=44	The number of found articles is: 9
30-11-2025 10:48:22 INFO     Info: ('btvnovinite.bg', 'TV news')
Current page is 44
30-11-2025 10:48:23 INFO     	For media btvnovinite.bg (TV news) searching in page https://btvnovinite.bg/bulgaria/?page=45	The number of found articles is: 9
30-11-2025 10:48:23 INFO     Info: ('btvnovinite.bg', 'TV news')
Current page is 45
30-11-2025 10:48:23 INFO     	For media btvnovinite.bg (TV news) searching in page https://btvnovinite.bg/bulgaria/?page=46	The number of found articles is: 9
30-11-2025 10:48:23 INFO     Info: ('btvnovinite.bg', 'TV news')
Current page is 46
30-11-2025 10:48:24 INFO     +++ Records for the news with Жена е в кърджалийската болница със счупена челюст след домашно насилие with url https://btvnovinite.bg/bulgaria/zhena-e-v-kardzhalijskata-bolnica-sas-schupena-cheljust-sled-domashno-nasilie.html and text Жена от Кърджали е със счупена челюст, а травмата е причинена в условията на домашно насилие. Това съобщиха от Областната дирекция на МВР в Кърджали, цитирана от БТА. От полицията уточниха, че жената е настанена за лечение в кърджалийската болница. Телесната повреда е била нанесена от мъжа, с когото пострадалата е живеела на семейни начала. Нападната е вчера – 3 ноември, около 18:30 часа. По случая е образувано досъдебно производство срещу извършителя, който е жител  на община Стамболово, област Хасково. Мъжът е задържан за срок до 24 часа, по Закона за МВР. Районната прокуратура в Кърджали отчита ръст през последните две години на преписките и досъдебните производства, касаещи домашно насилие, наблюдавани от тях. За 2024 г. те са 105, а по 98 от наблюдаваните дописки има решения. Повдигнати са десет обвинения и са решени общо 27 досъдебни производства. Осъдените с влязъл в сила съдебен акт са 13 – три с ефективно лишаване от свобода, две с условни лишавания от свобода и осем глоби. Последвайте ни за още актуални новини в Google News Showcase Последвайте btvnovinite.bg във VIBER Последвайте btvnovinite.bg в INSTAGRAM Последвайте btvnovinite.bg във FACEBOOK Последвайте btvnovinite.bg в TIKTOK from source: btvnovinite.bg was successfully added to the BaseWebsite._data_dict
30-11-2025 10:48:24 INFO     	For media btvnovinite.bg (TV news) searching in page https://btvnovinite.bg/bulgaria/?page=47	The number of found articles is: 10
30-11-2025 10:48:24 INFO     Info: ('btvnovinite.bg', 'TV news')
Current page is 47
30-11-2025 10:48:25 INFO     ---News article: <<< Открита е издирваната във Витоша жена, била е премръзнала >>> was not included in the data because none of BaseWebsite._second_level keywords were found in the article text Article url: https://btvnovinite.bg/bulgaria/otkrita-e-izdirvanata-vav-vitosha-zhena-bila-e-premraznala.html
30-11-2025 10:48:26 INFO     +++ Records for the news with Дългове ли стоят зад всичко? Майката на обявения за мъртъв мъж, открит жив след години: Не съм чула. Не знам. Не помня with url https://btvnovinite.bg/bulgaria/dalgove-li-stoja-zad-vsichko-majkata.html and text Мъжът, обявен за починал преди години, когото служители на парк "Пирин" случайно откриха жив в планината, е 64-годишният Боян Иванов от Русе. Мъжът е в неизвестност от 12 години, а през 2020 г. е обявен за починал от съда, по искане на роднините му. Какво стои зад мистериозното му изчезване и още по-странната му поява на 30 октомври в планината над Банско, разказват Мариета Димитрова и Емил Димитров. Екипът ни открива майката на Боян - Тодора Александрова, в къщата ѝ в Ново село. Не е особено дружелюбна. Чувала ли си, че са намерили сина ти Боян? Не съм чувала нищо … Откога го няма Боян? Не знам, не помня. А какво може да ми кажеш за Боян? Нищо не мога да кажа. Нищо не мога да кажа. Той кога изчезна? Къде е? Нещо? Не знам, не знам нищо.….. Помни го обаче бившият домоуправител в блока в Русе, където някога е живеел мъжът. "Живееха на 11-ия етаж преди може би 20 години. Продадоха апартамента. И тогава единствено съм виждал писма, които са получавали за него. ….Издател беше на кръстословици. Книжки издаваше с кръстословици… През годинитe сe чу, че е починал. И това беше…", коментира Мирослав Малчев.  От общината в Русе признават, че за първи път имат подобен случай. Община Русе е изпълнила разпореждане на Районния съд в Русе, с което е постановено да се издаде смъртен акт на лицето. Решението на съда в Община Русe е пристигнало през 2020 година, към края на годината. Мъжът изчезва през есента на 2013 г., а през 2015 г. майка му подава молба до полицията за издирване.  Според свидетели по делото Боян е бил търсен от лихвари и съдия-изпълнители заради дългове. Случайно го откриват паркови служители в петък, край незаконния му бивак в Национален парк "Пирин", където се предполага, че се е настанил преди дни. „Предполагаме около седмица. Мястото, на което е намерена палатката, е близо до река Демяница, местността "Чалин валог". Парковата охрана преди седмица е минала за упражняване на контрол по незаконен риболов и там не е имало палатка“, коментира Росен Баненски,  директор на  Национален парк "Пирин". Мъжът се държал враждебно и отказал да събере палатката си. Извикан е полицейски екип, който установява, че мъжът няма документи и е заведен в полицейското управление. Там става ясно, че е обявен за починал преди 5 години. „Когато едно лице е обявено за починало, то е наказателно неотговорно. Това лице не може да носи наказателна и административна отговорност. Това лице не може да бъде предмет на разследване, не може да бъде предмет на задържане“, коментира адв. Мартин Бусаров.  Това е причината, мъжът да бъде пуснат да си ходи и в момента отново да е в неизвестност. Въпреки, че е установена самоличността му, процедурата по официалното му обявяне за жив зависи само от него, или роднините му. Според адв. Бусаров, докато такова производство не бъде поискано от лицето, или неговите близки, този човек не съществува в правния мир. По информация от наши източници, голяма част от времето, в което Боян Иванов е бил в неизвестност, той е прекарал в съседна Гърция, където е работил във ферма, като пастир. Кога се е върнал у нас обаче не е ясно. От Районната прокуратура в Благоевград, казаха за bTV, че на мъжa е предложено настаняване в социално заведение, но той е отказал. Материалите по случая са изпратени по компетенция на прокуратурата в Русе. Въпреки установената самоличност, Боян Иванов създава един сложен юридически казус. Дори самоличността му според юристи е под въпрос, защото тя се установява по три начина - по документи, каквито мъжът няма, чрез пръстови отпечатъци и снимки, взети при криминална регистрация, каквото Боян Иванов също няма, и чрез вземане на биологичен материал, за каквото действие няма информация да е извършено. Тоест неговата самоличност е установена само на база данните, дадени от него, което според адвокат, с който разговаряхме по-рано днес, не може да се кредитира с пълно доверие. Последвайте ни за още актуални новини в Google News Showcase Последвайте btvnovinite.bg във VIBER Последвайте btvnovinite.bg в INSTAGRAM Последвайте btvnovinite.bg във FACEBOOK Последвайте btvnovinite.bg в TIKTOK from source: btvnovinite.bg was successfully added to the BaseWebsite._data_dict
30-11-2025 10:48:26 INFO     	For media btvnovinite.bg (TV news) searching in page https://btvnovinite.bg/bulgaria/?page=48	The number of found articles is: 11
30-11-2025 10:48:26 INFO     Info: ('btvnovinite.bg', 'TV news')
Current page is 48
30-11-2025 10:48:28 INFO     ---News article: <<< „Беше с момиче. Само се хилеше“: Бившият шеф в „Автомагистрали“, помел коли в София, е имал предишни нарушения >>> was not included in the data because none of BaseWebsite._second_level keywords were found in the article text Article url: https://btvnovinite.bg/bulgaria/beshe-s-momiche-samo-se-hileshe-bivshijat-shef-v-avtomagistrali-pomel-koli-v-sofija-e-imal-mnogo-narushenija.html
30-11-2025 10:48:28 INFO     ---Article with title: Съдят мъж, пребил съпругата си, след като му отказала пари за наркотик was not added because contains words from article title exclusion list: ['пари', 'нарко']
30-11-2025 10:48:28 INFO     ---Article with title: 79-годишна жена се блъсна в кола с електрическа триколка was not added because contains words from article title exclusion list: [' кола', 'блъсна']
30-11-2025 10:48:28 INFO     ---Article with title: Задържан е мъжът, ударил жена в София след лека катастрофа was not added because contains words from article title exclusion list: ['катастроф']
30-11-2025 10:48:28 INFO     ---Article with title: Кола се вряза в дърво край тервелското село Оногур, мъж и жена загинаха на място was not added because contains words from article title exclusion list: ['мъж и жена']
30-11-2025 10:48:28 INFO     ---News article: <<< Издирват жена в района на Северна Витоша >>> was not included in the data because none of BaseWebsite._second_level keywords were found in the article text Article url: https://btvnovinite.bg/bulgaria/izdirvat-zhena-v-rajona-na-severna-vitosha.html
30-11-2025 10:48:28 INFO     	For media btvnovinite.bg (TV news) searching in page https://btvnovinite.bg/bulgaria/?page=49	The number of found articles is: 11
30-11-2025 10:48:28 INFO     Info: ('btvnovinite.bg', 'TV news')
Current page is 49
30-11-2025 10:48:29 INFO     	For media btvnovinite.bg (TV news) searching in page https://btvnovinite.bg/bulgaria/?page=50	The number of found articles is: 11
30-11-2025 10:48:29 INFO     Info: ('btvnovinite.bg', 'TV news')
Current page is 50
30-11-2025 10:48:30 INFO     ---News article: <<< Две жени помагат на трудноподвижен мъж да се прибере, искат му вода и го ограбват в дома му >>> was not included in the data because none of BaseWebsite._second_level keywords were found in the article text Article url: https://btvnovinite.bg/bulgaria/dve-zheni-pomagat-na-trudnopodvizhen-mazh-da-se-pribere-iskat-mu-voda-i-go-ograbvat-v-doma-mu.html
30-11-2025 10:48:30 INFO     ---Article with title: Мъжът, застрелял жена си в магазин в София, е открит мъртъв в кола was not added because contains words from article title exclusion list: [' кола']
30-11-2025 10:48:30 INFO     	For media btvnovinite.bg (TV news) searching in page https://btvnovinite.bg/bulgaria/?page=51	The number of found articles is: 11
30-11-2025 10:48:30 INFO     Info: ('btvnovinite.bg', 'TV news')
Current page is 51
30-11-2025 10:48:30 INFO     ---Article with title: 21-годишна майка и 3-годишното ѝ дете пострадаха при катастрофа в Смолянско (СНИМКИ) was not added because contains words from article title exclusion list: ['катастроф', 'дете']
30-11-2025 10:48:30 INFO     ---Article with title: 29-годишна жена загина след удар между кола и камион във Великотърновско was not added because contains words from article title exclusion list: [' кола', 'камион']
30-11-2025 10:48:31 INFO     +++ Records for the news with Убийство в магазин в София: Жена на 45 години е застреляна в главата (ВИДЕО, ОБНОВЕНА) with url https://btvnovinite.bg/bulgaria/policijata-v-sofija-izdirva-mazh-za-ubijstvoto-na-zhena-sobstvenichka-na-denonoshten-magazin.html and text Убийство е станало в София през изминалата нощ. От СДВР потвърдиха за bTV, че става въпрос за убийство в магазин на ул. "Цар Симеон“. На място са изпратени екипи на полицията. По непотвърдена информация извършителят се издирва. "Сигналът е получен в 22:59. Линейката е там за 8 мин, но само констатира смъртта на жената", информират от Спешна помощ. Жертвата е жена на 45 години. Била е застреляна. Има огнестрелна рана в главата. И по първоначални данни е убита с 4 куршума. Образувано е досъдебно производство. Жената е създала фирмата, с която работи магазина през 2021 година. Хора от района, които я познават, казват, че не са чули нищо, а тя не им е споделяла да има притеснения. Най-вероятно става дума за личен мотив, а не грабеж. Очаквайте подробности! Последвайте ни за още актуални новини в Google News Showcase Последвайте btvnovinite.bg във VIBER Последвайте btvnovinite.bg в INSTAGRAM Последвайте btvnovinite.bg във FACEBOOK Последвайте btvnovinite.bg в TIKTOK  from source: btvnovinite.bg was successfully added to the BaseWebsite._data_dict
30-11-2025 10:48:31 INFO     	For media btvnovinite.bg (TV news) searching in page https://btvnovinite.bg/bulgaria/?page=52	The number of found articles is: 12
30-11-2025 10:48:31 INFO     Info: ('btvnovinite.bg', 'TV news')
Current page is 52
30-11-2025 10:48:32 INFO     ---News article: <<< Условна присъда за учителя, обвинен за сексуални отношения с 13-годишно момиче >>> was not included in the data because none of BaseWebsite._second_level keywords were found in the article text Article url: https://btvnovinite.bg/bulgaria/uslovna-prisada-za-uchitelja-imal-seksualni-otnoshenija-s-13-godishna-uchenichka.html
30-11-2025 10:48:32 INFO     ---Article with title: „Сега отново виждам и мога да се грижа за моето дете“: Спасиха зрението на самотна майка was not added because contains words from article title exclusion list: ['дете']
30-11-2025 10:48:32 INFO     	For media btvnovinite.bg (TV news) searching in page https://btvnovinite.bg/bulgaria/?page=53	The number of found articles is: 12
30-11-2025 10:48:32 INFO     Info: ('btvnovinite.bg', 'TV news')
Current page is 53
30-11-2025 10:48:32 INFO     	For media btvnovinite.bg (TV news) searching in page https://btvnovinite.bg/bulgaria/?page=54	The number of found articles is: 12
30-11-2025 10:48:32 INFO     Info: ('btvnovinite.bg', 'TV news')
Current page is 54
30-11-2025 10:48:33 INFO     	For media btvnovinite.bg (TV news) searching in page https://btvnovinite.bg/bulgaria/?page=55	The number of found articles is: 12
30-11-2025 10:48:33 INFO     Info: ('btvnovinite.bg', 'TV news')
Current page is 55
30-11-2025 10:48:34 INFO     +++ Records for the news with Задържаха 57-годишен мъж, убил майка си по особено жесток начин with url https://btvnovinite.bg/bulgaria/zadarzhaha-57-godishen-mazh-ubil-majka-si-po-osobeno-zhestok-nachin.html and text Задържан е 57-годишен мъж, обвинен за убийството на майка си в с. Студеница, област Шумен, съобщиха от прокуратурата. С решение на Апелативната прокуратура във Варна арестът му е удължен до 72 часа. Бейнан Хюсеин е привлечен към наказателна отговорност за това, че е причинил смъртта на родната си майка. Убийството е извършено с особена жестокост и по особено мъчителен начин за жертвата при условията на домашно насилие, посочват от пресцентъра на Апелативната прокуратура. За случилото се е станало известно на 28 октомври, сигнал е подал внукът на жертвата. Престъплението е извършено в дома на 80-годишната жена. До момента е установено, че 57-годишният мъж е нанесъл на майка си жесток побой, в резултат на който тя е починала. Работата по доказване и документиране на извършеното престъпление продължава и към момента под надзора на прокурор от Окръжна прокуратура-Шумен. Предстои в съда да бъде внесено искане за налагане на най-тежката мярка за неотклонение „задържане под стража“ спрямо обвиняемия. Последвайте ни за още актуални новини в Google News Showcase Последвайте btvnovinite.bg във VIBER Последвайте btvnovinite.bg в INSTAGRAM Последвайте btvnovinite.bg във FACEBOOK Последвайте btvnovinite.bg в TIKTOK from source: btvnovinite.bg was successfully added to the BaseWebsite._data_dict
30-11-2025 10:48:34 INFO     	For media btvnovinite.bg (TV news) searching in page https://btvnovinite.bg/bulgaria/?page=56	The number of found articles is: 13
30-11-2025 10:48:34 INFO     Info: ('btvnovinite.bg', 'TV news')
Current page is 56
30-11-2025 10:48:35 INFO     	For media btvnovinite.bg (TV news) searching in page https://btvnovinite.bg/bulgaria/?page=57	The number of found articles is: 13
30-11-2025 10:48:35 INFO     Info: ('btvnovinite.bg', 'TV news')
Current page is 57
30-11-2025 10:48:35 INFO     ---News article: <<< 26-годишна преби майка си в "Люлин" >>> was not included in the data because none of BaseWebsite._second_level keywords were found in the article text Article url: https://btvnovinite.bg/bulgaria/sadjat-26-godishna-prebila-majka-si-v-ljulin.html
30-11-2025 10:48:35 INFO     	For media btvnovinite.bg (TV news) searching in page https://btvnovinite.bg/bulgaria/?page=58	The number of found articles is: 13
30-11-2025 10:48:35 INFO     Info: ('btvnovinite.bg', 'TV news')
Current page is 58
30-11-2025 10:48:36 INFO     ---Article with title: Зов за помощ: Майка на син с увреждания се нуждае от спешни операции was not added because contains words from article title exclusion list: ['операц']
30-11-2025 10:48:36 INFO     ---Article with title: Откриха майката на дете, намерено само на улица в Добрич was not added because contains words from article title exclusion list: ['дете']
30-11-2025 10:48:36 INFO     	For media btvnovinite.bg (TV news) searching in page https://btvnovinite.bg/bulgaria/?page=59	The number of found articles is: 13
30-11-2025 10:48:36 INFO     Info: ('btvnovinite.bg', 'TV news')
Current page is 59
30-11-2025 10:48:36 INFO     	For media btvnovinite.bg (TV news) searching in page https://btvnovinite.bg/bulgaria/?page=60	The number of found articles is: 13
30-11-2025 10:48:36 INFO     Info: ('btvnovinite.bg', 'TV news')
Current page is 60
30-11-2025 10:48:37 INFO     ---News article: <<< Задържаха 40-годишна за "ало измама", убедила възрастна жена, че "съдейства" на полицията >>> was not included in the data because none of BaseWebsite._second_level keywords were found in the article text Article url: https://btvnovinite.bg/bulgaria/zadarzhaha-40-godishna-za-alo-izmama-ubedila-vazrastna-zhena-che-sadejstva-na-policijata.html
30-11-2025 10:48:37 INFO     	For media btvnovinite.bg (TV news) searching in page https://btvnovinite.bg/bulgaria/?page=61	The number of found articles is: 13
30-11-2025 10:48:37 INFO     Info: ('btvnovinite.bg', 'TV news')
Current page is 61
30-11-2025 10:48:37 INFO     	For media btvnovinite.bg (TV news) searching in page https://btvnovinite.bg/bulgaria/?page=62	The number of found articles is: 13
30-11-2025 10:48:37 INFO     Info: ('btvnovinite.bg', 'TV news')
Current page is 62
30-11-2025 10:48:38 INFO     	For media btvnovinite.bg (TV news) searching in page https://btvnovinite.bg/bulgaria/?page=63	The number of found articles is: 13
30-11-2025 10:48:38 INFO     Info: ('btvnovinite.bg', 'TV news')
Current page is 63
30-11-2025 10:48:39 INFO     ---News article: <<< Георги Георгиев: Бургаската рафинерия и няколко дъщерни дружества на "Лукойл" попадат под санкции от САЩ >>> was not included in the data because none of BaseWebsite._second_level keywords were found in the article text Article url: https://btvnovinite.bg/bulgaria/georgi-georgiev-burgaskata-rafinerija-i-njakolko-dashterni-druzhestva-na-lukojl-otgovarjat-na-kriteriite-za-sankcii-ot-sasht.html
30-11-2025 10:48:39 INFO     	For media btvnovinite.bg (TV news) searching in page https://btvnovinite.bg/bulgaria/?page=64	The number of found articles is: 13
30-11-2025 10:48:39 INFO     Info: ('btvnovinite.bg', 'TV news')
Current page is 64
30-11-2025 10:48:40 INFO     ---News article: <<< Георги Георгиев: Бургаската рафинерия и няколко дъщерни дружества на "Лукойл" попадат под санкции от САЩ >>> was not included in the data because none of BaseWebsite._second_level keywords were found in the article text Article url: https://btvnovinite.bg/bulgaria/georgi-georgiev-burgaskata-rafinerija-i-njakolko-dashterni-druzhestva-na-lukojl-otgovarjat-na-kriteriite-za-sankcii-ot-sasht.html
30-11-2025 10:48:40 INFO     	For media btvnovinite.bg (TV news) searching in page https://btvnovinite.bg/bulgaria/?page=65	The number of found articles is: 13
30-11-2025 10:48:40 INFO     Info: ('btvnovinite.bg', 'TV news')
Current page is 65
30-11-2025 10:48:40 INFO     	For media btvnovinite.bg (TV news) searching in page https://btvnovinite.bg/bulgaria/?page=66	The number of found articles is: 13
30-11-2025 10:48:40 INFO     Info: ('btvnovinite.bg', 'TV news')
Current page is 66
30-11-2025 10:48:41 INFO     	For media btvnovinite.bg (TV news) searching in page https://btvnovinite.bg/bulgaria/?page=67	The number of found articles is: 13
30-11-2025 10:48:41 INFO     Info: ('btvnovinite.bg', 'TV news')
Current page is 67
30-11-2025 10:48:41 INFO     ---Article with title: Ученички се пръскат с лютив спрей в училище в Бургас: Дете и учителка са в болница (ВИДЕО) was not added because contains words from article title exclusion list: ['дете']
30-11-2025 10:48:41 INFO     	For media btvnovinite.bg (TV news) searching in page https://btvnovinite.bg/bulgaria/?page=68	The number of found articles is: 13
30-11-2025 10:48:41 INFO     Info: ('btvnovinite.bg', 'TV news')
Current page is 68
30-11-2025 10:48:42 INFO     ---News article: <<< Президент за един ден стана ученичката Матилда Матева от Ботевград (ВИДЕО) >>> was not included in the data because none of BaseWebsite._second_level keywords were found in the article text Article url: https://btvnovinite.bg/bulgaria/uchenichkata-matilda-mateva-ot-botevgrad-stana-prezident-na-balgarija-za-den-kato-chast-ot-iniciativata-menidzhar-za-edin-den.html
30-11-2025 10:48:42 INFO     	For media btvnovinite.bg (TV news) searching in page https://btvnovinite.bg/bulgaria/?page=69	The number of found articles is: 13
30-11-2025 10:48:42 INFO     Info: ('btvnovinite.bg', 'TV news')
Current page is 69
30-11-2025 10:48:43 INFO     ---News article: <<< Продуцентът на bTV Новините Валерия Чанкова стана майка >>> was not included in the data because none of BaseWebsite._second_level keywords were found in the article text Article url: https://btvnovinite.bg/bulgaria/producentat-na-btv-novinite-valerija-chankova-stana-majka.html
30-11-2025 10:48:43 INFO     ---Article with title: Бившият кмет на Руен за тройното убийство: Причината е пари. Жената ходеше по къщите да цепи дърва was not added because contains words from article title exclusion list: ['пари']
30-11-2025 10:48:43 INFO     	For media btvnovinite.bg (TV news) searching in page https://btvnovinite.bg/bulgaria/?page=70	The number of found articles is: 13
30-11-2025 10:48:43 INFO     Info: ('btvnovinite.bg', 'TV news')
Current page is 70
30-11-2025 10:48:43 INFO     ---Article with title: Майка на дете от 94-то училище: Преди четири месеца пребиха сина ми като куче (ВИДЕО) was not added because contains words from article title exclusion list: ['тир', 'куче', 'дете']
30-11-2025 10:48:44 INFO     +++ Records for the news with Синът, убил майка си, леля си и сестра си в Люляково, не бил допускан да ги доближава with url https://btvnovinite.bg/bulgaria/sinat-ubil-majka-si-lelja-si-i-sestra-si-v-ljuljakovo-ne-bil-dopuskan-da-gi-doblizhava.html and text 25-годишният Фахри Мустафа, убил майка си, леля си и 13-годишната си сестра, не е бил допускан да ги доближава. Сигнал за тройното убийство е получен от 7-годишно момче, брат на убиеца. То оцелява въпреки нараняването си и успява да избяга от къщата. Детето подава сигнала в полицията. Момчето е обяснило, че брат му е прострелял семейството му. Нападението е извършено с ловна пушка. Изпратеният патрул на адреса вижда, че къщата гори. В нея са открити три тела. Заподозреният е избягал след палежа. След това е бил задържан. „Беше агресивен. Ей така минаваше, не сме говорили много с него. Той не говореше с хората“, каза Хайрие, съседка на семейството. „Семейството беше проблемно. Не се разбираха. Имат дело за развод. Цялото семейство беше в едно бедно положение“, каза Хюсеин Ахмед, бивш кмет на община Руен.  Според кмета на Руен Ахмед Мехмед майката не допускала големия си син в имота, в който са живели, защото той ги е тормозил. „Явно някакво отмъщение. Не мога да кажа нищо за психическото му състояние. Работил е тук-там, където намери, като общ работник по строителството“, обясни той, цитиран от БНР. Последвайте ни за още актуални новини в Google News Showcase Последвайте btvnovinite.bg във VIBER Последвайте btvnovinite.bg в INSTAGRAM Последвайте btvnovinite.bg във FACEBOOK Последвайте btvnovinite.bg в TIKTOK from source: btvnovinite.bg was successfully added to the BaseWebsite._data_dict
30-11-2025 10:48:44 INFO     	For media btvnovinite.bg (TV news) searching in page https://btvnovinite.bg/bulgaria/?page=71	The number of found articles is: 14
30-11-2025 10:48:44 INFO     Info: ('btvnovinite.bg', 'TV news')
Current page is 71
30-11-2025 10:48:45 INFO     ---News article: <<< Продуцентът на bTV Новините Валерия Чанкова стана майка >>> was not included in the data because none of BaseWebsite._second_level keywords were found in the article text Article url: https://btvnovinite.bg/bulgaria/producentat-na-btv-novinite-valerija-chankova-stana-majka.html
30-11-2025 10:48:45 INFO     ---Article with title: Бившият кмет на Руен за тройното убийство: Причината е пари. Жената ходеше по къщите да цепи дърва was not added because contains words from article title exclusion list: ['пари']
30-11-2025 10:48:45 INFO     	For media btvnovinite.bg (TV news) searching in page https://btvnovinite.bg/bulgaria/?page=72	The number of found articles is: 14
30-11-2025 10:48:45 INFO     Info: ('btvnovinite.bg', 'TV news')
Current page is 72
30-11-2025 10:48:46 INFO     +++ Records for the news with Майката на Красимир: На мравката път правеше... И да го убият като прасе в мол with url https://btvnovinite.bg/bulgaria/majkata-na-ubitija-krasimie.html and text Стотици близки, приятели и съпричастни на семейството на 15-годишния Красимир, който беше фатално ранен с нож в столичен мол, излязоха на протест тази вечер. Пред сградата на СДВР те поискаха доживотен затвор за извършителя, по-строги закони, както и сигурност за всички деца. Преди това демонстрацията, охранявана от полицията, премина по бул. "Тодор Александров". Родителите на Красимир са категорични – искат извършителят да бъде съден като възрастен.  Той беше задържан през миналата нощ - 15-годишен с редица криминални прояви. "Беше възпитан, на мравката път правеше, никога вражди не е имал… И да го убият като прасе в мол, да отиде да се разхожда на ескалатора, да го наръгат с нож, не го е заслужавал. Искаме доживот да го осъдят - нашето дете няма да се върне, искаме неговите родители да изпитат нашата болка", коментира Надежда Асенова - майката на Красимир, пред bTV. "Никой не ми дава сведения за моето дете - кога ще ми го дадат, да си го погреба, никой не ми ги дава. Нямам думи в България, нямам думи", заяви бащата на убито момче Кирил Илиев. Последвайте ни за още актуални новини в Google News Showcase Последвайте btvnovinite.bg във VIBER Последвайте btvnovinite.bg в INSTAGRAM Последвайте btvnovinite.bg във FACEBOOK Последвайте btvnovinite.bg в TIKTOK from source: btvnovinite.bg was successfully added to the BaseWebsite._data_dict
30-11-2025 10:48:46 INFO     	For media btvnovinite.bg (TV news) searching in page https://btvnovinite.bg/bulgaria/?page=73	The number of found articles is: 15
30-11-2025 10:48:46 INFO     Info: ('btvnovinite.bg', 'TV news')
Current page is 73
30-11-2025 10:48:48 INFO     +++ Records for the news with Задържаха мъж, пребил с дървена тояга 16-годишната си дъщеря with url https://btvnovinite.bg/bulgaria/zadarzhaha-mazh-prebil-s-darvena-tojaga-16-godishnata-si-dashterja.html and text Задържаха 52-годишен мъж, нанесъл средна телесна повреда на непълнолетната си дъщеря. За това съобщиха от Софийската районна прокуратура. Събраните до момента доказателства сочат, че на 15 октомври 2025 г. в къща в гр. Банкя, обвиняемият Е.Д. е нанесъл няколко удара с дървена тояга по лявата ръка на 16-годишната си дъщеря, като й е счупил кост на лявата предмишница. Вследствие на това й е причинил средна телесна повреда. Деянието е извършено в условията на домашно насилие. По случая се води досъдебно производство. Е. Д.  е осъждан в миналото, но е реабилитиран. Обвиняемият е задържан за срок до 72 часа с постановление на наблюдаващ прокурор. Прокурор е внесъл искане в Софийски районен съд за определяне на мярка за неотклонение „задържане под стража“ спрямо обвиняемия. Състав на съда се е съгласил с искането и му е наложил най-тежката мярка за неотклонение – „задържане под стража“ . Мярката подлежи на обжалване пред Софийски градски съд.  Последвайте ни за още актуални новини в Google News Showcase Последвайте btvnovinite.bg във VIBER Последвайте btvnovinite.bg в INSTAGRAM Последвайте btvnovinite.bg във FACEBOOK Последвайте btvnovinite.bg в TIKTOK  from source: btvnovinite.bg was successfully added to the BaseWebsite._data_dict
30-11-2025 10:48:48 INFO     	For media btvnovinite.bg (TV news) searching in page https://btvnovinite.bg/bulgaria/?page=74	The number of found articles is: 16
30-11-2025 10:48:48 INFO     Info: ('btvnovinite.bg', 'TV news')
Current page is 74
30-11-2025 10:48:48 INFO     	For media btvnovinite.bg (TV news) searching in page https://btvnovinite.bg/bulgaria/?page=75	The number of found articles is: 16
30-11-2025 10:48:48 INFO     Info: ('btvnovinite.bg', 'TV news')
Current page is 75
30-11-2025 10:48:49 INFO     ---Article with title: 24-годишно момиче загина, след като кола се преобърна по таван в Петричко was not added because contains words from article title exclusion list: [' кола']
30-11-2025 10:48:49 INFO     	For media btvnovinite.bg (TV news) searching in page https://btvnovinite.bg/bulgaria/?page=76	The number of found articles is: 16
30-11-2025 10:48:49 INFO     Info: ('btvnovinite.bg', 'TV news')
Current page is 76
30-11-2025 10:48:49 INFO     ***Article with title: <<< „Той не се вписва в този свят“: Майка уби сина си с аутизъм, след като „глас ѝ заповядва“ >>> already existed within the media archive as URL and Title. 
30-11-2025 10:48:49 INFO     	For media btvnovinite.bg (TV news) searching in page https://btvnovinite.bg/bulgaria/?page=77	The number of found articles is: 16
30-11-2025 10:48:49 INFO     Info: ('btvnovinite.bg', 'TV news')
Current page is 77
30-11-2025 10:48:49 INFO     The info of the df after transform it from the _data_dict is: (16, 9) (rows/cols)
30-11-2025 10:48:49 INFO     Info: ('btvnovinite.bg', 'TV news')
Last page was: 77
30-11-2025 10:48:49 INFO     The 'export/btvnovinite.bg/btvnovinite.bg_archive.csv' was updated with 16 articles
30-11-2025 10:48:50 INFO     @The article collection for btvnovinite.bg is done!
30-11-2025 10:48:50 INFO     Opening: 'export/bntnews.bg/bntnews.bg_archive.csv' >>>
30-11-2025 10:48:50 INFO     	For media bntnews.bg (TV news) searching in page https://bntnews.bg/bg/c/bulgaria?page=1	The number of found articles is: 0
30-11-2025 10:48:50 INFO     Info: ('bntnews.bg', 'TV news')
Current page is 1
30-11-2025 10:48:50 INFO     ***Can't find the html section/box by self.section_class or self.title_class
30-11-2025 10:48:50 INFO     ***!get_data function interruption for some reason
30-11-2025 10:48:50 INFO     	For media bntnews.bg (TV news) searching in page https://bntnews.bg/bg/c/bulgaria?page=2	The number of found articles is: 0
30-11-2025 10:48:50 INFO     Info: ('bntnews.bg', 'TV news')
Current page is 2
30-11-2025 10:48:50 INFO     The info of the df after transform it from the _data_dict is: (0, 9) (rows/cols)
30-11-2025 10:48:50 INFO     Info: ('bntnews.bg', 'TV news')
Last page was: 2
30-11-2025 10:48:50 INFO     The 'export/bntnews.bg/bntnews.bg_archive.csv' was updated with 0 articles
30-11-2025 10:48:51 INFO     @The article collection for bntnews.bg is done!
30-11-2025 10:48:51 INFO     Opening: 'export/nova.bg/nova.bg_archive.csv' >>>
30-11-2025 10:48:51 INFO     	For media nova.bg (TV news) searching in page https://nova.bg/news/category/2/%D0%B1%D1%8A%D0%BB%D0%B3%D0%B0%D1%80%D0%B8%D1%8F/1	The number of found articles is: 0
30-11-2025 10:48:51 INFO     Info: ('nova.bg', 'TV news')
Current page is 1
30-11-2025 10:48:51 INFO     	For media nova.bg (TV news) searching in page https://nova.bg/news/category/2/%D0%B1%D1%8A%D0%BB%D0%B3%D0%B0%D1%80%D0%B8%D1%8F/2	The number of found articles is: 0
30-11-2025 10:48:51 INFO     Info: ('nova.bg', 'TV news')
Current page is 2
30-11-2025 10:48:51 INFO     	For media nova.bg (TV news) searching in page https://nova.bg/news/category/2/%D0%B1%D1%8A%D0%BB%D0%B3%D0%B0%D1%80%D0%B8%D1%8F/3	The number of found articles is: 0
30-11-2025 10:48:51 INFO     Info: ('nova.bg', 'TV news')
Current page is 3
30-11-2025 10:48:52 INFO     +++ Records for the news with С песен Папи Ханс каза „не” на насилието над жени with url https://nova.bg/news/view/2025/11/29/519230/%D1%81-%D0%BF%D0%B5%D1%81%D0%B5%D0%BD-%D0%BF%D0%B0%D0%BF%D0%B8-%D1%85%D0%B0%D0%BD%D1%81-%D0%BA%D0%B0%D0%B7%D0%B0-%D0%BD%D0%B5-%D0%BD%D0%B0-%D0%BD%D0%B0%D1%81%D0%B8%D0%BB%D0%B8%D0%B5%D1%82%D0%BE-%D0%BD%D0%B0%D0%B4-%D0%B6%D0%B5%D0%BD%D0%B8/ and text Една песен разбуни духовете и се превърна в огледало на тайните, които обществото ни не може и не иска да си признае. „Татко, влюбих се в мъжкар” е заглавието на последното парче, написано от Папи Ханс. По неподозиран начин то постави на дневен ред темата за домашното насилие, която всъщност никога не е изчезвала от него. Последвайте ни from source: nova.bg was successfully added to the BaseWebsite._data_dict
30-11-2025 10:48:52 INFO     	For media nova.bg (TV news) searching in page https://nova.bg/news/category/2/%D0%B1%D1%8A%D0%BB%D0%B3%D0%B0%D1%80%D0%B8%D1%8F/4	The number of found articles is: 1
30-11-2025 10:48:52 INFO     Info: ('nova.bg', 'TV news')
Current page is 4
30-11-2025 10:48:52 INFO     	For media nova.bg (TV news) searching in page https://nova.bg/news/category/2/%D0%B1%D1%8A%D0%BB%D0%B3%D0%B0%D1%80%D0%B8%D1%8F/5	The number of found articles is: 1
30-11-2025 10:48:52 INFO     Info: ('nova.bg', 'TV news')
Current page is 5
30-11-2025 10:48:52 INFO     ---Article with title: Задържаха четирима за отвличане на жена в Николаево was not added because contains words from article title exclusion list: ['тир']
30-11-2025 10:48:52 INFO     	For media nova.bg (TV news) searching in page https://nova.bg/news/category/2/%D0%B1%D1%8A%D0%BB%D0%B3%D0%B0%D1%80%D0%B8%D1%8F/6	The number of found articles is: 1
30-11-2025 10:48:52 INFO     Info: ('nova.bg', 'TV news')
Current page is 6
30-11-2025 10:48:53 INFO     	For media nova.bg (TV news) searching in page https://nova.bg/news/category/2/%D0%B1%D1%8A%D0%BB%D0%B3%D0%B0%D1%80%D0%B8%D1%8F/7	The number of found articles is: 1
30-11-2025 10:48:53 INFO     Info: ('nova.bg', 'TV news')
Current page is 7
30-11-2025 10:48:53 INFO     +++ Records for the news with „По-добре не се прибирай, защото ще те убия“: Прокуратурата обвини мъж за побой над майка му и дъщеря му with url https://nova.bg/news/view/2025/11/28/519128/%D0%BF%D0%BE-%D0%B4%D0%BE%D0%B1%D1%80%D0%B5-%D0%BD%D0%B5-%D1%81%D0%B5-%D0%BF%D1%80%D0%B8%D0%B1%D0%B8%D1%80%D0%B0%D0%B9-%D0%B7%D0%B0%D1%89%D0%BE%D1%82%D0%BE-%D1%89%D0%B5-%D1%82%D0%B5-%D1%83%D0%B1%D0%B8%D1%8F-%D0%BF%D1%80%D0%BE%D0%BA%D1%83%D1%80%D0%B0%D1%82%D1%83%D1%80%D0%B0%D1%82%D0%B0-%D0%BE%D0%B1%D0%B2%D0%B8%D0%BD%D0%B8-%D0%BC%D1%8A%D0%B6-%D0%B7%D0%B0-%D0%BF%D0%BE%D0%B1%D0%BE%D0%B9-%D0%BD%D0%B0%D0%B4-%D0%BC%D0%B0%D0%B9%D0%BA%D0%B0-%D0%BC%D1%83-%D0%B8-%D0%B4%D1%8A%D1%89%D0%B5%D1%80%D1%8F-%D0%BC%D1%83/ and text Софийската районна прокуратура обвини и задържа 58-годишен мъж за побой над майка му и дъщеря му. Събраните до момента доказателства сочат, че на 26 ноември в софийския ж.к. „Сухата река“ обвиняемият дърпал за косата 19-годишната си дъщеря и ѝ нанесъл удари с ръце в областта на лицето и главата. Вследствие на това ѝ е причинил множество кръвонасядания. 20-годишен е в болница след масов бой в Казанлък По същото време мъжът е удрял в лицето и шията на своята майка, като причинил и на нея кръвонасядания, както и охлузвания. Освен това обвиняемият се заканил с убийство на дъщеря си, като ѝ казал: „Като излезеш от стаята ще те убия! По-добре не се прибирай, защото ще те убия!“, докато удрял с ръце по вратата. По случая е образувано досъдебно производство за лека телесна повреда, за коeто се предвижда eфективна присъда. Отскубната коса и избити зъби: Прокуратурата обвини мъж за жесток побой над жена му С постановление на наблюдаващ прокурор мъжът е задържан за срок до 72 часа. Прокурор е внесъл искане за определяне на постоянна мярка за неотклонение „задържане под стража“ спрямо обвиняемия. Последвайте ни from source: nova.bg was successfully added to the BaseWebsite._data_dict
30-11-2025 10:48:53 INFO     	For media nova.bg (TV news) searching in page https://nova.bg/news/category/2/%D0%B1%D1%8A%D0%BB%D0%B3%D0%B0%D1%80%D0%B8%D1%8F/8	The number of found articles is: 2
30-11-2025 10:48:53 INFO     Info: ('nova.bg', 'TV news')
Current page is 8
30-11-2025 10:48:53 INFO     	For media nova.bg (TV news) searching in page https://nova.bg/news/category/2/%D0%B1%D1%8A%D0%BB%D0%B3%D0%B0%D1%80%D0%B8%D1%8F/9	The number of found articles is: 2
30-11-2025 10:48:53 INFO     Info: ('nova.bg', 'TV news')
Current page is 9
30-11-2025 10:48:53 INFO     	For media nova.bg (TV news) searching in page https://nova.bg/news/category/2/%D0%B1%D1%8A%D0%BB%D0%B3%D0%B0%D1%80%D0%B8%D1%8F/10	The number of found articles is: 2
30-11-2025 10:48:53 INFO     Info: ('nova.bg', 'TV news')
Current page is 10
30-11-2025 10:48:54 INFO     +++ Records for the news with Нападнаха и ограбиха златните бижута на 65-годишна жена в София with url https://nova.bg/news/view/2025/11/27/519050/%D0%BD%D0%B0%D0%BF%D0%B0%D0%B4%D0%BD%D0%B0%D1%85%D0%B0-%D0%B8-%D0%BE%D0%B3%D1%80%D0%B0%D0%B1%D0%B8%D1%85%D0%B0-%D0%B7%D0%BB%D0%B0%D1%82%D0%BD%D0%B8%D1%82%D0%B5-%D0%B1%D0%B8%D0%B6%D1%83%D1%82%D0%B0-%D0%BD%D0%B0-65-%D0%B3%D0%BE%D0%B4%D0%B8%D1%88%D0%BD%D0%B0-%D0%B6%D0%B5%D0%BD%D0%B0-%D0%B2-%D1%81%D0%BE%D1%84%D0%B8%D1%8F/ and text 30-годишен мъж е обвинен и задържан за грабеж на възрастна жена в столичния квартал „Илинден“, съобщиха от Софийската районна прокуратура. Според обвинението нападателят, който има предишни осъждания, използвал сила, за да отнеме златни бижута от 65-годишната жертва. Според събраните до момента доказателства престъплението е извършено на 13 септември 2025 г. около 14:20 часа. Пред жилищен блок в ж.к. „Илинден“ обвиняемият нападнал 65-годишната жена, като я бутнал с ръце в гърба. След като пострадалата паднала на земята, той я натиснал за гушата и издърпал от врата ѝ златни бижута на обща стойност 1190 лева. Задържаха двама мъже, нападнали и ограбили сириец в София По случая е образувано досъдебно производство. Законът предвижда наказание „лишаване от свобода“ от 3 до 10 години за такова деяние. След задържането му за срок до 72 часа с прокурорско постановление, наблюдаващият прокурор е внесъл искане в Софийския районен съд за налагане на постоянна мярка за неотклонение „задържане под стража“. Съдът е уважил искането и е оставил обвиняемия в ареста. Определението на съда не е окончателно и подлежи на обжалване пред Софийски градски съд. Последвайте ни from source: nova.bg was successfully added to the BaseWebsite._data_dict
30-11-2025 10:48:54 INFO     	For media nova.bg (TV news) searching in page https://nova.bg/news/category/2/%D0%B1%D1%8A%D0%BB%D0%B3%D0%B0%D1%80%D0%B8%D1%8F/11	The number of found articles is: 3
30-11-2025 10:48:54 INFO     Info: ('nova.bg', 'TV news')
Current page is 11
30-11-2025 10:48:54 INFO     	For media nova.bg (TV news) searching in page https://nova.bg/news/category/2/%D0%B1%D1%8A%D0%BB%D0%B3%D0%B0%D1%80%D0%B8%D1%8F/12	The number of found articles is: 3
30-11-2025 10:48:54 INFO     Info: ('nova.bg', 'TV news')
Current page is 12
30-11-2025 10:48:54 INFO     	For media nova.bg (TV news) searching in page https://nova.bg/news/category/2/%D0%B1%D1%8A%D0%BB%D0%B3%D0%B0%D1%80%D0%B8%D1%8F/13	The number of found articles is: 3
30-11-2025 10:48:54 INFO     Info: ('nova.bg', 'TV news')
Current page is 13
30-11-2025 10:48:54 INFO     	For media nova.bg (TV news) searching in page https://nova.bg/news/category/2/%D0%B1%D1%8A%D0%BB%D0%B3%D0%B0%D1%80%D0%B8%D1%8F/14	The number of found articles is: 3
30-11-2025 10:48:54 INFO     Info: ('nova.bg', 'TV news')
Current page is 14
30-11-2025 10:48:55 INFO     	For media nova.bg (TV news) searching in page https://nova.bg/news/category/2/%D0%B1%D1%8A%D0%BB%D0%B3%D0%B0%D1%80%D0%B8%D1%8F/15	The number of found articles is: 3
30-11-2025 10:48:55 INFO     Info: ('nova.bg', 'TV news')
Current page is 15
30-11-2025 10:48:55 INFO     ---News article: <<< ЗОВ ЗА ПОМОЩ: Да спасим живота на една млада майка >>> was not included in the data because none of BaseWebsite._second_level keywords were found in the article text Article url: https://nova.bg/news/view/2025/11/26/518871/%D0%B7%D0%BE%D0%B2-%D0%B7%D0%B0-%D0%BF%D0%BE%D0%BC%D0%BE%D1%89-%D0%B4%D0%B0-%D1%81%D0%BF%D0%B0%D1%81%D0%B8%D0%BC-%D0%B6%D0%B8%D0%B2%D0%BE%D1%82%D0%B0-%D0%BD%D0%B0-%D0%B5%D0%B4%D0%BD%D0%B0-%D0%BC%D0%BB%D0%B0%D0%B4%D0%B0-%D0%BC%D0%B0%D0%B9%D0%BA%D0%B0/
30-11-2025 10:48:55 INFO     	For media nova.bg (TV news) searching in page https://nova.bg/news/category/2/%D0%B1%D1%8A%D0%BB%D0%B3%D0%B0%D1%80%D0%B8%D1%8F/16	The number of found articles is: 3
30-11-2025 10:48:55 INFO     Info: ('nova.bg', 'TV news')
Current page is 16
30-11-2025 10:48:56 INFO     +++ Records for the news with „Нито една повече": Протести в няколко града у нас срещу насилието над жени (СНИМКИ) with url https://nova.bg/news/view/2025/11/25/518836/%D0%BD%D0%B8%D1%82%D0%BE-%D0%B5%D0%B4%D0%BD%D0%B0-%D0%BF%D0%BE%D0%B2%D0%B5%D1%87%D0%B5-%D0%BF%D1%80%D0%BE%D1%82%D0%B5%D1%81%D1%82%D0%B8-%D0%B2-%D0%BD%D1%8F%D0%BA%D0%BE%D0%BB%D0%BA%D0%BE-%D0%B3%D1%80%D0%B0%D0%B4%D0%B0-%D1%83-%D0%BD%D0%B0%D1%81-%D1%81%D1%80%D0%B5%D1%89%D1%83-%D0%BD%D0%B0%D1%81%D0%B8%D0%BB%D0%B8%D0%B5%D1%82%D0%BE-%D0%BD%D0%B0%D0%B4-%D0%B6%D0%B5%D0%BD%D0%B8-%D1%81%D0%BD%D0%B8%D0%BC%D0%BA%D0%B8/ and text Протестни шествия в няколко града у нас под наслов „Нито една повече”. В Международния ден срещу насилието над жени институции и организации алармираха за сериозни пропуски в системата по отношение на защитата на жертвите. И изведоха тревожни данни - от началото на годината 23 жени са изгубили живота си вследствие на насилие у нас. Протестът в София се проведе пред вратите на Съдебната палата с надежда на по-бързо законодателно действие за жертвите. Подобни протести има в Пловдив и Стара Загора.  От МВР уточняват, че 5252 са заповедите за незабавна защита, което е ръст с 18% спрямо предходната година. Данните на социалните институции показват, че от началото на 2025 г. до септември случаите на домашно насилие са 1203, като обръщат внимание, че повечето от тях са за насилие над деца.  Сред нерешените проблеми са липса на кризисни центрове, както и недостиг на иначе безплатната психологическа, юридическа и социална подкрепа на пострадалите в най-малките населени места и дори в някои по-гъстонаселени региони. “Наистина вярвам, че ще има справедливост за моите деца, но до този момент такава няма”, сподели Роза, която преди година бива пребита почти до смърт от мъжа си пред очите на трите им деца. Тогава вместо работеща система – тя среща стена. Снимка: Анна Карадакова, NOVA “Три екипа от полицията в Пирдоп дойдоха. Видяха ме – просто се обърнаха и си тръгнаха. Аз издъхвам – те ме разпитват, давам обяснения, разказах абсолютно всичко”, разказа тя. Три месеца след случая с осакатената при побой жена: Защо за системата това е средна телесна повреда С отстранен яйчник, две счупени ръце и пречупена психика, тя събира смелост - и разказва историята си в ефира на NOVA. Kолелото се завърта: шефът на полицията в Пирдоп губи работата си, насилникът е задържан. За 8 месеца, които, според закона, са максималният срок той да бъде в ареста преди да бъде осъден. Делото още тече. Снимка: Анна Карадакова, NOVA “Той е на свобода, в мен страхът живее. Този насилник заплашвал съседката, която ме спаси, да оттегли показанията си и тя го направи. И се наложи моето момиче да застане пред съдия и да разкаже всичко. Защо не погледнат истината в техните очи – щом в моите я няма”, попита Роза. В същото време системата все пак е направила крачка напред – с вече готовия Национален координационен механизъм. Отскубната коса и избити зъби: Прокуратурата обвини мъж за жесток побой над жена му “Не една жена да обикаля 4 гишета на 4 институции и 4 пъти да преживява ужаса да разкаже какво й се е случило, а когато това е станало известно на социалния работник или на лекар в спешната помощ – по веригата останалите да разберат,  за да можем да предоставим защита”, каза правосъдният министър Георги Георгиев. Но по думите му има нужда от още работа. Снимка: Анна Карадакова, NOVA “Липсата на мрежа от кризисни центрове – това все още е проблем в някои населени места. Все още в 15 от 28 областни центрове липсват специализирани услуги за подслон и подкрепа”, сподели омбудсманът Велислава Делчева. “Лечебните заведения нямат никаква подготовка в страната да вземат сезиращата молба на жертвата, когато тя е с телесни проблеми и е настанена за лечение – и да я входират в районния съд по местонахождение”, смята Катя Кръстанова от фондация „Асоциация Анимус“. Докато едни чакат системата да заработи по-плавно - Роза също чака: справедливост. И въпреки че тъкмо е преминала през операция номер 5, на мястото на синините вече има усмивка. “Надявам се и ще продължавам да вярвам, че ще има справедливост и я чакам заради моите деца”, сподели Роза. Снимка: Анна Карадакова, NOVA Последвайте ни from source: nova.bg was successfully added to the BaseWebsite._data_dict
30-11-2025 10:48:56 INFO     	For media nova.bg (TV news) searching in page https://nova.bg/news/category/2/%D0%B1%D1%8A%D0%BB%D0%B3%D0%B0%D1%80%D0%B8%D1%8F/17	The number of found articles is: 4
30-11-2025 10:48:56 INFO     Info: ('nova.bg', 'TV news')
Current page is 17
30-11-2025 10:48:56 INFO     	For media nova.bg (TV news) searching in page https://nova.bg/news/category/2/%D0%B1%D1%8A%D0%BB%D0%B3%D0%B0%D1%80%D0%B8%D1%8F/18	The number of found articles is: 4
30-11-2025 10:48:56 INFO     Info: ('nova.bg', 'TV news')
Current page is 18
30-11-2025 10:48:56 INFO     ---Article with title: Тормозът срещу млада майка продължава: Заплахи от непознати номера и кола, залята с червена боя was not added because contains words from article title exclusion list: [' кола']
30-11-2025 10:48:56 INFO     	For media nova.bg (TV news) searching in page https://nova.bg/news/category/2/%D0%B1%D1%8A%D0%BB%D0%B3%D0%B0%D1%80%D0%B8%D1%8F/19	The number of found articles is: 4
30-11-2025 10:48:56 INFO     Info: ('nova.bg', 'TV news')
Current page is 19
30-11-2025 10:48:57 INFO     +++ Records for the news with Българският фонд за жените набира средства за жертви на насилие с кампанията „Грижа на всяка цена“ with url https://nova.bg/news/view/2025/11/25/518722/%D0%B1%D1%8A%D0%BB%D0%B3%D0%B0%D1%80%D1%81%D0%BA%D0%B8%D1%8F%D1%82-%D1%84%D0%BE%D0%BD%D0%B4-%D0%B7%D0%B0-%D0%B6%D0%B5%D0%BD%D0%B8%D1%82%D0%B5-%D0%BD%D0%B0%D0%B1%D0%B8%D1%80%D0%B0-%D1%81%D1%80%D0%B5%D0%B4%D1%81%D1%82%D0%B2%D0%B0-%D0%B7%D0%B0-%D0%B6%D0%B5%D1%80%D1%82%D0%B2%D0%B8-%D0%BD%D0%B0-%D0%BD%D0%B0%D1%81%D0%B8%D0%BB%D0%B8%D0%B5-%D1%81-%D0%BA%D0%B0%D0%BC%D0%BF%D0%B0%D0%BD%D0%B8%D1%8F%D1%82%D0%B0-%D0%B3%D1%80%D0%B8%D0%B6%D0%B0-%D0%BD%D0%B0-%D0%B2%D1%81%D1%8F%D0%BA%D0%B0-%D1%86%D0%B5%D0%BD%D0%B0/ and text Днес отбелязваме Международния ден за елиминиране на насилието над жени. В София се организира протестно шествие под надслов „Нито една повече”. Основната цел на демонстрацията е да привлече вниманието на обществото и институциите към тревожните нива на домашно насилие, нуждата от незабавни законодателни промени и адекватни ресурси за подкрепа на жертвите. 27% ръст на сигналите за деца, станали жертва на насилие. 31% от тях - пострадали физически Надежда Дерменджиева от Българския фонд за жените коментира в ефира на „Здравей, България“ системните пропуски, които позволяват случаите на домашно насилие да се повтарят, въпреки сигналите, ограничителните заповеди и медийния натиск. „Работата и животът са ме срещнали с много такива случаи. Системата работи, но бавно и тромаво. Най-трудно се променя мисленето и менталитетът на хората“, обясни Дерменджиева. Тя подчерта, че има кой да подаде ръка: „Това са хората на първа линия – колегите от кризисните центрове.“ Тя представи и кампанията „Грижа на всяка цена“, организирана ежегодно от Българския фонд за жените. „Кризисните центрове не са достатъчно финансирани. Набираме средства за мебели, услуги за жертвите, отопление през зимата. Хората могат да дарят през платформата БГ или с ДМС на номер 17777 с текст „СИЛА“. 23 убити жени от началото на годината – без официална статистика Тя посочи, че въпреки публичността и намесата на институциите и медиите, тормозът над много жени продължава. „От началото на 2025 година до днес 23 жени са изгубили живота си от упражнено над тях насилие. Това са данни от медийни публикации – държавата все още не води официална статистика“, подчерта тя. Въпреки мрачните данни, Дерменджиева смята, че усилия се правят. „Системата все пак се опитва да работи. Хора като нас – неправителствените организации, активистите бутаме системата да работи.“ Според нея основният проблем е ясен: „Не достига политическа воля. Неразбиране и непризнаване на проблема, нежелание да се работи и да се финансира. Най-важна е превенцията“. Тя допълни, че неправителствените организации работят активно по ранното разпознаване на признаци на насилие, но не могат да заместят държавата: „Ако имаше политическа воля, можеше отдавна да бъде въведен предмет за човешки права в училищата – с ненасилствена комуникация, с разбиране, че жените са хора. Вече щяхме да сме възпитали поколение, което по-малко толерира насилието“. „С 20 години закъснение се прие национален координационен механизъм за борба с домашното насилие. Най-после държавата има протокол за реакция – всички институции трябва да се задействат при подаден сигнал, а не жертвата да обикаля от врата на врата и да се ретравмира“, смята тя. Ако искате да дарите средства и да подкрепите постарадалите от домашно насилие, може да го направите ТУК. Повече по темата гледайте във видеата. Последвайте ни from source: nova.bg was successfully added to the BaseWebsite._data_dict
30-11-2025 10:48:57 INFO     	For media nova.bg (TV news) searching in page https://nova.bg/news/category/2/%D0%B1%D1%8A%D0%BB%D0%B3%D0%B0%D1%80%D0%B8%D1%8F/20	The number of found articles is: 5
30-11-2025 10:48:57 INFO     Info: ('nova.bg', 'TV news')
Current page is 20
30-11-2025 10:48:57 INFO     	For media nova.bg (TV news) searching in page https://nova.bg/news/category/2/%D0%B1%D1%8A%D0%BB%D0%B3%D0%B0%D1%80%D0%B8%D1%8F/21	The number of found articles is: 5
30-11-2025 10:48:57 INFO     Info: ('nova.bg', 'TV news')
Current page is 21
30-11-2025 10:48:57 INFO     	For media nova.bg (TV news) searching in page https://nova.bg/news/category/2/%D0%B1%D1%8A%D0%BB%D0%B3%D0%B0%D1%80%D0%B8%D1%8F/22	The number of found articles is: 5
30-11-2025 10:48:57 INFO     Info: ('nova.bg', 'TV news')
Current page is 22
30-11-2025 10:48:57 INFO     ---Article with title: Млада жена е с опасност за живота след тежка катастрофа на пътя Варна-Добрич was not added because contains words from article title exclusion list: ['катастроф']
30-11-2025 10:48:57 INFO     	For media nova.bg (TV news) searching in page https://nova.bg/news/category/2/%D0%B1%D1%8A%D0%BB%D0%B3%D0%B0%D1%80%D0%B8%D1%8F/23	The number of found articles is: 5
30-11-2025 10:48:57 INFO     Info: ('nova.bg', 'TV news')
Current page is 23
30-11-2025 10:48:58 INFO     	For media nova.bg (TV news) searching in page https://nova.bg/news/category/2/%D0%B1%D1%8A%D0%BB%D0%B3%D0%B0%D1%80%D0%B8%D1%8F/24	The number of found articles is: 5
30-11-2025 10:48:58 INFO     Info: ('nova.bg', 'TV news')
Current page is 24
30-11-2025 10:48:58 INFO     ---News article: <<< Мария Петрова: Силните жени привличат сложни мъже >>> was not included in the data because none of BaseWebsite._second_level keywords were found in the article text Article url: https://nova.bg/news/view/2025/11/23/518488/%D0%BC%D0%B0%D1%80%D0%B8%D1%8F-%D0%BF%D0%B5%D1%82%D1%80%D0%BE%D0%B2%D0%B0-%D1%81%D0%B8%D0%BB%D0%BD%D0%B8%D1%82%D0%B5-%D0%B6%D0%B5%D0%BD%D0%B8-%D0%BF%D1%80%D0%B8%D0%B2%D0%BB%D0%B8%D1%87%D0%B0%D1%82-%D1%81%D0%BB%D0%BE%D0%B6%D0%BD%D0%B8-%D0%BC%D1%8A%D0%B6%D0%B5/
30-11-2025 10:48:58 INFO     	For media nova.bg (TV news) searching in page https://nova.bg/news/category/2/%D0%B1%D1%8A%D0%BB%D0%B3%D0%B0%D1%80%D0%B8%D1%8F/25	The number of found articles is: 5
30-11-2025 10:48:58 INFO     Info: ('nova.bg', 'TV news')
Current page is 25
30-11-2025 10:48:58 INFO     	For media nova.bg (TV news) searching in page https://nova.bg/news/category/2/%D0%B1%D1%8A%D0%BB%D0%B3%D0%B0%D1%80%D0%B8%D1%8F/26	The number of found articles is: 5
30-11-2025 10:48:58 INFO     Info: ('nova.bg', 'TV news')
Current page is 26
30-11-2025 10:48:58 INFO     	For media nova.bg (TV news) searching in page https://nova.bg/news/category/2/%D0%B1%D1%8A%D0%BB%D0%B3%D0%B0%D1%80%D0%B8%D1%8F/27	The number of found articles is: 5
30-11-2025 10:48:58 INFO     Info: ('nova.bg', 'TV news')
Current page is 27
30-11-2025 10:48:58 INFO     	For media nova.bg (TV news) searching in page https://nova.bg/news/category/2/%D0%B1%D1%8A%D0%BB%D0%B3%D0%B0%D1%80%D0%B8%D1%8F/28	The number of found articles is: 5
30-11-2025 10:48:58 INFO     Info: ('nova.bg', 'TV news')
Current page is 28
30-11-2025 10:48:58 INFO     	For media nova.bg (TV news) searching in page https://nova.bg/news/category/2/%D0%B1%D1%8A%D0%BB%D0%B3%D0%B0%D1%80%D0%B8%D1%8F/29	The number of found articles is: 5
30-11-2025 10:48:58 INFO     Info: ('nova.bg', 'TV news')
Current page is 29
30-11-2025 10:48:58 INFO     	For media nova.bg (TV news) searching in page https://nova.bg/news/category/2/%D0%B1%D1%8A%D0%BB%D0%B3%D0%B0%D1%80%D0%B8%D1%8F/30	The number of found articles is: 5
30-11-2025 10:48:58 INFO     Info: ('nova.bg', 'TV news')
Current page is 30
30-11-2025 10:48:59 INFO     	For media nova.bg (TV news) searching in page https://nova.bg/news/category/2/%D0%B1%D1%8A%D0%BB%D0%B3%D0%B0%D1%80%D0%B8%D1%8F/31	The number of found articles is: 5
30-11-2025 10:48:59 INFO     Info: ('nova.bg', 'TV news')
Current page is 31
30-11-2025 10:48:59 INFO     	For media nova.bg (TV news) searching in page https://nova.bg/news/category/2/%D0%B1%D1%8A%D0%BB%D0%B3%D0%B0%D1%80%D0%B8%D1%8F/32	The number of found articles is: 5
30-11-2025 10:48:59 INFO     Info: ('nova.bg', 'TV news')
Current page is 32
30-11-2025 10:48:59 INFO     	For media nova.bg (TV news) searching in page https://nova.bg/news/category/2/%D0%B1%D1%8A%D0%BB%D0%B3%D0%B0%D1%80%D0%B8%D1%8F/33	The number of found articles is: 5
30-11-2025 10:48:59 INFO     Info: ('nova.bg', 'TV news')
Current page is 33
30-11-2025 10:48:59 INFO     +++ Records for the news with Хванаха у нас жена, издирвана с червен бюлетин за убийство в Белгия with url https://nova.bg/news/view/2025/11/20/518216/%D1%85%D0%B2%D0%B0%D0%BD%D0%B0%D1%85%D0%B0-%D1%83-%D0%BD%D0%B0%D1%81-%D0%B6%D0%B5%D0%BD%D0%B0-%D0%B8%D0%B7%D0%B4%D0%B8%D1%80%D0%B2%D0%B0%D0%BD%D0%B0-%D1%81-%D1%87%D0%B5%D1%80%D0%B2%D0%B5%D0%BD-%D0%B1%D1%8E%D0%BB%D0%B5%D1%82%D0%B8%D0%BD-%D0%B7%D0%B0-%D1%83%D0%B1%D0%B8%D0%B9%D1%81%D1%82%D0%B2%D0%BE-%D0%B2-%D0%B1%D0%B5%D0%BB%D0%B3%D0%B8%D1%8F/ and text Заловиха жена, обявена за издирване с червен бюлетин от Интерпол заради убийство в Белгия. Служители на РУ-Своге са установили местонахождението ѝ и са я задържали. Става дума за 28-годишна жена от Кюстендил. Уведомени са компетентните власти с оглед предприемане на съответните последващи действия и екстрадиция. Откриха жената, обявена за издирване в района на Витоша Последвайте ни from source: nova.bg was successfully added to the BaseWebsite._data_dict
30-11-2025 10:48:59 INFO     	For media nova.bg (TV news) searching in page https://nova.bg/news/category/2/%D0%B1%D1%8A%D0%BB%D0%B3%D0%B0%D1%80%D0%B8%D1%8F/34	The number of found articles is: 6
30-11-2025 10:48:59 INFO     Info: ('nova.bg', 'TV news')
Current page is 34
30-11-2025 10:49:00 INFO     	For media nova.bg (TV news) searching in page https://nova.bg/news/category/2/%D0%B1%D1%8A%D0%BB%D0%B3%D0%B0%D1%80%D0%B8%D1%8F/35	The number of found articles is: 6
30-11-2025 10:49:00 INFO     Info: ('nova.bg', 'TV news')
Current page is 35
30-11-2025 10:49:00 INFO     	For media nova.bg (TV news) searching in page https://nova.bg/news/category/2/%D0%B1%D1%8A%D0%BB%D0%B3%D0%B0%D1%80%D0%B8%D1%8F/36	The number of found articles is: 6
30-11-2025 10:49:00 INFO     Info: ('nova.bg', 'TV news')
Current page is 36
30-11-2025 10:49:00 INFO     +++ Records for the news with МС прие механизма за помощ и подкрепа за пострадалите от домашно насилие with url https://nova.bg/news/view/2025/11/19/518075/%D0%BC%D1%81-%D0%BF%D1%80%D0%B8%D0%B5-%D0%BC%D0%B5%D1%85%D0%B0%D0%BD%D0%B8%D0%B7%D0%BC%D0%B0-%D0%B7%D0%B0-%D0%BF%D0%BE%D0%BC%D0%BE%D1%89-%D0%B8-%D0%BF%D0%BE%D0%B4%D0%BA%D1%80%D0%B5%D0%BF%D0%B0-%D0%B7%D0%B0-%D0%BF%D0%BE%D1%81%D1%82%D1%80%D0%B0%D0%B4%D0%B0%D0%BB%D0%B8%D1%82%D0%B5-%D0%BE%D1%82-%D0%B4%D0%BE%D0%BC%D0%B0%D1%88%D0%BD%D0%BE-%D0%BD%D0%B0%D1%81%D0%B8%D0%BB%D0%B8%D0%B5/ and text Кабинетът прие Координационния механизъм за помощ и подкрепа за пострадалите от домашно насилие. "През последните години се забелязва тревожен ръст на данните за жертви на агресия вкъщи. Делата за домашно насилие бележат ръст с 25-30% годишно, включително и по отношение на деца. Това обяви вицепремиерът Атанас Зафиров съвместно на брифинг с правосъдния министър Георги Георгиев. Припомняме, че преди две години дейността си стартира работна група, която изготви механизъм за помощ и подкрепа на пострадалите от домашно насилие. Той уреди основните процедури на взаимодействие между органите на изпълнителната власт, на местното самоуправление и местната администрация и юридическите лица, които осъществяват дейности по превенция и защита от домашното насилие. "Зад всяко дело стоят хора, семейства, травми и съдби. Законът за защита от домашно насилие вече постави ясни правила. Властта направи така, че той да заработи като единна система. Механизмът урежда основните процедури, органите на изпълнителната и местната власт, социалните услуги, кризисните центрове и НПО, които предоставят защита и подкрепа. Всички действия ще бъдат синхронизирани, за да има адекватна защита и жертвите да не бъдат разкарвани между институциите'', каза още Зафиров. Рисковете от домашното насилие: Защо институциите не успяват да защитят жертвите По думите на министър Георгиев приетият документ не е просто административна стъпка. "Актът предвижда много ясен ред и механизъм за отговорност, правомощия и пътна карта за начин на работа между институциите. В момента имаме адекватно законодателство по отношение на превенцията на домашното насилие. Разкриваме регионални центрове за правни консултации с адвокатските колегии. Увеличихме с над 50% - около 5 млн. лева - финансирането за безплатна адвокатска помощ с фокус върху жертвите на домашно насилие. Създадохме ясни правила кой за какво е отговорен и когато пострадал се обърне към някоя институция, да не е необходимо да обикаля по гишетата. Над 53 000 са сигналите за домашно насилие през 2024 г., от тях са издадени над 5000 ограничителни заповеди. За тази година над 70% от досъдебните производства са за телесни повреди", обобщи правосъдният министър. Последвайте ни from source: nova.bg was successfully added to the BaseWebsite._data_dict
30-11-2025 10:49:00 INFO     	For media nova.bg (TV news) searching in page https://nova.bg/news/category/2/%D0%B1%D1%8A%D0%BB%D0%B3%D0%B0%D1%80%D0%B8%D1%8F/37	The number of found articles is: 7
30-11-2025 10:49:00 INFO     Info: ('nova.bg', 'TV news')
Current page is 37
30-11-2025 10:49:00 INFO     	For media nova.bg (TV news) searching in page https://nova.bg/news/category/2/%D0%B1%D1%8A%D0%BB%D0%B3%D0%B0%D1%80%D0%B8%D1%8F/38	The number of found articles is: 7
30-11-2025 10:49:00 INFO     Info: ('nova.bg', 'TV news')
Current page is 38
30-11-2025 10:49:01 INFO     	For media nova.bg (TV news) searching in page https://nova.bg/news/category/2/%D0%B1%D1%8A%D0%BB%D0%B3%D0%B0%D1%80%D0%B8%D1%8F/39	The number of found articles is: 7
30-11-2025 10:49:01 INFO     Info: ('nova.bg', 'TV news')
Current page is 39
30-11-2025 10:49:01 INFO     	For media nova.bg (TV news) searching in page https://nova.bg/news/category/2/%D0%B1%D1%8A%D0%BB%D0%B3%D0%B0%D1%80%D0%B8%D1%8F/40	The number of found articles is: 7
30-11-2025 10:49:01 INFO     Info: ('nova.bg', 'TV news')
Current page is 40
30-11-2025 10:49:01 INFO     	For media nova.bg (TV news) searching in page https://nova.bg/news/category/2/%D0%B1%D1%8A%D0%BB%D0%B3%D0%B0%D1%80%D0%B8%D1%8F/41	The number of found articles is: 7
30-11-2025 10:49:01 INFO     Info: ('nova.bg', 'TV news')
Current page is 41
30-11-2025 10:49:01 INFO     	For media nova.bg (TV news) searching in page https://nova.bg/news/category/2/%D0%B1%D1%8A%D0%BB%D0%B3%D0%B0%D1%80%D0%B8%D1%8F/42	The number of found articles is: 7
30-11-2025 10:49:01 INFO     Info: ('nova.bg', 'TV news')
Current page is 42
30-11-2025 10:49:01 INFO     	For media nova.bg (TV news) searching in page https://nova.bg/news/category/2/%D0%B1%D1%8A%D0%BB%D0%B3%D0%B0%D1%80%D0%B8%D1%8F/43	The number of found articles is: 7
30-11-2025 10:49:01 INFO     Info: ('nova.bg', 'TV news')
Current page is 43
30-11-2025 10:49:01 INFO     	For media nova.bg (TV news) searching in page https://nova.bg/news/category/2/%D0%B1%D1%8A%D0%BB%D0%B3%D0%B0%D1%80%D0%B8%D1%8F/44	The number of found articles is: 7
30-11-2025 10:49:01 INFO     Info: ('nova.bg', 'TV news')
Current page is 44
30-11-2025 10:49:01 INFO     	For media nova.bg (TV news) searching in page https://nova.bg/news/category/2/%D0%B1%D1%8A%D0%BB%D0%B3%D0%B0%D1%80%D0%B8%D1%8F/45	The number of found articles is: 7
30-11-2025 10:49:01 INFO     Info: ('nova.bg', 'TV news')
Current page is 45
30-11-2025 10:49:01 INFO     	For media nova.bg (TV news) searching in page https://nova.bg/news/category/2/%D0%B1%D1%8A%D0%BB%D0%B3%D0%B0%D1%80%D0%B8%D1%8F/46	The number of found articles is: 7
30-11-2025 10:49:01 INFO     Info: ('nova.bg', 'TV news')
Current page is 46
30-11-2025 10:49:02 INFO     	For media nova.bg (TV news) searching in page https://nova.bg/news/category/2/%D0%B1%D1%8A%D0%BB%D0%B3%D0%B0%D1%80%D0%B8%D1%8F/47	The number of found articles is: 7
30-11-2025 10:49:02 INFO     Info: ('nova.bg', 'TV news')
Current page is 47
30-11-2025 10:49:02 INFO     	For media nova.bg (TV news) searching in page https://nova.bg/news/category/2/%D0%B1%D1%8A%D0%BB%D0%B3%D0%B0%D1%80%D0%B8%D1%8F/48	The number of found articles is: 7
30-11-2025 10:49:02 INFO     Info: ('nova.bg', 'TV news')
Current page is 48
30-11-2025 10:49:02 INFO     	For media nova.bg (TV news) searching in page https://nova.bg/news/category/2/%D0%B1%D1%8A%D0%BB%D0%B3%D0%B0%D1%80%D0%B8%D1%8F/49	The number of found articles is: 7
30-11-2025 10:49:02 INFO     Info: ('nova.bg', 'TV news')
Current page is 49
30-11-2025 10:49:02 INFO     	For media nova.bg (TV news) searching in page https://nova.bg/news/category/2/%D0%B1%D1%8A%D0%BB%D0%B3%D0%B0%D1%80%D0%B8%D1%8F/50	The number of found articles is: 7
30-11-2025 10:49:02 INFO     Info: ('nova.bg', 'TV news')
Current page is 50
30-11-2025 10:49:02 INFO     	For media nova.bg (TV news) searching in page https://nova.bg/news/category/2/%D0%B1%D1%8A%D0%BB%D0%B3%D0%B0%D1%80%D0%B8%D1%8F/51	The number of found articles is: 7
30-11-2025 10:49:02 INFO     Info: ('nova.bg', 'TV news')
Current page is 51
30-11-2025 10:49:03 INFO     +++ Records for the news with Отвлякоха 21-годишна жена в Свиленград, трима са обвиняеми with url https://nova.bg/news/view/2025/11/14/517572/%D0%BE%D1%82%D0%B2%D0%BB%D1%8F%D0%BA%D0%BE%D1%85%D0%B0-21-%D0%B3%D0%BE%D0%B4%D0%B8%D1%88%D0%BD%D0%B0-%D0%B6%D0%B5%D0%BD%D0%B0-%D0%B2-%D1%81%D0%B2%D0%B8%D0%BB%D0%B5%D0%BD%D0%B3%D1%80%D0%B0%D0%B4-%D1%82%D1%80%D0%B8%D0%BC%D0%B0-%D1%81%D0%B0-%D0%BE%D0%B1%D0%B2%D0%B8%D0%BD%D1%8F%D0%B5%D0%BC%D0%B8/ and text Тежко криминално престъпление - отвличане на 21-годишна българска гражданка, е било разкрито след бързата реакция на полицията в Хасково и Свиленград. Това обявиха на съвместен брифинг Окръжната прокуратура в Хасково и Областната дирекция на МВР. По случая са привлечени като обвиняеми трима български граждани. Сигналът за престъплението е подаден на телефон 112 в 3:20 часа сутринта на 13 ноември. Гражданин от Свиленград е съобщил, че е видял как младо момиче насила е качено в лек автомобил на улица „Йордан Йовков“, докато крещяло за помощ. Подателят на сигнала е приятел на жертвата, който е бил с нея и малко по-рано вечерта я е оставил на мястото. Задържаха двама за отвличане на жена в Гълъбово По горещи следи служителите на Районното управление-Свиленград са установили автомобила и посоката му на движение. Полицейските екипи са стигнали до къща в село Мустрак, където са открили отвлеченото момиче. Заедно с нея в помещението се е намирала и 44-годишна жена от Хасково, която е криминално проявена и осъждана. По-късно са установени и другите двама, сочени за извършители - 27-годишен мъж от Свиленград и 40-годишен мъж от Хасково. Според разследващите основен извършител е 27-годишният мъж, за който се предполага, че е имал близки отношения с отвлечената жена. Смята се, че мотивът може да е личен, свързан с влошени междуличностни отношения. Мъжът е многократно осъждан. 44-годишната жена също е с множество осъждания. Окръжната прокуратура в Хасково е повдигнала обвинение за отвличане, извършено в съучастие от три лица. За двама от тях - 27-годишния мъж и 44-годишната жена - деянието е извършено при условията на опасен рецидив. За тях Наказателният кодекс предвижда наказание от 10 до 20 години лишаване от свобода или доживотен затвор, както и конфискация на имущество. За третия обвиняем наказанието е от 7 до 15 години. Пострадалата е освидетелствана от съдебен лекар и има леки телесни повреди. При претърсването в къщата в село Мустрак са открити 12 грама метамфетамин и малко количество марихуана. Всички лица, които имат отношение към извършеното деяние, са задържани за срок от 24 часа, а впоследствие - при взаимодействие с Окръжната прокуратура - Хасково, са привлечени като обвиняеми. Понастоящем те са задържани за 72 часа с прокурорско постановление. Разследването по случая продължава. Последвайте ни from source: nova.bg was successfully added to the BaseWebsite._data_dict
30-11-2025 10:49:03 INFO     	For media nova.bg (TV news) searching in page https://nova.bg/news/category/2/%D0%B1%D1%8A%D0%BB%D0%B3%D0%B0%D1%80%D0%B8%D1%8F/52	The number of found articles is: 8
30-11-2025 10:49:03 INFO     Info: ('nova.bg', 'TV news')
Current page is 52
30-11-2025 10:49:03 INFO     	For media nova.bg (TV news) searching in page https://nova.bg/news/category/2/%D0%B1%D1%8A%D0%BB%D0%B3%D0%B0%D1%80%D0%B8%D1%8F/53	The number of found articles is: 8
30-11-2025 10:49:03 INFO     Info: ('nova.bg', 'TV news')
Current page is 53
30-11-2025 10:49:03 INFO     ---Article with title: Повдигнаха по три обвинения на мъжа и жената от Перник за насилието над животни was not added because contains words from article title exclusion list: ['мъжа и жената']
30-11-2025 10:49:03 INFO     	For media nova.bg (TV news) searching in page https://nova.bg/news/category/2/%D0%B1%D1%8A%D0%BB%D0%B3%D0%B0%D1%80%D0%B8%D1%8F/54	The number of found articles is: 8
30-11-2025 10:49:03 INFO     Info: ('nova.bg', 'TV news')
Current page is 54
30-11-2025 10:49:03 INFO     	For media nova.bg (TV news) searching in page https://nova.bg/news/category/2/%D0%B1%D1%8A%D0%BB%D0%B3%D0%B0%D1%80%D0%B8%D1%8F/55	The number of found articles is: 8
30-11-2025 10:49:03 INFO     Info: ('nova.bg', 'TV news')
Current page is 55
30-11-2025 10:49:03 INFO     	For media nova.bg (TV news) searching in page https://nova.bg/news/category/2/%D0%B1%D1%8A%D0%BB%D0%B3%D0%B0%D1%80%D0%B8%D1%8F/56	The number of found articles is: 8
30-11-2025 10:49:03 INFO     Info: ('nova.bg', 'TV news')
Current page is 56
30-11-2025 10:49:04 INFO     +++ Records for the news with Росен Желязков: Жените не променят света с революции, а чрез постоянство with url https://nova.bg/news/view/2025/11/13/517385/%D1%80%D0%BE%D1%81%D0%B5%D0%BD-%D0%B6%D0%B5%D0%BB%D1%8F%D0%B7%D0%BA%D0%BE%D0%B2-%D0%B6%D0%B5%D0%BD%D0%B8%D1%82%D0%B5-%D0%BD%D0%B5-%D0%BF%D1%80%D0%BE%D0%BC%D0%B5%D0%BD%D1%8F%D1%82-%D1%81%D0%B2%D0%B5%D1%82%D0%B0-%D1%81-%D1%80%D0%B5%D0%B2%D0%BE%D0%BB%D1%8E%D1%86%D0%B8%D0%B8-%D0%B0-%D1%87%D1%80%D0%B5%D0%B7-%D0%BF%D0%BE%D1%81%D1%82%D0%BE%D1%8F%D0%BD%D1%81%D1%82%D0%B2%D0%BE/ and text Жените традиционно са носители на устойчивост. Те пазят реда, възпитават поколенията и първи усещат, когато обществото губи баланс. Жените не променят света с революции, а чрез постоянство. Истинската промяна идва не от шумните, а от тихите сили. Това заяви премиерът Росен Желязков по време на Петото издание на Глобалния форум на жените лидери, организиран от Съвета на жените в бизнеса в България под мотото „Бързо и яростно променящ се свят“. Премиерът подчерта, че жените участват устойчиво и с огромно въздействие върху икономиката. „Над 60% от висшистите в България са жени, а близо 30% от заетите в ИКТ сектора също са жени – това ни нарежда на трето място в Европейския съюз и е силен икономически аргумент“, отбеляза Желязков.  По думите му жените управляват с по-голяма ориентация към устойчиви инвестиции, етични решения и търсене на сътрудничество.„Когато жените участват в управлението, се променя не само съдържанието, но и тонът – повече консенсус, по-малко конфронтация и повече дългосрочна визия“. Росен Желязков посочи, че жените често първи усещат несправедливостта и търсят баланс, защото са гласът на реалността, а не на идеологията. „Да промениш света не означава да го подчиняваш, а да го излекуваш. Жените са моралната и човешка перспектива на всяко общество – те пазят живота“, подчерта премиерът. Министър-председателят даде примери за жени предприемачи и иноватори, които доказват, че България е място за новаторство и растеж. „Българските жени всеки ден показват, че промяната се случва – тихо, устойчиво и с огромна сила“, каза още премиерът. Последвайте ни from source: nova.bg was successfully added to the BaseWebsite._data_dict
30-11-2025 10:49:04 INFO     	For media nova.bg (TV news) searching in page https://nova.bg/news/category/2/%D0%B1%D1%8A%D0%BB%D0%B3%D0%B0%D1%80%D0%B8%D1%8F/57	The number of found articles is: 9
30-11-2025 10:49:04 INFO     Info: ('nova.bg', 'TV news')
Current page is 57
30-11-2025 10:49:04 INFO     	For media nova.bg (TV news) searching in page https://nova.bg/news/category/2/%D0%B1%D1%8A%D0%BB%D0%B3%D0%B0%D1%80%D0%B8%D1%8F/58	The number of found articles is: 9
30-11-2025 10:49:04 INFO     Info: ('nova.bg', 'TV news')
Current page is 58
30-11-2025 10:49:04 INFO     	For media nova.bg (TV news) searching in page https://nova.bg/news/category/2/%D0%B1%D1%8A%D0%BB%D0%B3%D0%B0%D1%80%D0%B8%D1%8F/59	The number of found articles is: 9
30-11-2025 10:49:04 INFO     Info: ('nova.bg', 'TV news')
Current page is 59
30-11-2025 10:49:04 INFO     ---Article with title: Възрастна жена пострада тежко при катастрофа на пътя Русе - Бяла was not added because contains words from article title exclusion list: ['катастроф']
30-11-2025 10:49:04 INFO     	For media nova.bg (TV news) searching in page https://nova.bg/news/category/2/%D0%B1%D1%8A%D0%BB%D0%B3%D0%B0%D1%80%D0%B8%D1%8F/60	The number of found articles is: 9
30-11-2025 10:49:04 INFO     Info: ('nova.bg', 'TV news')
Current page is 60
30-11-2025 10:49:04 INFO     	For media nova.bg (TV news) searching in page https://nova.bg/news/category/2/%D0%B1%D1%8A%D0%BB%D0%B3%D0%B0%D1%80%D0%B8%D1%8F/61	The number of found articles is: 9
30-11-2025 10:49:04 INFO     Info: ('nova.bg', 'TV news')
Current page is 61
30-11-2025 10:49:05 INFO     	For media nova.bg (TV news) searching in page https://nova.bg/news/category/2/%D0%B1%D1%8A%D0%BB%D0%B3%D0%B0%D1%80%D0%B8%D1%8F/62	The number of found articles is: 9
30-11-2025 10:49:05 INFO     Info: ('nova.bg', 'TV news')
Current page is 62
30-11-2025 10:49:05 INFO     	For media nova.bg (TV news) searching in page https://nova.bg/news/category/2/%D0%B1%D1%8A%D0%BB%D0%B3%D0%B0%D1%80%D0%B8%D1%8F/63	The number of found articles is: 9
30-11-2025 10:49:05 INFO     Info: ('nova.bg', 'TV news')
Current page is 63
30-11-2025 10:49:05 INFO     	For media nova.bg (TV news) searching in page https://nova.bg/news/category/2/%D0%B1%D1%8A%D0%BB%D0%B3%D0%B0%D1%80%D0%B8%D1%8F/64	The number of found articles is: 9
30-11-2025 10:49:05 INFO     Info: ('nova.bg', 'TV news')
Current page is 64
30-11-2025 10:49:05 INFO     ---News article: <<< Заловиха жена за въоръжен грабеж на супермаркет във Варна >>> was not included in the data because none of BaseWebsite._second_level keywords were found in the article text Article url: https://nova.bg/news/view/2025/11/11/517114/%D0%B7%D0%B0%D0%BB%D0%BE%D0%B2%D0%B8%D1%85%D0%B0-%D0%B6%D0%B5%D0%BD%D0%B0-%D0%B7%D0%B0-%D0%B2%D1%8A%D0%BE%D1%80%D1%8A%D0%B6%D0%B5%D0%BD-%D0%B3%D1%80%D0%B0%D0%B1%D0%B5%D0%B6-%D0%BD%D0%B0-%D1%81%D1%83%D0%BF%D0%B5%D1%80%D0%BC%D0%B0%D1%80%D0%BA%D0%B5%D1%82-%D0%B2%D1%8A%D0%B2-%D0%B2%D0%B0%D1%80%D0%BD%D0%B0/
30-11-2025 10:49:05 INFO     	For media nova.bg (TV news) searching in page https://nova.bg/news/category/2/%D0%B1%D1%8A%D0%BB%D0%B3%D0%B0%D1%80%D0%B8%D1%8F/65	The number of found articles is: 9
30-11-2025 10:49:05 INFO     Info: ('nova.bg', 'TV news')
Current page is 65
30-11-2025 10:49:05 INFO     	For media nova.bg (TV news) searching in page https://nova.bg/news/category/2/%D0%B1%D1%8A%D0%BB%D0%B3%D0%B0%D1%80%D0%B8%D1%8F/66	The number of found articles is: 9
30-11-2025 10:49:05 INFO     Info: ('nova.bg', 'TV news')
Current page is 66
30-11-2025 10:49:06 INFO     ---News article: <<< Защо едва 30% от лидерските позиции в бизнеса се заемат от жени >>> was not included in the data because none of BaseWebsite._second_level keywords were found in the article text Article url: https://nova.bg/news/view/2025/11/10/516981/%D0%B7%D0%B0%D1%89%D0%BE-%D0%B5%D0%B4%D0%B2%D0%B0-30-%D0%BE%D1%82-%D0%BB%D0%B8%D0%B4%D0%B5%D1%80%D1%81%D0%BA%D0%B8%D1%82%D0%B5-%D0%BF%D0%BE%D0%B7%D0%B8%D1%86%D0%B8%D0%B8-%D0%B2-%D0%B1%D0%B8%D0%B7%D0%BD%D0%B5%D1%81%D0%B0-%D1%81%D0%B5-%D0%B7%D0%B0%D0%B5%D0%BC%D0%B0%D1%82-%D0%BE%D1%82-%D0%B6%D0%B5%D0%BD%D0%B8/
30-11-2025 10:49:06 INFO     	For media nova.bg (TV news) searching in page https://nova.bg/news/category/2/%D0%B1%D1%8A%D0%BB%D0%B3%D0%B0%D1%80%D0%B8%D1%8F/67	The number of found articles is: 9
30-11-2025 10:49:06 INFO     Info: ('nova.bg', 'TV news')
Current page is 67
30-11-2025 10:49:06 INFO     ---Article with title: От "Моята новина": Кола прегази жена в Бургас, влачи я в продължение на няколко метра was not added because contains words from article title exclusion list: [' кола']
30-11-2025 10:49:06 INFO     ---News article: <<< Забелязахте ли тайнственото момиче в черна сватбена рокля по улиците на София? >>> was not included in the data because none of BaseWebsite._second_level keywords were found in the article text Article url: https://nova.bg/news/view/2025/11/10/517002/%D0%B7%D0%B0%D0%B1%D0%B5%D0%BB%D1%8F%D0%B7%D0%B0%D1%85%D1%82%D0%B5-%D0%BB%D0%B8-%D1%82%D0%B0%D0%B9%D0%BD%D1%81%D1%82%D0%B2%D0%B5%D0%BD%D0%BE%D1%82%D0%BE-%D0%BC%D0%BE%D0%BC%D0%B8%D1%87%D0%B5-%D0%B2-%D1%87%D0%B5%D1%80%D0%BD%D0%B0-%D1%81%D0%B2%D0%B0%D1%82%D0%B1%D0%B5%D0%BD%D0%B0-%D1%80%D0%BE%D0%BA%D0%BB%D1%8F-%D0%BF%D0%BE-%D1%83%D0%BB%D0%B8%D1%86%D0%B8%D1%82%D0%B5-%D0%BD%D0%B0-%D1%81%D0%BE%D1%84%D0%B8%D1%8F/
30-11-2025 10:49:06 INFO     	For media nova.bg (TV news) searching in page https://nova.bg/news/category/2/%D0%B1%D1%8A%D0%BB%D0%B3%D0%B0%D1%80%D0%B8%D1%8F/68	The number of found articles is: 9
30-11-2025 10:49:06 INFO     Info: ('nova.bg', 'TV news')
Current page is 68
30-11-2025 10:49:07 INFO     +++ Records for the news with След три потенциално смъртоносни рани: Какво е състоянието на жената, намушкана в центъра на Благоевград with url https://nova.bg/news/view/2025/11/10/516951/%D1%81%D0%BB%D0%B5%D0%B4-%D1%82%D1%80%D0%B8-%D0%BF%D0%BE%D1%82%D0%B5%D0%BD%D1%86%D0%B8%D0%B0%D0%BB%D0%BD%D0%BE-%D1%81%D0%BC%D1%8A%D1%80%D1%82%D0%BE%D0%BD%D0%BE%D1%81%D0%BD%D0%B8-%D1%80%D0%B0%D0%BD%D0%B8-%D0%BA%D0%B0%D0%BA%D0%B2%D0%BE-%D0%B5-%D1%81%D1%8A%D1%81%D1%82%D0%BE%D1%8F%D0%BD%D0%B8%D0%B5%D1%82%D0%BE-%D0%BD%D0%B0-%D0%B6%D0%B5%D0%BD%D0%B0%D1%82%D0%B0-%D0%BD%D0%B0%D0%BC%D1%83%D1%88%D0%BA%D0%B0%D0%BD%D0%B0-%D0%B2-%D1%86%D0%B5%D0%BD%D1%82%D1%8A%D1%80%D0%B0-%D0%BD%D0%B0-%D0%B1%D0%BB%D0%B0%D0%B3%D0%BE%D0%B5%D0%B2%D0%B3%D1%80%D0%B0%D0%B4/ and text По чудо е оцеляла 37-годишната Инна Илиева, която беше намушкана с нож в центъра на Благоевград в петък. Заподозрян за нападението е мъж, с когото пострадалата живяла дълги години. Георги Мирчев, известен в града като Фрико, сам се е предал на полицията и е с мярка „задържане под стража”. Жената е приета в болница в критично състояние, с множество увреждания и значителна кръвозагуба. Имала три потенциално смъртоносни рани, обясни пред NOVA директорът на МБАЛ–Благоевград д-р Димитър Димитров. „Към този момент пациентката е жива, стабилна, напълно адекватна, в пълно съзнание, диша спонтанно и на този етап няма непосредствена опасност за живота ѝ”, заяви д-р Димитров. Намушкаха жена в центъра на Благоевград Той обясни, че жената е пристигнала в шоково състояние. „Действията от мястото на инцидента - на хората, които са били около нея, на екипа на Спешна помощ, който е реагирал изключително бързо, а след това - и на медиците в нашата болница, са предотвратили смъртен случай”, категоричен е лекарят. Жената е изгубила много кръв, тъй като е имала рани по шията. „Втората сериозна кръвозагуба е от нараняване, при което ножът е прерязал ребро в лявата гръдна половина и е навлязъл в белия дроб. Това предизвика т.нар. тотален хемопневмоторакс. При дренирането на гръдната кухина източихме около 500 мл кръв. Освен това, има много кървящи рани по ръцете, тъй като се е опитвала да се предпази от ударите”, обясни д-р Димитров. Пострадалата дошла в съзнание в неделя. Медикът подчертава, че тя вече говори адекватно, но допуска, че все още не осъзнава напълно какво ѝ се е случило. „Очакваме на следващ етап да се проявят симптоми на т.нар. посттравматичен стресов синдром”, заяви директорът на благоевградската болница. Последвайте ни from source: nova.bg was successfully added to the BaseWebsite._data_dict
30-11-2025 10:49:07 INFO     	For media nova.bg (TV news) searching in page https://nova.bg/news/category/2/%D0%B1%D1%8A%D0%BB%D0%B3%D0%B0%D1%80%D0%B8%D1%8F/69	The number of found articles is: 10
30-11-2025 10:49:07 INFO     Info: ('nova.bg', 'TV news')
Current page is 69
30-11-2025 10:49:07 INFO     ---News article: <<< Откраднаха кутия с дарения за момиче с бъбречна недостатъчност >>> was not included in the data because none of BaseWebsite._second_level keywords were found in the article text Article url: https://nova.bg/news/view/2025/11/10/516943/%D0%BE%D1%82%D0%BA%D1%80%D0%B0%D0%B4%D0%BD%D0%B0%D1%85%D0%B0-%D0%BA%D1%83%D1%82%D0%B8%D1%8F-%D1%81-%D0%B4%D0%B0%D1%80%D0%B5%D0%BD%D0%B8%D1%8F-%D0%B7%D0%B0-%D0%BC%D0%BE%D0%BC%D0%B8%D1%87%D0%B5-%D1%81-%D0%B1%D1%8A%D0%B1%D1%80%D0%B5%D1%87%D0%BD%D0%B0-%D0%BD%D0%B5%D0%B4%D0%BE%D1%81%D1%82%D0%B0%D1%82%D1%8A%D1%87%D0%BD%D0%BE%D1%81%D1%82/
30-11-2025 10:49:07 INFO     	For media nova.bg (TV news) searching in page https://nova.bg/news/category/2/%D0%B1%D1%8A%D0%BB%D0%B3%D0%B0%D1%80%D0%B8%D1%8F/70	The number of found articles is: 10
30-11-2025 10:49:07 INFO     Info: ('nova.bg', 'TV news')
Current page is 70
30-11-2025 10:49:08 INFO     	For media nova.bg (TV news) searching in page https://nova.bg/news/category/2/%D0%B1%D1%8A%D0%BB%D0%B3%D0%B0%D1%80%D0%B8%D1%8F/71	The number of found articles is: 10
30-11-2025 10:49:08 INFO     Info: ('nova.bg', 'TV news')
Current page is 71
30-11-2025 10:49:08 INFO     	For media nova.bg (TV news) searching in page https://nova.bg/news/category/2/%D0%B1%D1%8A%D0%BB%D0%B3%D0%B0%D1%80%D0%B8%D1%8F/72	The number of found articles is: 10
30-11-2025 10:49:08 INFO     Info: ('nova.bg', 'TV news')
Current page is 72
30-11-2025 10:49:08 INFO     ---News article: <<< Откриха жената, изчезнала на Витоша >>> was not included in the data because none of BaseWebsite._second_level keywords were found in the article text Article url: https://nova.bg/news/view/2025/11/08/516866/%D0%BE%D1%82%D0%BA%D1%80%D0%B8%D1%85%D0%B0-%D0%B6%D0%B5%D0%BD%D0%B0%D1%82%D0%B0-%D0%B8%D0%B7%D1%87%D0%B5%D0%B7%D0%BD%D0%B0%D0%BB%D0%B0-%D0%BD%D0%B0-%D0%B2%D0%B8%D1%82%D0%BE%D1%88%D0%B0/
30-11-2025 10:49:08 INFO     	For media nova.bg (TV news) searching in page https://nova.bg/news/category/2/%D0%B1%D1%8A%D0%BB%D0%B3%D0%B0%D1%80%D0%B8%D1%8F/73	The number of found articles is: 10
30-11-2025 10:49:08 INFO     Info: ('nova.bg', 'TV news')
Current page is 73
30-11-2025 10:49:08 INFO     	For media nova.bg (TV news) searching in page https://nova.bg/news/category/2/%D0%B1%D1%8A%D0%BB%D0%B3%D0%B0%D1%80%D0%B8%D1%8F/74	The number of found articles is: 10
30-11-2025 10:49:08 INFO     Info: ('nova.bg', 'TV news')
Current page is 74
30-11-2025 10:49:09 INFO     ---News article: <<< Камера около хижа „Алеко” е засякла издирваната на Витоша 20-годишна жена >>> was not included in the data because none of BaseWebsite._second_level keywords were found in the article text Article url: https://nova.bg/news/view/2025/11/08/516803/%D0%BA%D0%B0%D0%BC%D0%B5%D1%80%D0%B0-%D0%BE%D0%BA%D0%BE%D0%BB%D0%BE-%D1%85%D0%B8%D0%B6%D0%B0-%D0%B0%D0%BB%D0%B5%D0%BA%D0%BE-%D0%B5-%D0%B7%D0%B0%D1%81%D1%8F%D0%BA%D0%BB%D0%B0-%D0%B8%D0%B7%D0%B4%D0%B8%D1%80%D0%B2%D0%B0%D0%BD%D0%B0%D1%82%D0%B0-%D0%BD%D0%B0-%D0%B2%D0%B8%D1%82%D0%BE%D1%88%D0%B0-20-%D0%B3%D0%BE%D0%B4%D0%B8%D1%88%D0%BD%D0%B0-%D0%B6%D0%B5%D0%BD%D0%B0/
30-11-2025 10:49:09 INFO     	For media nova.bg (TV news) searching in page https://nova.bg/news/category/2/%D0%B1%D1%8A%D0%BB%D0%B3%D0%B0%D1%80%D0%B8%D1%8F/75	The number of found articles is: 10
30-11-2025 10:49:09 INFO     Info: ('nova.bg', 'TV news')
Current page is 75
30-11-2025 10:49:09 INFO     +++ Records for the news with Криминално проявен мъж е обвинен в блудство с по-възрастна от него жена with url https://nova.bg/news/view/2025/11/07/516735/%D0%BA%D1%80%D0%B8%D0%BC%D0%B8%D0%BD%D0%B0%D0%BB%D0%BD%D0%BE-%D0%BF%D1%80%D0%BE%D1%8F%D0%B2%D0%B5%D0%BD-%D0%BC%D1%8A%D0%B6-%D0%B5-%D0%BE%D0%B1%D0%B2%D0%B8%D0%BD%D0%B5%D0%BD-%D0%B2-%D0%B1%D0%BB%D1%83%D0%B4%D1%81%D1%82%D0%B2%D0%BE-%D1%81-%D0%BF%D0%BE-%D0%B2%D1%8A%D0%B7%D1%80%D0%B0%D1%81%D1%82%D0%BD%D0%B0-%D0%BE%D1%82-%D0%BD%D0%B5%D0%B3%D0%BE-%D0%B6%D0%B5%D0%BD%D0%B0/ and text Районният съд в Монтана постанови мярка за неотклонение „домашен арест“ за 31-годишен мъж от село Громшин, община Бойчиновци. Той е обвинен в блудствени действия с 51-годишна жена. Според прокуратурата той е нападнал жената в нейния дом. След инцидента мъжът е бил задържан, а обвинението е настояло за най-тежката мярка - "задържане под стража". В съда обаче обвиняемият отрекъл вината си, твърдейки, че всичко станало по взаимно съгласие. Прокуратурата протестира присъдата на „валиумния изнасилвач” След разглеждане на доказателствата и изслушване на страните съдът прецени, че има достатъчно основания да се предположи, че лицето е извършило тежко умишлено престъпление, за което законът предвижда до 8 години затвор. Според магистратите няма реална опасност обвиняемият да се укрие или да извърши друго престъпление, затова се налага по-лека мярка. Той ще бъде контролиран с електронна гривна от полицията в Монтана. От съда уточниха, че мъжът има предишни присъди за криминални престъпления, включително за грабеж. Решението подлежи на обжалване пред Окръжния съд в тридневен срок. През септември в града имаше друг сходен случай - 36-годишен мъж беше задържан за побой и заплаха за убийство към жената, с която живеел. Последвайте ни from source: nova.bg was successfully added to the BaseWebsite._data_dict
30-11-2025 10:49:09 INFO     	For media nova.bg (TV news) searching in page https://nova.bg/news/category/2/%D0%B1%D1%8A%D0%BB%D0%B3%D0%B0%D1%80%D0%B8%D1%8F/76	The number of found articles is: 11
30-11-2025 10:49:09 INFO     Info: ('nova.bg', 'TV news')
Current page is 76
30-11-2025 10:49:10 INFO     +++ Records for the news with Намушкаха жена в центъра на Благоевград with url https://nova.bg/news/view/2025/11/07/516704/%D0%BD%D0%B0%D0%BC%D1%83%D1%88%D0%BA%D0%B0%D1%85%D0%B0-%D0%B6%D0%B5%D0%BD%D0%B0-%D0%B2-%D1%86%D0%B5%D0%BD%D1%82%D1%8A%D1%80%D0%B0-%D0%BD%D0%B0-%D0%B1%D0%BB%D0%B0%D0%B3%D0%BE%D0%B5%D0%B2%D0%B3%D1%80%D0%B0%D0%B4/ and text Намушкаха 37-годишна жена в центъра на Благоевград, съобщиха от МВР за NOVA. Сигналът за произшествието е получен малко преди 11:00 ч. Пострадалата е транспортирана в Центъра за спешна медицинска помощ в Благоевград. За престъплението е задържан 33-годишен мъж. Работата по установяване на всички факти и обстоятелства продължава под надзора на Окръжната прокуратура. Българин е убит при нападение с нож в Атина Мъжът и жената имали отношения помежду си, а след като се скарали, той извадил нож и пробол няколко пъти пострадалата. Тя веднага е транспортирана за оказване на медицинска помощ в спешния център, където е претърпяла тежка операция. Според лекарите сега пострадалата е стабилизирана. Задържаният има криминално минало.  Последвайте ни from source: nova.bg was successfully added to the BaseWebsite._data_dict
30-11-2025 10:49:10 INFO     	For media nova.bg (TV news) searching in page https://nova.bg/news/category/2/%D0%B1%D1%8A%D0%BB%D0%B3%D0%B0%D1%80%D0%B8%D1%8F/77	The number of found articles is: 12
30-11-2025 10:49:10 INFO     Info: ('nova.bg', 'TV news')
Current page is 77
30-11-2025 10:49:10 INFO     ---News article: <<< „Високо напрежение”: Какво съдържат добавките за отслабване, заради които десетки жени са в болница >>> was not included in the data because none of BaseWebsite._second_level keywords were found in the article text Article url: https://nova.bg/news/view/2025/11/07/516654/%D0%B2%D0%B8%D1%81%D0%BE%D0%BA%D0%BE-%D0%BD%D0%B0%D0%BF%D1%80%D0%B5%D0%B6%D0%B5%D0%BD%D0%B8%D0%B5-%D0%BA%D0%B0%D0%BA%D0%B2%D0%BE-%D1%81%D1%8A%D0%B4%D1%8A%D1%80%D0%B6%D0%B0%D1%82-%D0%B4%D0%BE%D0%B1%D0%B0%D0%B2%D0%BA%D0%B8%D1%82%D0%B5-%D0%B7%D0%B0-%D0%BE%D1%82%D1%81%D0%BB%D0%B0%D0%B1%D0%B2%D0%B0%D0%BD%D0%B5-%D0%B7%D0%B0%D1%80%D0%B0%D0%B4%D0%B8-%D0%BA%D0%BE%D0%B8%D1%82%D0%BE-%D0%B4%D0%B5%D1%81%D0%B5%D1%82%D0%BA%D0%B8-%D0%B6%D0%B5%D0%BD%D0%B8-%D1%81%D0%B0-%D0%B2-%D0%B1%D0%BE%D0%BB%D0%BD%D0%B8%D1%86%D0%B0/
30-11-2025 10:49:10 INFO     	For media nova.bg (TV news) searching in page https://nova.bg/news/category/2/%D0%B1%D1%8A%D0%BB%D0%B3%D0%B0%D1%80%D0%B8%D1%8F/78	The number of found articles is: 12
30-11-2025 10:49:10 INFO     Info: ('nova.bg', 'TV news')
Current page is 78
30-11-2025 10:49:10 INFO     	For media nova.bg (TV news) searching in page https://nova.bg/news/category/2/%D0%B1%D1%8A%D0%BB%D0%B3%D0%B0%D1%80%D0%B8%D1%8F/79	The number of found articles is: 12
30-11-2025 10:49:10 INFO     Info: ('nova.bg', 'TV news')
Current page is 79
30-11-2025 10:49:11 INFO     ---Article with title: Шофьор блъсна две жени на пешеходна пътека в центъра на София was not added because contains words from article title exclusion list: ['блъсна', 'шофьор', 'пешеход']
30-11-2025 10:49:11 INFO     	For media nova.bg (TV news) searching in page https://nova.bg/news/category/2/%D0%B1%D1%8A%D0%BB%D0%B3%D0%B0%D1%80%D0%B8%D1%8F/80	The number of found articles is: 12
30-11-2025 10:49:11 INFO     Info: ('nova.bg', 'TV news')
Current page is 80
30-11-2025 10:49:11 INFO     	For media nova.bg (TV news) searching in page https://nova.bg/news/category/2/%D0%B1%D1%8A%D0%BB%D0%B3%D0%B0%D1%80%D0%B8%D1%8F/81	The number of found articles is: 12
30-11-2025 10:49:11 INFO     Info: ('nova.bg', 'TV news')
Current page is 81
30-11-2025 10:49:11 INFO     ---News article: <<< Зов за помощ: Млада майка се нуждае от подкрепа, за да пребори рака >>> was not included in the data because none of BaseWebsite._second_level keywords were found in the article text Article url: https://nova.bg/news/view/2025/11/06/516470/%D0%B7%D0%BE%D0%B2-%D0%B7%D0%B0-%D0%BF%D0%BE%D0%BC%D0%BE%D1%89-%D0%BC%D0%BB%D0%B0%D0%B4%D0%B0-%D0%BC%D0%B0%D0%B9%D0%BA%D0%B0-%D1%81%D0%B5-%D0%BD%D1%83%D0%B6%D0%B4%D0%B0%D0%B5-%D0%BE%D1%82-%D0%BF%D0%BE%D0%B4%D0%BA%D1%80%D0%B5%D0%BF%D0%B0-%D0%B7%D0%B0-%D0%B4%D0%B0-%D0%BF%D1%80%D0%B5%D0%B1%D0%BE%D1%80%D0%B8-%D1%80%D0%B0%D0%BA%D0%B0/
30-11-2025 10:49:11 INFO     	For media nova.bg (TV news) searching in page https://nova.bg/news/category/2/%D0%B1%D1%8A%D0%BB%D0%B3%D0%B0%D1%80%D0%B8%D1%8F/82	The number of found articles is: 12
30-11-2025 10:49:11 INFO     Info: ('nova.bg', 'TV news')
Current page is 82
30-11-2025 10:49:11 INFO     	For media nova.bg (TV news) searching in page https://nova.bg/news/category/2/%D0%B1%D1%8A%D0%BB%D0%B3%D0%B0%D1%80%D0%B8%D1%8F/83	The number of found articles is: 12
30-11-2025 10:49:11 INFO     Info: ('nova.bg', 'TV news')
Current page is 83
30-11-2025 10:49:11 INFO     	For media nova.bg (TV news) searching in page https://nova.bg/news/category/2/%D0%B1%D1%8A%D0%BB%D0%B3%D0%B0%D1%80%D0%B8%D1%8F/84	The number of found articles is: 12
30-11-2025 10:49:11 INFO     Info: ('nova.bg', 'TV news')
Current page is 84
30-11-2025 10:49:12 INFO     	For media nova.bg (TV news) searching in page https://nova.bg/news/category/2/%D0%B1%D1%8A%D0%BB%D0%B3%D0%B0%D1%80%D0%B8%D1%8F/85	The number of found articles is: 12
30-11-2025 10:49:12 INFO     Info: ('nova.bg', 'TV news')
Current page is 85
30-11-2025 10:49:12 INFO     	For media nova.bg (TV news) searching in page https://nova.bg/news/category/2/%D0%B1%D1%8A%D0%BB%D0%B3%D0%B0%D1%80%D0%B8%D1%8F/86	The number of found articles is: 12
30-11-2025 10:49:12 INFO     Info: ('nova.bg', 'TV news')
Current page is 86
30-11-2025 10:49:12 INFO     	For media nova.bg (TV news) searching in page https://nova.bg/news/category/2/%D0%B1%D1%8A%D0%BB%D0%B3%D0%B0%D1%80%D0%B8%D1%8F/87	The number of found articles is: 12
30-11-2025 10:49:12 INFO     Info: ('nova.bg', 'TV news')
Current page is 87
30-11-2025 10:49:12 INFO     	For media nova.bg (TV news) searching in page https://nova.bg/news/category/2/%D0%B1%D1%8A%D0%BB%D0%B3%D0%B0%D1%80%D0%B8%D1%8F/88	The number of found articles is: 12
30-11-2025 10:49:12 INFO     Info: ('nova.bg', 'TV news')
Current page is 88
30-11-2025 10:49:12 INFO     ---Article with title: Камион блъсна и уби жена във Варна was not added because contains words from article title exclusion list: ['блъсна', 'камион']
30-11-2025 10:49:12 INFO     ---News article: <<< Силата на една майка: От благотворителна кауза до вдъхновяващ профил в социалните мрежи >>> was not included in the data because none of BaseWebsite._second_level keywords were found in the article text Article url: https://nova.bg/news/view/2025/11/04/516299/%D1%81%D0%B8%D0%BB%D0%B0%D1%82%D0%B0-%D0%BD%D0%B0-%D0%B5%D0%B4%D0%BD%D0%B0-%D0%BC%D0%B0%D0%B9%D0%BA%D0%B0-%D0%BE%D1%82-%D0%B1%D0%BB%D0%B0%D0%B3%D0%BE%D1%82%D0%B2%D0%BE%D1%80%D0%B8%D1%82%D0%B5%D0%BB%D0%BD%D0%B0-%D0%BA%D0%B0%D1%83%D0%B7%D0%B0-%D0%B4%D0%BE-%D0%B2%D0%B4%D1%8A%D1%85%D0%BD%D0%BE%D0%B2%D1%8F%D0%B2%D0%B0%D1%89-%D0%BF%D1%80%D0%BE%D1%84%D0%B8%D0%BB-%D0%B2-%D1%81%D0%BE%D1%86%D0%B8%D0%B0%D0%BB%D0%BD%D0%B8%D1%82%D0%B5-%D0%BC%D1%80%D0%B5%D0%B6%D0%B8/
30-11-2025 10:49:12 INFO     	For media nova.bg (TV news) searching in page https://nova.bg/news/category/2/%D0%B1%D1%8A%D0%BB%D0%B3%D0%B0%D1%80%D0%B8%D1%8F/89	The number of found articles is: 12
30-11-2025 10:49:12 INFO     Info: ('nova.bg', 'TV news')
Current page is 89
30-11-2025 10:49:13 INFO     ---Article with title: 17-годишното момиче, ранено при катастрофа в Русенско, е в тежко състояние was not added because contains words from article title exclusion list: ['катастроф']
30-11-2025 10:49:13 INFO     	For media nova.bg (TV news) searching in page https://nova.bg/news/category/2/%D0%B1%D1%8A%D0%BB%D0%B3%D0%B0%D1%80%D0%B8%D1%8F/90	The number of found articles is: 12
30-11-2025 10:49:13 INFO     Info: ('nova.bg', 'TV news')
Current page is 90
30-11-2025 10:49:13 INFO     ---News article: <<< Откриха жената, обявена за издирване в района на Витоша >>> was not included in the data because none of BaseWebsite._second_level keywords were found in the article text Article url: https://nova.bg/news/view/2025/11/03/516265/%D0%BE%D1%82%D0%BA%D1%80%D0%B8%D1%85%D0%B0-%D0%B6%D0%B5%D0%BD%D0%B0%D1%82%D0%B0-%D0%BE%D0%B1%D1%8F%D0%B2%D0%B5%D0%BD%D0%B0-%D0%B7%D0%B0-%D0%B8%D0%B7%D0%B4%D0%B8%D1%80%D0%B2%D0%B0%D0%BD%D0%B5-%D0%B2-%D1%80%D0%B0%D0%B9%D0%BE%D0%BD%D0%B0-%D0%BD%D0%B0-%D0%B2%D0%B8%D1%82%D0%BE%D1%88%D0%B0/
30-11-2025 10:49:13 INFO     ---Article with title: Съдят мъж, обвинен в побой над съпругата си, защото отказала да му даде пари за дрога was not added because contains words from article title exclusion list: ['пари']
30-11-2025 10:49:13 INFO     	For media nova.bg (TV news) searching in page https://nova.bg/news/category/2/%D0%B1%D1%8A%D0%BB%D0%B3%D0%B0%D1%80%D0%B8%D1%8F/91	The number of found articles is: 12
30-11-2025 10:49:13 INFO     Info: ('nova.bg', 'TV news')
Current page is 91
30-11-2025 10:49:13 INFO     ---Article with title: 19-годишно момиче загина при тежка катастрофа край Русе was not added because contains words from article title exclusion list: ['катастроф']
30-11-2025 10:49:13 INFO     ---News article: <<< Издирват жена в района на Витоша >>> was not included in the data because none of BaseWebsite._second_level keywords were found in the article text Article url: https://nova.bg/news/view/2025/11/03/516183/%D0%B8%D0%B7%D0%B4%D0%B8%D1%80%D0%B2%D0%B0%D1%82-%D0%B6%D0%B5%D0%BD%D0%B0-%D0%B2-%D1%80%D0%B0%D0%B9%D0%BE%D0%BD%D0%B0-%D0%BD%D0%B0-%D0%B2%D0%B8%D1%82%D0%BE%D1%88%D0%B0/
30-11-2025 10:49:13 INFO     	For media nova.bg (TV news) searching in page https://nova.bg/news/category/2/%D0%B1%D1%8A%D0%BB%D0%B3%D0%B0%D1%80%D0%B8%D1%8F/92	The number of found articles is: 12
30-11-2025 10:49:13 INFO     Info: ('nova.bg', 'TV news')
Current page is 92
30-11-2025 10:49:14 INFO     ---Article with title: Мъж и жена загинаха при тежка катастрофа край Тервел was not added because contains words from article title exclusion list: ['мъж и жена', 'катастроф']
30-11-2025 10:49:14 INFO     	For media nova.bg (TV news) searching in page https://nova.bg/news/category/2/%D0%B1%D1%8A%D0%BB%D0%B3%D0%B0%D1%80%D0%B8%D1%8F/93	The number of found articles is: 12
30-11-2025 10:49:14 INFO     Info: ('nova.bg', 'TV news')
Current page is 93
30-11-2025 10:49:14 INFO     	For media nova.bg (TV news) searching in page https://nova.bg/news/category/2/%D0%B1%D1%8A%D0%BB%D0%B3%D0%B0%D1%80%D0%B8%D1%8F/94	The number of found articles is: 12
30-11-2025 10:49:14 INFO     Info: ('nova.bg', 'TV news')
Current page is 94
30-11-2025 10:49:14 INFO     	For media nova.bg (TV news) searching in page https://nova.bg/news/category/2/%D0%B1%D1%8A%D0%BB%D0%B3%D0%B0%D1%80%D0%B8%D1%8F/95	The number of found articles is: 12
30-11-2025 10:49:14 INFO     Info: ('nova.bg', 'TV news')
Current page is 95
30-11-2025 10:49:14 INFO     	For media nova.bg (TV news) searching in page https://nova.bg/news/category/2/%D0%B1%D1%8A%D0%BB%D0%B3%D0%B0%D1%80%D0%B8%D1%8F/96	The number of found articles is: 12
30-11-2025 10:49:14 INFO     Info: ('nova.bg', 'TV news')
Current page is 96
30-11-2025 10:49:15 INFO     +++ Records for the news with Откриха мъртъв мъжа, издирван за убийството на жена в София with url https://nova.bg/news/view/2025/11/01/516051/%D0%BE%D1%82%D0%BA%D1%80%D0%B8%D1%85%D0%B0-%D0%BC%D1%8A%D1%80%D1%82%D1%8A%D0%B2-%D0%BC%D1%8A%D0%B6%D0%B0-%D0%B8%D0%B7%D0%B4%D0%B8%D1%80%D0%B2%D0%B0%D0%BD-%D0%B7%D0%B0-%D1%83%D0%B1%D0%B8%D0%B9%D1%81%D1%82%D0%B2%D0%BE%D1%82%D0%BE-%D0%BD%D0%B0-%D0%B6%D0%B5%D0%BD%D0%B0-%D0%B2-%D1%81%D0%BE%D1%84%D0%B8%D1%8F/ and text Откриха мъртъв мъжа, заподозрян за убийството на 45-годишна жена, която беше застреляна късно в петък вечер в търговския си обект в центъра на София. При проведените незабавни оперативно-издирвателни мероприятия от столичните криминалисти се установи, че извършител на деянието е 55-годишен мъж, с когото жертвата преди време е живеела на семейни начала. Застреляха жена в магазин в София (ВИДЕО+СНИМКИ) Неговото тяло е намерено в автомобил, паркиран на ул. "Пиротска". Според събраните до момента данни той е посегнал сам на живота си веднага след извършеното престъпление. От СДВР заявиха за NOVA, че убийството е извършено в петък късно вечерта. Около 23:00 часа е открито тялото на 45-годишна жена в магазин за алкохол и цигари на столичната улица „Цар Симеон“. При извършения оглед на местопрестъплението полицията установила, че става дума за убийство с огнестрелно оръжие. Веднага е започнало издирването на извършителя.  Убитата жена е собственик на магазина, в който е била застреляна от въоръжен мъж. Сигналът в Спешна помощ е получен в 22:59 часа. Осем минути по-късно спешните медици били на място. Констатирали смъртта на жената, която била открита с огнестрелна рана в главата. Оказва се, че запис от местопрестъплението липсва, тъй като камерата за видеонаблюдение от съседния обект не е работила към часа на убийството.    По думите на съседи тя е имала три деца. Наскоро се разделила с мъжа, с когото е живеела. Според съседите жената не е споделяла за проблеми от личен характер. Казват още, че магазинът съществувал от няколко години и обикновено затварял около 21:00 часа. Последвайте ни from source: nova.bg was successfully added to the BaseWebsite._data_dict
30-11-2025 10:49:15 INFO     	For media nova.bg (TV news) searching in page https://nova.bg/news/category/2/%D0%B1%D1%8A%D0%BB%D0%B3%D0%B0%D1%80%D0%B8%D1%8F/97	The number of found articles is: 13
30-11-2025 10:49:15 INFO     Info: ('nova.bg', 'TV news')
Current page is 97
30-11-2025 10:49:15 INFO     +++ Records for the news with Застреляха жена в магазин в София (ВИДЕО+СНИМКИ) with url https://nova.bg/news/view/2025/11/01/516009/%D0%B7%D0%B0%D1%81%D1%82%D1%80%D0%B5%D0%BB%D1%8F%D1%85%D0%B0-%D0%B6%D0%B5%D0%BD%D0%B0-%D0%B2-%D0%BC%D0%B0%D0%B3%D0%B0%D0%B7%D0%B8%D0%BD-%D0%B2-%D1%81%D0%BE%D1%84%D0%B8%D1%8F-%D0%B2%D0%B8%D0%B4%D0%B5%D0%BE%D1%81%D0%BD%D0%B8%D0%BC%D0%BA%D0%B8/ and text 45-годишна жена, собственичка на магазин, беше застреляна късно снощи в търговския си обект в центъра на София. Сигналът за престъплението, извършено на ул. "Цар Симеон", е подаден в 22:59 ч., но пристигналите на място медици само са констатирали смъртта ѝ. Полицията издирва извършителя, като основната версия е за убийство от личен мотив, а не грабеж.  Според непотвърдена информация, извършителят е мъж, с когото жертвата е имала връзка в миналото. След възникнал конфликт между тях, той е извадил огнестрелно оръжие и я е прострелял в главата. Оборотът на магазина не е откраднат, което подкрепя версията за личен мотив. Веднага след убийството мъжът е избягал и към момента се укрива. Образувано е досъдебно производство, а криминалистите са извършвали оглед на местопрестъплението през цялата нощ. Хора от квартала описват убитата жена като изключително работлива и отдадена на семейството си. "Много работна жена, машина. Има три деца", разказа собственик на съседен магазин. Той уточни, че обектът не е денонощен и обикновено затваря около 20-21 часа.  От Центъра за спешна медицинска помощ в София потвърдиха, че линейка е пристигнала на адреса само 8 минути след подаването на сигнала, но за съжаление, лекарите не са могли да помогнат. Работата по издирването на извършителя продължава.  Последвайте ни from source: nova.bg was successfully added to the BaseWebsite._data_dict
30-11-2025 10:49:15 INFO     	For media nova.bg (TV news) searching in page https://nova.bg/news/category/2/%D0%B1%D1%8A%D0%BB%D0%B3%D0%B0%D1%80%D0%B8%D1%8F/98	The number of found articles is: 14
30-11-2025 10:49:15 INFO     Info: ('nova.bg', 'TV news')
Current page is 98
30-11-2025 10:49:15 INFO     	For media nova.bg (TV news) searching in page https://nova.bg/news/category/2/%D0%B1%D1%8A%D0%BB%D0%B3%D0%B0%D1%80%D0%B8%D1%8F/99	The number of found articles is: 14
30-11-2025 10:49:15 INFO     Info: ('nova.bg', 'TV news')
Current page is 99
30-11-2025 10:49:16 INFO     ---News article: <<< Откриха изчезналото 15-годишното момиче от Благоевград >>> was not included in the data because none of BaseWebsite._second_level keywords were found in the article text Article url: https://nova.bg/news/view/2025/10/31/515962/%D0%BE%D1%82%D0%BA%D1%80%D0%B8%D1%85%D0%B0-%D0%B8%D0%B7%D1%87%D0%B5%D0%B7%D0%BD%D0%B0%D0%BB%D0%BE%D1%82%D0%BE-15-%D0%B3%D0%BE%D0%B4%D0%B8%D1%88%D0%BD%D0%BE%D1%82%D0%BE-%D0%BC%D0%BE%D0%BC%D0%B8%D1%87%D0%B5-%D0%BE%D1%82-%D0%B1%D0%BB%D0%B0%D0%B3%D0%BE%D0%B5%D0%B2%D0%B3%D1%80%D0%B0%D0%B4/
30-11-2025 10:49:16 INFO     	For media nova.bg (TV news) searching in page https://nova.bg/news/category/2/%D0%B1%D1%8A%D0%BB%D0%B3%D0%B0%D1%80%D0%B8%D1%8F/100	The number of found articles is: 14
30-11-2025 10:49:16 INFO     Info: ('nova.bg', 'TV news')
Current page is 100
30-11-2025 10:49:16 INFO     	For media nova.bg (TV news) searching in page https://nova.bg/news/category/2/%D0%B1%D1%8A%D0%BB%D0%B3%D0%B0%D1%80%D0%B8%D1%8F/101	The number of found articles is: 14
30-11-2025 10:49:16 INFO     Info: ('nova.bg', 'TV news')
Current page is 101
30-11-2025 10:49:16 INFO     	For media nova.bg (TV news) searching in page https://nova.bg/news/category/2/%D0%B1%D1%8A%D0%BB%D0%B3%D0%B0%D1%80%D0%B8%D1%8F/102	The number of found articles is: 14
30-11-2025 10:49:16 INFO     Info: ('nova.bg', 'TV news')
Current page is 102
30-11-2025 10:49:16 INFO     ---News article: <<< Издирват 15-годишно момиче от Благоевград (СНИМКА) >>> was not included in the data because none of BaseWebsite._second_level keywords were found in the article text Article url: https://nova.bg/news/view/2025/10/30/515843/%D0%B8%D0%B7%D0%B4%D0%B8%D1%80%D0%B2%D0%B0%D1%82-15-%D0%B3%D0%BE%D0%B4%D0%B8%D1%88%D0%BD%D0%BE-%D0%BC%D0%BE%D0%BC%D0%B8%D1%87%D0%B5-%D0%BE%D1%82-%D0%B1%D0%BB%D0%B0%D0%B3%D0%BE%D0%B5%D0%B2%D0%B3%D1%80%D0%B0%D0%B4-%D1%81%D0%BD%D0%B8%D0%BC%D0%BA%D0%B0/
30-11-2025 10:49:17 INFO     +++ Records for the news with Юмруци по главата и гърба: Задържаха мъж за побой над майка му в София with url https://nova.bg/news/view/2025/10/30/515811/%D1%8E%D0%BC%D1%80%D1%83%D1%86%D0%B8-%D0%BF%D0%BE-%D0%B3%D0%BB%D0%B0%D0%B2%D0%B0%D1%82%D0%B0-%D0%B8-%D0%B3%D1%8A%D1%80%D0%B1%D0%B0-%D0%B7%D0%B0%D0%B4%D1%8A%D1%80%D0%B6%D0%B0%D1%85%D0%B0-%D0%BC%D1%8A%D0%B6-%D0%B7%D0%B0-%D0%BF%D0%BE%D0%B1%D0%BE%D0%B9-%D0%BD%D0%B0%D0%B4-%D0%BC%D0%B0%D0%B9%D0%BA%D0%B0-%D0%BC%D1%83-%D0%B2-%D1%81%D0%BE%D1%84%D0%B8%D1%8F/ and text Задържаха мъж за побой над майка му в столичния квартал "Люлин". Престъплението е извършено на 21 октомври, като обвиняемият Р.К. е стискал силно и извивал ръката на своята майка, съборил я на пода и ѝ нанесъл множество удари с юмруци по главата и гърба. Шамари и удари в гърдите: Обвиниха жена за побой над майка ѝ Вследствие на това й е причинил лека телесна повреда, изразяваща се в оток на главата, охлузвания в областта на гърба и множество кръвонасядания. Деянието е извършено в условията на домашно насилие. Р.К. е осъждан, но е реабилитиран. Мъжът е задържан за постоянно. Последвайте ни from source: nova.bg was successfully added to the BaseWebsite._data_dict
30-11-2025 10:49:17 INFO     	For media nova.bg (TV news) searching in page https://nova.bg/news/category/2/%D0%B1%D1%8A%D0%BB%D0%B3%D0%B0%D1%80%D0%B8%D1%8F/103	The number of found articles is: 15
30-11-2025 10:49:17 INFO     Info: ('nova.bg', 'TV news')
Current page is 103
30-11-2025 10:49:17 INFO     	For media nova.bg (TV news) searching in page https://nova.bg/news/category/2/%D0%B1%D1%8A%D0%BB%D0%B3%D0%B0%D1%80%D0%B8%D1%8F/104	The number of found articles is: 15
30-11-2025 10:49:17 INFO     Info: ('nova.bg', 'TV news')
Current page is 104
30-11-2025 10:49:17 INFO     	For media nova.bg (TV news) searching in page https://nova.bg/news/category/2/%D0%B1%D1%8A%D0%BB%D0%B3%D0%B0%D1%80%D0%B8%D1%8F/105	The number of found articles is: 15
30-11-2025 10:49:17 INFO     Info: ('nova.bg', 'TV news')
Current page is 105
30-11-2025 10:49:17 INFO     ---Article with title: Майка изведе едногодишно дете от страната без съгласието на бащата was not added because contains words from article title exclusion list: ['дете']
30-11-2025 10:49:17 INFO     	For media nova.bg (TV news) searching in page https://nova.bg/news/category/2/%D0%B1%D1%8A%D0%BB%D0%B3%D0%B0%D1%80%D0%B8%D1%8F/106	The number of found articles is: 15
30-11-2025 10:49:17 INFO     Info: ('nova.bg', 'TV news')
Current page is 106
30-11-2025 10:49:17 INFO     	For media nova.bg (TV news) searching in page https://nova.bg/news/category/2/%D0%B1%D1%8A%D0%BB%D0%B3%D0%B0%D1%80%D0%B8%D1%8F/107	The number of found articles is: 15
30-11-2025 10:49:17 INFO     Info: ('nova.bg', 'TV news')
Current page is 107
30-11-2025 10:49:18 INFO     ---News article: <<< Шамари и удари в гърдите: Обвиниха жена за побой над майка ѝ >>> was not included in the data because none of BaseWebsite._second_level keywords were found in the article text Article url: https://nova.bg/news/view/2025/10/29/515654/%D1%88%D0%B0%D0%BC%D0%B0%D1%80%D0%B8-%D0%B8-%D1%83%D0%B4%D0%B0%D1%80%D0%B8-%D0%B2-%D0%B3%D1%8A%D1%80%D0%B4%D0%B8%D1%82%D0%B5-%D0%BE%D0%B1%D0%B2%D0%B8%D0%BD%D0%B8%D1%85%D0%B0-%D0%B6%D0%B5%D0%BD%D0%B0-%D0%B7%D0%B0-%D0%BF%D0%BE%D0%B1%D0%BE%D0%B9-%D0%BD%D0%B0%D0%B4-%D0%BC%D0%B0%D0%B9%D0%BA%D0%B0-%D1%9D/
30-11-2025 10:49:18 INFO     	For media nova.bg (TV news) searching in page https://nova.bg/news/category/2/%D0%B1%D1%8A%D0%BB%D0%B3%D0%B0%D1%80%D0%B8%D1%8F/108	The number of found articles is: 15
30-11-2025 10:49:18 INFO     Info: ('nova.bg', 'TV news')
Current page is 108
30-11-2025 10:49:18 INFO     	For media nova.bg (TV news) searching in page https://nova.bg/news/category/2/%D0%B1%D1%8A%D0%BB%D0%B3%D0%B0%D1%80%D0%B8%D1%8F/109	The number of found articles is: 15
30-11-2025 10:49:18 INFO     Info: ('nova.bg', 'TV news')
Current page is 109
30-11-2025 10:49:19 INFO     ---News article: <<< Зов за помощ: Близките на баба Цанка с апел за подкрепа в борбата ѝ с рака >>> was not included in the data because none of BaseWebsite._second_level keywords were found in the article text Article url: https://nova.bg/news/view/2025/10/28/515601/%D0%B7%D0%BE%D0%B2-%D0%B7%D0%B0-%D0%BF%D0%BE%D0%BC%D0%BE%D1%89-%D0%B1%D0%BB%D0%B8%D0%B7%D0%BA%D0%B8%D1%82%D0%B5-%D0%BD%D0%B0-%D0%B1%D0%B0%D0%B1%D0%B0-%D1%86%D0%B0%D0%BD%D0%BA%D0%B0-%D1%81-%D0%B0%D0%BF%D0%B5%D0%BB-%D0%B7%D0%B0-%D0%BF%D0%BE%D0%B4%D0%BA%D1%80%D0%B5%D0%BF%D0%B0-%D0%B2-%D0%B1%D0%BE%D1%80%D0%B1%D0%B0%D1%82%D0%B0-%D1%9D-%D1%81-%D1%80%D0%B0%D0%BA%D0%B0/
30-11-2025 10:49:19 INFO     	For media nova.bg (TV news) searching in page https://nova.bg/news/category/2/%D0%B1%D1%8A%D0%BB%D0%B3%D0%B0%D1%80%D0%B8%D1%8F/110	The number of found articles is: 15
30-11-2025 10:49:19 INFO     Info: ('nova.bg', 'TV news')
Current page is 110
30-11-2025 10:49:19 INFO     	For media nova.bg (TV news) searching in page https://nova.bg/news/category/2/%D0%B1%D1%8A%D0%BB%D0%B3%D0%B0%D1%80%D0%B8%D1%8F/111	The number of found articles is: 15
30-11-2025 10:49:19 INFO     Info: ('nova.bg', 'TV news')
Current page is 111
30-11-2025 10:49:19 INFO     	For media nova.bg (TV news) searching in page https://nova.bg/news/category/2/%D0%B1%D1%8A%D0%BB%D0%B3%D0%B0%D1%80%D0%B8%D1%8F/112	The number of found articles is: 15
30-11-2025 10:49:19 INFO     Info: ('nova.bg', 'TV news')
Current page is 112
30-11-2025 10:49:19 INFO     	For media nova.bg (TV news) searching in page https://nova.bg/news/category/2/%D0%B1%D1%8A%D0%BB%D0%B3%D0%B0%D1%80%D0%B8%D1%8F/113	The number of found articles is: 15
30-11-2025 10:49:19 INFO     Info: ('nova.bg', 'TV news')
Current page is 113
30-11-2025 10:49:19 INFO     	For media nova.bg (TV news) searching in page https://nova.bg/news/category/2/%D0%B1%D1%8A%D0%BB%D0%B3%D0%B0%D1%80%D0%B8%D1%8F/114	The number of found articles is: 15
30-11-2025 10:49:19 INFO     Info: ('nova.bg', 'TV news')
Current page is 114
30-11-2025 10:49:19 INFO     ---Article with title: Загиналото в катастрофа край Троян 18-годишно момиче - с книжка от месец и без предишни провинения на пътя was not added because contains words from article title exclusion list: ['катастроф']
30-11-2025 10:49:19 INFO     	For media nova.bg (TV news) searching in page https://nova.bg/news/category/2/%D0%B1%D1%8A%D0%BB%D0%B3%D0%B0%D1%80%D0%B8%D1%8F/115	The number of found articles is: 15
30-11-2025 10:49:19 INFO     Info: ('nova.bg', 'TV news')
Current page is 115
30-11-2025 10:49:19 INFO     	For media nova.bg (TV news) searching in page https://nova.bg/news/category/2/%D0%B1%D1%8A%D0%BB%D0%B3%D0%B0%D1%80%D0%B8%D1%8F/116	The number of found articles is: 15
30-11-2025 10:49:19 INFO     Info: ('nova.bg', 'TV news')
Current page is 116
30-11-2025 10:49:20 INFO     ---Article with title: Две жени в една лодка: Здрава Каменова и София Бобчева „На гребена на вълната" was not added because contains words from article title exclusion list: ['здрава']
30-11-2025 10:49:20 INFO     	For media nova.bg (TV news) searching in page https://nova.bg/news/category/2/%D0%B1%D1%8A%D0%BB%D0%B3%D0%B0%D1%80%D0%B8%D1%8F/117	The number of found articles is: 15
30-11-2025 10:49:20 INFO     Info: ('nova.bg', 'TV news')
Current page is 117
30-11-2025 10:49:20 INFO     	For media nova.bg (TV news) searching in page https://nova.bg/news/category/2/%D0%B1%D1%8A%D0%BB%D0%B3%D0%B0%D1%80%D0%B8%D1%8F/118	The number of found articles is: 15
30-11-2025 10:49:20 INFO     Info: ('nova.bg', 'TV news')
Current page is 118
30-11-2025 10:49:20 INFO     	For media nova.bg (TV news) searching in page https://nova.bg/news/category/2/%D0%B1%D1%8A%D0%BB%D0%B3%D0%B0%D1%80%D0%B8%D1%8F/119	The number of found articles is: 15
30-11-2025 10:49:20 INFO     Info: ('nova.bg', 'TV news')
Current page is 119
30-11-2025 10:49:20 INFO     	For media nova.bg (TV news) searching in page https://nova.bg/news/category/2/%D0%B1%D1%8A%D0%BB%D0%B3%D0%B0%D1%80%D0%B8%D1%8F/120	The number of found articles is: 15
30-11-2025 10:49:20 INFO     Info: ('nova.bg', 'TV news')
Current page is 120
30-11-2025 10:49:20 INFO     	For media nova.bg (TV news) searching in page https://nova.bg/news/category/2/%D0%B1%D1%8A%D0%BB%D0%B3%D0%B0%D1%80%D0%B8%D1%8F/121	The number of found articles is: 15
30-11-2025 10:49:20 INFO     Info: ('nova.bg', 'TV news')
Current page is 121
30-11-2025 10:49:20 INFO     	For media nova.bg (TV news) searching in page https://nova.bg/news/category/2/%D0%B1%D1%8A%D0%BB%D0%B3%D0%B0%D1%80%D0%B8%D1%8F/122	The number of found articles is: 15
30-11-2025 10:49:20 INFO     Info: ('nova.bg', 'TV news')
Current page is 122
30-11-2025 10:49:21 INFO     ---News article: <<< Боят в бургаско училище: Едното момиче имало и предишни провинения >>> was not included in the data because none of BaseWebsite._second_level keywords were found in the article text Article url: https://nova.bg/news/view/2025/10/24/515147/%D0%B1%D0%BE%D1%8F%D1%82-%D0%B2-%D0%B1%D1%83%D1%80%D0%B3%D0%B0%D1%81%D0%BA%D0%BE-%D1%83%D1%87%D0%B8%D0%BB%D0%B8%D1%89%D0%B5-%D0%B5%D0%B4%D0%BD%D0%BE%D1%82%D0%BE-%D0%BC%D0%BE%D0%BC%D0%B8%D1%87%D0%B5-%D0%B8%D0%BC%D0%B0%D0%BB%D0%BE-%D0%B8-%D0%BF%D1%80%D0%B5%D0%B4%D0%B8%D1%88%D0%BD%D0%B8-%D0%BF%D1%80%D0%BE%D0%B2%D0%B8%D0%BD%D0%B5%D0%BD%D0%B8%D1%8F/
30-11-2025 10:49:21 INFO     	For media nova.bg (TV news) searching in page https://nova.bg/news/category/2/%D0%B1%D1%8A%D0%BB%D0%B3%D0%B0%D1%80%D0%B8%D1%8F/123	The number of found articles is: 15
30-11-2025 10:49:21 INFO     Info: ('nova.bg', 'TV news')
Current page is 123
30-11-2025 10:49:21 INFO     	For media nova.bg (TV news) searching in page https://nova.bg/news/category/2/%D0%B1%D1%8A%D0%BB%D0%B3%D0%B0%D1%80%D0%B8%D1%8F/124	The number of found articles is: 15
30-11-2025 10:49:21 INFO     Info: ('nova.bg', 'TV news')
Current page is 124
30-11-2025 10:49:21 INFO     	For media nova.bg (TV news) searching in page https://nova.bg/news/category/2/%D0%B1%D1%8A%D0%BB%D0%B3%D0%B0%D1%80%D0%B8%D1%8F/125	The number of found articles is: 15
30-11-2025 10:49:21 INFO     Info: ('nova.bg', 'TV news')
Current page is 125
30-11-2025 10:49:21 INFO     	For media nova.bg (TV news) searching in page https://nova.bg/news/category/2/%D0%B1%D1%8A%D0%BB%D0%B3%D0%B0%D1%80%D0%B8%D1%8F/126	The number of found articles is: 15
30-11-2025 10:49:21 INFO     Info: ('nova.bg', 'TV news')
Current page is 126
30-11-2025 10:49:21 INFO     	For media nova.bg (TV news) searching in page https://nova.bg/news/category/2/%D0%B1%D1%8A%D0%BB%D0%B3%D0%B0%D1%80%D0%B8%D1%8F/127	The number of found articles is: 15
30-11-2025 10:49:21 INFO     Info: ('nova.bg', 'TV news')
Current page is 127
30-11-2025 10:49:22 INFO     	For media nova.bg (TV news) searching in page https://nova.bg/news/category/2/%D0%B1%D1%8A%D0%BB%D0%B3%D0%B0%D1%80%D0%B8%D1%8F/128	The number of found articles is: 15
30-11-2025 10:49:22 INFO     Info: ('nova.bg', 'TV news')
Current page is 128
30-11-2025 10:49:22 INFO     	For media nova.bg (TV news) searching in page https://nova.bg/news/category/2/%D0%B1%D1%8A%D0%BB%D0%B3%D0%B0%D1%80%D0%B8%D1%8F/129	The number of found articles is: 15
30-11-2025 10:49:22 INFO     Info: ('nova.bg', 'TV news')
Current page is 129
30-11-2025 10:49:22 INFO     	For media nova.bg (TV news) searching in page https://nova.bg/news/category/2/%D0%B1%D1%8A%D0%BB%D0%B3%D0%B0%D1%80%D0%B8%D1%8F/130	The number of found articles is: 15
30-11-2025 10:49:22 INFO     Info: ('nova.bg', 'TV news')
Current page is 130
30-11-2025 10:49:22 INFO     	For media nova.bg (TV news) searching in page https://nova.bg/news/category/2/%D0%B1%D1%8A%D0%BB%D0%B3%D0%B0%D1%80%D0%B8%D1%8F/131	The number of found articles is: 15
30-11-2025 10:49:22 INFO     Info: ('nova.bg', 'TV news')
Current page is 131
30-11-2025 10:49:22 INFO     	For media nova.bg (TV news) searching in page https://nova.bg/news/category/2/%D0%B1%D1%8A%D0%BB%D0%B3%D0%B0%D1%80%D0%B8%D1%8F/132	The number of found articles is: 15
30-11-2025 10:49:22 INFO     Info: ('nova.bg', 'TV news')
Current page is 132
30-11-2025 10:49:22 INFO     	For media nova.bg (TV news) searching in page https://nova.bg/news/category/2/%D0%B1%D1%8A%D0%BB%D0%B3%D0%B0%D1%80%D0%B8%D1%8F/133	The number of found articles is: 15
30-11-2025 10:49:22 INFO     Info: ('nova.bg', 'TV news')
Current page is 133
30-11-2025 10:49:23 INFO     	For media nova.bg (TV news) searching in page https://nova.bg/news/category/2/%D0%B1%D1%8A%D0%BB%D0%B3%D0%B0%D1%80%D0%B8%D1%8F/134	The number of found articles is: 15
30-11-2025 10:49:23 INFO     Info: ('nova.bg', 'TV news')
Current page is 134
30-11-2025 10:49:23 INFO     	For media nova.bg (TV news) searching in page https://nova.bg/news/category/2/%D0%B1%D1%8A%D0%BB%D0%B3%D0%B0%D1%80%D0%B8%D1%8F/135	The number of found articles is: 15
30-11-2025 10:49:23 INFO     Info: ('nova.bg', 'TV news')
Current page is 135
30-11-2025 10:49:23 INFO     ---Article with title: 23-годишна жена загина при катастрофа в Благоевградско was not added because contains words from article title exclusion list: ['катастроф']
30-11-2025 10:49:23 INFO     	For media nova.bg (TV news) searching in page https://nova.bg/news/category/2/%D0%B1%D1%8A%D0%BB%D0%B3%D0%B0%D1%80%D0%B8%D1%8F/136	The number of found articles is: 15
30-11-2025 10:49:23 INFO     Info: ('nova.bg', 'TV news')
Current page is 136
30-11-2025 10:49:23 INFO     	For media nova.bg (TV news) searching in page https://nova.bg/news/category/2/%D0%B1%D1%8A%D0%BB%D0%B3%D0%B0%D1%80%D0%B8%D1%8F/137	The number of found articles is: 15
30-11-2025 10:49:23 INFO     Info: ('nova.bg', 'TV news')
Current page is 137
30-11-2025 10:49:23 INFO     ---Article with title: Всеки ден 10 жени в България чуват диагнозата рак на гърдата was not added because contains words from article title exclusion list: [' рак ']
30-11-2025 10:49:23 INFO     	For media nova.bg (TV news) searching in page https://nova.bg/news/category/2/%D0%B1%D1%8A%D0%BB%D0%B3%D0%B0%D1%80%D0%B8%D1%8F/138	The number of found articles is: 15
30-11-2025 10:49:23 INFO     Info: ('nova.bg', 'TV news')
Current page is 138
30-11-2025 10:49:23 INFO     ---Article with title: 17-годишно момиче загина в катастрофа на АМ „Тракия” was not added because contains words from article title exclusion list: ['катастроф']
30-11-2025 10:49:23 INFO     	For media nova.bg (TV news) searching in page https://nova.bg/news/category/2/%D0%B1%D1%8A%D0%BB%D0%B3%D0%B0%D1%80%D0%B8%D1%8F/139	The number of found articles is: 15
30-11-2025 10:49:23 INFO     Info: ('nova.bg', 'TV news')
Current page is 139
30-11-2025 10:49:24 INFO     ---News article: <<< „Дотам и обратно”: Тайните на загадъчното светилище Демир Баба Теке >>> was not included in the data because none of BaseWebsite._second_level keywords were found in the article text Article url: https://nova.bg/news/view/2025/10/19/514323/%D0%B4%D0%BE%D1%82%D0%B0%D0%BC-%D0%B8-%D0%BE%D0%B1%D1%80%D0%B0%D1%82%D0%BD%D0%BE-%D1%82%D0%B0%D0%B9%D0%BD%D0%B8%D1%82%D0%B5-%D0%BD%D0%B0-%D0%B7%D0%B0%D0%B3%D0%B0%D0%B4%D1%8A%D1%87%D0%BD%D0%BE%D1%82%D0%BE-%D1%81%D0%B2%D0%B5%D1%82%D0%B8%D0%BB%D0%B8%D1%89%D0%B5-%D0%B4%D0%B5%D0%BC%D0%B8%D1%80-%D0%B1%D0%B0%D0%B1%D0%B0-%D1%82%D0%B5%D0%BA%D0%B5/
30-11-2025 10:49:24 INFO     	For media nova.bg (TV news) searching in page https://nova.bg/news/category/2/%D0%B1%D1%8A%D0%BB%D0%B3%D0%B0%D1%80%D0%B8%D1%8F/140	The number of found articles is: 15
30-11-2025 10:49:24 INFO     Info: ('nova.bg', 'TV news')
Current page is 140
30-11-2025 10:49:24 INFO     	For media nova.bg (TV news) searching in page https://nova.bg/news/category/2/%D0%B1%D1%8A%D0%BB%D0%B3%D0%B0%D1%80%D0%B8%D1%8F/141	The number of found articles is: 15
30-11-2025 10:49:24 INFO     Info: ('nova.bg', 'TV news')
Current page is 141
30-11-2025 10:49:24 INFO     	For media nova.bg (TV news) searching in page https://nova.bg/news/category/2/%D0%B1%D1%8A%D0%BB%D0%B3%D0%B0%D1%80%D0%B8%D1%8F/142	The number of found articles is: 15
30-11-2025 10:49:24 INFO     Info: ('nova.bg', 'TV news')
Current page is 142
30-11-2025 10:49:24 INFO     ***Article with title: <<< Задържаха двама за отвличане на жена в Гълъбово >>> already existed within the media archive as URL and Title. 
30-11-2025 10:49:24 INFO     	For media nova.bg (TV news) searching in page https://nova.bg/news/category/2/%D0%B1%D1%8A%D0%BB%D0%B3%D0%B0%D1%80%D0%B8%D1%8F/143	The number of found articles is: 15
30-11-2025 10:49:24 INFO     Info: ('nova.bg', 'TV news')
Current page is 143
30-11-2025 10:49:24 INFO     The info of the df after transform it from the _data_dict is: (15, 9) (rows/cols)
30-11-2025 10:49:24 INFO     Info: ('nova.bg', 'TV news')
Last page was: 143
30-11-2025 10:49:24 INFO     The 'export/nova.bg/nova.bg_archive.csv' was updated with 15 articles
30-11-2025 10:49:25 INFO     @The article collection for nova.bg is done!
