Title,URL,Source,Type,DateTime,Article,Location,Keywords1,Keywords2
Задържаха двама братя за грабеж и побой над жена в София,https://nova.bg/news/view/2026/09/30/553457/%D0%B7%D0%B0%D0%B4%D1%8A%D1%80%D0%B6%D0%B0%D1%85%D0%B0-%D0%B4%D0%B2%D0%B0%D0%BC%D0%B0-%D0%B1%D1%80%D0%B0%D1%82%D1%8F-%D0%B7%D0%B0-%D0%B3%D1%80%D0%B0%D0%B1%D0%B5%D0%B6-%D0%B8-%D0%BF%D0%BE%D0%B1%D0%BE%D0%B9-%D0%BD%D0%B0%D0%B4-%D0%B6%D0%B5%D0%BD%D0%B0-%D0%B2-%D1%81%D0%BE%D1%84%D0%B8%D1%8F/,nova.bg,TV news,2026-09-30 13:56:00,"Софийската районна прокуратура привлече към наказателна отговорност двама братя - на 20 и на 22 години. Те са обвинени за извършването на грабеж и побой над жена на спирка на градския транспорт в столицата. Нападението е извършено на 27 септември в ж.к. „Люлин”. Според обвинението двамата млади мъже удряли жертвата с юмруци в лицето, след което откраднали портмоне с 350 евро, лични документи и ваучери за храна. Ограбиха и разбиха бутилка в лицето на мъж в Лом, задържан е 17-годишен Двамата мъже са задържани за срок до 72 часа с постановление на наблюдаващ прокурор. Предстои да бъде внесено искане в Софийския районен съд за определяне на мярка за неотклонение „задържане под стража”. Последвайте ни",Лом, жена,жертва
"16-годишното момиче, обвинено за убийството на Младежкия хълм, остава в ареста",https://nova.bg/news/view/2026/09/24/552647/16-%D0%B3%D0%BE%D0%B4%D0%B8%D1%88%D0%BD%D0%BE%D1%82%D0%BE-%D0%BC%D0%BE%D0%BC%D0%B8%D1%87%D0%B5-%D0%BE%D0%B1%D0%B2%D0%B8%D0%BD%D0%B5%D0%BD%D0%BE-%D0%B7%D0%B0-%D1%83%D0%B1%D0%B8%D0%B9%D1%81%D1%82%D0%B2%D0%BE%D1%82%D0%BE-%D0%BD%D0%B0-%D0%BC%D0%BB%D0%B0%D0%B4%D0%B5%D0%B6%D0%BA%D0%B8%D1%8F-%D1%85%D1%8A%D0%BB%D0%BC-%D0%BE%D1%81%D1%82%D0%B0%D0%B2%D0%B0-%D0%B2-%D0%B0%D1%80%D0%B5%D1%81%D1%82%D0%B0/,nova.bg,TV news,2026-09-24 12:30:00,"16-годишното момиче, което е обвинено в съучастие в убийството на 37-годишния Георги Кузев на Младежкия хълм в Пловдив, остава за постоянно в ареста. Апелативният съд потвърди най-тежката мярка за неотклонение след поредното обжалване от страна на защитата. Делото за мярката се гледа при закрити врата. Според съда и на този етап са налице основания непълнолетната да остане зад решетките. Като мотив магистратите изтъкват, че съществува опасност тя да въздейства върху свидетели по разследването чрез социалните мрежи. Съдът отказа да освободи от ареста момиче, обвинено за убийството на Младежкия хълм До момента материалите по делото вече са събрани в 14 тома, съдържащи показания, веществени доказателства и експертизи. „Освобождаването на когото и да е от извършителите на това изключително тежко престъпление би било скандално. Тепърва ще се събират основни доказателства по делото от страна на следствието, под ръководството на прокуратурата. Подобна промяна на мярката за неотклонение би била крайно незаконосъобразна”, заяви адвокатът Димитър Марковски. 16-годишната е една от общо 8 непълнолетни, които са обвиняеми за убийството на Георги Кузев. Мъжът беше нападнат на Младежкия хълм на 4 август. Разследването, което трябва да установи точната роля на всеки един от участниците в престъплението, продължава. Последвайте ни",,момиче,уби
Повдигнаха обвинение на 72-годишния мъж за убийството на жена в Бачево,https://nova.bg/news/view/2026/09/21/552271/%D0%BF%D0%BE%D0%B2%D0%B4%D0%B8%D0%B3%D0%BD%D0%B0%D1%85%D0%B0-%D0%BE%D0%B1%D0%B2%D0%B8%D0%BD%D0%B5%D0%BD%D0%B8%D0%B5-%D0%BD%D0%B0-72-%D0%B3%D0%BE%D0%B4%D0%B8%D1%88%D0%BD%D0%B8%D1%8F-%D0%BC%D1%8A%D0%B6-%D0%B7%D0%B0-%D1%83%D0%B1%D0%B8%D0%B9%D1%81%D1%82%D0%B2%D0%BE%D1%82%D0%BE-%D0%BD%D0%B0-%D0%B6%D0%B5%D0%BD%D0%B0-%D0%B2-%D0%B1%D0%B0%D1%87%D0%B5%D0%B2%D0%BE/,nova.bg,TV news,2026-09-21 17:01:00,"72-годишен мъж е задържан по досъдебно производство за убийство на жена в село Бачево, община Разлог. Разследването се провежда под ръководството на Окръжната прокуратура в Благоевград. Припомняме, че на 18 септември около 10:30 часа бил подаден сигнал за мъж и жена в безпомощно състояние в двора на къща. На място незабавно били изпратени полицейски екипи. Жертва и тежко ранен след жесток побой над възрастни хора в Благоевградско По първоначални данни между двамата 76-годишни жители на Бачево и техен 72-годишен роднина възникнал скандал. Според полицията по време на конфликта по-възрастните мъж и жена са били ударени с тъп предмет. Жената е починала вследствие на получените наранявания. Пострадалият мъж е транспортиран и настанен за лечение в МБАЛ „Д-р Асен Велев“ в Разлог. Извършен е оглед на местопроизшествието, при който са иззети веществени доказателства. Проведени са и разпити на свидетели. Въз основа на събраните и проверени доказателства е направено обосновано предположение, че 72-годишният мъж е извършител на деянието. Той е привлечен като обвиняем и е задържан за срок до 72 часа. Наблюдаващият прокурор е внесъл искане до съда за определяне на мярка за неотклонение „задържане под стража“. Работата по установяване на всички факти и обстоятелства по случая продължава под надзора на прокуратурата. Последвайте ни","Благоевград, Разлог", жена,"уби, жертва"
Млад мъж спря побой над майка си и предаде нападателя на полицията,https://nova.bg/news/view/2026/09/17/551778/%D0%BC%D0%BB%D0%B0%D0%B4-%D0%BC%D1%8A%D0%B6-%D1%81%D0%BF%D1%80%D1%8F-%D0%BF%D0%BE%D0%B1%D0%BE%D0%B9-%D0%BD%D0%B0%D0%B4-%D0%BC%D0%B0%D0%B9%D0%BA%D0%B0-%D1%81%D0%B8-%D0%B8-%D0%BF%D1%80%D0%B5%D0%B4%D0%B0%D0%B4%D0%B5-%D0%BD%D0%B0%D0%BF%D0%B0%D0%B4%D0%B0%D1%82%D0%B5%D0%BB%D1%8F-%D0%BD%D0%B0-%D0%BF%D0%BE%D0%BB%D0%B8%D1%86%D0%B8%D1%8F%D1%82%D0%B0/,nova.bg,TV news,2026-09-17 13:55:00,"Семейна свада в Стара Загора завърши с полицейска намеса и задържан 54-годишен мъж, съобщиха от МВР. Сигналът е подаден малко преди полунощ на 16 септември. На телефон във Второ районно управление постъпила информация за сбиване между трима мъже и жена на улица в града. Към мястото незабавно бил изпратен полицейски екип. Мъж е убит, а баща му е ранен при свада в Старозагорско При пристигането си униформените установили 52-годишна жена. Пред полицаите тя разказала, че е била нападната и бита от 54-годишния си бивш партньор. В конфликта се намесил 22-годишният син на жената. По данни на полицията той успял със сила да задържи предполагаемия нападател, за да прекрати насилието над майка си, след което го предал на пристигналите служители на МВР. 54-годишният мъж е отведен в Районното управление и задържан за срок до 24 часа. По случая е образувано досъдебно производство за причиняване на телесна повреда в условията на домашно насилие. Разследването продължава. Последвайте ни",Стара Загора,майка,"домашно насилие, уби, насил"
"Зов за помощ: 19-годишно момиче, приковано на легло, има нужда от помощ, за да проходи",https://nova.bg/news/view/2026/09/16/551579/%D0%B7%D0%BE%D0%B2-%D0%B7%D0%B0-%D0%BF%D0%BE%D0%BC%D0%BE%D1%89-19-%D0%B3%D0%BE%D0%B4%D0%B8%D1%88%D0%BD%D0%BE-%D0%BC%D0%BE%D0%BC%D0%B8%D1%87%D0%B5-%D0%BF%D1%80%D0%B8%D0%BA%D0%BE%D0%B2%D0%B0%D0%BD%D0%BE-%D0%BD%D0%B0-%D0%BB%D0%B5%D0%B3%D0%BB%D0%BE-%D0%B8%D0%BC%D0%B0-%D0%BD%D1%83%D0%B6%D0%B4%D0%B0-%D0%BE%D1%82-%D0%BF%D0%BE%D0%BC%D0%BE%D1%89-%D0%B7%D0%B0-%D0%B4%D0%B0-%D0%BF%D1%80%D0%BE%D1%85%D0%BE%D0%B4%D0%B8/,nova.bg,TV news,2026-09-16 08:58:00,"87-годишен мъж от село Елховец от години се грижи сам за внучката си. 19-годишната Джесика Трампова е прикована на легло. За да може да проходи отново, момичето се нуждае от лечение в чужбина, но с дядо ѝ не разполагат с всички средства за операциите. Тя е неговото щастие. Той нейният стълб. Внучка и дядо по кръв - баща и дъщеря по съдба. Животът на Джесика и 87-годишният Ангел минават сред болнични стаи - в битка за живот и една простичка мечта: ""Да проходя. Вярвам и се опитвам да се справя"", казва Джесика. Когато е на две години, губи баща си. Малко по-късно тежка диагноза приковава майка ѝ на легло. От тогава грижата за нея поема дядо ѝ. ""Справям се, защото няма кой, колкото мога се справям"", казва той. Съдбата не спира да им изпраща изпитания. Когато Джесика става на пет години, краката ѝ отказват да се движат. ""От тогава почнах да си сплитам краката, да не мога да ходя и се влошваха нещата и последваха множество операции"", казва Джесика. ""Сега, наскоро, преди един месец, имах операция на гръбнака в Турция, обаче после се отвори и се наложи отново зашиване"", разказва тя. Ученици се обединиха в помощ на любимата си учителка с рак След връщането си в България състоянието на Джеси се влошава критично. В този момент се намесва екипа на д-р Атанас Белчилов от хирургичното отделение на смолянската болница. Медиците избират да спасят Джеси, въпреки пропуските в здравната система и недофинансираните здравни пътеки.   ""За съжаление, здравната система е такава, че някои болести, някои състояния не се покриват от пътека и част от лечението е за сметка и на болницата, и на персонала. Поради това, че това детенце е само и разчита на дядото, не знам какви финансови възможности имат, но им е много трудно да се справят и затова им се възхищавам, защото в България, за съжаление, системата не се грижи за такива пациенти"", коментира д-р Атанас Белчилов, който е началник отделение ""Хирургия"" МБАЛ-Смолян. ""Тя имаше апартамент тук, в Смолян, и го продадохме. Ние имахме малко пари - някъде около 60 хил. сме дали. Много хора помагат. Искат пролетта стави да сменят, краката да правят в Турция"", казва дядо ѝ. ""Мечтата ми е да се оправи и да ходим заедно с нея"", добавя той. Ако искате да помогнете, може да го направите по следния начин: Титуляр: Джесика Валентинова Трампова  IBAN: BG71STSA93000031909387  Валута: EUR BIC/SWIFT: STSABGSF  Банка: Банка ДСК  Основание: Дарение за лечението на Джесика Последвайте ни",Смолян,момиче,уби
Майката на Николай Златков с критики след разкритията по случая „Петрохан–Околчица”,https://nova.bg/news/view/2026/09/15/551521/%D0%BC%D0%B0%D0%B9%D0%BA%D0%B0%D1%82%D0%B0-%D0%BD%D0%B0-%D0%BD%D0%B8%D0%BA%D0%BE%D0%BB%D0%B0%D0%B9-%D0%B7%D0%BB%D0%B0%D1%82%D0%BA%D0%BE%D0%B2-%D1%81-%D0%BA%D1%80%D0%B8%D1%82%D0%B8%D0%BA%D0%B8-%D1%81%D0%BB%D0%B5%D0%B4-%D1%80%D0%B0%D0%B7%D0%BA%D1%80%D0%B8%D1%82%D0%B8%D1%8F%D1%82%D0%B0-%D0%BF%D0%BE-%D1%81%D0%BB%D1%83%D1%87%D0%B0%D1%8F-%D0%BF%D0%B5%D1%82%D1%80%D0%BE%D1%85%D0%B0%D0%BD%D0%BE%D0%BA%D0%BE%D0%BB%D1%87%D0%B8%D1%86%D0%B0/,nova.bg,TV news,2026-09-15 17:01:00,"Ралица Асенова, майката на Николай Златков, който загина под връх Околчица, отправи остри критики към поведението на психолога и експерт Росен Йорданов по време на вчерашния брифинг на прокуратурата и МВР за случая „Петрохан–Околчица“. Тя написа публикация във Facebook, в която поставя под съмнение неговата безпристрастност към случая. Психологичната експертиза: Ивайло Калушев е сексуален насилник с влечение към подрастващи „Нетърпението на този индивид да вземе думата се усещаше като вибрация в цялата зала. И веднага щом я взе, ни се похвали, че има най-много опит с медиите и затова, общо взето, най-много ще говори.И така започна садистичната му пледоария по всичкознание. Веднага започна и с лъжите, като ни обясни, че откакто е привлечен като вещо лице, е запазил мълчание в следващите повече от шест месеца и не е давал интервюта ”, пише Ралица Асенова. „Не ме спирайте“: Майката на Николай Златков иска да постави паметна плоча на прохода Петрохан Вижте цялата публикация:  Припомняме, че на вчерашния брифинг стана ясно, че Ивайло Калушев е бил централната фигура в строго йерархична общност, контролирал е останалите ѝ членове. Според криминално-психологичния анализ именно той е бил човекът, разполагащ с цялата информация и мотивите за случилото се, заяви криминалният психолог Росен Йорданов. ВСИЧКО ЗА СЛУЧАЯ „ПЕТРОХАН” ЧЕТЕТЕ ТУК Последвайте ни",,майка,насил
"Съдът отказа да освободи от ареста момиче, обвинено за убийството на Младежкия хълм",https://nova.bg/news/view/2026/09/14/551392/%D1%81%D1%8A%D0%B4%D1%8A%D1%82-%D0%BE%D1%82%D0%BA%D0%B0%D0%B7%D0%B0-%D0%B4%D0%B0-%D0%BE%D1%81%D0%B2%D0%BE%D0%B1%D0%BE%D0%B4%D0%B8-%D0%BE%D1%82-%D0%B0%D1%80%D0%B5%D1%81%D1%82%D0%B0-%D0%BC%D0%BE%D0%BC%D0%B8%D1%87%D0%B5-%D0%BE%D0%B1%D0%B2%D0%B8%D0%BD%D0%B5%D0%BD%D0%BE-%D0%B7%D0%B0-%D1%83%D0%B1%D0%B8%D0%B9%D1%81%D1%82%D0%B2%D0%BE%D1%82%D0%BE-%D0%BD%D0%B0-%D0%BC%D0%BB%D0%B0%D0%B4%D0%B5%D0%B6%D0%BA%D0%B8%D1%8F-%D1%85%D1%8A%D0%BB%D0%BC/,nova.bg,TV news,2026-09-14 19:05:00,"Едно от непълнолетните момичета, обвинени за убийството на 37-годишния Георги Кузев в Пловдив, остава в ареста. Окръжният съд отказа да промени наложената ѝ най-тежка мярка за неотклонение „задържане под стража“, съобщи кореспондентът на БТА в Пловдив Таня Благова. Случаят е от 4 август в района на Младежкия хълм. Според обвинението момичето е участвало заедно с още седем непълнолетни в умишленото убийство на 37-годишния мъж. Прокуратурата твърди, че престъплението е извършено с особена жестокост и по особено мъчителен за жертвата начин, както и по хулигански подбуди и мотиви, свързани със сексуалната ориентация на мъжа. Съдът решава дали да остави в ареста две от обвиняемите деца по случая с убийството в Пловдив Въпреки че обвиняемата е непълнолетна, към момента на деянието тя е могла да разбира характера и значението на действията си и да ръководи постъпките си. При разглеждането на искането за по-лека мярка съдът е преценил, че събраните до момента доказателства продължават да подкрепят обосновано предположение за съпричастност на момичето към престъплението. Магистратите не са установили опасност тя да се укрие, но според тях остава рискът да извърши престъпление. Заради възрастта на обвиняемата съдът е указал на прокуратурата да бъде изготвена съдебна психолого-психиатрична експертиза както за нея, така и за останалите непълнолетни обвиняеми по делото. Магистратите са разпоредили също да бъдат създадени условия момичето да продължи образованието си, докато се намира в ареста. Още трима непълнолетни остават в ареста за убийството на Георги Кузев (СНИМКИ) По случая първоначално бяха задържани общо 10 младежи на възраст между 14 и 17 години. Първите обвинения бяха повдигнати на петима – три момчета и две момичета. По данни на разследващите младежите са подражавали на групи, представящи се като „ловци на педофили“. В края на август бяха задържани и обвинени още трима непълнолетни. Така привлечените към наказателна отговорност за убийството на Георги Кузев станаха общо осем. Решението за оставането на момичето в ареста не е окончателно. То може да бъде обжалвано или протестирано пред Апелативния съд в Пловдив, който при необходимост ще разгледа случая на 24 септември. Последвайте ни",,момиче,"уби, жертва"
"Обвиниха мъж, че горил с цигара приятелката си и обръснал главата ѝ",https://nova.bg/news/view/2026/09/14/551348/%D0%BE%D0%B1%D0%B2%D0%B8%D0%BD%D0%B8%D1%85%D0%B0-%D0%BC%D1%8A%D0%B6-%D1%87%D0%B5-%D0%B3%D0%BE%D1%80%D0%B8%D0%BB-%D1%81-%D1%86%D0%B8%D0%B3%D0%B0%D1%80%D0%B0-%D0%BF%D1%80%D0%B8%D1%8F%D1%82%D0%B5%D0%BB%D0%BA%D0%B0%D1%82%D0%B0-%D1%81%D0%B8-%D0%B8-%D0%BE%D0%B1%D1%80%D1%8A%D1%81%D0%BD%D0%B0%D0%BB-%D0%B3%D0%BB%D0%B0%D0%B2%D0%B0%D1%82%D0%B0-%D1%9D/,nova.bg,TV news,2026-09-14 13:59:00,"Полицията в Монтана разследва жестоко нападение над 41-годишна жена. По случая е задържан 45-годишен мъж, който живеел с нея на семейни начала. По данни на прокуратурата в края на миналия месец мъжът я подстригал с електрическа бръснарска машинка. Между 3 и 4 септември пък ѝ нанесъл телесна повреда, която временно е била опасна за живота ѝ. От полицията доппълниха, че задържаният ѝ е причинил и множество изгаряния с цигара по тялото и лицето на потърпевшата. По време на насилието я заплашил и с убийство. По случая се води разследване под ръководството на Районната прокуратура в Монтана. 45-годишният мъж е привлечен като обвиняем. Пребиха жена с лопата за смет в Шуменско, задържаха мъжа ѝ С постановление на прокурор той е задържан за срок до 72 часа. Предстои прокуратурата да поиска от съда да го остави в ареста за постоянно. Последвайте ни","Монтана, Шумен",приятелк,"уби, преби, насил"
Разследване на NOVA: Юмейхо терапевт блудствал с жени по време на масаж?,https://nova.bg/news/view/2026/09/11/551022/%D1%80%D0%B0%D0%B7%D1%81%D0%BB%D0%B5%D0%B4%D0%B2%D0%B0%D0%BD%D0%B5-%D0%BD%D0%B0-nova-%D1%8E%D0%BC%D0%B5%D0%B9%D1%85%D0%BE-%D1%82%D0%B5%D1%80%D0%B0%D0%BF%D0%B5%D0%B2%D1%82-%D0%B1%D0%BB%D1%83%D0%B4%D1%81%D1%82%D0%B2%D0%B0%D0%BB-%D1%81-%D0%B6%D0%B5%D0%BD%D0%B8-%D0%BF%D0%BE-%D0%B2%D1%80%D0%B5%D0%BC%D0%B5-%D0%BD%D0%B0-%D0%BC%D0%B0%D1%81%D0%B0%D0%B6/,nova.bg,TV news,2026-09-11 09:37:00,"Сигнал за сексуални посегателства по време на масажна терапия. Жените, потърсили екипа на NOVA, са посетили известния юмейхо терапевт Стефан Божилов. Става дума за японска мануална терапия, която помага при болки в гърба и кръста – проблеми с опорно-двигателния апарат. Пострадалите разказват, че мъжът се е опитвал да ги опипва на интимни места. Последният случай е отпреди три месеца – става дума за 18-годишно момиче, което подало сигнал в МВР. На Божилов е повдигнато обвинение за блудство. На този етап има информация за посегателства срещу общо шест жени. “Притесних се, че буквално може да ме изнасили и няма кой да ми помогне. Даже не си спомнях откъде се излиза, отключена ли е, заключена ли е вратата”, споделя една от потърпевшите. “Изтръпнах от това, което ми се случва. Казах му:“Какво правиш?”, споделя друга жена. “Човек, чието поведение граничи с извратено и по-скоро болестно състояние” - така друга пострадала определя действията на мъжа. “Сава дума за блудство с ръце”, казва близка на четвъртата жертва. Тези жени не се познават, но разказват една и съща история. В различни години и по различни поводи търсят помощ от един и същи човек – 75-годишният Стефан Божилов, юмейхо терапевт от най-висока степен и председател на Юмейхо сдружението в България. Юмейхо е японска мануална терапия, при която чрез масаж се облекчават болки в части от опорно-двигателния апарат, а пациентите са облечени. Вместо да им помогне обаче, жените твърдят, че Божилов си е позволил да блудства с тях. Последната му клиентка е само на 18 години. След посещението си отива веднага в полицията. А прокуратурата повдига на мъжа обвинение за блудство.  На въпрос от екипа на NOVA дали юмейхо терапията включва опипвания по интимни зони, Божилов отговаря: „Нищо няма да ви отговарям. Искате да кажа нещо, което ще е против мен“. Той споделя още, че от случая с 18-годишната насам не се чувства добре, бил притеснен от това, че трябвало да ходи в полицията. Предупреждения за поведението на Божилов се появяват в социалните мрежи години преди срещу него да бъде повдигнато обвинение. „Издевателства върху жени сексуално, възползвайки се от положението си на „лечител”. Моля да направите тази информация достояние за повече хора и това студио да се заличи. А животното, което си позволява да се гаври с не една жена, е Стефан Божилов”, пише в един от постовете с коментари за терапевта. Опит за блудство: 52-годишен си уговорил среща с 15-годишен, деца го причакали Под публикацията се появяват разкази и на други жени, които споделят, че са преживели същото в кабинета на Божилов. Част от тях са изпратили писмо и до представители на международната им общност. В него фигурират следните оплаквания от потърпевши: „С всяка следваща процедура той си позволяваше да ме докосва все повече и повече в интимната област. Сънувам кошмари и изпитвам отвращение! Надявам се никоя друга жена да не трябва да преживява това“; „Масажът приключи, платих и когато излязох, се чувствах отвратена и унизена, като жертва на изнасилване”. До наказателно преследване срещу Божилов се стига преди около три месеца, след като 18-годишното момиче отива в кабинета му. Търси помощ заради болки в гърба. Терапевтът е препоръчан като един от най-опитните, разказва близка на момичето. “Разбрах, че е възрастен господин с опит. Вдъхваше доверие. Бил много добър, уважаван, учител на други такива терапевти. Ходил в Япония"", разказва близката. Тя допълва, че са чели за мъжа и не са имали повод да се усъмнят в него. Масажът започнал професионално, докато в един момент докосванията на Божилов притеснили момичето. “Постепенно е усетила, че започва някакви действия, които не са ОК. Но той обяснявал, че това е нетрадиционен масаж, японско изкуство и е нормално”, разказва още близката на момичето. След това, по думите на момичето, терапевтът се възбудил и започнал да се отърква в тялото ѝ. После свалил бельото ѝ. Тогава тя скочила и прекратила процедурата. Разследват сексуално посегателство над 77-годишна жена в Ловешко “Става дума за блудство с ръце, еднократен акт, но достатъчен да притесни и унижи една жена”, казва близката. И допълва, че когато напуснало кабинета, момичето било разстроено и треперело. Казало, че веднага ще подаде сигнал, защото смята, че това не се случва за пръв път. “Каза: “Този човек трябва да бъде спрян”, разказва още близката на момичето. Започва разследване. Три месеца по-късно Софийската районна прокуратура повдига на Стефан Божилов обвинение за блудство. Наблюдаващият прокурор и говорител в СРП Александра Стефанова посочи: “Извършителят е осъществил блудствени действия по отношение на пострадалото лице . Тези блудствени действия са съпроводени с упражнена сила. В досъдебното производство са събрани достатъчно доказателства, които към този момент сочат за виновността на извършителя. Разпитани са свидетели, извършени са експертизи. Заключенията от тях са приобщени и въз основа на тези доказателства наблюдаващият прокурор е преценил, че следва да бъде повдигнато обвинение за извършено престъпление. Мярката за неотклонение е в размер на 5 000 евро”. Стефан Божилов не пожела да обясни пред екипа на NOVA какво според него се е случило по време на масажа. Той каза, че е бил в полицията в продължение на 24 часа. “Всеки има право да прави каквото иска в тази страна до доказване на противното. Аз нямам версия и никак не ми е приятен целия този случай”, допълни още той. След сигнала на 18 годишното момиче започват да изплуват истории, премълчавани с години. Екипът на NOVA се среща с още три жени. В различни години те посещават кабинета на Божилов с различни проблеми една надежда - да им помогне. Едната от тях, малко след като животът й се преобръща заради тежка диагноза. “Преди две години ми беше поставена тежка диагноза за автоимунно заболяване и аз търсех начини, с които да мога да си помогна да подобря здравословното състояние. Чрез препоръка от мой близък с добра позиция в обществото попаднах на този човек”, разказва жената. Жената страда от множествена склероза. Още при първото посещение част от докосванията я смущават, но тъй като Божилов е авторитет в средите, му се доверява. “Първата сесия мина сравнително добре. Единствено накрая завършваше с едни движения и едни докосвания, които леко ме смутиха. Но не бях сигурна дали изобщо трябва да ги подлагам на съмнение”, разказва тя. Връща се още два пъти. Третото посещение се оказва последно. “Позволи са да инициира масаж под бельото ми. Аз бях разтреперана и доста притеснена, исках възможно най-бързо да напусна помещението и той го усети. Но погледът му беше като на човек, прекъснат в много важен за него момент. Изключително бях притеснена и уплашена, защото реално съм сама с мъж. Не знаех дали помещението е отключено, или заключено. И не знаех, ако нещата загрубеят дали изобщо мога да изляза оттам в безопасност”, разказва още жената. И допълва, че поведението на терапевта “граничи с извратено и по-скоро болестно състояние”. “Използва позициите си в обществото, за да такива мръсни, ниски цели”, казва още тя. Споделила единствено на съпруга си и се опитва да забрави. Друга жена стига до същия кабинет, с надеждата да стане майка. Търси допълваща терапия докато прави опити да забременее. Изпратена е при Божилов по препоръка на лекар, при когото ходи от години. Отишла е само веднъж, повече не е повторила. По време на масажа той е започнал да опипва жената по интимните зони. “Аз замръзнах, защото не очаквах такова нещо.Бяхме сами, той правеше масажите в един апартамент. Изключително много се уплаших. Притесних се, че буквално може да ме изнасили и няма кой да ми помогне. Даже не си спомнях откъде се излиза, отключена ли е, заключена ли е вратата”, разказва за случая тя. Наложило се е след случката да посещава психолог, за да се справи с травмата. След което е предупредила лекарката, която я е пратила при терапевта, като разказала какво се е случило. Жертвата е готова да даде показания в полицията. Години по-рано друга жена преживява същата история. Отива при Божилов заради болки в кръста. “Първият път нямах никакъв проблем, той обясняваше какво се случва с тялото ми, какви упражнения да правя”, разказва тя. Когато отива за втори път обаче по време на масажа той започнал да я опипва по интимните зони. “Изтръпнах. Какво се случва? Попитах: “Нормално ли е това?”, споделя тя. Божилов се извинил. Жената разказва, че изпитала страх и гняв. Също така споделя, че не е подала жалба в полицията, защото според нея в такива моменти човек чувства срам и вина. Прокурор Стефанова обяснява: “При установяването на евентуално други пострадали лица, те следва да подадат сигнал и съответно да бъде проведено разследване, което да установи, има ли друго извършено посегателство и налице ли са доказателства за промяна на правната квалификация”. Темата вече е и във фокуса на Европа. Тази година Европейският парламент поиска общи правила, основани на принципа „само „да“ означава „да“. Според тях мълчанието или липсата на съпротива не означават съгласие , защото при сексуално посегателство жертвата може просто да замръзне от страх. Стефанова допълва: “Kогато имаме замръзване на тялото и това е вследствие всъщност на посегателството, осъществено то извършителя, ние влизаме в тази гранична хипотеза ,в която е напълно възможно извършеното към този момент да не бъде престъпление по нашия Наказателен кодекс”. А една от жертвите споделя: “Не искам други жени да изпадат в такова положение, което може да бъдат и много травмиращо”. А друга изразява недежда Стефан Божилов да бъде спрян. Към момента терапевтът продължава да работи, лицензът му не е отнет. Адвокатите на Божилов изпратиха позиция до NOVA. В нея пише, че производството е в досъдебна фаза, обвинителен акт не е внесен в съда, съдебен процес не е образуван. Постановлението за привличане на обвиняем е предварителна прокурорска квалификация, която подлежи на изменение, а производството - на прекратяване. Казват, че нямат достъп до материалите по разследването. Те не могат да се разгласяват без разрешение на наблюдаващия прокурор. Казват още, че твърдения на лица, които не са сезирали разследващите органи, са непроверени и недоказани. “Излъчването им като установени факти или тяхното обединяване в “модел на поведение” е годно да причини неотстраними вреди”, пише още в позицията. Повече по темата гледайте във видеото. Последвайте ни",, жени,"изнасил, насил, жертва"
Обвиниха мъж в трафик и принуждаване на млада жена към проституция,https://nova.bg/news/view/2026/09/01/549801/%D0%BE%D0%B1%D0%B2%D0%B8%D0%BD%D0%B8%D1%85%D0%B0-%D0%BC%D1%8A%D0%B6-%D0%B2-%D1%82%D1%80%D0%B0%D1%84%D0%B8%D0%BA-%D0%B8-%D0%BF%D1%80%D0%B8%D0%BD%D1%83%D0%B6%D0%B4%D0%B0%D0%B2%D0%B0%D0%BD%D0%B5-%D0%BD%D0%B0-%D0%BC%D0%BB%D0%B0%D0%B4%D0%B0-%D0%B6%D0%B5%D0%BD%D0%B0-%D0%BA%D1%8A%D0%BC-%D0%BF%D1%80%D0%BE%D1%81%D1%82%D0%B8%D1%82%D1%83%D1%86%D0%B8%D1%8F/,nova.bg,TV news,2026-09-01 17:32:00,"21-годишен мъж е привлечен като обвиняем при разследване за трафик на 20-годишна жена с цел сексуална експлоатация, свождане към блудствени действия и предоставяне на помещения за такива действия срещу заплащане. Разследването се води под ръководството на Районната прокуратура във Видин. Според събраните до момента доказателства младата жена е била транспортирана и укривана през различни периоди от лятото на 2024 г. до 29 август 2026 г. Целта, по данни на прокуратурата, е била тя да бъде използвана за развратни действия и да бъде свождана към тях с користна цел. Връзвана с кабели, заключена и пребивана: Разследват отвличане и принуда на 20-годишна с цел проституция Разследващите са установили данни, че в определен период спрямо пострадалата е била упражнявана и принуда. Според прокуратурата при набирането ѝ са били използвани още обещаване и предоставяне на облаги, както и състояние на зависимост. На 20-годишната жена са били предоставяни помещения във Видин и София, в които да бъдат извършвани блудствени действия с користна цел. Разследването се води от Главна дирекция „Борба с организираната престъпност“. В рамките на операцията са разпитани свидетели, извършени са претърсвания и изземвания в имоти във Видин и София, както и личен обиск. Иззети са множество веществени доказателства, сред които преносими компютри, мобилни телефони, камери, SIM карти, флаш памет и други вещи, които имат отношение към разследвания случай. Разкриха престъпна група за трафик на хора, действала от 2018 година (СНИМКИ) Въз основа на доказателствата прокуратурата смята, че може да се направи обосновано предположение за съпричастността на 21-годишния мъж към разследваните престъпления. Той е привлечен като обвиняем и е задържан за срок до 72 часа. Предстои прокуратурата да внесе в съда искане той да остане за постоянно в ареста с мярка за неотклонение „задържане под стража“. Последвайте ни",Видин, жена,преби
Кола се вряза в магазин и рани жена във Варна (СНИМКИ),https://nova.bg/news/view/2026/09/01/549760/%D0%BA%D0%BE%D0%BB%D0%B0-%D1%81%D0%B5-%D0%B2%D1%80%D1%8F%D0%B7%D0%B0-%D0%B2-%D0%BC%D0%B0%D0%B3%D0%B0%D0%B7%D0%B8%D0%BD-%D0%B8-%D1%80%D0%B0%D0%BD%D0%B8-%D0%B6%D0%B5%D0%BD%D0%B0-%D0%B2%D1%8A%D0%B2-%D0%B2%D0%B0%D1%80%D0%BD%D0%B0-%D1%81%D0%BD%D0%B8%D0%BC%D0%BA%D0%B8/,nova.bg,TV news,2026-09-01 14:17:00,"Кола се вряза в магазин и рани жена във Варна. Инцидентът е станал около 12:00 ч. на обяд близо до Колхозния пазар. По непотвърдена информация на шофьора му е прилошало. Той губи управлението на автомобила си и в резултат се качва на тротоара пред магазин за плодове и зеленчуци.  Снимка: Ивомира Пехливанова В същия момент там се е намирала жена. Тя е с контузия на китката и тазобедрената става, без опасност за живота, съобщиха от ОДМВР Варна. В резултат на удара шофьорът е получил гръдна травма. И двамата са откарани в лечебно заведения.  Снимка: Ивомира Пехливанова Кола блъсна и уби две жени на тротоар във Варна и се вряза в магазин На 22 декември миналата година при подобен инцидент, отново на Колхозния пазар във Варна, кола се качи на тротоара и блъсна две жени, които починаха в резултат на травмите си.  Снимка: Ивомира Пехливанова Последвайте ни",Варна, жена,уби
„Ще те унищожа“: Мъж хвърли нож по жена си и я рани в София,https://nova.bg/news/view/2026/09/01/549730/%D1%89%D0%B5-%D1%82%D0%B5-%D1%83%D0%BD%D0%B8%D1%89%D0%BE%D0%B6%D0%B0-%D0%BC%D1%8A%D0%B6-%D1%85%D0%B2%D1%8A%D1%80%D0%BB%D0%B8-%D0%BD%D0%BE%D0%B6-%D0%BF%D0%BE-%D0%B6%D0%B5%D0%BD%D0%B0-%D1%81%D0%B8-%D0%B8-%D1%8F-%D1%80%D0%B0%D0%BD%D0%B8-%D0%B2-%D1%81%D0%BE%D1%84%D0%B8%D1%8F/,nova.bg,TV news,2026-09-01 11:31:00,"Софийската районна прокуратура привлече като обвиняем 28-годишен мъж за отправени заплахи за убийство и причиняване на телесна повреда на жената, с която живее. Случаят се разследва като извършен в условията на домашно насилие. Инцидентът е станал около 00:20 часа на 31 август в апартамент в София. Според събраните до момента доказателства мъжът с инициали Д.Х. отправил към партньорката си заплахите „Ще те унищожа“, „Ще те смачкам“ и „Ще те съсипя“. Задържаха мъж, заплашил да отреже гърлото на жената, с която живее От прокуратурата посочват, че по време на конфликта обвиняемият насочил нож към жената, след което го хвърлил срещу нея. Той я удрял и с ръце в областта на гърба. Жената била улучена с ножа и получила лека телесна повреда. За случая е образувано досъдебно производство за закана с убийство и причиняване на лека телесна повреда в условията на домашно насилие. За престъпленията законът предвижда наказание „лишаване от свобода“. 28-годишният мъж е задържан за срок до 72 часа. Прокуратурата предстои да внесе в Софийския районен съд искане обвиняемият да остане за постоянно в ареста с мярка за неотклонение „задържане под стража“ Последвайте ни",, жена,"домашно насилие, уби, насил"
"Продължава разследването на убийството на жена в столичния квартал ""Бъкстон""",https://nova.bg/news/view/2026/09/01/549678/%D0%BF%D1%80%D0%BE%D0%B4%D1%8A%D0%BB%D0%B6%D0%B0%D0%B2%D0%B0-%D1%80%D0%B0%D0%B7%D1%81%D0%BB%D0%B5%D0%B4%D0%B2%D0%B0%D0%BD%D0%B5%D1%82%D0%BE-%D0%BD%D0%B0-%D1%83%D0%B1%D0%B8%D0%B9%D1%81%D1%82%D0%B2%D0%BE%D1%82%D0%BE-%D0%BD%D0%B0-%D0%B6%D0%B5%D0%BD%D0%B0-%D0%B2-%D1%81%D1%82%D0%BE%D0%BB%D0%B8%D1%87%D0%BD%D0%B8%D1%8F-%D0%BA%D0%B2%D0%B0%D1%80%D1%82%D0%B0%D0%BB-%D0%B1%D1%8A%D0%BA%D1%81%D1%82%D0%BE%D0%BD/,nova.bg,TV news,2026-09-01 06:18:00,"Продължава разследването на убийството на млада жена в столичния квартал ""Бъкстон"". За престъплението е задържан украински гражданин на 24 години. Софийската градска прокуратура вече му повдигна обвинение за умишлено убийство. Според източници на NOVA жертвата е японка, с която той живеел на семейни начала, а в жилището са открити украински знамена със свастики по тях. Убиха жена в София, задържан е приятелят ѝ (ВИДЕО+СНИМКИ) По първоначална информация мъжът редовно е злоупотребявал с алкохол, посягал и към дрогата. Към момента водещата версия за убийството е битов скандал. Последвайте ни",, жена,"уби, жертва"
"Убиха жена в София, задържан е приятелят ѝ (ВИДЕО+СНИМКИ)",https://nova.bg/news/view/2026/08/31/549568/%D1%83%D0%B1%D0%B8%D1%85%D0%B0-%D0%B6%D0%B5%D0%BD%D0%B0-%D0%B2-%D1%81%D0%BE%D1%84%D0%B8%D1%8F-%D0%B7%D0%B0%D0%B4%D1%8A%D1%80%D0%B6%D0%B0%D0%BD-%D0%B5-%D0%BF%D1%80%D0%B8%D1%8F%D1%82%D0%B5%D0%BB%D1%8F%D1%82-%D1%9D-%D0%B2%D0%B8%D0%B4%D0%B5%D0%BE%D1%81%D0%BD%D0%B8%D0%BC%D0%BA%D0%B8/,nova.bg,TV news,2026-08-31 09:07:00,"Задържаха украински гражданин на 24 години за убийството на млада жена в апартамент в столичния квартал „Бъкстон“. Това потвърдиха за NOVA от Столичната дирекция на вътрешните работи. По неофициална информация от източници от разследването жертвата е японка на 18 г. Тя била обезглавена. Около 7 ч. сутринта приятелят на жертвата започнал да крещи пред жилищния блок, като по думите на съседи бил в неадекватно състояние. Той не успял да отвори входната врата на кооперацията и след няколко неуспешни опита счупил стъклото ѝ и се качил до жилището си. Преди това счупил стъклата на две паркирани на улицата коли. В купето на едната се вижда паве. Хората от блока подали сигнал в полицията. На място пристигнали служители на МВР. В близост до повредените коли полицаите установили разбитата входна врата на жилищна сграда. На първия етаж забелязали мъж, отговарящ на описанието от сигнала. Той незабавно е задържан. При проверка в апартамент, чиято врата била открехната, е открито тялото на 18-годишна жена. Към момента се изясняват обстоятелствата около смъртта ѝ. Основната версия са битови мотиви.  Снимка: Илияна Шишкова, NOVA По думите на съседи младата двойка били спокойни и кротки, но често ги виждали в нетрезво състояние. Според тях има вероятност мъжът да е злоупотребявал и с наркотични вещества.  Снимка: Илияна Шишкова, NOVA Съседка на чуждестранната двойка разказва, че двамата били във връзка и правели впечатление с външния си вид. „Двамата са в татуировки по лицето, с розови коси. Много либерална външност имат. По моята теория явно е бил под наркотично влияние и тя не искала да го пусне, защото той доста време се е разхождал. Извършеното е несъзнателно, със сигурност"", коментира тя. „Вчера този въпросният младеж го видях. Ходеше след мен и говореше. Видимо не държеше нито телефон, нито имаше слушалка, говореше нещо странно”, разказва съседка на украинеца. До момента двамата не са създавали проблеми, не е имало и скандали между тях, разказват съседите. Не знаят с какво са се издържали. По информация на NOVA в апартамента, където е открито тялото на жертвата, са намерени украински знамена със свастики. Софийската градска прокуратура му е повдигнала обвинения за умишлено убийство. Той ще бъде задържан за срок до 72 часа. Според държавното обвинение младият мъж нанесъл множество удари с нож в областта на шията и гърба на приятелката си. Предстои СГП да внесе искане в Софийски градски съд за вземане на мярка за неотклонение задържане под стража спрямо обвиняемия. Последвайте ни",Столична, жена,"уби, смърт, жертва"
"Почина жената, запалена след семеен скандал в Медовец",https://nova.bg/news/view/2026/08/26/549073/%D0%BF%D0%BE%D1%87%D0%B8%D0%BD%D0%B0-%D0%B6%D0%B5%D0%BD%D0%B0%D1%82%D0%B0-%D0%B7%D0%B0%D0%BF%D0%B0%D0%BB%D0%B5%D0%BD%D0%B0-%D1%81%D0%BB%D0%B5%D0%B4-%D1%81%D0%B5%D0%BC%D0%B5%D0%B5%D0%BD-%D1%81%D0%BA%D0%B0%D0%BD%D0%B4%D0%B0%D0%BB-%D0%B2-%D0%BC%D0%B5%D0%B4%D0%BE%D0%B2%D0%B5%D1%86/,nova.bg,TV news,2026-08-26 12:42:00,"Почина жената, запалена след семеен скандал в село Медовец. Файзе Ахмед беше с 40% изгаряния и се бореше за живота си във Военната болница във Варна. Припомняме, че в края на юли тя беше залята със запалителна течност и подпалена пред децата си. По бруталното нападение е задържан мъжът на жертвата. Жената беше приета в болница в критично състояние, а мъжът беше арестуван. Обявиха акция по кръводаряване за жената, запалена след семеен скандал в Медовец Предстои обвинението към него да се промени от опит за убийство в убийство по особено мъчителен за жертвата начин. В последните седмици жената претърпя няколко спешни кръвопреливания. Заради необходимостта от кръв Регионалният център по трансфузионна хематология във Варна организира мобилна акция на място в село Медовец. Последвайте ни",Варна, жена,"уби, жертва"
Зов за помощ: Най-силният българин събира 200 000 евро за лечението на съпругата си,https://nova.bg/news/view/2026/08/20/548340/%D0%B7%D0%BE%D0%B2-%D0%B7%D0%B0-%D0%BF%D0%BE%D0%BC%D0%BE%D1%89-%D0%BD%D0%B0%D0%B9-%D1%81%D0%B8%D0%BB%D0%BD%D0%B8%D1%8F%D1%82-%D0%B1%D1%8A%D0%BB%D0%B3%D0%B0%D1%80%D0%B8%D0%BD-%D1%81%D1%8A%D0%B1%D0%B8%D1%80%D0%B0-200-000-%D0%B5%D0%B2%D1%80%D0%BE-%D0%B7%D0%B0-%D0%BB%D0%B5%D1%87%D0%B5%D0%BD%D0%B8%D0%B5%D1%82%D0%BE-%D0%BD%D0%B0-%D1%81%D1%8A%D0%BF%D1%80%D1%83%D0%B3%D0%B0%D1%82%D0%B0-%D1%81%D0%B8/,nova.bg,TV news,2026-08-20 09:28:00,"Силовият атлет Мариян Димитров, познат с опита си да издърпа три локомотива, днес е изправен пред изпитание, за което физическата сила не е достатъчна. Съпругата му Виктория е само на 30 години, майка е на две деца и се бори с агресивно онкологично заболяване. След проведеното досега лечение семейството търси нов шанс в клиника в Турция, а за началото му са необходими 200 000 евро. Заболяването е открито след тежка бременност и раждане. Последвали две сериозни операции, химиотерапия и лъчетерапия. Въпреки усилията на лекарите обаче, болестта продължила да се развива. „Оттук нататък това, за което се молим, е надежда и шанс. Тук се отказаха, реално няма какво повече да направят. И взехме решението да се преместим в една от най-големите болници в Турция“, каза Мариян пред NOVA. По думите му надеждата е специалистите там да намерят възможност за ново лечение и да дадат на Виктория шанс да продължи битката. Досега семейството е поемало само разходите за лечението ѝ. Цената на следващия етап обаче вече е непосилна. „Досега се справяхме сами, но там е много по-скъпо. За момента сумата, която са обявили, е 200 000 евро. Няма откъде да ги взема. Вече не мога да се справя“, признава Мариян. Зад огромната сума стои нещо, което за Виктория не може да бъде измерено в пари - времето, което иска да има със своите деца. „Когато ти се случат такива неща, лека-полека започваш да губиш надежда, че ще се възстанови, че ще влезе в ремисия, че ще изчезне самата болест. Надежда и време за децата ми - това е, от което имам нужда“, споделя младата жена. Болестта вече е отнела от Виктория моменти от майчинството, които не могат да бъдат върнати. След операциите грижата за малкото ѝ дете е поета от нейната майка. „Майка ми я научи да ходи. Това е нещо, което трябваше да свърша аз, но майка ми го направи вместо мен, за което съм ѝ страшно благодарна“, казва Виктория. Майка ѝ има само едно желание: „Всички хора да са здрави и моята дъщеря да е здрава и да е до семейството си“. А най-простичко и болезнено надеждата на цялото семейство изразява 10-годишният син на Виктория и Мариян. „Мама е много добра, много добър човек е. Винаги ми е помагала и затова я обичам много. Пожелавам си мама да е добре, да може да гледа бебето, да се радва и на него“, казва детето. Ако искате да помогнетe, може да го направите през страницата на дарителската кампания „Помогнете на Вики да пребори рака“. Последвайте ни",,съпруга,уби
Изкопали трап в гробище и бутнали вътре отвлечената жена от Горна Оряховица,https://nova.bg/news/view/2026/08/17/547980/%D0%B8%D0%B7%D0%BA%D0%BE%D0%BF%D0%B0%D0%BB%D0%B8-%D1%82%D1%80%D0%B0%D0%BF-%D0%B2-%D0%B3%D1%80%D0%BE%D0%B1%D0%B8%D1%89%D0%B5-%D0%B8-%D0%B1%D1%83%D1%82%D0%BD%D0%B0%D0%BB%D0%B8-%D0%B2%D1%8A%D1%82%D1%80%D0%B5-%D0%BE%D1%82%D0%B2%D0%BB%D0%B5%D1%87%D0%B5%D0%BD%D0%B0%D1%82%D0%B0-%D0%B6%D0%B5%D0%BD%D0%B0-%D0%BE%D1%82-%D0%B3%D0%BE%D1%80%D0%BD%D0%B0-%D0%BE%D1%80%D1%8F%D1%85%D0%BE%D0%B2%D0%B8%D1%86%D0%B0/,nova.bg,TV news,2026-08-17 11:01:00,"Районната прокуратура във Велико Търново изнесе нови детайли за случая с отвлечената и ограбена 26-годишна жена от Горна Оряховица. Според събраните данни, за да преодолеят съпротивата ѝ, нападателите я завели в гробище, където са изкопали трап и я бутнали в него. За престъплението, извършено на 15 август в стражишкото село Сушица, към наказателна отговорност са привлечени четирима души – три жени и един мъж. Отвлякоха, отрязаха косата и ограбиха жена край Велико Търново В хода на разследването е установено, че жертвата и нападателите са се познавали. Обвиняемите решили да отнемат мобилния телефон и парите на жената. Завели я на гробището, отрязали екстеншъни от косата ѝ, изкопали трап и я бутнали в него. След като успели да ѝ вземат сумата от 50 евро и телефона, извършителите се прибрали в Горна Оряховица. С постановление на наблюдаващ прокурор четиримата са задържани за срок до 72 часа. Държавното обвинение вече е внесло искане в Районния съд в Горна Оряховица за налагане на мярка за неотклонение „задържане под стража”. От прокуратурата съобщават още, че в хода на разследването са събрани доказателства и за други извършени престъпления от обвиняемите. Тъй като те попадат в компетентността на по-горна инстанция, след анализ делото ще бъде прехвърлено към Окръжната прокуратура във Велико Търново. Припомняме, че сигналът за престъплението беше подаден от самата потърпевша около 06:30 ч. сутринта на 15 август. Според първоначалната информация от полицията в основата на случилото се стоят неуредени взаимоотношения между две фамилии от района на Стражица и горнооряховския квартал „Калтинец”. Жертвата, която е предоставяла сексуални услуги срещу заплащане, е била подмамена от мъже, представили се за клиенти. Тя е била качена в лек автомобил и отведена в село Сушица. Непосредствено след подаването на сигнала полицията задържа общо седем души (четирима мъже и три жени), съпричастни към случая, но към момента обвинения са повдигнати на четирима от тях. Откраднатите вещи са намерени. Последвайте ни","Велико Търново, Горна Оряховица, Стражица", жена,жертва
"Обявиха акция по кръводаряване за жената, запалена след семеен скандал в Медовец",https://nova.bg/news/view/2026/08/15/547815/%D0%BE%D0%B1%D1%8F%D0%B2%D0%B8%D1%85%D0%B0-%D0%B0%D0%BA%D1%86%D0%B8%D1%8F-%D0%BF%D0%BE-%D0%BA%D1%80%D1%8A%D0%B2%D0%BE%D0%B4%D0%B0%D1%80%D1%8F%D0%B2%D0%B0%D0%BD%D0%B5-%D0%B7%D0%B0-%D0%B6%D0%B5%D0%BD%D0%B0%D1%82%D0%B0-%D0%B7%D0%B0%D0%BF%D0%B0%D0%BB%D0%B5%D0%BD%D0%B0-%D1%81%D0%BB%D0%B5%D0%B4-%D1%81%D0%B5%D0%BC%D0%B5%D0%B5%D0%BD-%D1%81%D0%BA%D0%B0%D0%BD%D0%B4%D0%B0%D0%BB-%D0%B2-%D0%BC%D0%B5%D0%B4%D0%BE%D0%B2%D0%B5%D1%86/,nova.bg,TV news,2026-08-15 12:39:00,"Мобилен екип за кръводаряване пристига днес в село Медовец, община Дългопол, в помощ на 40-годишната Файзе, която продължава да се бори за живота си след тежкия инцидент в края на юли. Жената е настанена във Военната болница във Варна с изгаряния по близо 40% от тялото. Състоянието ѝ остава критично и тя се нуждае от постоянно кръвопреливане, съобщиха от лечебното заведение за NOVA. Дъщерята на запалената жена гасила пламъците по майка си Заради необходимостта от кръв Регионалният център по трансфузионна хематология във Варна организира мобилна акция в Медовец. Така близки, приятели и жители на района, които искат да помогнат, но нямат възможност да пътуват до Варна, ще могат да дарят кръв на място.  До тежкия инцидент се стигна в края на юли. Според разследването след семеен скандал съпругът на Файзе я залял с бензин и я запалил. Жената беше приета в болница с тежки изгаряния, а мъжът беше задържан. Жена беше залята със запалителна течност и подпалена пред децата си Впоследствие съдът го остави за постоянно в ареста. Той е обвинен в опит за убийство, извършен по особено мъчителен за пострадалата начин. Разследването по случая продължава. Ако жената не оцелее вследствие на получените травми, обвинението срещу мъжа може да бъде изменено от опит за убийство в убийство. Последвайте ни","Варна, Дългопол", жена,уби
"Майката на задържан за побоя над непалци: Многократно съм подавала сигнали в полицията, но нямаше реакция",https://nova.bg/news/view/2026/08/12/547500/%D0%BC%D0%B0%D0%B9%D0%BA%D0%B0%D1%82%D0%B0-%D0%BD%D0%B0-%D0%B7%D0%B0%D0%B4%D1%8A%D1%80%D0%B6%D0%B0%D0%BD-%D0%B7%D0%B0-%D0%BF%D0%BE%D0%B1%D0%BE%D1%8F-%D0%BD%D0%B0%D0%B4-%D0%BD%D0%B5%D0%BF%D0%B0%D0%BB%D1%86%D0%B8-%D0%BC%D0%BD%D0%BE%D0%B3%D0%BE%D0%BA%D1%80%D0%B0%D1%82%D0%BD%D0%BE-%D1%81%D1%8A%D0%BC-%D0%BF%D0%BE%D0%B4%D0%B0%D0%B2%D0%B0%D0%BB%D0%B0-%D1%81%D0%B8%D0%B3%D0%BD%D0%B0%D0%BB%D0%B8-%D0%B2-%D0%BF%D0%BE%D0%BB%D0%B8%D1%86%D0%B8%D1%8F%D1%82%D0%B0-%D0%BD%D0%BE-%D0%BD%D1%8F%D0%BC%D0%B0%D1%88%D0%B5-%D1%80%D0%B5%D0%B0%D0%BA%D1%86%D0%B8%D1%8F/,nova.bg,TV news,2026-08-12 15:59:00,"„Многократно съм подавала сигнали в полицията, но нямаше реакция"". Това твърди майката на единия от задържаните за побоя над непалците, за който стана ясно, че е присъствал и на побоя над Георги Кузев. „Живея в кошмар. Ситуацията е повече от ужасна, особено с Георги Кузев. Това се случва с много младежи в Пловдив – да си влияят един на друг по възможно най-лошия начин”, каза пред журналисти Гергана Папазова. Всичко започнало преди година и половина. Тогава 16-годишният ѝ син се запознал с група скинари. Майката разказа, че синът ѝ се променил, след като влязъл в тази компания. Започнал да се прибира късно и да пие. „Започнаха едни нощни излизания и да пие алкохол"", казва тя. Твърди, че многократно е подавала сигнали на телефон 112. От там изпращали коли, но нямало никаква реакция от страна на полицаите, с които говорила. Съдът в Пловдив освободи младежите, задържани за побой над непалци „Местата, където се събираха, са „Сцена”, „Съединение”, „Бунарджика”. За ""Бунарджика"" съм се свързала с Общинска охрана да подам оплакване, но от там ми казаха, че на място имат само един човек. А там ходят компании от по 10-15 човека. Този човек няма как да се справи с тях. Казаха ми да подам оплакване към Общината, за да им осигурят повече хора”, разказа още майката. Тя добавя, че постоянно разговаряла със сина си. Всеки ден му правела и тестове за наркотици. „От това ме е било страх най-много”, разказа Папазова. Тя разказа, че веднъж ходила да го търси на Сахат тепе, тъй като го следи в GPS приложение на Google. Било 22 часа и сама се качила на тепето. „Виках името му и излязоха двама наркотрафиканти. Попитаха ме дали искам материал. Отидох в най-близкото районно и казах. Оттам ме пратиха да ходя да спя”, разказа притесненият родител. С бащата на момчето са разделени, но той имал чести контакти със сина си. „Сварвала съм групата на пейките – стоят си. Това, че се напиваха, не е тайна за никого. Исках да предупредя полицията. Следях го и знаех, че ходи до магазинчета за алкохол и цигари. Исках да предупредя, да се изземат камери да проверят къде се продава алкохол на малолетни. Това не беше възможно. Многократно съм се обаждала на полицията и 112”, разказва жената. „Те са крайна група. От година и нещо съм в адски тормоз от тези събирания. Започна да не се прибира, да не си вдига телефона”, продължи разказа си майката. Казва, че синът ѝ бил потресен, когато разбрал за убийството на Георги Кузов. „Целта им е била да го сплашат”, каза жената. Добавя, че не знае дали предварително е било планирано това сплашване. „Беше притеснен, плака. Каза ми, че не е очаквал да се стигне до този край. Опитал се е да се намеси, но не е могъл да повлияе”, каза жената. Когато му е ровила в телефона, не е намирала клипове с насилие. Разказал и за побоя над непалците. „Каза, че са видели наркомани, които повръщали. Казах му, че ако види някой да повръща, значи не му е добре на този човек и трябва да му се помогне. Това му беше обяснението пред мен. Не знам дали ме е излъгал”, разказа още майката. „Има си подсъдими. Има кой да си отговаря за постъпките. Бяха изнесени във Facebook бабата, комшиите на момичето. Това са хора, които нямат общо с престъплението. Аз също съм потресена”, казва Гергана Папазова. „Ако получи обвинение и наказание и си го изтърпи, не мисля, че ще му се отрази зле. Трябва да си вземе поука”, допълни тя. Съдът в Пловдив освободи двамата младежи, задържани за побой над непалци. Пълнолетният е пуснат срещу парична гаранция 700 евро, а непълнолетният - под надзора на Детска педагогическа стая. Прокуратурата заяви, че ще протестира това решение. Според съда обаче няма опасност двамата младежи да се укрият или да извършат друго престъпление. ВСИЧКО ЗА ЖЕСТОКОТО УБИЙСТВО НА ГЕОРГИ КУЗЕВ ЧЕТЕТЕ ТУК Последвайте ни",Съединение,майка,"уби, тормоз, насил"
"Пребиха жена с лопата за смет в Шуменско, задържаха мъжа ѝ",https://nova.bg/news/view/2026/08/11/547355/%D0%BF%D1%80%D0%B5%D0%B1%D0%B8%D1%85%D0%B0-%D0%B6%D0%B5%D0%BD%D0%B0-%D1%81-%D0%BB%D0%BE%D0%BF%D0%B0%D1%82%D0%B0-%D0%B7%D0%B0-%D1%81%D0%BC%D0%B5%D1%82-%D0%B2-%D1%88%D1%83%D0%BC%D0%B5%D0%BD%D1%81%D0%BA%D0%BE-%D0%B7%D0%B0%D0%B4%D1%8A%D1%80%D0%B6%D0%B0%D1%85%D0%B0-%D0%BC%D1%8A%D0%B6%D0%B0-%D1%9D/,nova.bg,TV news,2026-08-11 14:03:00,"57-годишен мъж е задържан след сигнал за домашно насилие във Велики Преслав, съобщи кореспондентът на БТА в Шумен Антоний Димов. Случаят е от късните часове на 10 август. Около 23:30 ч. 48-годишна жена потърсила помощ от полицията и съобщила, че мъжът, с когото живее на семейни начала, се е държал агресивно с нея. Задържаха мъж за побой над съпругата му в Свищов По първоначални данни той я обиждал, а впоследствие я удрял по гърба с пластмасова лопата за смет. След сигнала 57-годишният мъж е задържан за срок до 24 часа. По случая е образувано досъдебно производство. Последвайте ни","Антон, Велики Преслав, Свищов, Шумен", жена,"домашно насилие, насил"
"Двете момичета, обвинени за убийството в Пловдив, обжалват ареста си",https://nova.bg/news/view/2026/08/11/547342/%D0%B4%D0%B2%D0%B5%D1%82%D0%B5-%D0%BC%D0%BE%D0%BC%D0%B8%D1%87%D0%B5%D1%82%D0%B0-%D0%BE%D0%B1%D0%B2%D0%B8%D0%BD%D0%B5%D0%BD%D0%B8-%D0%B7%D0%B0-%D1%83%D0%B1%D0%B8%D0%B9%D1%81%D1%82%D0%B2%D0%BE%D1%82%D0%BE-%D0%B2-%D0%BF%D0%BB%D0%BE%D0%B2%D0%B4%D0%B8%D0%B2-%D0%BE%D0%B1%D0%B6%D0%B0%D0%BB%D0%B2%D0%B0%D1%82-%D0%B0%D1%80%D0%B5%D1%81%D1%82%D0%B0-%D1%81%D0%B8/,nova.bg,TV news,2026-08-11 11:57:00,"Адвокатите на двете момичета, обвинени в жестокото убийство на Младежкия хълм в Пловдив, са внесли жалби срещу постоянното им задържане. Защитата на трите момчета, които също са обвинени за смъртта на 37-годишния Георги Кузев, няма да предприемат подобна стъпка. Преди дни съдът остави петимата тийнейджъри зад решетките. Следващото съдебно заседание ще бъде в четвъртък. За тогава е организиран и протест с призив за справедливост за близките на жертвата. Само 17-годишното момиче от Стара Загора не посещава училище. За останалите четирима Регионалното управление на образованието в Пловдив е поискало от директорите на учебните им заведения доклади за това какви ученици са. Заподозрените за убийството в Пловдив се изправиха пред съда, стана ясно, че побоят продължил повече от час (СНИМКИ) Адвокат Катя Антонова, която защитава най-малкия от обвиняемите, посочи, че по делото липсват достатъчно данни за личността на всеки от задържаните. „Моят подзащитен е в най-млада възраст. Липсват характеристични данни за всеки един от обвиняемите, които са необходими по закон с оглед личностните особености“, заяви тя. Междувременно един от първите очевидци, видели пребития мъж на Младежкия хълм, разказа за ситуацията непосредствено след нападението. Георги Дечев преминавал с велосипед през района, когато забелязал млада двойка до пострадалия. Момчето разговаряло с телефон 112 и обяснявало къде трябва да пристигне линейката. „Човекът беше в недобро състояние. Държеше си главата, имаше кръв и охлузни рани“, разказа Дечев. По думите му в района е имало и група от около десет младежи с черни дрехи, които изглеждали притеснени и сякаш търсели начин да се отдалечат. Остава въпросът дали ще бъдат предприети действия и срещу други от групата, за които се смята, че са били на мястото, но не са участвали пряко в побоя. Адвокат Михаил Екимджиев изрази съмнение, че само присъствието би могло да доведе до наказателна отговорност. Според него обаче заснемането и разпространяването на кадри от подобно насилие би могло при определени обстоятелства да бъде разглеждано през състава на хулиганството, тъй като демонстрира явно неуважение към обществото. От полицията съобщиха още, че около месец преди фаталното нападение двама души от групата са били замесени в друга подобна проява. По данни на органите на реда те преследвали наркозависим с намерението да го накажат, но мъжът успял да избяга. След смъртта на Кузев жители настояват за по-сериозни мерки за сигурност около Младежкия хълм. Сред предложенията са поставяне на повече камери за видеонаблюдение и засилено полицейско присъствие. „Камери най-вече и полицаи, ако може от време на време да обикалят“, коментира Мария Топалова. В родния на Георги Кузев Кричим междувременно започна кампания в подкрепа на близките му. В търговски обекти са поставени дарителски кутии, а събраните средства ще бъдат използвани за разходите по съдебните производства, които семейството води. „Клиентите се отзовават. Семейството е в много труден момент. Всяка една сума е помощ за тях. Нека бъдем всички съпричастни и да помогнем“, призова продавачът Йорданка Махнева. Кметът на Кричим Атанас Калчев обяви, че общината ще поеме разходите за погребението на Георги Кузев. „При поискване от страна на сестрата и други роднини ще окажем съдействие“, допълни той. Припомняме, че на 5 август бе съобщено, че 37-годишен мъж от Кричим е починал след жесток побой в района на Младежкия хълм в Пловдив. Той беше открит в безпомощно състояние от случайни минувачи, които подали сигнал на телефон 112. Пострадалият бил откаран в болница с тежка черепно-мозъчна травма, множество счупвания и вътрешни наранявания, но няколко часа по-късно починал. По случая беше образувано досъдебно производство за умишлено убийство. Задържани бяха десетима тийнейджъри, като петима от тях се сдобиха с обвинения. Разследващите са иззели записи от охранителните камери в района, които, според първоначалните данни, показват група младежи, намирали се в близост до мястото на нападението. Жертвата работела в земеделието и според жители на Кричим била позната като трудолюбив и неконфликтен човек. Кметът на общината Атанас Калчев призова разследването да бъде проведено бързо, професионално и безпристрастно. Убитият в Пловдив - горен с цигари и с обръснати вежди, заподозрените остават в ареста (ВИДЕО+СНИМКИ) Впоследствие стана ясно, че побоят е продължил повече от час. Тийнейджърите разказали в съдебната зала, че повече от час горили жертвата с цигари, обръснали веждите му и му откраднали пари - 30 евро, с които си купили дюнери. В съда се изясни още, че побоят над мъжа и последвалите жестокости са били разпространени в социалните мрежи. Имало е и опит да бъде душен. При доказване на вина в случая законът предвижда наказания, разделени условно в две категории за непълнолетни - за навършилите 16 години - от 5 до 12 години затвор, а за тези на възраст под 16 години - от 3 до 5 или 10 години. Трима от обвиняемите все още не са навършили 16, а другите двама са по-големи. ВСИЧКО ЗА ЖЕСТОКОТО УБИЙСТВО НА ГЕОРГИ КУЗЕВ ЧЕТЕТЕ ТУК Последвайте ни","Антон, Кричим, Стара Загора",момиче,"уби, преби, насил, смърт, жертва"
"Възрастната жена, нападната в дома си в Тервел, е в кома",https://nova.bg/news/view/2026/08/11/547303/%D0%B2%D1%8A%D0%B7%D1%80%D0%B0%D1%81%D1%82%D0%BD%D0%B0%D1%82%D0%B0-%D0%B6%D0%B5%D0%BD%D0%B0-%D0%BD%D0%B0%D0%BF%D0%B0%D0%B4%D0%BD%D0%B0%D1%82%D0%B0-%D0%B2-%D0%B4%D0%BE%D0%BC%D0%B0-%D1%81%D0%B8-%D0%B2-%D1%82%D0%B5%D1%80%D0%B2%D0%B5%D0%BB-%D0%B5-%D0%B2-%D0%BA%D0%BE%D0%BC%D0%B0/,nova.bg,TV news,2026-08-11 07:47:00,"81-годишна жена от Тервел е в тежко състояние след нападение в дома ѝ. Тя била събудена от шум и се изправила лице в лице с непознат, който я нападнал и ограбил. След побоя жената останала сама, тежко ранена и без възможност да потърси помощ. Часове по-късно синът ѝ я открил и повикал спешна помощ. За нападението е задържан 35-годишен мъж с предишни присъди. Към момента жената е в кома и лекарите в болницата в Добрич се борят за живота ѝ. Според съседите ѝ тя живеела в къщата от 20 години. Пребиха и ограбиха възрастна жена в Добричко, тя е в тежко състояние Говорителят на Районната прокуратура в Добрич Даниел Илиев каза, че посегателството е извършено в ранните часове на 7 срещу 8 август. ""До момента е установено, че нападателят е проникнал в къщата през отворен прозорец с цел да отнеме вещи. Бил е в нетрезво състояние. След като влязъл, пострадалата се е събудила. Започнала да вика за помощ, но той запушил устата ѝ я бутнал на земята. Започнал да нанася удари по цялото ѝ тяло, след което взел телефона ѝ и  избягал"", обясни Илиев. Не е ясно дали жертвата и нападателят са се познавали. Той е осъждан за кражби и измами. Мъж почина след жесток побой в Пловдив По случая вече са разпитани свидетели и служители на МВР, както и синът на пострадалата. Повече гледайте във видеото. Репортер: Надежда Карапанчева Последвайте ни",Тервел, жена,"преби, жертва"
"Пребиха и ограбиха възрастна жена в Добричко, тя е в тежко състояние",https://nova.bg/news/view/2026/08/10/547215/%D0%BF%D1%80%D0%B5%D0%B1%D0%B8%D1%85%D0%B0-%D0%B8-%D0%BE%D0%B3%D1%80%D0%B0%D0%B1%D0%B8%D1%85%D0%B0-%D0%B2%D1%8A%D0%B7%D1%80%D0%B0%D1%81%D1%82%D0%BD%D0%B0-%D0%B6%D0%B5%D0%BD%D0%B0-%D0%B2-%D0%B4%D0%BE%D0%B1%D1%80%D0%B8%D1%87%D0%BA%D0%BE-%D1%82%D1%8F-%D0%B5-%D0%B2-%D1%82%D0%B5%D0%B6%D0%BA%D0%BE-%D1%81%D1%8A%D1%81%D1%82%D0%BE%D1%8F%D0%BD%D0%B8%D0%B5/,nova.bg,TV news,2026-08-10 11:52:00,"81-годишна жена е в тежко състояние след нападение и грабеж в дома ѝ в Тервел. За престъплението е обвинен 35-годишен мъж, който е задържан за срок до 72 часа, съобщи кореспондентът на БТА в Добрич Павлина Живкова. Нападението е станало през нощта на 7 срещу 8 август. Според разследващите мъжът влязъл в жилището на възрастната жена. Тя се събудила от шум и когато видяла непознатия, започнала да вика за помощ. Тогава нападателят се опитал да запуши устата ѝ, съборил я на земята и я ударил няколко пъти. След това взел мобилния ѝ телефон и избягал. Намушкаха жена в дланта и бедрото, задържан е мъжът ѝ Жената останала безпомощна в дома си до сутринта, когато била открита от своя син. Тя е откарана в болницата в Добрич с фрактура на челюстта и множество натъртвания по тялото. По информация на полицията има опасност за живота ѝ. От прокуратурата посочват, че към момента пострадалата не е контактна. След подадения сигнал е започнало разследване. Събраните доказателства насочили криминалистите към 35-годишен мъж, който впоследствие бил издирен и задържан. Той е привлечен като обвиняем за грабеж, извършен със сила. По данни на прокуратурата мъжът е познат на полицията и има предишни присъди за измами и кражби. Прокуратурата ще поиска от Районния съд в Добрич обвиняемият да остане за постоянно в ареста. Последвайте ни",Тервел, жена,мушк
Задържаха мъж за тридневен побой над жена в Лясковец,https://nova.bg/news/view/2026/08/04/546502/%D0%B7%D0%B0%D0%B4%D1%8A%D1%80%D0%B6%D0%B0%D1%85%D0%B0-%D0%BC%D1%8A%D0%B6-%D0%B7%D0%B0-%D1%82%D1%80%D0%B8%D0%B4%D0%BD%D0%B5%D0%B2%D0%B5%D0%BD-%D0%BF%D0%BE%D0%B1%D0%BE%D0%B9-%D0%BD%D0%B0%D0%B4-%D0%B6%D0%B5%D0%BD%D0%B0-%D0%B2-%D0%BB%D1%8F%D1%81%D0%BA%D0%BE%D0%B2%D0%B5%D1%86/,nova.bg,TV news,2026-08-04 09:31:00,"54-годишен мъж от Лясковец е задържан по подозрение за домашно насилие. Според обвинението той пребивал жената, с която живеел на семейни начала в продължение на три дни, съобщиха от полицията. Случаят е разкрит, след като в понеделник сутринта 49-годишната пострадала потърсила помощ в Районното управление в Горна Оряховица. Пред униформените тя разказала, че в периода между 1 и 3 август е била подложена на тормоз от страна на своя партньор. Жена е с опасност за живота след жесток побой във Варна, задържаха мъжа ѝ Жената е прегледана от екип на Спешна помощ в Горна Оряховица, след което е транспортирана до болницата във Велико Търново. Медиците установили тежки наранявания, включително фрактури на черепа и ребрата. Потърпевшата е настанена за лечение в специализирано лечебно заведение. Предполагаемият извършител е задържан за срок до 24 часа. По случая е образувано досъдебно производство, а разследването продължава. Последвайте ни","Варна, Велико Търново, Горна Оряховица, Лясковец", жена,"домашно насилие, преби, тормоз, насил"
"Две жени създават безплатна онлайн платформа, която свързва болногледачи и хора в нужда",https://nova.bg/news/view/2026/08/02/546125/%D0%B4%D0%B2%D0%B5-%D0%B6%D0%B5%D0%BD%D0%B8-%D1%81%D1%8A%D0%B7%D0%B4%D0%B0%D0%B2%D0%B0%D1%82-%D0%B1%D0%B5%D0%B7%D0%BF%D0%BB%D0%B0%D1%82%D0%BD%D0%B0-%D0%BE%D0%BD%D0%BB%D0%B0%D0%B9%D0%BD-%D0%BF%D0%BB%D0%B0%D1%82%D1%84%D0%BE%D1%80%D0%BC%D0%B0-%D0%BA%D0%BE%D1%8F%D1%82%D0%BE-%D1%81%D0%B2%D1%8A%D1%80%D0%B7%D0%B2%D0%B0-%D0%B1%D0%BE%D0%BB%D0%BD%D0%BE%D0%B3%D0%BB%D0%B5%D0%B4%D0%B0%D1%87%D0%B8-%D0%B8-%D1%85%D0%BE%D1%80%D0%B0-%D0%B2-%D0%BD%D1%83%D0%B6%D0%B4%D0%B0/,nova.bg,TV news,2026-08-02 09:57:00,"Да намериш човек, на когото да повериш грижата за възрастен родител или близък с деменция, често се оказва трудна и дълга задача. След като преминават през този процес със собствените си семейства, две жени създават безплатна онлайн платформа, която свързва болногледачи и хора в нужда - без посредници и без комисионни. Преди пет години животът на Калина Георгиева се променя. Майка ѝ получава инсулт, а по-късно лекарите поставят и диагнозата болест на Алцхаймер. След смъртта на баща ѝ грижите за болната жена остават изцяло в ръцете на дъщерята. ""Грижата за човек с Алцхаймер не е ежедневна, тя е ежечасна. Осъзнах колко е труден този процес - да намериш подходящ човек, на когото да довериш грижите за свой близък"", казва Калина. Да живееш с Алцхаймер в България: Грижата след диагнозата   Именно в този момент тя си задава въпроса: ""Защо не съществува едно място, където да има цялата нужна информация, да може да се търси по определени критерии?"" А от личния опит се ражда и идеята - Калина се свързва с приятелката си Милена Димитрова, която живее в Германия, но също търси решение за своя възрастен баща във Варна. И така двете заедно създават платформата ""Болногледач БГ"".  ""Платформата предоставя възможност за регистрация на търсещи и предлагащи грижа, при което всяка страна може да въведе структурирана информация за специфичните си нужди и умения"", разказва Милена. ""Семействата могат да публикуват обява и да търсят по определени критерии, а болногледачите да създадат свой детайлен профил, където да споделят своя опит - с какви видове заболявания са се сблъсквали. По този начин двете страни да могат по-лесно да се срещат и да направят по-информиран избор"", допълва Калина.   Освен профилите, платформата предлага практически съвети, а в бъдеще плановете са да има и система за оценки. Най-важното обаче е, че проектът няма търговска цел.   ""В нито един момент не сме обсъждали и не ни е минавало през ума - платформата да е платена"", казва Калина. А Милена допълва: ""Искаме тя да се използва от всички безплатно и да остане такава до крайно съществуването си"". В Бургас се проведе „Кафене на забравената поръчка” в подкрепа на хората с деменция   А всички разходи по сайта и поддръжката се поемат изцяло от от двете жени. Сега те се надяват платформата да набере популярност, за да може да помогне на повече хора.   ""Ако успеем да спестим поне мъничко от безсилието, в което хората попадат в тези ситуации - това означава, че нашите усилия са си заслужавали"", споделя Калина.  Повече гледайте във видеото. Последвайте ни","Бургас, Варна", жени,смърт
Жесток побой за 100 евро: Обвиниха мъж за заплаха на жена с нож и пробождане с вилица,https://nova.bg/news/view/2026/07/28/545764/%D0%B6%D0%B5%D1%81%D1%82%D0%BE%D0%BA-%D0%BF%D0%BE%D0%B1%D0%BE%D0%B9-%D0%B7%D0%B0-100-%D0%B5%D0%B2%D1%80%D0%BE-%D0%BE%D0%B1%D0%B2%D0%B8%D0%BD%D0%B8%D1%85%D0%B0-%D0%BC%D1%8A%D0%B6-%D0%B7%D0%B0-%D0%B7%D0%B0%D0%BF%D0%BB%D0%B0%D1%85%D0%B0-%D0%BD%D0%B0-%D0%B6%D0%B5%D0%BD%D0%B0-%D1%81-%D0%BD%D0%BE%D0%B6-%D0%B8-%D0%BF%D1%80%D0%BE%D0%B1%D0%BE%D0%B6%D0%B4%D0%B0%D0%BD%D0%B5-%D1%81-%D0%B2%D0%B8%D0%BB%D0%B8%D1%86%D0%B0/,nova.bg,TV news,2026-07-28 12:10:00,"Софийската районна прокуратура привлече към наказателна отговорност 32-годишен мъж, обвинен, че е принуждавал жена да му даде 100 евро, като я заплашвал с убийство и упражнил насилие над нея. По данни на разследването нападението е станало между 22:30 часа на 25 юли и 00:30 часа на 26 юли в къща в село Владая. Според събраните доказателства обвиняемият настоявал жената да му предаде сумата от 100 евро. Той крещял, че ще я убие, допрял нож до гърлото ѝ и я удрял с ръце и крака по главата и тялото. „Ще те убия”: Мъж опря нож във врата на жена в София След това мъжът я пробол с вилица под лявото око, като ѝ причинил лека телесна повреда. По случая е образувано досъдебно производство за принуда, извършена със заплаха и насилие. Законът предвижда наказание „лишаване от свобода“. Обвиняемият е задържан за срок до 72 часа. На 28 юли наблюдаващият прокурор е внесъл в Софийския районен съд искане мъжът да бъде оставен за постоянно в ареста. Последвайте ни",, жена,"уби, насил"
"Откриха тялото на жена, обявена за национално издирване",https://nova.bg/news/view/2026/07/23/545272/%D0%BE%D1%82%D0%BA%D1%80%D0%B8%D1%85%D0%B0-%D1%82%D1%8F%D0%BB%D0%BE%D1%82%D0%BE-%D0%BD%D0%B0-%D0%B6%D0%B5%D0%BD%D0%B0-%D0%BE%D0%B1%D1%8F%D0%B2%D0%B5%D0%BD%D0%B0-%D0%B7%D0%B0-%D0%BD%D0%B0%D1%86%D0%B8%D0%BE%D0%BD%D0%B0%D0%BB%D0%BD%D0%BE-%D0%B8%D0%B7%D0%B4%D0%B8%D1%80%D0%B2%D0%B0%D0%BD%D0%B5/,nova.bg,TV news,2026-07-23 16:47:00,"Тялото на издирваната 81-годишна Бояна Стоянова е открито във вилна зона край Хасково, съобщиха от Областната дирекция на МВР в Хасково, цитирани от кореспондент на БТА в Хасково Красимира Славова. По първоначални данни при огледа не са установени следи от насилие. Продължават процесуално-следствените действия и работата по изясняване на обстоятелствата около смъртта на жената. Полицията обяви общодържавното издирване на жената на 22 юли. Нейни близките съобщили, че е напуснала дома си в Хасково около 18:00 часа на 20 юли и оттогава е в неизвестност. В издирването участваха служители на Районното управление в Хасково и на Областната дирекция на МВР, близки на жената, беше включено и обследване на района с дрон. Последвайте ни",Хасково, жена,"насил, смърт"
"Агресия, опити за палежи и надраскани коли: Жители на бургаски квартал се оплакват от тормоз от самонастанила се жена",https://nova.bg/news/view/2026/07/16/544384/%D0%B0%D0%B3%D1%80%D0%B5%D1%81%D0%B8%D1%8F-%D0%BE%D0%BF%D0%B8%D1%82%D0%B8-%D0%B7%D0%B0-%D0%BF%D0%B0%D0%BB%D0%B5%D0%B6%D0%B8-%D0%B8-%D0%BD%D0%B0%D0%B4%D1%80%D0%B0%D1%81%D0%BA%D0%B0%D0%BD%D0%B8-%D0%BA%D0%BE%D0%BB%D0%B8-%D0%B6%D0%B8%D1%82%D0%B5%D0%BB%D0%B8-%D0%BD%D0%B0-%D0%B1%D1%83%D1%80%D0%B3%D0%B0%D1%81%D0%BA%D0%B8-%D0%BA%D0%B2%D0%B0%D1%80%D1%82%D0%B0%D0%BB-%D1%81%D0%B5-%D0%BE%D0%BF%D0%BB%D0%B0%D0%BA%D0%B2%D0%B0%D1%82-%D0%BE%D1%82-%D1%82%D0%BE%D1%80%D0%BC%D0%BE%D0%B7-%D0%BE%D1%82-%D1%81%D0%B0%D0%BC%D0%BE%D0%BD%D0%B0%D1%81%D1%82%D0%B0%D0%BD%D0%B8%D0%BB%D0%B0-%D1%81%D0%B5-%D0%B6%D0%B5%D0%BD%D0%B0/,nova.bg,TV news,2026-07-16 07:37:00,"Години наред живеещи в бургаския квартал „Лазур“ твърдят, че живеят в страх. Според тях жена, която е чужда гражданка, обитава помещение със статут на офис в блока им, проявява агресивно поведение, отправя заплахи, а няколко пъти се е стигало и до намесата на пожарната заради предполагаеми опити за палеж. Хората твърдят още, че въпреки многобройните им сигнали до институциите, проблемът остава без трайно решение. Помещението, което жената обитава, се намира на приземния етаж. По думите на съседите тя е гражданка на Литва и живее у нас от 2019 г. Те твърдят, че само през последния месец е имало два предполагаеми опита за палеж, заради които е била викана пожарна. Хора от Велико Търново се оплакват, че съседка ги тормози с обиди и заплахи „Жената е в много тежко физическо състояние, живее в ужасни условия и това пречи много на нас. Трупа боклуци, има страшна миризма, тормози ни с викове, а палежи прави вече три пъти в рамките на два месеца“, разказва Екатерина. По думите ѝ в помещението няма електричество. „От 2023 г., след като беше запушена канализацията на входа и всичко вътре изгоря, няма ток“, допълва тя. Ицо, един от подателите на сигнала, твърди, че агресивното поведение на жената се е засилило след отправените към нея многократни забележки. „Като живущ в кооперацията това започна сериозно да ме притеснява. След многократните забележки, които отправяхме към жената, тя започна да проявява агресия към нас. Лично аз имах случай, в който тръгна срещу мен с ножица. Освен това изхвърля отпадъци и продукти от жизнената си дейност през оградата в градината и на територията на цялата кооперация. Всеки път, когато някой ѝ направи забележка, тя реагира агресивно. Пострада и автомобилът ми“, разказва той. По думите му по автомобила има множество следи от удари по калника. Агресивна жена със съдебно решение за извеждане от жилището Друг съсед също твърди, че е станал жертва на вандализъм. „Направих ѝ забележка, качих се до апартамента, а когато слязох, видях, че колата ми е надраскана. Тя стоеше в инвалидната количка с ножица и драскаше. Подадохме жалба, свалихме записите от камерите и ги предоставихме в полицията, но резултат нямаше. След време ни казаха, че не могат да предприемат действия, защото нямала документи и пребивавала незаконно“, разказва той. Друг живущ в кооперацията твърди, че сигналите до институциите са многобройни. „Писали сме два пъти до Районната прокуратура. Викали сме и полиция, но вече се отказахме. Когато разбере, тя се прибира вътре, заключва се и отказва да отвори. Често в два-три часа през нощта започва да крещи и не можем да спим“, казва той. Според съседите жената е била настанявана за преглед в Центъра за психично здраве. „Два пъти са я водили на преглед. Последният беше миналата година. Казаха, че не представлява опасност нито за себе си, нито за околните. Аз обаче не смятам така, след като има предполагаеми опити за палеж“, казва Екатерина. По думите ѝ роднините на жената отказват да поддържат контакт с нея заради агресивното ѝ поведение. Живеещите в кооперацията настояват компетентните институции да установят какво е психичното състояние на жената, дали може да носи отговорност за действията си и да предприемат необходимите мерки, за да бъде прекратен тормозът, на който, по думите им, са подложени от години. Повече гледайте във видеото. Последвайте ни",Велико Търново, жена,"преби, тормоз, жертва"
Възрастна жена от Димитровград загуби над 3 500 евро при измама с обещано дарение,https://nova.bg/news/view/2026/07/10/543725/%D0%B2%D1%8A%D0%B7%D1%80%D0%B0%D1%81%D1%82%D0%BD%D0%B0-%D0%B6%D0%B5%D0%BD%D0%B0-%D0%BE%D1%82-%D0%B4%D0%B8%D0%BC%D0%B8%D1%82%D1%80%D0%BE%D0%B2%D0%B3%D1%80%D0%B0%D0%B4-%D0%B7%D0%B0%D0%B3%D1%83%D0%B1%D0%B8-%D0%BD%D0%B0%D0%B4-3-500-%D0%B5%D0%B2%D1%80%D0%BE-%D0%BF%D1%80%D0%B8-%D0%B8%D0%B7%D0%BC%D0%B0%D0%BC%D0%B0-%D1%81-%D0%BE%D0%B1%D0%B5%D1%89%D0%B0%D0%BD%D0%BE-%D0%B4%D0%B0%D1%80%D0%B5%D0%BD%D0%B8%D0%B5/,nova.bg,TV news,2026-07-10 10:12:00,"75-годишна жена от Димитровград е станала жертва на онлайн измама, след като ѝ било обещано дарение от 550 000 евро. Случаят е отпреди година, но сигналът е подаден в полицията преди няколко дни, предаде кореспондетът на БТА в Хасково. Жената се свързала чрез социалните мрежи с представила се като Мери Франсоа от Франция. Тя обяснила, че дълги години подпомагала бедни и болни хора, но заради тежко заболяване искала да прехвърли събраните 550 000 евро на димитровградчанката, за да продължи благотворителната ѝ дейност. Мними глухи събират ""дарения"" по магазини Мнимата французойка уверила пенсионерката, че с нея ще се свържат адвокат и банкер от Европейската банка, които да организират прехвърлянето на средствата. През изминалата година жената изпратила 5000 лева, а впоследствие превела и още 1500 евро по различни банкови сметки за уж необходимите процедури по легализиране на документите. Жената подала сигнал в полицията. По случая е образувано досъдебно производство. Последвайте ни","Димитровград, Хасково", жена,жертва
"Съпругата на Красимир Алексиев от ""Калашниците"" е задържана под стража",https://nova.bg/news/view/2026/07/09/543641/%D1%81%D1%8A%D0%BF%D1%80%D1%83%D0%B3%D0%B0%D1%82%D0%B0-%D0%BD%D0%B0-%D0%BA%D1%80%D0%B0%D1%81%D0%B8%D0%BC%D0%B8%D1%80-%D0%B0%D0%BB%D0%B5%D0%BA%D1%81%D0%B8%D0%B5%D0%B2-%D0%BE%D1%82-%D0%BA%D0%B0%D0%BB%D0%B0%D1%88%D0%BD%D0%B8%D1%86%D0%B8%D1%82%D0%B5-%D0%B5-%D0%B7%D0%B0%D0%B4%D1%8A%D1%80%D0%B6%D0%B0%D0%BD%D0%B0-%D0%BF%D0%BE%D0%B4-%D1%81%D1%82%D1%80%D0%B0%D0%B6%D0%B0/,nova.bg,TV news,2026-07-09 15:46:00,"По искане на Софийска районна прокуратура, Софийски градски съд наложи постоянна мярка „задържане под стража“ спрямо съпругата на Красимир Алексиев от „Калашниците“, известен като Краси Принца. Семра Алексиева се е опитала да принуди свидетел по делото, свързано с групата, да промени показанията си. Тя е привлечена към наказателна отговорност за това, че на 29 юни в магазин в кв. „Ботунец“ в гр. София, е направила опит да принуди друга жена да промени показанията си, които е дала по досъдебно производство на Софийска градска прокуратура. Алексиева е отрпавила заплаха за убийство и е упражнила физическа сила. От прокуратурата цитират думите на Алексиева към пострадалата: „Ще ви изселим от квартала, ще ви приключим, ще ви убием, сега ще дойда във вас и ще видите какво ще стане с вас, не искаме да ви виждаме повече в квартала, махнете се от Ботунец“, „Отивате да си променяте показанията“, „Ако не си промените показанията, ще страдате“. Задържаха съпругата на един от ""Калашниците"" за заплахи срещу свидетел по делото По случая се води досъдебно производство за престъпление, за което се предвижда наказание „лишаване от свобода“ до 6 години. Алексиева беше задържана за срок до 72 часа. Наблюдаващ прокурор внесе искане в Софийски районен съд за определяне на мярка „задържане под стража“ спрямо обвиняемата. Състав на СРС се съгласи с доводите на прокурора и наложи на Алексиева най-тежката мярка за неотклонение. След жалба от страна на обвиняемата състав на Софийски градски съд потвърди мярката, наложена от Софийски районен съд и остави съпругата на Красимир Алексиев за постоянно в ареста. Разследването по случая продължава под надзора на Софийска районна прокуратура. Последвайте ни",гр. София,съпруга,уби
„Новите известни“: Как едно момиче от Лом стана лекар в Германия,https://nova.bg/news/view/2026/07/06/543143/%D0%BD%D0%BE%D0%B2%D0%B8%D1%82%D0%B5-%D0%B8%D0%B7%D0%B2%D0%B5%D1%81%D1%82%D0%BD%D0%B8-%D0%BA%D0%B0%D0%BA-%D0%B5%D0%B4%D0%BD%D0%BE-%D0%BC%D0%BE%D0%BC%D0%B8%D1%87%D0%B5-%D0%BE%D1%82-%D0%BB%D0%BE%D0%BC-%D1%81%D1%82%D0%B0%D0%BD%D0%B0-%D0%BB%D0%B5%D0%BA%D0%B0%D1%80-%D0%B2-%D0%B3%D0%B5%D1%80%D0%BC%D0%B0%D0%BD%D0%B8%D1%8F/,nova.bg,TV news,2026-07-06 09:21:00,"Младата лекарка Теодора Огнянова от Лом е поредният герой в рубриката „Новите известни“. Днес тя е специализант по вътрешни болести в Германия и познато лице в социалните мрежи като doc.teodora, но пътят до успеха минава през много трудности, лишения и упорит труд. Теодора завършва медицина в Медицинския университет в Плевен, а още по време на следването си разбира, че иска да продължи професионалния си път в чужбина. Решаващ момент се оказва тримесечен стаж по програма „Еразъм“ в Германия, който окончателно я убеждава да специализира там. „Нищо лично”: Само на 26 и вече с награда от германското правителство „Отидох с два куфара и почти без език. Знаех само едно – че нищо няма да застане между мен и целта ми да специализирам в Германия“, разказва тя. Началото обаче се оказва изключително трудно. За да се издържа, работи като болногледач в старчески домове, а вечер посещава курсове по немски език. Така сама финансира живота си, обучението и подготовката за медицинските изпити, без да натоварва семейството си. „Беше година на лишения, но знаех защо го правя. Хванала съм се на хорото и ще го играя докрай“, спомня си младата лекарка. Допълнително изпитание идва с пандемията от COVID-19. Малко преди да подаде документите си за медицинска специализация, Германия спира изпитите заради локдауна. Месеци наред Теодора живее в несигурност и започва да се пита дали жертвите си струват. През лятото на 2020 година обаче успява да издържи необходимия изпит още от първия път и официално започва специализация по вътрешни болести. Днес признава, че трудът на лекарите в Германия е по-добре оценен, но проблемите не липсват. Според нея и там жените в медицината продължават да се сблъскват с предразсъдъци. „Жените лекари все още са подценявани. Особено ако нямат деца. Темата винаги се появява по някакъв начин, дори когато не би трябвало“, споделя тя. Д-р Зорница Шоманова: Български кардиолог зад граница Един от най-силните уроци в кариерата ѝ идва след среща с възрастен пациент, на когото трябва да съобщи тежка диагноза. Натовареното ежедневие и непрекъснатите спешни задачи я карат да осъзнае колко лесно медицината може да превърне хората в поредния случай. „Тогава си обещах никога да не забравям, че разговарям с хора, а не с диагнози. Преди всяка такава среща си напомням, че срещу мен стоят човешки съдби и емоции“, казва Теодора. Въпреки предизвикателствата тя не губи вяра в професията си и отправя послание към младите хора да не се страхуват да следват мечтите си. „Излизайте от зоната си на комфорт, пътувайте и живейте живота така, както искате. Ако имате мечта – следвайте я“, съветва младата лекарка от Лом. Повече гледайте във видеото. Последвайте ни","Лом, Плевен",момиче,уби
Орлин Павлов представя новата си песен и подготвя музикална изненада с дъщеря си Бети,https://nova.bg/news/view/2026/07/04/542973/%D0%BE%D1%80%D0%BB%D0%B8%D0%BD-%D0%BF%D0%B0%D0%B2%D0%BB%D0%BE%D0%B2-%D0%BF%D1%80%D0%B5%D0%B4%D1%81%D1%82%D0%B0%D0%B2%D1%8F-%D0%BD%D0%BE%D0%B2%D0%B0%D1%82%D0%B0-%D1%81%D0%B8-%D0%BF%D0%B5%D1%81%D0%B5%D0%BD-%D0%B8-%D0%BF%D0%BE%D0%B4%D0%B3%D0%BE%D1%82%D0%B2%D1%8F-%D0%BC%D1%83%D0%B7%D0%B8%D0%BA%D0%B0%D0%BB%D0%BD%D0%B0-%D0%B8%D0%B7%D0%BD%D0%B5%D0%BD%D0%B0%D0%B4%D0%B0-%D1%81-%D0%B4%D1%8A%D1%89%D0%B5%D1%80%D1%8F-%D1%81%D0%B8-%D0%B1%D0%B5%D1%82%D0%B8/,nova.bg,TV news,2026-07-04 11:20:00,"Моето море винаги е пълно, всеки сам може да си го направи хубаво и всеки сам може да си намери щастието, това коментира певецът Орлин Павлов в ефира на предаването „Събуди се“. Поводът е новата му песен със заглавие „Сам“. Възможно е да останем сами, но това ни дава повод да се съберем, да се концентрираме, да намерим онези сили, които сме загубили, и да продължим напред, обяснява посланието на парчето Павлов. Относно коментарите на почитатели, че звученето показва един по-различен артист, той определя себе си като хамелеон, който може да влиза в различни роли. Специално този жанр, създаден съвместно с Денис Попстоев, му харесва заради клубната енергия и динамиката, тъй като самият той обича да танцува и да се движи. Орлин Павлов: Кой е любимият му момент в най-новата българска комедия „Брънч за начинаещи“? Текстът на новата песен е дело на половинката на изпълнителя – Диди. Тя е споделила идеята си за него малко след раждането на дъщеря им, но първоначално е отказала името ѝ да бъде записано в музикалния проект. Певецът разказва, че я е убедил да промени това решение и днес тя е официалният автор на текста. Дъщеря им Бети е изключително музикална и пее по цял ден край басейна и на морето. Когато един талант не се поддържа, не се тренира и не се учи, той може да отлети, смята Орлин Павлов. Затова двамата вече са направили първи записи на пиано с детето. До 15 септември се очаква да излезе нейна самостоятелна песен, която ще бъде посветена на пътните правила и пресичането. Изпълнителят е категоричен, че няма никаква тревога относно музикалния път на дъщеря си, тъй като музиката е свобода и за нея няма граници. Повече гледайте във видеото. Последвайте ни",, дъщер,уби
"Задържаха мъж, сам подал сигнал, че е убил баба си във Видин",https://nova.bg/news/view/2026/07/01/542620/%D0%B7%D0%B0%D0%B4%D1%8A%D1%80%D0%B6%D0%B0%D1%85%D0%B0-%D0%BC%D1%8A%D0%B6-%D1%81%D0%B0%D0%BC-%D0%BF%D0%BE%D0%B4%D0%B0%D0%BB-%D1%81%D0%B8%D0%B3%D0%BD%D0%B0%D0%BB-%D1%87%D0%B5-%D0%B5-%D1%83%D0%B1%D0%B8%D0%BB-%D0%B1%D0%B0%D0%B1%D0%B0-%D1%81%D0%B8-%D0%B2%D1%8A%D0%B2-%D0%B2%D0%B8%D0%B4%D0%B8%D0%BD/,nova.bg,TV news,2026-07-01 11:21:00,"38-годишен мъж е задържан за убийството на 80-годишната си баба във Видин, съобщават от Областната дирекция на МВР, цитирани от кореспондента на БТА във Видин Силвия Иванова. Сигналът за трагичния инцидент е подаден в нощта срещу сряда на телефон 112 от самия мъж. Той съобщил, че е убил с нож баба си в дома им в областния град. На място незабавно бил изпратен екип на Центъра за спешна медицинска помощ, който констатирал смъртта на възрастната жена. „С тоя пищов ще ви пръсна главите“: Задържаха мъж за заплахи с убийство в центъра на София Оперативно-следствена група извършила оглед, а тялото на 80-годишната жена е транспортирано за аутопсия в болницата във Видин. За случая е уведомена прокуратурата, а разследването продължава. Последвайте ни",Видин,баба,"уби, смърт"
Млада жена загуби съзнание след ритници пред дискотека в Стара Загора,https://nova.bg/news/view/2026/06/29/542395/%D0%BC%D0%BB%D0%B0%D0%B4%D0%B0-%D0%B6%D0%B5%D0%BD%D0%B0-%D0%B7%D0%B0%D0%B3%D1%83%D0%B1%D0%B8-%D1%81%D1%8A%D0%B7%D0%BD%D0%B0%D0%BD%D0%B8%D0%B5-%D1%81%D0%BB%D0%B5%D0%B4-%D1%80%D0%B8%D1%82%D0%BD%D0%B8%D1%86%D0%B8-%D0%BF%D1%80%D0%B5%D0%B4-%D0%B4%D0%B8%D1%81%D0%BA%D0%BE%D1%82%D0%B5%D0%BA%D0%B0-%D0%B2-%D1%81%D1%82%D0%B0%D1%80%D0%B0-%D0%B7%D0%B0%D0%B3%D0%BE%D1%80%D0%B0/,nova.bg,TV news,2026-06-29 13:52:00,"20-годишна жена е пострадала след нападение пред нощен клуб в Стара Загора, съобщи кореспондентът на БТА Павлина Дудева. Инцидентът е станал около 3:30 часа в събота сутринта. По данни на пострадалата тя е била ритната от 34-годишен мъж пред дискотеката, след което е изгубила съзнание и е паднала на земята. При падането жената е счупила част от зъб. Пребиха мъж посред бял ден на улица в Стара Загора На място е изпратен полицейски екип, а пострадалата е транспортирана до Центъра за спешна медицинска помощ за преглед и лечение. Извършителят все още не е установен. По случая е образувано досъдебно производство, а разследването продължава. Последвайте ни",Стара Загора, жена,"уби, преби"
"Семейство остана без дом след умишлен палеж във Варна, заподозряха бивш приятел на дъщеря им",https://nova.bg/news/view/2026/06/26/542065/%D1%81%D0%B5%D0%BC%D0%B5%D0%B9%D1%81%D1%82%D0%B2%D0%BE-%D0%BE%D1%81%D1%82%D0%B0%D0%BD%D0%B0-%D0%B1%D0%B5%D0%B7-%D0%B4%D0%BE%D0%BC-%D1%81%D0%BB%D0%B5%D0%B4-%D1%83%D0%BC%D0%B8%D1%88%D0%BB%D0%B5%D0%BD-%D0%BF%D0%B0%D0%BB%D0%B5%D0%B6-%D0%B2%D1%8A%D0%B2-%D0%B2%D0%B0%D1%80%D0%BD%D0%B0-%D0%B7%D0%B0%D0%BF%D0%BE%D0%B4%D0%BE%D0%B7%D1%80%D1%8F%D1%85%D0%B0-%D0%B1%D0%B8%D0%B2%D1%88-%D0%BF%D1%80%D0%B8%D1%8F%D1%82%D0%B5%D0%BB-%D0%BD%D0%B0-%D0%B4%D1%8A%D1%89%D0%B5%D1%80%D1%8F-%D0%B8%D0%BC/,nova.bg,TV news,2026-06-26 08:50:00,"Семейство от Варна остана без покрив над главата си, след като домът им беше напълно унищожен при умишлен палеж. По случая е задържан 33-годишен мъж с криминално минало, за когото близките твърдят, че от години тормози семейството след раздяла с тяхната дъщеря. Пожарът избухнал рано сутринта, малко след като собствениците напуснали къщата. Според разказа на семейството минути по-късно съседи ги уведомили, че домът им е обхванат от пламъци. „Всичко стана за секунди. Когато пристигнахме, къщата вече гореше. Не успяхме да спасим нищо“, разказват стопаните. Къща изгоря при пожар в Стара Загора, има задържан По думите им огънят бил предизвикан в преддверието на къщата, откъдето бързо се разпространил към останалите помещения. Унищожени са мебели, електроуреди, дрехи, документи и цялото имущество на семейството. „Останахме само с дрехите на гърба си. Нямаме нищо“, казва собственичката на дома. Според семейството извършителят е бившият приятел на дъщеря им, с когото тя прекратила връзката си преди около година заради случаи на домашно насилие. След раздялата, твърдят те, последвали постоянни заплахи към цялото семейство. „Нееднократно ни предупреждаваше, че ще ни запали къщата и ще ни навреди. Имаше издадени ограничителни заповеди и съдебна защита, но това не го спря“, разказват родителите. Разследването установило, че след палежа на семейната къща мъжът подпалил и друга постройка в квартал „Аспарухово“. Огънят засегнал жилищна сграда, а пожарникари се наложило да евакуират живеещите в нея хора, включително дете. По информация на близките няколко семейства понесли материални щети вследствие на втория пожар. За щастие, и при двата инцидента няма пострадали. Продължава разследването на пожара край село Български Извор От МВР съобщиха, че заподозреният е задържан и срещу него предстои да бъдат повдигнати обвинения за двата палежа. По случая е образувано досъдебно производство. Междувременно пострадалото семейство е започнало дарителска кампания. След пожара къщата е негодна за обитаване, а възстановяването ѝ ще изисква сериозни средства. „Благодарни сме, че сме живи. Всичко останало може да се изгради отново, но сами няма да се справим“, казват стопаните, които разчитат на подкрепата на съгражданите си, за да започнат живота си отначало. Ако желаете да помогнете на семейството, можете да го направите с превод на тази банкова сметка: BG97STSA93000032795305  Мария Кирова Кирова Последвайте ни","Варна, Стара Загора", дъщер,"домашно насилие, тормоз, насил"
"Задържаха болногледачка, обвинена за кражби и насилие над неподвижна жена с деменция в Плевен",https://nova.bg/news/view/2026/06/22/541553/%D0%B7%D0%B0%D0%B4%D1%8A%D1%80%D0%B6%D0%B0%D1%85%D0%B0-%D0%B1%D0%BE%D0%BB%D0%BD%D0%BE%D0%B3%D0%BB%D0%B5%D0%B4%D0%B0%D1%87%D0%BA%D0%B0-%D0%BE%D0%B1%D0%B2%D0%B8%D0%BD%D0%B5%D0%BD%D0%B0-%D0%B7%D0%B0-%D0%BA%D1%80%D0%B0%D0%B6%D0%B1%D0%B8-%D0%B8-%D0%BD%D0%B0%D1%81%D0%B8%D0%BB%D0%B8%D0%B5-%D0%BD%D0%B0%D0%B4-%D0%BD%D0%B5%D0%BF%D0%BE%D0%B4%D0%B2%D0%B8%D0%B6%D0%BD%D0%B0-%D0%B6%D0%B5%D0%BD%D0%B0-%D1%81-%D0%B4%D0%B5%D0%BC%D0%B5%D0%BD%D1%86%D0%B8%D1%8F-%D0%B2-%D0%BF%D0%BB%D0%B5%D0%B2%D0%B5%D0%BD/,nova.bg,TV news,2026-06-22 15:16:00,"47-годишна жена е задържана по искане на Районната прокуратура в Плевен по обвинения, че е упражнявала насилие над възрастна жена, за която се е грижила. Освен това, твърди обвинението, тя откраднала пари от дома на семейството. Според разследващите престъпленията са извършвани в периода между 20 януари и 23 март 2026 г. в частен дом в Плевен. Жената е обвинена, че на няколко пъти е причинила лека телесна повреда по особено мъчителен начин на 88-годишна жена, за която се грижела. Освен това прокуратурата твърди, че през същия период тя е отнела общо 1500 евро от възрастното семейство. „Получих инсулт, защото не следяха кръвното ми”: Разказ от първо лице за ужаса в Ягода Пострадалите са съпрузи на 87 и 88 години. Жената страда от деменция и е неподвижна. В началото на 2026 г. нейни близки наели обвиняемата като болногледачка срещу заплащане, за да се грижи за нея ежедневно по няколко часа. Случаят излязъл наяве, след като роднините поставили видеонаблюдение в дома. От записите те установили, че болногледачката системно упражнява физическо насилие над възрастната жена, като без причина ѝ нанася удари по главата. На кадрите се виждало и как жената взема пари от дома без знанието и съгласието на собствениците. След подаден сигнал до полицията са предприети незабавни действия и е образувано досъдебно производство под наблюдението на Районната прокуратура в Плевен. По случая са разпитани свидетели, а видеозаписите са подложени на специализирана експертиза. 5 години затвор за жена, откраднала над 100 хиляди лева от пенсионер Обвиняемата е задържана за срок до 72 часа, а прокуратурата поискала от съда да ѝ наложи най-тежката мярка за неотклонение - „задържане под стража“. Районният съд в Плевен уважил искането, като приел, че има достатъчно доказателства за съпричастността ѝ към престъпленията и опасност тя да се укрие или да извърши друго престъпление. Съдебното решение може да бъде обжалвано. Разследването по случая продължава. Последвайте ни",Плевен, жена,насил
Откриха мъртва издирваната 62-годишна жена от село Александрово,https://nova.bg/news/view/2026/06/16/540843/%D0%BE%D1%82%D0%BA%D1%80%D0%B8%D1%85%D0%B0-%D0%BC%D1%8A%D1%80%D1%82%D0%B2%D0%B0-%D0%B8%D0%B7%D0%B4%D0%B8%D1%80%D0%B2%D0%B0%D0%BD%D0%B0%D1%82%D0%B0-62-%D0%B3%D0%BE%D0%B4%D0%B8%D1%88%D0%BD%D0%B0-%D0%B6%D0%B5%D0%BD%D0%B0-%D0%BE%D1%82-%D1%81%D0%B5%D0%BB%D0%BE-%D0%B0%D0%BB%D0%B5%D0%BA%D1%81%D0%B0%D0%BD%D0%B4%D1%80%D0%BE%D0%B2%D0%BE/,nova.bg,TV news,2026-06-16 13:50:00,"Тялото на 62-годишната жена, която беше обявена за издирване, е открито от полицейски служители в землището на павелбанското село Александрово. Това съобщиха от пресцентъра на Областната дирекция на МВР в Стара Загора, предаде кореспондент на БТА в Стара Загора Емил Димов. Стойка Караиванова беше в неизвестност от понеделник. Първоначално органите на реда разпространиха нейно описание и призоваха гражданите за съдействие, тъй като жената беше напуснала дома си без лични документи и мобилен телефон. По случая вече е образувано досъдебно производство. Разследването се води под надзора на Районната прокуратура в Стара Загора, като предстои да се изяснят точните причини и обстоятелства около смъртта на жената. Последвайте ни",Стара Загора, жена,смърт
Измама с изкуствен интелект: Жена загуби 33 000 евро след фалшиво видео с Марина Цекова и Румен Радев,https://nova.bg/news/view/2026/06/12/540455/%D0%B8%D0%B7%D0%BC%D0%B0%D0%BC%D0%B0-%D1%81-%D0%B8%D0%B7%D0%BA%D1%83%D1%81%D1%82%D0%B2%D0%B5%D0%BD-%D0%B8%D0%BD%D1%82%D0%B5%D0%BB%D0%B5%D0%BA%D1%82-%D0%B6%D0%B5%D0%BD%D0%B0-%D0%B7%D0%B0%D0%B3%D1%83%D0%B1%D0%B8-33-000-%D0%B5%D0%B2%D1%80%D0%BE-%D1%81%D0%BB%D0%B5%D0%B4-%D1%84%D0%B0%D0%BB%D1%88%D0%B8%D0%B2%D0%BE-%D0%B2%D0%B8%D0%B4%D0%B5%D0%BE-%D1%81-%D0%BC%D0%B0%D1%80%D0%B8%D0%BD%D0%B0-%D1%86%D0%B5%D0%BA%D0%BE%D0%B2%D0%B0-%D0%B8-%D1%80%D1%83%D0%BC%D0%B5%D0%BD-%D1%80%D0%B0%D0%B4%D0%B5%D0%B2/,nova.bg,TV news,2026-06-12 15:18:00,"Районна прокуратура - Плевен води разследване за нов вид измама, реализирана чрез репортаж в социална мрежа, генериран от изкуствен интелект и използващ гласовете и лицата на водещата на „Събуди се” Марина Цекова и премиерът Румен Радев. Сигнал е подаден от 62-годишна жена, живуща в област Плевен, която е станала жертва на измама. По делото е установено, че пострадалата е била заблудена, след като ѝ изляло фалшиво видео на Марина Цекова и Румен Радев. То показвало как те рекламират, че в България е въведена инвестиционна програма, в която могат да се включат множество лица, които имат спестявания, с цел подобряване на финансовото си състояние. В резултат на формираното по този начин заблуждение, пострадалата жена последвала посочените в репортажа линкове. Веднага получила обаждане по Viber от лице, представило се за мениджър на компанията, което я инструктирало да преведе всичките си налични средства по посочена от него банкова сметка, с цел инвестиции и по-добра печалба. По указания на това лице, банковите преводи следвало да бъдат на суми до 10 000 евро. Пострадалата се доверила и чрез няколко трансакции, извършила банков превод на общата сума от 33 000 евро. Впоследствие комуникацията с нея била преустановена. Пътят на измамата: Защо обещание за печалба се превръща в кошмар Разследването по делото продължава под наблюдението на Районна прокуратура-Плевен, като се полагат възможните усилия за установяване всички факти и на отговорните за деянието лица. Прокуратурата апелира към гражданите да бъдат предпазливи и да не се доверяват на подобни измамни схеми и внушения с обещания за печеливши инвестиции, за да не станат жертви на измама и да претърпят имотни вреди. Последвайте ни",Плевен, жена,жертва
Иван Шишков: Малко вероятно е да се издаде заповед за събаряне на незаконните сгради в „Баба Алино”,https://nova.bg/news/view/2026/06/09/540033/%D0%B8%D0%B2%D0%B0%D0%BD-%D1%88%D0%B8%D1%88%D0%BA%D0%BE%D0%B2-%D0%BC%D0%B0%D0%BB%D0%BA%D0%BE-%D0%B2%D0%B5%D1%80%D0%BE%D1%8F%D1%82%D0%BD%D0%BE-%D0%B5-%D0%B4%D0%B0-%D1%81%D0%B5-%D0%B8%D0%B7%D0%B4%D0%B0%D0%B4%D0%B5-%D0%B7%D0%B0%D0%BF%D0%BE%D0%B2%D0%B5%D0%B4-%D0%B7%D0%B0-%D1%81%D1%8A%D0%B1%D0%B0%D1%80%D1%8F%D0%BD%D0%B5-%D0%BD%D0%B0-%D0%BD%D0%B5%D0%B7%D0%B0%D0%BA%D0%BE%D0%BD%D0%BD%D0%B8%D1%82%D0%B5-%D1%81%D0%B3%D1%80%D0%B0%D0%B4%D0%B8-%D0%B2-%D0%B1%D0%B0%D0%B1%D0%B0-%D0%B0%D0%BB%D0%B8%D0%BD%D0%BE/,nova.bg,TV news,2026-06-09 11:22:00,"„България се намира в изключително тежка ситуация по отношение на изпълнението на ангажиментите по Плана за възстановяване и устойчивост"". Това заяви министърът на регионалното развитие и благоустройството Иван Шишков в ефира на „Твоят ден“ по NOVA NEWS. По думите му приемането на необходимите закони е било наложително, за да не загуби страната значителен финансов ресурс. „На нашето правителство беше стоварена огромна отговорност със срокове, които трудно може да бъдат наваксани. Във всеки сектор излизаха нови и нови проблеми, но въпреки това обещаваме да подредим нещата“, заяви Шишков. Министърът акцентира върху сериозния недостиг на транспортна инфраструктура в страната. Според него липсата на завършени магистрали създава предпоставки за тежки пътни инциденти и затруднява нормалното движение. „В България липсва инфраструктура. Липсват магистралите, които да поемат целия трафик. Това е огромен проблем и предпоставка за катастрофи“, посочи той. Регионалният министър заподозря схема в затварянето на отсечка от АМ „Струма” Шишков отправи остри критики към начина, по който са били реализирани инфраструктурни проекти в предходни управления. По думите му в периода 2018–2021 г. съществувала практика да се извършват плащания за магистрали без реално строителство. „Имаме криминален сюжет. Още преди време съм подавал сигнали за автомагистрала „Хемус“ до прокуратурата, но по тях няма никакво движение“, каза министърът. Той изрази надежда, че предстоящите промени в съдебната система ще позволят да се установи кой е получил средствата за магистралните проекти и кой е създал схемата за тяхното финансиране. Министърът съобщи още, че в момента се извършва подробен анализ на състоянието на инфраструктурните проекти и предстои диалог със строителните компании. По думите му вече има готови проекти за автомагистрала „Хемус“, а предстои разработването на проекти и за други ключови пътни артерии, част от които може да бъдат реализирани чрез концесионни процедури. „Всички тези проекти трябва да бъдат завършени в рамките на следващите две години“, заяви той. Иван Шишков за казуса “Баба Алино”: Сглобката е сглобила незаконен град Шишков коментира и казуса с незаконното строителство в местността „Баба Алино“ край Варна. Според него случаят се е превърнал в символ на това как в продължение на години е било допускано мащабно незаконно строителство. „Всички политически сили, които са управлявали Варна и държавата, са проявявали необяснима толерантност към това незаконно строителство. Не е виновна една или друга политическа сила, а всички, които са участвали в този процес“, заяви министърът. Той посочи, че Община Варна е трябвало своевременно да предотврати строителните дейности, а сега носи отговорността за разрешаването на проблема. Според Шишков обаче е малко вероятно да бъде издадена заповед за събаряне на вече изградените жилищни сгради. Целия разговор гледайте във видеото. Последвайте ни",Варна,баба,уби
Има ли ескалация на домашното насилие у нас,https://nova.bg/news/view/2026/06/08/539943/%D0%B8%D0%BC%D0%B0-%D0%BB%D0%B8-%D0%B5%D1%81%D0%BA%D0%B0%D0%BB%D0%B0%D1%86%D0%B8%D1%8F-%D0%BD%D0%B0-%D0%B4%D0%BE%D0%BC%D0%B0%D1%88%D0%BD%D0%BE%D1%82%D0%BE-%D0%BD%D0%B0%D1%81%D0%B8%D0%BB%D0%B8%D0%B5-%D1%83-%D0%BD%D0%B0%D1%81/,nova.bg,TV news,2026-06-08 21:10:00,"В края на май 19-годишно момиче беше пребито от 29-годишен мъж, с който живеели на семейни начала.  След побоя във Варна мъжът насилствено качил момичето в автомобила си и тръгнали към село Пороминово, където нападателят е задържан. Момиче е в тежко състояние след побой във Варна Ескалира ли домашното насилие у нас? Темата коментира  в ефира на „Социална мрежа” психологът и директор на фондация „Асоциация Анимус” Надежда Стойчева. По думите ѝ пострадали от домашно насилие има от много малки деца до жени на 80. Случаите на момичета между 16 и 21 години обаче били по-специфични. „Това е възраст, в която човек иска да има официален партньор, но няма опит. Това е първи партньор за тези момичета и попадат на някой, който упражнява насилие. Започва се с изолация, манипулация, обработване, по малко насилие, един шамар, заплахи и след това се преминава към по-сериозни заплахи. Именно заради тези млади момичета законът включи през 2023 г. интимната връзка като част от домашното насилие”, обясни Стойчева. Тя обясни, че това може да се случи на всяко момиче. „Може да е от добро семейство и да бъде привлечена от някой, който е по-психопатен. Но тя има много по-голям капацитет, защото има добра връзка със семейството и по-добър вътрешен ресурс. Има, разбира се, момичета, които са по-уязвими поради това, че самите те са преживели домашно насилие или друга форма на насилие. Сексуалното насилие над млади момичета също не е рядко явление и се случва много по-често, отколкото се предполага, но много от случаите остават прикрити и не стават обществено известни”, каза Стойчева. Повече гледайте във видеото. Последвайте ни",Варна,домашното насилие,"домашно насилие, преби, насил"
"Кой носи вина за случая с ""Баба Алино""",https://nova.bg/news/view/2026/06/03/539369/%D0%BA%D0%BE%D0%B9-%D0%BD%D0%BE%D1%81%D0%B8-%D0%B2%D0%B8%D0%BD%D0%B0-%D0%B7%D0%B0-%D1%81%D0%BB%D1%83%D1%87%D0%B0%D1%8F-%D1%81-%D0%B1%D0%B0%D0%B1%D0%B0-%D0%B0%D0%BB%D0%B8%D0%BD%D0%BE/,nova.bg,TV news,2026-06-03 13:16:00,"Актуалните теми у нас коментираха телевизионният водещ Иво Танев и социологът Мира Радева в ефира на „Твоят ден” по NOVA NEWS. По казуса с „незаконния град” Радева каза, че най-важният въпрос е в политическата отговорност. „Кметът Коцев е допуснал администрацията да извърши серия от недоглеждания. Дори да е чист като сълза, той трябва моментално да подаде оставката си. А реакциите му показват неговата вина”, смята тя. „Баба Алино 2”?: Общинските съветници от ГЕРБ във Варна показаха още един парцел с изсечени дървета Танев е на мнение, че „никой нищо не е проспал, много хора са съучастници”. И допълни, че Коцев е имал вина и като кмет и като областен управител на Варна. Според Танев това показва много голямо компрометиране на институциите и общинската администрация. По отношение на бюджета социологът напомни, че протестите са изразили точно недоволството спрямо него. Според Танев страната е с „убито здравеопазване, плачевна енергетика, културата е в ъгъла, а всичко започва от образованието”. Повече гледайте във видеото. Последвайте ни",Варна,баба,уби
Майката на четвъртото момче от купона с дрога в Благоевград: Виновни сме,https://nova.bg/news/view/2026/05/30/539007/%D0%BC%D0%B0%D0%B9%D0%BA%D0%B0%D1%82%D0%B0-%D0%BD%D0%B0-%D1%87%D0%B5%D1%82%D0%B2%D1%8A%D1%80%D1%82%D0%BE%D1%82%D0%BE-%D0%BC%D0%BE%D0%BC%D1%87%D0%B5-%D0%BE%D1%82-%D0%BA%D1%83%D0%BF%D0%BE%D0%BD%D0%B0-%D1%81-%D0%B4%D1%80%D0%BE%D0%B3%D0%B0-%D0%B2-%D0%B1%D0%BB%D0%B0%D0%B3%D0%BE%D0%B5%D0%B2%D0%B3%D1%80%D0%B0%D0%B4-%D0%B2%D0%B8%D0%BD%D0%BE%D0%B2%D0%BD%D0%B8-%D1%81%D0%BC%D0%B5/,nova.bg,TV news,2026-05-30 19:22:00,"Майката на четвъртото момче, участвало в завършилия фатално купон с дрога в Благоевград, с емоционален пост в социална мрежа. Росица Симеонова пише, че вина за случилото се имат тя и бащата на тийнейджъра, тъй като не са забелязали навреме промяната в него. Тя припомня, че синът ѝ и загиналото момиче са били приятели, участвали са в театрална постановка. Майката пише още, че синът й не е искал да отиде на абитуриентския си бал, но го е направил с подкрепата на съучениците и преподавателите си. Прокуратурата протестира мярката на обвиняемия за смъртта на 16-годишното момиче в Благоевград ""Обръщам се към родителите на Ивана. Когато сте готови да разговаряте, със съпруга ми сме насреща, но не в социалните мрежи. Още веднъж - искрени съболезнования"", пише майката на момчето. Последвайте ни",Благоевград,майка,смърт
Близки на загиналото момиче в Благоевград организират бдение след трагедията,https://nova.bg/news/view/2026/05/29/538811/%D0%B1%D0%BB%D0%B8%D0%B7%D0%BA%D0%B8-%D0%BD%D0%B0-%D0%B7%D0%B0%D0%B3%D0%B8%D0%BD%D0%B0%D0%BB%D0%BE%D1%82%D0%BE-%D0%BC%D0%BE%D0%BC%D0%B8%D1%87%D0%B5-%D0%B2-%D0%B1%D0%BB%D0%B0%D0%B3%D0%BE%D0%B5%D0%B2%D0%B3%D1%80%D0%B0%D0%B4-%D0%BE%D1%80%D0%B3%D0%B0%D0%BD%D0%B8%D0%B7%D0%B8%D1%80%D0%B0%D1%82-%D0%B1%D0%B4%D0%B5%D0%BD%D0%B8%D0%B5-%D1%81%D0%BB%D0%B5%D0%B4-%D1%82%D1%80%D0%B0%D0%B3%D0%B5%D0%B4%D0%B8%D1%8F%D1%82%D0%B0/,nova.bg,TV news,2026-05-29 06:38:00,"След трагедията в Благоевград, при която 16-годишно момиче падна от петия етаж на жилищен блок, близките ѝ организират бдение. Пред блока беше открито и непълнолетно момче с тежки травми, чието състояние се подобрява. Бдението започна в 18:00 часа. Много хора се събраха, за да почетат паметта на загиналото момиче. Всички призоваха за бързо и справедливо разследване, както и свидетелите на случилото се да бъдат по-активни в даването на показания, за да стане ясно какво точно се е случило във фаталната вечер. Междувременно от болница „Пирогов” обявиха, че настаненото момче там, което също падна от петия етаж, но оцеля, вече е адекватно и контактно. Все още не е ясно има ли спомен от случилото се във фаталната вечер. Според експерти на този етап няма да се бърза с разпитите, за да може момчето да бъде в максимално адекватно състояние тогава, когато се наложи да отговаря за случилото се във фаталната вечер. А бащата на загиналото 16-годишно момиче призова за повече съпричастност, както и съдът и прокуратурата да си изпълнят служебните задължения. На този фон прокуратурата в Благоевград протестира срещу освобождаването на 20-годишния студент, заподозрян за смъртта на 16-годишното момиче от града. Припомняме, че съдът пусна без мярка 20-годишния младеж, заподозрян за смъртта на момичето. Според събраната до момента информация всички те са били на парти, на което имало и наркотици. Според полицията заподозреният - Александър Георгиев, заявил, че не си спомня нищо. А съдът прецени, че доказателства за вината му няма и го освободи. Окръжният съд в Благоевград: Няма достатъчно доказателства за задържането на обвиняемия за трагедията със загинало момиче Последвайте ни",Благоевград,момиче,смърт
Окръжният съд в Благоевград: Няма достатъчно доказателства за задържането на обвиняемия за трагедията със загинало момиче,https://nova.bg/news/view/2026/05/28/538739/%D0%BE%D0%BA%D1%80%D1%8A%D0%B6%D0%BD%D0%B8%D1%8F%D1%82-%D1%81%D1%8A%D0%B4-%D0%B2-%D0%B1%D0%BB%D0%B0%D0%B3%D0%BE%D0%B5%D0%B2%D0%B3%D1%80%D0%B0%D0%B4-%D0%BD%D1%8F%D0%BC%D0%B0-%D0%B4%D0%BE%D1%81%D1%82%D0%B0%D1%82%D1%8A%D1%87%D0%BD%D0%BE-%D0%B4%D0%BE%D0%BA%D0%B0%D0%B7%D0%B0%D1%82%D0%B5%D0%BB%D1%81%D1%82%D0%B2%D0%B0-%D0%B7%D0%B0-%D0%B7%D0%B0%D0%B4%D1%8A%D1%80%D0%B6%D0%B0%D0%BD%D0%B5%D1%82%D0%BE-%D0%BD%D0%B0-%D0%BE%D0%B1%D0%B2%D0%B8%D0%BD%D1%8F%D0%B5%D0%BC%D0%B8%D1%8F-%D0%B7%D0%B0-%D1%82%D1%80%D0%B0%D0%B3%D0%B5%D0%B4%D0%B8%D1%8F%D1%82%D0%B0-%D1%81%D1%8A%D1%81-%D0%B7%D0%B0%D0%B3%D0%B8%D0%BD%D0%B0%D0%BB%D0%BE-%D0%BC%D0%BE%D0%BC%D0%B8%D1%87%D0%B5/,nova.bg,TV news,2026-05-28 14:16:00,"Очаква се прокуратурата да протестира решението на Окръжния съд в Благоевград, с което беше освободен студентът Александър Георгиев, обвинен по случая със смъртта на младото момиче в квартал „Струмско“, който предизвика силна обществена реакция и протести. Съдът излезе с официална позиция. От съда заявяват, че разбират чувствителността на обществото и изразяват съпричастност към близките на починалото момиче. Магистратите подчертават, че уважават правото на хората мирно да изразяват мнението си. В позицията се уточнява, че решението по мярката за неотклонение, взето вчера, не означава, че съдът се е произнесъл дали обвиняемият е виновен или невинен. Припомняме, че вчера пуснаха от ареста 20-годишния студент, задържан за смъртта на 16-годишно момиче в Благоевград. Тялото ѝ беше открито след падане от петия етаж. Още едно момче също е паднало от апартамента, но е оцеляло и се лекува в „Пирогов”. Това предизвика остра реакция от бащата на починалото момиче, който направи емоционално изявление пред обществената телевизия след решението на съда. Мъжът заяви, че дъщеря му е била манипулирана и измъчвана. „Какво прави едно влюбено момиче на 16 години? И Ромео и Жулиета са били на 16 и 15. Психиката е тотал щета. Използвали са я, манипулирали са я, а дъщеря ми вероятно не е единствената. Това е цяла система, схема, много дълъг и голям канал”, посочи Стойне Стойнев. Семейството на починалото момиче организира бдение в негова памет в петък.  Окръжният съд отбелязва, че според закона е длъжен да прецени дали има достатъчно доказателства за налагане на мярка за неотклонение, като се основава единствено на събраните до момента данни от прокуратурата и разследващите органи. В конкретния случай съдебният състав е приел, че на този етап няма достатъчно доказателства, които да оправдаят задържането на обвиняемия. От съда подчертават още, че ако бъдат събрани нови доказателства, прокуратурата може отново да поиска налагане на мярка за неотклонение, включително и най-тежката. „Правосъдието се основава на доказателства, а не на обществен натиск, мнения и емоции“, посочват още от съда и допълват, че всеки съдебен акт се постановява въз основа на закона, доказателствата по делото и вътрешното убеждение на съда, при спазване на принципите на независимост и безпристрастност. Последвайте ни",Благоевград,момиче,смърт
Бащата на починалото момиче от Благоевград: Дъщеря ми е била манипулирана и измъчвана,https://nova.bg/news/view/2026/05/27/538656/%D0%B1%D0%B0%D1%89%D0%B0%D1%82%D0%B0-%D0%BD%D0%B0-%D0%BF%D0%BE%D1%87%D0%B8%D0%BD%D0%B0%D0%BB%D0%BE%D1%82%D0%BE-%D0%BC%D0%BE%D0%BC%D0%B8%D1%87%D0%B5-%D0%BE%D1%82-%D0%B1%D0%BB%D0%B0%D0%B3%D0%BE%D0%B5%D0%B2%D0%B3%D1%80%D0%B0%D0%B4-%D0%B4%D1%8A%D1%89%D0%B5%D1%80%D1%8F-%D0%BC%D0%B8-%D0%B5-%D0%B1%D0%B8%D0%BB%D0%B0-%D0%BC%D0%B0%D0%BD%D0%B8%D0%BF%D1%83%D0%BB%D0%B8%D1%80%D0%B0%D0%BD%D0%B0-%D0%B8-%D0%B8%D0%B7%D0%BC%D1%8A%D1%87%D0%B2%D0%B0%D0%BD%D0%B0/,nova.bg,TV news,2026-05-27 19:07:00,"Обрат след трагедията в Благоевград. Пуснаха от ареста 20-годишния студент, задържан за смъртта на 16-годишно момиче. Тялото ѝ беше открито след падане от петия етаж. Още едно момче също е паднало от апартамента, но е оцеляло и се лекува в „Пирогов”. Бащата на починалото момиче направи емоционално изявление пред обществената телевизия след решението на съда. Той заяви, че дъщеря му е била манипулирана и измъчвана. „Какво прави едно влюбено момиче на 16 години? И Ромео и Жулиета са били на 16 и 15. Психиката е тотал щета. Използвали са я, манипулирали са я, а дъщеря ми вероятно не е единствената. Това е цяла система, схема, много дълъг и голям канал”, посочи Стойне Стойнев. В съда днес обвиненият в умишлено убийство студент Александър Георгиев влезе в пълно мълчание, окован с белезници на краката и ръцете. В съдебната зала стана ясно, че според свидетелските показания студентът е станал агресивен след употребата на LSD. Никой обаче не е видял дали той е човекът, изхвърлил момичето през прозореца. Съдията прецени, че доказателства няма и освободи Георгиев. „Доволен съм от това, че съдът направи верен прочит на събраната информация до този момент”, коментира адвокатът на Александър Георгиев – Пенко Ненов. Решението на Темида срещна бурната реакция на бащата на починалото момиче. „Колко струвате, съдия Узунова, като знаете какво се е случило там? Борба, измъчвания... Дъщеря ми е хвърлена през прозореца, а после няма доказателства ли? Госпожо Узунова, Вие не сте съдия за мен. Вие сте срам за цялата система”, разкритикува бащата на починалата тийнейджърка съдийката. В късния следобед в Общината се проведе среща с участието на директори на училища и представители на полицията и други институции. Темата - как да се спре наркоразпространението. Последвайте ни",Благоевград," дъщер, момиче","уби, смърт"
"Постоянен арест и обвинение в отвличане за мъжете, задържани за стрелбата с ранена жена във Варна (СНИМКИ)",https://nova.bg/news/view/2026/05/25/538329/%D0%BF%D0%BE%D1%81%D1%82%D0%BE%D1%8F%D0%BD%D0%B5%D0%BD-%D0%B0%D1%80%D0%B5%D1%81%D1%82-%D0%B8-%D0%BE%D0%B1%D0%B2%D0%B8%D0%BD%D0%B5%D0%BD%D0%B8%D0%B5-%D0%B2-%D0%BE%D1%82%D0%B2%D0%BB%D0%B8%D1%87%D0%B0%D0%BD%D0%B5-%D0%B7%D0%B0-%D0%BC%D1%8A%D0%B6%D0%B5%D1%82%D0%B5-%D0%B7%D0%B0%D0%B4%D1%8A%D1%80%D0%B6%D0%B0%D0%BD%D0%B8-%D0%B7%D0%B0-%D1%81%D1%82%D1%80%D0%B5%D0%BB%D0%B1%D0%B0%D1%82%D0%B0-%D1%81-%D1%80%D0%B0%D0%BD%D0%B5%D0%BD%D0%B0-%D0%B6%D0%B5%D0%BD%D0%B0-%D0%B2%D1%8A%D0%B2-%D0%B2%D0%B0%D1%80%D0%BD%D0%B0-%D1%81%D0%BD%D0%B8%D0%BC%D0%BA%D0%B8/,nova.bg,TV news,2026-05-25 08:11:00,"Варненският окръжен съд постанови мярка „задържане под стража“ за двама 56-годишни украински граждани, обвинени в отвличане след стрелба в центъра на Варна, съобщиха от съда. Разследването срещу тях започва на 8 май, когато двамата произвеждат изстрели в централната част на града. При инцидента рикоширал куршум ранява възрастна жена. След стрелбата мъжете напускат мястото с автомобил и се укриват първоначално в Слънчев бряг, където единият от тях разполага с жилище, а впоследствие се преместват в Пловдив, където са задържани и транспортирани във Варна. Първоначално срещу тях е повдигнато обвинение за опит за убийство, но в хода на разследването са събрани нови данни, които водят до преквалифициране на обвинението в отвличане и противозаконно лишаване от свобода на мъж.  Задържаха двама украинци за стрелбата, при която възрастна жена беше ранена във Варна От съда посочват, че събраните до момента доказателства дават основание за обосновано предположение за съпричастност на обвиняемите към престъпленията. Магистратите приемат и, че при по-лека мярка съществува реална опасност те да се укрият или да извършат ново престъпление. Като аргументи са посочени и факти, че двамата са чужди граждани без установени адреси в страната и без яснота относно трудова заетост. При претърсване в жилището на единия са открити и незаконно притежавани оръжия със заличени серийни номера. Определението на Окръжния съд подлежи на обжалване. Последвайте ни",Варна, жена,уби
С бременна жена като подставено лице: Разкриха имотна измама с фалшиво завещание в София,https://nova.bg/news/view/2026/05/24/538265/%D1%81-%D0%B1%D1%80%D0%B5%D0%BC%D0%B5%D0%BD%D0%BD%D0%B0-%D0%B6%D0%B5%D0%BD%D0%B0-%D0%BA%D0%B0%D1%82%D0%BE-%D0%BF%D0%BE%D0%B4%D1%81%D1%82%D0%B0%D0%B2%D0%B5%D0%BD%D0%BE-%D0%BB%D0%B8%D1%86%D0%B5-%D1%80%D0%B0%D0%B7%D0%BA%D1%80%D0%B8%D1%85%D0%B0-%D0%B8%D0%BC%D0%BE%D1%82%D0%BD%D0%B0-%D0%B8%D0%B7%D0%BC%D0%B0%D0%BC%D0%B0-%D1%81-%D1%84%D0%B0%D0%BB%D1%88%D0%B8%D0%B2%D0%BE-%D0%B7%D0%B0%D0%B2%D0%B5%D1%89%D0%B0%D0%BD%D0%B8%D0%B5-%D0%B2-%D1%81%D0%BE%D1%84%D0%B8%D1%8F/,nova.bg,TV news,2026-05-24 11:22:00,"Служители на сектор „Икономическа полиция“ при СДВР предотвратиха опит за имотна измама, при който като формален извършител е била използвана 21-годишна бременна жена. Разследването е започнало след сигнал за опит да бъде обявено завещание, свързано с къща с двор в София, собственост на човек, починал преди повече от 13 години. В хода на процесуално-следствените действия е установено, че починалият има законни наследници, а представеното удостоверение е неистинско. Обещание за „дело срещу държавата“: Мъж се представял за адвокат и прокурор, за да измами 79-годишна жена Назначени експертизи са доказали, че и завещанието е подправено - както текстът, така и подписът не са на починалия собственик. 21-годишната жена е била задържана в момента на обявяване на завещанието, при започнала процедура по издаване на констативен нотариален акт за собственост върху имота. Установено е, че тя е била придружена при нотариуса от мъжа, с когото живее на семейни начала - 29-годишен, известен на МВР, както и от неговия баща, също познат на органите на реда с участие в имотни измами. При обиск в автомобила на двамата мъже са открити копия на нотариални актове на починали лица, както и преписи от актове за смърт. По данни на разследването двамата мъже са използвали умишлено бременната жена като подставено лице с цел да се затрудни налагането на по-тежка мярка за неотклонение. Софийска районна прокуратура е повдигнала обвинение на задържаната. Наложена ѝ е мярка за неотклонение „подписка“. Работата по документиране на цялата престъпна схема и установяване на останалите участници продължава под надзора. Последвайте ни",, жена,смърт
"Задържаха двама украинци за стрелбата, при която възрастна жена беше ранена във Варна",https://nova.bg/news/view/2026/05/22/538039/%D0%B7%D0%B0%D0%B4%D1%8A%D1%80%D0%B6%D0%B0%D1%85%D0%B0-%D0%B4%D0%B2%D0%B0%D0%BC%D0%B0-%D1%83%D0%BA%D1%80%D0%B0%D0%B8%D0%BD%D1%86%D0%B8-%D0%B7%D0%B0-%D1%81%D1%82%D1%80%D0%B5%D0%BB%D0%B1%D0%B0%D1%82%D0%B0-%D0%BF%D1%80%D0%B8-%D0%BA%D0%BE%D1%8F%D1%82%D0%BE-%D0%B2%D1%8A%D0%B7%D1%80%D0%B0%D1%81%D1%82%D0%BD%D0%B0-%D0%B6%D0%B5%D0%BD%D0%B0-%D0%B1%D0%B5%D1%88%D0%B5-%D1%80%D0%B0%D0%BD%D0%B5%D0%BD%D0%B0-%D0%B2%D1%8A%D0%B2-%D0%B2%D0%B0%D1%80%D0%BD%D0%B0/,nova.bg,TV news,2026-05-22 07:39:00,"Двама украински граждани са задържани във връзка със стрелбата в центъра на Варна, при която беше ранена 73-годишна жена. Инцидентът стана на 8 май след възникнал конфликт между двамата мъже, който по първоначални данни е с личен характер. Скандалът е ескалирал до физическа саморазправа, при която единият от участниците е извадил огнестрелно оръжие и е произвел изстрел. Простреляха възрастна жена във Варна Случайна минувачка, която е седяла на пейка в близост, беше улучена в ръката от рикоширал куршум. Жената беше транспортирана в болница, като по информация на лекарите е без опасност за живота. След инцидента извършителите са напуснали мястото и са се укривали в продължение на около две седмици. Полицейската операция е довела до тяхното задържане в Пловдив. Последвайте ни",Варна, жена, прострел
"Обещание за „дело срещу държавата“: Мъж се представял за адвокат и прокурор, за да измами 79-годишна жена",https://nova.bg/news/view/2026/05/21/537907/%D0%BE%D0%B1%D0%B5%D1%89%D0%B0%D0%BD%D0%B8%D0%B5-%D0%B7%D0%B0-%D0%B4%D0%B5%D0%BB%D0%BE-%D1%81%D1%80%D0%B5%D1%89%D1%83-%D0%B4%D1%8A%D1%80%D0%B6%D0%B0%D0%B2%D0%B0%D1%82%D0%B0-%D0%BC%D1%8A%D0%B6-%D1%81%D0%B5-%D0%BF%D1%80%D0%B5%D0%B4%D1%81%D1%82%D0%B0%D0%B2%D1%8F%D0%BB-%D0%B7%D0%B0-%D0%B0%D0%B4%D0%B2%D0%BE%D0%BA%D0%B0%D1%82-%D0%B8-%D0%BF%D1%80%D0%BE%D0%BA%D1%83%D1%80%D0%BE%D1%80-%D0%B7%D0%B0-%D0%B4%D0%B0-%D0%B8%D0%B7%D0%BC%D0%B0%D0%BC%D0%B8-79-%D0%B3%D0%BE%D0%B4%D0%B8%D1%88%D0%BD%D0%B0-%D0%B6%D0%B5%D0%BD%D0%B0/,nova.bg,TV news,2026-05-21 11:35:00,"Софийска районна прокуратура е внесла обвинителен акт срещу мъж, обвинен в измама на 79-годишна жена, на която е причинил имотна вреда, представяйки се за адвокат и прокурор. Според разследването, в периода от 22 декември 2025 г. до 8 януари 2026 г. в София обвиняемият с инициали А.О. е въвел в заблуждение възрастната жена, като ѝ обещал, че може да заведе дело срещу държавата. По думите му чрез него тя щяла да получи обезщетение за смъртта на своя съпруг. Доверявайки му се, жената му предала сума в размер на 627,36 евро. Мащабна операция на СДВР срещу имотните измами, има задържани (ВИДЕО+СНИМКИ) В продължение на известно време мъжът поддържал измамата, като уверявал пострадалата, че делото вече е в ход. Съмненията ѝ обаче нарастват и впоследствие тя разбира, че е станала жертва на измама, след което подава сигнал до полицията. По случая е образувано досъдебно производство. В хода на разследването са разпитани свидетели и изготвени експертизи, които потвърждават съпричастността на обвиняемия. Установено е още, че той никога не е бил адвокат или прокурор и не притежава юридическа правоспособност. Разследването е приключило за по-малко от два месеца, след което делото е внесено в съда. Предстои Софийският районен съд да насрочи първото заседание по процеса. Последвайте ни",, жена,"смърт, жертва"
"Въоръжен с нож и чук: Мъж се барикадира в дома си, заключи майка си и я заплаши с убийство",https://nova.bg/news/view/2026/05/19/537670/%D0%B2%D1%8A%D0%BE%D1%80%D1%8A%D0%B6%D0%B5%D0%BD-%D1%81-%D0%BD%D0%BE%D0%B6-%D0%B8-%D1%87%D1%83%D0%BA-%D0%BC%D1%8A%D0%B6-%D1%81%D0%B5-%D0%B1%D0%B0%D1%80%D0%B8%D0%BA%D0%B0%D0%B4%D0%B8%D1%80%D0%B0-%D0%B2-%D0%B4%D0%BE%D0%BC%D0%B0-%D1%81%D0%B8-%D0%B7%D0%B0%D0%BA%D0%BB%D1%8E%D1%87%D0%B8-%D0%BC%D0%B0%D0%B9%D0%BA%D0%B0-%D1%81%D0%B8-%D0%B8-%D1%8F-%D0%B7%D0%B0%D0%BF%D0%BB%D0%B0%D1%88%D0%B8-%D1%81-%D1%83%D0%B1%D0%B8%D0%B9%D1%81%D1%82%D0%B2%D0%BE/,nova.bg,TV news,2026-05-19 12:05:00,"Полиция и пожарна задържаха мъж, който се барикадира в дома си в Кърджали и заплаши живота на собствената си майка. Акцията е проведена в село Вождово след сигнал на телефон 112. На място незабавно са изпратени 14 служители на Районното управление на МВР - Кърджали и трима пожарникари. По първоначални данни 45-годишният мъж е държал в дома си и майка си, като я е изолирал в отделна стая и е отправял закани за убийство. Имало е и информация, че той е въоръжен с нож и чук, което е наложило изключително внимателен подход от страна на органите на реда. Работник се барикадира в кабинета на главния инженер в гараж на Столичния автотранспорт Пожарникарите са използвали специализирана техника, за да отворят входната врата, която е била допълнително укрепена от вътрешната страна. Малко след това полицейските екипи са влезли в жилището и са обезвредили мъжа без да се стига до физически сблъсък. От иззетите вещи са установени ножът и чукът, които той е държал в момента на намесата. Цялата операция е продължила около два часа и е приключила без пострадали. Мъжът е бил предаден на медицински екип за преглед и последваща оценка на състоянието му. Последвайте ни",Кърджали,майка,уби
"Държавният глава: Като общество сме длъжни да създадем за момичетата и младите жени сигурна среда, в която да сбъдват мечтите си",https://nova.bg/news/view/2026/05/14/537168/%D0%B4%D1%8A%D1%80%D0%B6%D0%B0%D0%B2%D0%BD%D0%B8%D1%8F%D1%82-%D0%B3%D0%BB%D0%B0%D0%B2%D0%B0-%D0%BA%D0%B0%D1%82%D0%BE-%D0%BE%D0%B1%D1%89%D0%B5%D1%81%D1%82%D0%B2%D0%BE-%D1%81%D0%BC%D0%B5-%D0%B4%D0%BB%D1%8A%D0%B6%D0%BD%D0%B8-%D0%B4%D0%B0-%D1%81%D1%8A%D0%B7%D0%B4%D0%B0%D0%B4%D0%B5%D0%BC-%D0%B7%D0%B0-%D0%BC%D0%BE%D0%BC%D0%B8%D1%87%D0%B5%D1%82%D0%B0%D1%82%D0%B0-%D0%B8-%D0%BC%D0%BB%D0%B0%D0%B4%D0%B8%D1%82%D0%B5-%D0%B6%D0%B5%D0%BD%D0%B8-%D1%81%D0%B8%D0%B3%D1%83%D1%80%D0%BD%D0%B0-%D1%81%D1%80%D0%B5%D0%B4%D0%B0-%D0%B2-%D0%BA%D0%BE%D1%8F%D1%82%D0%BE-%D0%B4%D0%B0-%D1%81%D0%B1%D1%8A%D0%B4%D0%B2%D0%B0%D1%82-%D0%BC%D0%B5%D1%87%D1%82%D0%B8%D1%82%D0%B5-%D1%81%D0%B8/,nova.bg,TV news,2026-05-14 17:52:00,"Възрастните сме длъжни да създадем сигурна среда, в която всяко момиче и млада жена може да мисли спокойно за своето развитие, бъдеще и професия, да сбъдва своите мечти. Това заяви държавният глава Илияна Йотова на среща в президентската институция с победителките в инициативата „Посланик за един ден“. На срещата присъстваха посланикът на Обединеното кралство Натаниел Копси и дипломатът и бъдещ британски посланик към Европейския съюз Каролайн Уилсън.  Снимка: Пресцентър на Президентството За девета поредна година британското посолство у нас организира конкурс, който насърчава българските момичета да изразят своите виждания по широк кръг от значими за обществото теми. Още от своето създаване инициативата се провежда под патронажа на Илияна Йотова. Тази година темата за есе, по която близо 150 момичета от цяла България писаха, беше „Ако бяхте посланик за един ден, как бихте помогнали България да стане по-безопасно място за жените и момичетата – у дома, онлайн и в публичния живот?“. Откроени като най-добре представили се сред тях бяха Калина Бърнева от Варна, Мима Симеонова от Сливен и Яна-Мария Гагова от Силистра. Илияна Йотова отличи дейци на културата и образованието с Почетния знак на президента „Текстовете ви показват, че за съжаление, вие не само сте информирани за опасностите пред жените, а ги съпреживявате. Това е тежка диагноза за нашето общество, показва и огромните размери на проблема“, обърна се Илияна Йотова към победителките в конкурса.  Снимка: Пресцентър на Президентството Сред темите на разговора бяха ранните бракове, характерни за определени общности в страната. „Те отнемат младостта, мечтите, бъдещето на момичетата“, посочи Йотова, като изтъкна, че държавата и обществото трябва да работи много в посока на изкореняване на тази практика. Акцент в есетата на победителките е и кибернасилието, което става все по-често явление. Битката с него включва основно по-висока дигитална грамотност и обединените усилия на учители, родители и институции. По думите на президента за справянето с насилието над момичета и жени освен законодателни мерки е нужна и силната обществена нетърпимост, която ще пречупи и страха у жертвите да потърсят помощ. Държавният глава подчерта необходимостта от широка публичност на проблема с насилието над момичета и жени. „Това не е личен или семеен проблем, той е обществен“, посочи Йотова. Тя отбеляза и ключовата роля на медиите. На срещата бяха дискутирани идеите на момичетата за справяне с пандемията от насилие над момичета и жени. Сред тях са – повишаване на грамотността, дискусии в училище по тези въпроси, промяна на обществените нагласи чрез различни инициативи. Илияна Йотова открои значението на инициативата „Посланик за един ден“, която създава мрежа от момичета и млади жени в цяла България. „Продължавайте да се подкрепяте, вярвайте във възможностите си и не забравяйте, че имате верен съюзник в мое лице и екипа на президентската институция“, заяви държавният глава. Последвайте ни","Варна, Силистра, Сливен"," жени, момиче",насил
Обвиниха мъж за заплахи срещу жена му и удар с пепелник по главата,https://nova.bg/news/view/2026/05/12/536854/%D0%BE%D0%B1%D0%B2%D0%B8%D0%BD%D0%B8%D1%85%D0%B0-%D0%BC%D1%8A%D0%B6-%D0%B7%D0%B0-%D0%B7%D0%B0%D0%BF%D0%BB%D0%B0%D1%85%D0%B8-%D1%81%D1%80%D0%B5%D1%89%D1%83-%D0%B6%D0%B5%D0%BD%D0%B0-%D0%BC%D1%83-%D0%B8-%D1%83%D0%B4%D0%B0%D1%80-%D1%81-%D0%BF%D0%B5%D0%BF%D0%B5%D0%BB%D0%BD%D0%B8%D0%BA-%D0%BF%D0%BE-%D0%B3%D0%BB%D0%B0%D0%B2%D0%B0%D1%82%D0%B0/,nova.bg,TV news,2026-05-12 12:21:00,"Софийската районна прокуратура повдигна обвинение и задържа 44-годишен мъж. Според разследването той е нанесъл телесна повреда на жена си, и ѝ е отправил сериозни заплахи за живота. По данни от разследването инцидентът е станал на 10 май 2026 г. около 03:30 ч. в жилище в столичния квартал „Люлин“. Мъжът ударил жената с кристален пепелник по главата, при което ѝ е причинена лека телесна повреда. С брадва и моторна резачка: Задържаха мъж за заплахи за убийство срещу майка му и дъщерите му След нападението той ѝ отправил и заплахи за убийство с думите: „Ще те изкормя, ще те убия, ще ходиш при майка ти и ще те закопая“, посочват от прокуратурата. Срещу него се води досъдебно производство за причиняване на телесна повреда в условията на домашно насилие и за закани с убийство - престъпления, които се наказват със затвор. От държавното обвинение уточняват, че мъжът има предишни осъждания. Той е задържан за срок до 72 часа. Прокуратурата е внесла в Софийския районен съд искане за постоянно задържане под стража. Последвайте ни",, жена,"домашно насилие, уби, насил"
"Откриха тялото на издирвана жена в местността Пчелина, Разградско",https://nova.bg/news/view/2026/05/06/536288/%D0%BE%D1%82%D0%BA%D1%80%D0%B8%D1%85%D0%B0-%D1%82%D1%8F%D0%BB%D0%BE%D1%82%D0%BE-%D0%BD%D0%B0-%D0%B8%D0%B7%D0%B4%D0%B8%D1%80%D0%B2%D0%B0%D0%BD%D0%B0-%D0%B6%D0%B5%D0%BD%D0%B0-%D0%B2-%D0%BC%D0%B5%D1%81%D1%82%D0%BD%D0%BE%D1%81%D1%82%D1%82%D0%B0-%D0%BF%D1%87%D0%B5%D0%BB%D0%B8%D0%BD%D0%B0-%D1%80%D0%B0%D0%B7%D0%B3%D1%80%D0%B0%D0%B4%D1%81%D0%BA%D0%BE/,nova.bg,TV news,2026-05-06 17:55:00,"Откриха тялото на издирвана жена, била в неизвестност от 18 април, след като напуснала дома си в Разград, съобщиха от Областната дирекция на МВР. Тялото на 46-годишната Кремена Панова е открито в следобедните часове днес близо до язовирната стена в местността Пчелина. На място са изпратени полицейски екипи, които извършват оглед. Очаква се и съдебен лекар, който да установи причините за смъртта. Издирват 79-годишна жена край Казанлък, доброволци и полиция се включват в акцията От полицията припомнят, че жената е обявена за изчезнала от близките си и за последно е забелязана в местността Пчелина в землището на Разград. Ден по-късно на брега на язовир „Пчелина 2“ са открити нейната раница и обувки. Последвайте ни","Казанлък, Разград", жена,смърт
Възрастна жена от Дупница загуби над 18 000 евро след онлайн измама за „бързо забогатяване“,https://nova.bg/news/view/2026/05/05/536116/%D0%B2%D1%8A%D0%B7%D1%80%D0%B0%D1%81%D1%82%D0%BD%D0%B0-%D0%B6%D0%B5%D0%BD%D0%B0-%D0%BE%D1%82-%D0%B4%D1%83%D0%BF%D0%BD%D0%B8%D1%86%D0%B0-%D0%B7%D0%B0%D0%B3%D1%83%D0%B1%D0%B8-%D0%BD%D0%B0%D0%B4-18-000-%D0%B5%D0%B2%D1%80%D0%BE-%D1%81%D0%BB%D0%B5%D0%B4-%D0%BE%D0%BD%D0%BB%D0%B0%D0%B9%D0%BD-%D0%B8%D0%B7%D0%BC%D0%B0%D0%BC%D0%B0-%D0%B7%D0%B0-%D0%B1%D1%8A%D1%80%D0%B7%D0%BE-%D0%B7%D0%B0%D0%B1%D0%BE%D0%B3%D0%B0%D1%82%D1%8F%D0%B2%D0%B0%D0%BD%D0%B5/,nova.bg,TV news,2026-05-05 09:35:00,"73-годишна жена е подала сигнал в Районно управление - Дупница, че е станала жертва на измама след попадане на онлайн реклама за бързо и лесно забогатяване чрез инвестиции в различни фондове. По първоначални данни жената е била подведена от обявата, като е изтеглила специално приложение, чрез което е била насочена към извършване на парични преводи. В резултат на това тя е превела общо 18 115 евро. Петима задържани за източване на потребителски кредити за 120 хил. евро След установяване на случая е образувано досъдебно производство, а прокуратурата е уведомена и работи по изясняване на всички обстоятелства около измамната схема. Последвайте ни",Дупница, жена,жертва
ЗОВ ЗА ПОМОЩ: 17-годишно момиче се нуждае от лечение в Турция,https://nova.bg/news/view/2026/05/03/535973/%D0%B7%D0%BE%D0%B2-%D0%B7%D0%B0-%D0%BF%D0%BE%D0%BC%D0%BE%D1%89-17-%D0%B3%D0%BE%D0%B4%D0%B8%D1%88%D0%BD%D0%BE-%D0%BC%D0%BE%D0%BC%D0%B8%D1%87%D0%B5-%D1%81%D0%B5-%D0%BD%D1%83%D0%B6%D0%B4%D0%B0%D0%B5-%D0%BE%D1%82-%D0%BB%D0%B5%D1%87%D0%B5%D0%BD%D0%B8%D0%B5-%D0%B2-%D1%82%D1%83%D1%80%D1%86%D0%B8%D1%8F/,nova.bg,TV news,2026-05-03 20:20:00,"Тя е само на 17 години, а вече води най-тежката битка за живота си. Едно момиче чува диагноза, която никое дете не бива да чува. Надежда има, но сумата е непосилна за семейството ѝ. Времето обаче не чака и всяка помощ може да се превърне в шанс за живот. „Моля се всеки ден детето ми да се събуди и не искам нищо лошо да се случи с нея“, казва Миглена Петрова, майка на Стефани. „Не ми е лесно, много е трудно, изгубих и вяра в себе си“, казва Стефани Александрова. Преди по-малко от две години Стефани чува, че има тумор в корема. Лекарите в България й дават само няколко месеца живот. „Няма, какво повече да направят и че ми спират лечението, защото туморът, който аз имам е много рядък, много рядко хора са го имали и много рядко хора са се излекували от него“, допълва тя. Майка ѝ не губи надежда. И така стигат до Турция, където дават на Стефани шанс за живот. „Казаха ми, че първо ще го стопират от растеж и ще премахнат разсейките от белия ми дроб, черния ми дроб и костите. Засега росейки там няма, всичко се е махнало“, казва Стефани. Според лекарите там и растежа на тумора е спрян. „Защото ако продължава да расте, ще расте двойно повече, ще ми притисне органите и вените и ще спра да живея“, коментира още тя. Затова и трябва час по-скоро Стефани да замине за операция, която струва 150 хиляди евро, а до момента са събрани 50 хиляди. „Парите, които имахме свършиха, а тази операция трябва да се направи, иначе детето ми не може да продължи да живее, няма как“, казва майка ѝ. „Ще съм благодарна на всеки един ако ми помогне. Това е моят единствен шанс да оцелея, да продължа живота си напред и да сбъдна своите мечти“, вярва Стефани. Повече информация за дарение вижте ТУК. Последвайте ни",,момиче,уби
