,0
това,1640
след,1338
жена,1214
насилие,1212
като,1171
във,1149
още,1092
той,918
които,862
има,860
nova,746
тук,745
години,711
който,704
беше,669
при,668
мъж,650
което,647
много,642
към,637
която,632
жената,612
вече,606
през,575
домашно,543
няма,540
може,504
последвайте,501
пред,484
новини,482
каза,478
българия,471
бъде,465
най,459
facebook,453
била,450
жени,427
или,427
майка,424
преди,422
страницата,417
според,413
харесайте,412
само,409
новините,408
защото,406
съм,400
над,397
трябва,393
полицията,393
часа,384
година,383
със,379
повече,375
когато,373
този,370
всички,370
детето,368
нея,362
случая,359
време,346
софия,346
мъжът,345
една,344
срещу,343
обаче,328
тази,327
един,326
помощ,325
годишната,322
майката,319
момиче,313
него,313
ден,311
под,302
деца,301
тях,295
ако,294
без,294
хора,293
съд,292
задържан,290
instagram,289
как,287
какво,285
прокуратурата,285
бил,283
живота,281
две,280
около,274
видеото,271
заяви,270
били,269
жените,269
обясни,269
убийство,263
момичето,256
така,255
дома,253
убийството,253
прокуратура,253
дъщеря,249
мвр,246
домашното,245
смъртта,244
заради,243
дни,243
гледайте,241
мен,237
дете,237
село,233
момента,233
жертвата,232
видео,231
тези,229
няколко,226
децата,224
годишна,224
болница,224
между,221
както,220
защита,219
нас,215
човек,213
годишен,211
семейството,210
все,209
жертва,209
хората,209
баща,208
разказа,208
там,206
думите,205
разказва,202
всичко,201
тялото,201
побой,199
дали,199
всеки,195
сигнал,195
казва,194
едно,193
където,193
бъдат,189
насилието,188
три,187
лева,186
било,184
днес,183
път,180
прокурор,179
съда,178
място,176
главата,173
деня,171
дори,170
малко,168
престъпление,168
съпругата,168
сме,165
информация,163
твърди,163
двамата,161
става,160
извършено,160
данни,159
също,159
света,158
затвор,158
начин,156
първи,155
живот,155
докато,154
тъй,154
коментира,154
telegram,154
годишно,153
закона,153
twitter,153
снимки,152
късно,152
viber,152
мария,152
съобщиха,152
случай,151
два,151
други,150
могат,150
нещо,150
делото,149
тогава,149
производство,147
бяха,146
ареста,144
живее,144
мярка,143
пострадалата,142
мъжа,141
жертвите,140
георги,139
сега,139
срок,138
пари,138
нож,138
годишният,136
защо,136
работи,135
въпреки,134
месеца,133
баба,133
разследването,129
двете,129
училище,128
част,127
работа,127
родителите,127
нищо,126
продължава,126
допълни,125
заедно,125
състояние,125
отново,125
близките,123
пъти,123
страна,122
темата,122
news,121
върху,120
пловдив,120
споделя,119
свобода,119
тормоз,118
повреда,118
добре,117
спрямо,117
престъплението,117
града,117
ние,115
телесна,114
момент,114
болницата,114
съдът,113
ясно,113
смърт,113
новото,111
посочи,111
връзка,111
бащата,110
изключително,110
задържане,110
обвинение,110
обвиняемият,110
приложение,109
всяка,109
квартал,109
варна,108
стража,108
социалните,108
месец,107
началото,107
неотклонение,106
веднага,106
започва,105
действия,104
жертви,104
мерки,104
нито,104
целия,103
здравей,103
досъдебно,103
никога,103
случаи,102
близки,102
често,101
имало,101
android,101
научавате,101
apple,101
иска,101
изтеглете,101
ios,101
друг,100
сред,100
сподели,99
съпруга,98
удари,98
агресия,97
подкрепа,97
просто,97
мога,97
мъже,97
стара,97
януари,96
имат,96
google,96
искам,95
затова,95
причината,95
опасност,95
showcase,95
стана,95
иван,95
доказателства,95
бях,94
предстои,94
загора,94
случаите,93
лице,92
тежко,92
край,92
души,92
никой,92
направи,91
семейство,91
син,91
говори,91
центъра,91
сина,91
кой,90
опит,90
ефира,90
надежда,90
колата,90
задържаха,89
искане,89
обвинен,89
възраст,89
множество,88
миналата,88
освен,88
сама,88
лицето,88
екип,87
бургас,87
седмица,87
годишния,87
прави,86
проверка,86
остава,86
започна,86
лица,86
пътя,86
синът,85
такива,84
телефон,84
имаше,84
полиция,84
двама,84
страната,83
различни,83
проблем,83
арест,83
края,83
март,83
мъжете,83
алкохол,83
свидетели,82
условията,82
момичета,81
въпрос,81
вчера,81
нова,81
николай,81
чрез,80
заведение,80
лекарите,80
възрастна,80
първо,80
къщата,80
образувано,80
лечение,79
друго,79
столичния,79
мрежи,79
нанесъл,78
служители,78
работата,78
последните,78
вижда,78
дирекция,78
толкова,78
неща,77
близо,77
спешна,77
промени,77
почина,77
възрастната,77
районна,77
своя,77
група,76
пирогов,76
нападението,76
разговор,76
адвокат,76
министър,76
цел,75
следи,75
зад,75
задържани,74
годишното,74
вкъщи,74
експертиза,73
състоянието,73
знае,73
знам,73
случва,73
когото,73
жилището,73
ритъма,72
директорът,72
наказание,72
изпускайте,72
протест,72
случилото,71
скандал,71
право,71
управление,71
институциите,70
февруари,70
вижте,70
случаят,70
района,70
къде,70
георгиев,69
фондация,69
присъда,69
инцидента,69
търси,69
заплахи,69
huawei,69
винаги,69
appgallery,69
момче,69
трудно,68
себе,68
център,68
цялата,68
семейни,68
телефона,68
починала,68
имаме,67
едва,67
проблеми,67
особено,67
решение,67
получи,66
димитър,66
смята,66
убита,66
подобни,65
постоянно,65
точно,65
подчерта,65
окръжната,65
случи,65
български,65
среща,65
даде,64
лишаване,64
начала,64
цялото,64
лекар,64
някой,64
пребил,64
отговорност,63
именно,63
такъв,63
час,63
сигналът,63
важните,63
сутринта,62
пострадалите,62
какви,62
друга,62
поща,62
селото,62
приятелката,62
минути,62
имам,62
борба,61
сигнали,61
причина,61
води,61
мястото,61
училището,60
разследващите,60
същия,60
безплатно,60
съобщи,60
софийската,60
адвокатът,60
стане,60
подаден,60
перник,60
дело,60
заповед,60
думи,59
деянието,59
разследване,59
случило,59
документи,59
оглед,59
средства,59
град,59
уби,59
репортер,59
държавата,59
лека,59
приятели,59
някои,59
вероятно,58
пак,58
почти,58
съдебната,58
такава,58
грижи,58
обвинения,57
млада,57
умишлено,57
правата,57
бюлетин,57
септември,57
починалата,57
извършителят,57
установено,57
такова,57
информационния,57
резултат,57
дебора,57
първата,56
институции,56
отношение,56
дом,56
нови,56
голяма,56
страх,56
сила,56
електронната,56
абонирайте,56
апартамента,56
получавате,56
кола,56
медицинска,56
къща,55
казват,55
поиска,55
превенция,55
предвижда,55
законът,55
доста,55
областта,55
русе,54
преби,54
трябвало,54
вечерта,54
пострадали,54
органите,54
операция,53
инцидент,53
улицата,53
закон,53
даная,53
извършител,53
същото,53
обвинението,53
работят,53
съвет,53
часове,53
рано,53
август,53
акт,52
парите,52
пише,52
търсят,52
петък,52
съобщават,52
колко,52
места,52
сестра,52
пребита,52
остави,52
твърдят,52
бързо,52
нещата,52
извършени,52
после,52
сметка,52
престъпления,52
нужда,52
затвора,51
решението,51
нощта,51
физическо,51
соколов,51
имала,51
нямам,51
съпругът,51
нейната,51
убил,51
обществото,50
полицаите,50
ръце,50
благоевград,50
автомобил,50
подала,50
историята,50
потърпевшата,50
четири,50
направил,50
полицаи,50
снимка,50
намира,50
закрила,49
общо,49
възможност,49
обвиняемия,49
видях,49
димитров,49
дава,49
излезе,49
реда,49
велико,49
въпроси,49
пък,49
извърши,48
достатъчно,48
домашен,48
побоя,48
декември,48
търново,48
оказва,48
очите,48
осъждан,48
жилище,48
инцидентът,48
своите,47
жестоко,47
включително,47
открито,47
психолог,47
май,47
жалба,47
полицейски,47
времето,47
открити,47
областната,47
искат,47
насилника,47
кметът,47
детска,47
хиляди,47
очаква,47
директор,47
станало,47
възможно,47
мрежа,47
диана,47
пет,47
борислав,46
доживотен,46
полицай,46
можем,46
христо,46
своята,46
първия,46
кажа,46
районен,46
имал,46
проблема,46
добави,46
приятелка,46
продължение,46
разбира,46
показва,46
трима,46
вечер,46
рани,46
внимание,46
измама,46
експертизи,45
средна,45
данните,45
важно,45
годината,45
нов,45
елена,45
история,45
врата,45
система,45
голям,45
настанена,45
скоро,45
михайлов,45
виновен,45
против,45
дойде,45
извършителя,45
постоянен,45
психически,44
станал,44
откриха,44
агресията,44
вследствие,44
родители,44
казах,44
сряда,44
казаха,44
първите,44
етап,44
автомобила,44
ръка,44
тяло,44
другите,44
вместо,43
covid,43
организации,43
предаването,43
неговата,43
период,43
отношения,43
наистина,43
грабеж,43
каже,43
продължи,43
категорична,43
каква,43
кръв,43
момичетата,43
криминално,43
припомняме,43
действията,43
помогне,42
тежката,42
убити,42
остават,42
пазарджик,42
юмруци,42
права,42
мартин,42
юли,42
бившата,42
трагедията,42
изнасилване,42
върне,42
контрол,42
ръцете,41
обвиняем,41
плевен,41
наказателна,41
задържаният,41
свят,41
съпруг,41
бта,41
четете,41
постановление,41
получила,41
многократно,40
съдебно,40
издирване,40
установи,40
правят,40
живеят,40
губи,40
поведение,40
кодекс,40
враца,40
продължават,40
наказателния,39
събота,39
тежка,39
предаде,39
монтана,39
всъщност,39
стая,39
софийския,39
органи,39
конвенция,39
октомври,39
медиите,39
ловеч,39
категорично,39
отговор,39
вратата,39
сутрин,39
наркотици,39
българския,39
нямат,39
понеделник,39
евро,38
нямаше,38
правосъдието,38
голямата,38
апартамент,38
извършителите,38
трябваше,38
травми,38
обяснява,38
окръжният,38
комисар,38
ново,38
димитрова,38
социална,38
хода,37
четвъртък,37
приятел,37
тежки,37
съседите,37
земята,37
борбата,37
юни,37
промените,37
седмици,37
първото,37
граждани,37
община,37
йордан,37
поне,37
отделение,37
съжаление,37
внесе,37
съседи,37
лечението,37
крака,36
младата,36
дума,36
партньор,36
целта,36
роднини,36
бие,36
чужбина,36
любов,36
гледа,36
брат,36
снощи,36
първа,36
името,36
решава,36
йорданова,36
уточни,36
ноември,36
даниела,36
призна,36
вземат,36
контакт,36
присъдата,36
извършил,36
положение,36
помогнат,36
отиде,36
самата,36
заседание,36
вина,35
кога,35
арестуван,35
министерството,35
възрастни,35
следващия,35
центрове,35
стоянова,35
районната,35
васил,35
първият,35
заместник,35
двора,35
заподозрян,35
незабавно,35
реши,35
сумата,35
дълго,35
горна,35
нейните,35
министерство,35
повреди,35
стойчева,35
нападение,35
физически,35
абсолютно,35
мисля,35
лично,35
жесток,35
имали,35
бившият,35
теб,34
сигналите,34
силно,34
опитал,34
спешния,34
последната,34
стига,34
получава,34
рамките,34
окръжна,34
камерата,34
повод,34
мъртва,34
убитата,34
кюстендил,34
причиняване,34
палата,34
едната,34
причинил,34
липсата,34
явно,34
ралица,34
ръст,34
бременна,34
окръжен,34
впоследствие,34
единият,34
оръжие,34
коментари,33
деница,33
корема,33
дават,33
гергана,33
телесни,33
травма,33
борисов,33
предполага,33
смятам,33
първоначално,33
присъди,33
категоричен,33
георгиева,33
ситуация,33
моята,33
петрова,33
фонд,33
блок,33
медицински,33
обжалване,33
подлежи,33
хасково,33
градина,33
сексуално,33
ръководството,33
оряховица,33
свидетел,33
събраните,33
екипът,33
повечето,33
истанбулската,33
размер,33
дъщерята,33
остане,33
сума,33
сдвр,33
петър,33
вземе,33
говорят,33
мярката,33
показват,33
периода,33
очакваме,33
никола,33
останалите,33
добро,33
заболяване,33
кадри,32
национална,32
жалби,32
защитата,32
добър,32
вашите,32
подаде,32
април,32
жестокото,32
линия,32
агенция,32
михайлова,32
психично,32
неделя,32
другата,32
вината,32
социално,32
бой,32
системно,32
удар,32
момчето,32
герб,32
започнали,32
групи,32
аутопсия,32
причините,32
образование,32
отива,32
говорителят,32
ръката,32
някаква,32
открита,32
асоциация,32
шофьор,32
сливен,32
сочат,32
позиция,31
месеци,31
другия,31
социални,31
оказа,31
намерена,31
половина,31
анимус,31
задържания,31
сигурност,31
влезе,31
шумен,31
планината,31
нашите,31
ударил,31
посочва,31
отговори,31
районното,31
показания,31
пресцентъра,31
апелативен,31
спре,31
тежкото,31
програма,31
моя,31
стоянов,31
стои,31
десетки,31
помага,31
бита,31
маринов,31
групата,31
мартеници,31
увреждания,31
сили,31
ревност,31
брой,31
чувства,31
идва,31
шофьорът,31
улица,30
сам,30
нанасяне,30
интернет,30
бившия,30
спомня,30
сигнала,30
дела,30
всяко,30
служителите,30
обстоятелства,30
риск,30
писмо,30
казал,30
сградата,30
шанс,30
екипи,30
студиото,30
избяга,30
пореден,30
малка,30
опита,30
правна,30
нямаме,30
съвсем,30
оттам,30
успяла,30
жива,30
българските,30
установили,30
разпитани,30
цял,30
молба,30
наказанието,30
удря,30
сами,30
наранявания,30
привлечен,30
блока,30
съдебен,30
линейка,30
следва,30
служител,30
организация,29
обяви,29
трафик,29
благодаря,29
разград,29
насилник,29
жестокост,29
остана,29
заповеди,29
име,29
осъден,29
започват,29
германия,29
габриела,29
психическо,29
наложи,29
моето,29
получен,29
висока,29
последно,29
станала,29
поясни,29
косата,29
укрие,29
отидох,29
втори,29
обясниха,29
услуги,29
исках,29
кражби,29
намери,29
началник,29
реакция,29
социалната,29
обади,29
вода,29
вторник,29
утре,29
министърът,29
техните,29
стаята,29
държавното,28
документ,28
здраве,28
националната,28
удрял,28
председателят,28
закана,28
момчета,28
клас,28
таня,28
нападната,28
лечебното,28
нека,28
видял,28
камери,28
представители,28
приета,28
предвид,28
прояви,28
направят,28
стефан,28
сектор,28
разказват,28
иванова,28
статистика,28
лекари,28
насилниците,28
живеела,28
свързани,28
бивш,28
животът,28
вярвам,28
иванов,28
производства,28
взел,27
добри,27
аутопсията,27
статистиката,27
гърба,27
рецидивист,27
незабавна,27
пострадалото,27
човекът,27
бъда,27
младеж,27
нейни,27
започнал,27
вътре,27
власт,27
знаят,27
началникът,27
шева,27
българското,27
ролята,27
събраха,27
успява,27
справедливост,27
магистратите,27
макар,27
тримата,27
ани,27
градски,27
носи,27
желание,27
районно,27
понякога,27
българи,27
самият,27
информацията,27
коронавирус,27
нейна,27
извън,27
механизъм,27
сериозно,27
отказва,27
някакъв,27
турция,27
пистолет,27
степен,27
ред,27
общината,27
директора,27
промяна,27
свои,26
милен,26
емил,26
умира,26
нашата,26
софийска,26
комисия,26
онлайн,26
започнала,26
любовта,26
сте,26
условия,26
нейното,26
заплашил,26
съдебна,26
измами,26
загина,26
протеста,26
рана,26
жители,26
нощ,26
подпомагане,26
територията,26
проблемът,26
започнало,26
стигне,26
големи,26
паднала,26
повдигнато,26
екипа,26
въпроса,26
истината,26
ваня,26
успя,26
опитва,26
сериозни,25
шок,25
семеен,25
област,25
доц,25
мъчителен,25
шест,25
веднъж,25
магазин,25
особена,25
младост,25
ивайло,25
станали,25
зам,25
коронавируса,25
човека,25
бяхме,25
линейката,25
употреба,25
ходи,25
вид,25
насилникът,25
убие,25
заподозреният,25
съдия,25
малките,25
лошо,25
ученичка,25
александър,25
никакъв,25
маргарита,25
катастрофа,25
спешно,25
някакви,25
никого,25
чак,25
започнаха,25
състав,25
задържането,25
непълнолетни,25
постоянна,25
живеел,25
правителството,25
нападна,25
ето,25
новите,25
причини,25
телефонна,25
наталия,25
българска,25
номер,25
съобщение,24
вълна,24
сериозен,24
грешка,24
издирването,24
дейност,24
христов,24
системата,24
последния,24
посегателство,24
проблемите,24
поради,24
мерките,24
вземане,24
живеели,24
види,24
интервю,24
обект,24
извършване,24
закани,24
европа,24
седем,24
наред,24
виолета,24
момиченцето,24
искането,24
парк,24
проверки,24
младежи,24
ситуацията,24
страшно,24
заявиха,24
болка,24
коментар,24
биляна,24
тото,24
единствено,24
протести,24
стават,24
сияна,24
определи,24
левски,24
окончателно,24
информирайте,24
продължителност,24
събрание,24
дал,24
пребитата,24
нападателят,24
кампанията,23
моите,23
роднините,23
какъв,23
одмвр,23
бори,23
получат,23
ударите,23
виктория,23
росен,23
събуди,23
второ,23
видин,23
засега,23
камерите,23
признава,23
краката,23
каквото,23
трети,23
столицата,23
парламента,23
дядо,23
съдействие,23
заявява,23
психологът,23
излиза,23
иззети,23
комитет,23
илияна,23
брак,23
правото,23
лицата,23
извършеното,23
подават,23
потърси,23
събрани,23
споделят,23
певицата,23
своето,23
катя,23
заканил,23
призова,23
ямбол,23
бсп,23
надявам,23
тормози,23
пандемията,23
веселин,23
втория,22
златков,22
участие,22
кампания,22
нападнал,22
версия,22
памет,22
никакви,22
валентин,22
възрастен,22
държава,22
невена,22
срещата,22
пол,22
идеята,22
животни,22
кремена,22
резултатите,22
публично,22
медицинската,22
неговото,22
относно,22
лидия,22
започнах,22
вещи,22
категорични,22
наказателно,22
минало,22
пациенти,22
казвам,22
броят,22
вероника,22
развитие,22
замяна,22
влиза,22
малки,22
обувки,22
същата,22
предизвика,22
научи,22
годините,22
щастие,22
клипа,22
четирима,22
европейския,22
национален,22
мбал,22
разследват,22
кризисни,22
приключи,22
районния,22
направена,22
всякакви,22
допълва,22
данаилов,22
основните,22
общество,22
единственото,22
етаж,21
районният,21
постанови,21
личен,21
междувременно,21
божанов,21
пеев,21
настояват,21
огромна,21
човешки,21
самото,21
николов,21
даже,21
дължи,21
говорим,21
проверката,21
операции,21
вас,21
българка,21
привлече,21
спаси,21
книгата,21
системен,21
обяснение,21
определението,21
потвърдиха,21
открит,21
арестуваха,21
криминални,21
назначена,21
българската,21
отношенията,21
италия,21
мнение,21
колкото,21
наблюдаващият,21
липса,21
агресивно,21
близост,21
счупени,21
чака,21
загуби,21
буквално,21
искала,21
синини,21
бих,21
записи,21
двата,21
проявен,21
фиш,21
всичките,21
страни,21
починало,21
освободен,21
дадат,21
входа,21
психолози,21
мозъчна,21
сравнение,21
очи,21
силен,21
юлия,21
цветелина,21
установени,21
крак,21
върна,21
марта,21
пола,21
учителка,21
следобед,21
българите,21
следствие,21
кристина,21
ученици,21
изцяло,21
досега,21
потърсят,21
опасен,21
правила,21
макетен,21
процедура,21
болната,20
неин,20
малката,20
софийският,20
незабавни,20
населението,20
напълно,20
отговаря,20
разкри,20
дала,20
участниците,20
леля,20
програми,20
убийства,20
означава,20
самопризнания,20
свърже,20
блудство,20
добрич,20
пострадала,20
обвинени,20
местната,20
подробности,20
софийски,20
успели,20
обичам,20
власти,20
тяхната,20
международния,20
красимира,20
пожела,20
смолян,20
сексуален,20
камера,20
свой,20
медицина,20
деяние,20
налага,20
бгнес,20
конфликт,20
трета,20
труп,20
поискал,20
тип,20
съюз,20
попита,20
кома,20
характер,20
тодоров,20
възникнал,20
адекватно,20
написа,20
поискаха,20
цветя,20
кучето,20
самоличността,20
атанас,20
подали,20
настаняване,20
пребиха,20
dariknews,20
налице,20
петкова,20
лични,20
оставиха,20
досъдебното,20
колеги,20
определяне,20
обжалва,20
едното,20
калоян,20
василев,20
виновни,20
следите,20
предложения,20
изобщо,20
известно,20
смятат,20
версията,20
поредната,20
извършен,20
проведе,20
изведнъж,20
направила,19
млн,19
кара,19
форма,19
направени,19
тоест,19
интимна,19
подобно,19
главен,19
можеше,19
разбере,19
чудо,19
нанесени,19
приети,19
транспортирана,19
установен,19
близък,19
нарушения,19
дейности,19
отказа,19
убития,19
останали,19
партньори,19
ограничителна,19
адвоката,19
силна,19
отдавна,19
кмет,19
убиецът,19
съобщава,19
градска,19
експертите,19
заболявания,19
взети,19
вика,19
хубаво,19
обяснения,19
депутатите,19
накрая,19
обяд,19
дата,19
катастрофата,19
поведението,19
тодор,19
поставя,19
напрежение,19
родител,19
частен,19
пример,19
политика,19
участници,19
учи,19
благодарение,19
коли,19
лесно,19
стоян,19
биха,19
медицинско,19
задържана,19
наблюдаващ,19
спира,19
пациентката,19
омбудсманът,19
агенцията,19
липсва,19
никаква,19
убия,19
предлага,19
местните,19
разлог,19
полицейско,19
улиците,19
зала,19
забрана,19
умбал,19
телефонни,19
преживели,19
казала,19
фаталния,19
обикновено,19
компания,19
получават,19
шум,18
доктор,18
мотивите,18
схема,18
психологическа,18
моля,18
повдигна,18
достъп,18
образованието,18
приема,18
пръв,18
загубили,18
извършва,18
доверие,18
признат,18
заплаха,18
високо,18
завършва,18
спасители,18
пространство,18
покаже,18
учител,18
неговия,18
настоящия,18
живея,18
карат,18
витоша,18
стрелбата,18
оценка,18
пита,18
румяна,18
момчетата,18
обича,18
видяла,18
искаме,18
счупен,18
глас,18
изследване,18
обиди,18
моменти,18
момченцето,18
показа,18
правя,18
страха,18
екатерина,18
счупване,18
чува,18
водят,18
тел,18
намерено,18
местопроизшествието,18
докаже,18
ефективна,18
нормално,18
правосъдие,18
простреля,18
оставя,18
искал,18
познавам,18
премиерът,18
кучета,18
движението,18
недопустимо,18
разследва,18
изпрати,18
навън,18
трето,18
отдел,18
болна,18
отрече,18
физическа,18
цяла,18
известен,18
обявиха,18
неправителствени,18
голямо,18
учителката,18
зорница,18
помагат,18
пролетта,18
инстанция,18
внесено,18
дроб,18
втора,18
знаех,18
жалбите,18
отделението,17
взе,17
потърпевшите,17
попова,17
продължил,17
ученичката,17
другото,17
започне,17
общ,17
обществена,17
бисер,17
йорданов,17
страда,17
василева,17
някъде,17
намушкана,17
половин,17
болници,17
мост,17
представя,17
директно,17
последното,17
медици,17
връща,17
форми,17
бойко,17
влязъл,17
чувствам,17
истински,17
постъпил,17
апелативния,17
илиев,17
открили,17
обвиненият,17
наказания,17
адекватна,17
задържаните,17
врачанското,17
установява,17
сочи,17
надзор,17
хулигански,17
следващите,17
точка,17
хулиганство,17
имахме,17
съдбата,17
починал,17
активно,17
бул,17
правилата,17
публикува,17
спор,17
наложена,17
изясняване,17
завърши,17
никол,17
издирват,17
идват,17
бърза,17
играе,17
старши,17
институцията,17
поставени,17
официално,17
приемат,17
пуснат,17
престъпна,17
последният,17
имах,17
габрово,17
нейния,17
филм,17
посока,17
пейо,17
нанесен,17
орлин,17
стигна,17
касае,17
вътрешните,17
главния,17
включва,17
казанлък,17
кои,17
личния,17
неизвестност,17
светла,17
гърция,17
дупница,17
сандански,17
бабата,17
интимни,17
усилия,17
тема,17
кост,17
стотици,17
протестиращите,17
млади,17
кадрите,17
семейства,17
подава,17
морето,17
ангелова,17
тежък,17
можеш,17
битката,17
нарушение,17
текст,17
договор,17
властите,17
срам,17
заплашвал,17
служба,17
практика,17
приятеля,17
издадени,17
франция,17
гърдите,16
живяла,16
случката,16
колева,16
макетно,16
пилот,16
адвокатите,16
чакат,16
тръгнала,16
ножче,16
чух,16
младежите,16
отидат,16
факти,16
метрото,16
късмет,16
експертизата,16
стигнало,16
василка,16
осем,16
столичен,16
отказаха,16
убиеца,16
километра,16
кабинет,16
второто,16
булевард,16
трагедия,16
новия,16
хелзинкски,16
пристигнали,16
материали,16
установена,16
починалото,16
актрисата,16
адреса,16
клиника,16
денонощие,16
гражданин,16
вярва,16
болки,16
ток,16
акцията,16
прецени,16
николова,16
материалите,16
надзора,16
съгласие,16
анна,16
рецидив,16
отколкото,16
отбеляза,16
инициативата,16
пострада,16
негови,16
процента,16
карта,16
втората,16
обвиниха,16
помощи,16
шествие,16
теми,16
даниел,16
помощта,16
отвличане,16
шията,16
щеше,16
заведения,16
прободни,16
красимир,16
обвинителен,16
петрохан,16
получил,16
цар,16
резултатът,16
полицейското,16
дара,16
подсъдимия,16
загиналата,16
глава,16
помня,16
дрехи,16
нейният,16
знак,16
сълзи,16
добавя,16
дневен,16
упражнено,16
основано,16
петров,16
крайна,16
събират,16
стоят,16
милена,16
делата,16
загубила,16
необходими,16
струва,16
ръководител,16
шофьора,16
навсякъде,16
излизат,16
миналото,16
редица,16
здравето,16
ало,16
тече,15
знаем,15
режим,15
разпити,15
прибира,15
можех,15
измамници,15
илиева,15
досъдебни,15
преглед,15
роднина,15
кратко,15
прибере,15
натиск,15
близка,15
бяла,15
белия,15
познава,15
съсед,15
магазина,15
говоря,15
обръща,15
разговори,15
роза,15
цветков,15
репортаж,15
съпричастност,15
бързи,15
адрес,15
възрастните,15
радев,15
извънредното,15
проба,15
движение,15
роля,15
младежът,15
трите,15
александров,15
разкрива,15
жителите,15
сотиря,15
снима,15
агресивен,15
рак,15
успял,15
неговите,15
петков,15
виждам,15
битка,15
счупена,15
наскоро,15
живеем,15
посочват,15
първоначалния,15
изпратени,15
избягал,15
необходимо,15
другият,15
шамар,15
силни,15
познат,15
средата,15
галя,15
клиниката,15
можете,15
ритници,15
болестта,15
тръгне,15
нападателя,15
подал,15
връзката,15
пусна,15
допълват,15
четвърта,15
напред,15
специални,15
приет,15
произход,15
съжалява,15
труден,15
дейността,15
дами,15
боя,15
националния,15
специалисти,15
работя,15
раждането,15
братя,15
подавала,15
процеса,15
могъл,15
ученички,15
разбрах,15
мон,15
отвори,15
колегите,15
гражданите,15
схемата,15
провежда,15
обезщетение,15
разглеждане,15
хотел,15
средната,15
създава,15
криминалисти,15
леки,15
някого,15
жалбата,15
румен,15
тръгва,15
излязоха,15
вие,15
например,15
справяне,15
хил,15
разрешение,15
трупа,15
красота,15
йорданка,15
ниво,15
отчитат,15
добра,15
дарик,15
гледат,15
метална,15
грижа,14
регистрирани,14
убива,14
обвиняемата,14
калушев,14
учителите,14
барбара,14
уточняват,14
работна,14
обвиняемите,14
президент,14
настанен,14
входната,14
изгаряния,14
народното,14
полицейска,14
дядото,14
умъртвил,14
удара,14
титуляр,14
разпореди,14
запис,14
кръвоизлив,14
десет,14
нешев,14
съгласно,14
факт,14
напрежението,14
приятелят,14
населени,14
изрази,14
бебето,14
първоначална,14
начало,14
днешна,14
галина,14
реших,14
проф,14
кризисен,14
стрелба,14
брутално,14
намушка,14
сърцето,14
участък,14
бива,14
нпо,14
наблюдаващия,14
въпросът,14
откри,14
доведе,14
деян,14
оръжието,14
побоят,14
инспектор,14
лекарства,14
създаде,14
женски,14
подобен,14
направен,14
направили,14
възможността,14
променя,14
рангел,14
телата,14
искаш,14
кого,14
фокус,14
намушкал,14
вярно,14
процес,14
диагноза,14
целият,14
консултации,14
настъпването,14
едни,14
събира,14
използва,14
виждала,14
виктор,14
съученичка,14
европейската,14
извършители,14
предположение,14
окръжния,14
пушка,14
главният,14
брифинг,14
мисли,14
психични,14
твърдения,14
експерти,14
момиченце,14
движи,14
новата,14
попов,14
млад,14
извършена,14
твърденията,14
безпомощно,14
разбрала,14
предишни,14
мина,14
участват,14
пълна,14
търговище,14
известни,14
подкрепя,14
телефони,14
отговорността,14
глоба,14
върви,14
непълнолетно,14
дол,14
съседка,14
изчезването,14
столичната,14
людмила,14
животните,14
телефонът,14
познати,14
видимо,14
христова,14
представи,14
възстановяване,14
споделила,14
блъсна,14
отишла,14
актриса,14
помогна,14
осъдиха,14
скорост,14
разговаря,14
операцията,14
ограби,14
получили,14
труда,14
природата,14
асенова,14
стефка,14
задължително,14
факта,14
настоява,14
повдигнаха,14
чисто,14
лежи,14
специално,14
искаше,14
носят,14
съдебномедицинска,14
констатирали,14
пада,14
бензин,14
живял,14
медиците,14
единствената,14
държави,14
незаконно,14
организацията,14
криза,14
влизат,14
никакво,14
финансови,14
създаване,14
заявил,14
виждали,13
съобщения,13
грижат,13
падна,13
работим,13
тръба,13
твърде,13
кръвонасядания,13
изгубила,13
сарафов,13
наблюдение,13
желае,13
плати,13
появи,13
заплашва,13
усмивка,13
бъдеш,13
любомила,13
знаеш,13
бавно,13
твоят,13
профила,13
благодари,13
радослав,13
половината,13
показанията,13
броя,13
ухото,13
оставката,13
жител,13
кмета,13
предмет,13
околчица,13
мотив,13
случват,13
експлоатация,13
ударена,13
съмнения,13
разкаже,13
книга,13
сякаш,13
заплахите,13
държи,13
взима,13
държал,13
мама,13
поли,13
болест,13
работила,13
антоанета,13
нар,13
висок,13
малкото,13
изписана,13
простреляна,13
познавали,13
побои,13
прокурорът,13
иначе,13
съдебни,13
редовно,13
истории,13
признал,13
легенда,13
документите,13
съзнание,13
законодателство,13
дежурен,13
издирва,13
превенцията,13
касационен,13
уточниха,13
гости,13
реално,13
спешни,13
черепно,13
асен,13
битов,13
разказ,13
детската,13
взела,13
iban,13
ботев,13
коментираха,13
председател,13
димитровград,13
десислава,13
сграда,13
следващата,13
леглото,13
намерени,13
песента,13
военен,13
повдигнати,13
насила,13
регистрации,13
огъня,13
криминалистите,13
информира,13
посегнал,13
тръгнали,13
служби,13
орган,13
потърсили,13
единственият,13
някакво,13
лятото,13
земя,13
починали,13
близнаците,13
марина,13
песен,13
загиналите,13
навръх,13
лична,13
организирана,13
слънчев,13
източник,13
гръб,13
сестрата,13
дошли,13
акция,13
поредна,13
предвиждат,13
насрочено,13
намериха,13
реагира,13
преживяното,13
установяване,13
самоуби,13
прие,13
ясна,13
значение,13
смелост,13
нападателите,13
някога,13
доклад,13
важна,13
ковачева,13
компанията,13
финансова,13
начина,13
действие,13
пътека,13
задължения,13
мобилен,13
чанта,13
помогнете,13
увеличение,13
излязъл,13
проведени,13
любомир,13
среда,13
институция,13
присъствие,13
пациент,13
обявена,13
психологически,13
временно,13
бяло,13
рпу,13
съдебните,13
приятелите,13
лекарска,13
обстоятелствата,13
захариева,13
метра,13
покрай,13
транспорт,13
регистър,13
ефективно,13
божикова,13
мой,13
пост,12
номера,12
плевенско,12
бобов,12
извършването,12
приемането,12
реакции,12
следствени,12
дама,12
експеримент,12
актове,12
доброто,12
упражнявал,12
терен,12
работното,12
нетрезво,12
цалапица,12
техен,12
екимова,12
прокурора,12
сексуална,12
решил,12
следното,12
габриел,12
чакам,12
увеличават,12
камък,12
поредния,12
надеждата,12
върнат,12
военна,12
настъпила,12
превръща,12
изпълнението,12
отпуск,12
оставил,12
намесата,12
българският,12
безплатна,12
заявила,12
загуба,12
силата,12
доколкото,12
рита,12
доброволно,12
явор,12
анета,12
изглежда,12
съпрузи,12
воля,12
потърпевши,12
разполага,12
спокойствие,12
клип,12
чиято,12
срещи,12
социален,12
българско,12
мартеницата,12
намеса,12
готови,12
пещера,12
психиатрична,12
банка,12
банкова,12
игра,12
чувство,12
процесуално,12
тормозът,12
далеч,12
правим,12
съветник,12
непознат,12
представител,12
ситуации,12
пътищата,12
йоана,12
включват,12
трупът,12
гората,12
оказана,12
помни,12
намерят,12
оставка,12
отишъл,12
обучение,12
печалба,12
емилия,12
печалбата,12
полицейските,12
позицията,12
бакалова,12
сцена,12
координационен,12
единия,12
шествието,12
казали,12
съществува,12
спешното,12
случвало,12
потвърждават,12
актьорът,12
обвиненията,12
моят,12
фирма,12
половинката,12
сигурна,12
спокойно,12
обезобразеното,12
фондацията,12
киселина,12
условно,12
тротоара,12
запази,12
цената,12
фрактура,12
мирослав,12
здравната,12
фона,12
заплаши,12
делчев,12
представил,12
разпознават,12
камъни,12
проект,12
променят,12
царево,12
лясковец,12
важното,12
установила,12
звезди,12
назад,12
справят,12
казваше,12
тръгна,12
реакцията,12
пълен,12
дамите,12
мисия,12
развод,12
взех,12
скандали,12
намират,12
квартала,12
становище,12
ужасно,12
чантата,12
конче,12
университет,12
каузата,12
ангел,12
кожухаров,12
казуса,12
откарана,12
спасиха,12
същият,12
причинена,12
държана,12
справка,12
предприети,12
нашето,12
източници,12
посочиха,12
миналия,12
издирвателни,12
пълно,12
непрекъснато,12
тепърва,12
труд,12
онова,12
успяват,12
подадени,12
жилища,12
версии,12
ранните,12
подобна,12
реална,12
експертът,12
блъска,12
обърне,12
негов,12
стела,12
гаранция,12
предстоят,12
крайниците,12
опитват,12
адвокати,11
банята,11
поставена,11
непознати,11
психическото,11
кабинета,11
каквито,11
покажат,11
организаторите,11
заключи,11
галерия,11
деянията,11
стойност,11
балкона,11
изследвания,11
останаха,11
подложена,11
оттогава,11
решения,11
фактите,11
пенсията,11
автомобилът,11
застана,11
омбудсмана,11
нотариуса,11
младите,11
радио,11
зависимост,11
павел,11
вицепремиерът,11
жилищен,11
върнала,11
силвия,11
кино,11
андонова,11
fyre,11
заповедта,11
траур,11
иванка,11
война,11
йоанна,11
самоубийство,11
нанася,11
нейно,11
виждат,11
харесва,11
отиват,11
четене,11
нива,11
очакват,11
свързано,11
завинаги,11
цолов,11
масата,11
въпросната,11
изготвена,11
впечатление,11
направим,11
частна,11
ученик,11
лекарят,11
порезни,11
постави,11
детски,11
извини,11
наем,11
наложило,11
пенсия,11
собственик,11
отказала,11
наказва,11
бели,11
пенсионерката,11
имаха,11
потвърди,11
останал,11
увеличаване,11
шийката,11
възмущение,11
подбуди,11
кирил,11
рзи,11
бизюрев,11
минута,11
войната,11
обществен,11
дряново,11
плаща,11
татяна,11
мая,11
качил,11
виждаме,11
стълбите,11
имотна,11
показала,11
записите,11
скарали,11
посегателството,11
рядко,11
автомобили,11
бият,11
определя,11
покрива,11
ударила,11
филма,11
разказаха,11
техни,11
миг,11
официална,11
румъния,11
марковски,11
огнестрелно,11
червен,11
определени,11
цели,11
вътрешния,11
студентка,11
взема,11
министъра,11
белица,11
предмети,11
срещне,11
гледам,11
уведомени,11
кризисните,11
отбраната,11
техният,11
кухненски,11
бряг,11
негова,11
последствие,11
спи,11
база,11
кат,11
малолетно,11
големите,11
храна,11
кажат,11
братът,11
извънредно,11
имена,11
малолетни,11
големия,11
отговорен,11
направихме,11
заключението,11
основната,11
горе,11
първоначални,11
снимките,11
обявен,11
златни,11
участвали,11
бруталната,11
ромски,11
решили,11
станаха,11
език,11
обретенова,11
фентъм,11
чувството,11
изнасилил,11
журналисти,11
надяват,11
александра,11
попитах,11
спасят,11
успее,11
марангозова,11
гери,11
версиите,11
голямото,11
взето,11
тридневен,11
съди,11
телевизията,11
самите,11
мозъка,11
кръстовището,11
сериозна,11
отказват,11
отнема,11
бивша,11
основа,11
иво,11
онзи,11
алексиев,11
коя,11
искър,11
москова,11
откъдето,11
идея,11
пътната,11
членове,11
дьо,11
юмрук,11
създаването,11
ефект,11
бракове,11
тенденция,11
предимно,11
секретар,11
доказателствата,11
проекта,11
престъпната,11
получих,11
критично,11
нуждае,11
разлика,11
определен,11
истина,11
местен,11
търсила,11
спря,11
свързва,11
празник,11
напусне,11
обвинена,11
организират,11
изпълнение,11
прозореца,11
ограбиха,11
насилници,11
подадат,11
преследване,11
строг,11
опити,11
проява,11
младият,11
общественото,11
задържа,11
негово,11
инициатива,11
дарителска,11
резултати,11
трансплантация,11
законопроекта,11
срещна,11
обаждания,11
усилията,11
брадва,11
жаклин,11
каквато,11
подкрепата,11
обезобрази,11
обърна,11
различните,11
приятелки,11
обяснила,11
стабилно,11
владимир,11
намерила,11
направиха,11
нападнати,11
въобще,11
мине,11
самосезира,11
направо,11
защити,11
политически,11
двойката,11
отрича,11
гигов,11
заподозрения,11
пропуски,11
стефанова,11
психолозите,11
политическа,11
готова,11
дърво,11
бекирска,11
пострадалия,11
поставят,10
премина,10
комуникация,10
асистент,10
депутат,10
пуснала,10
крие,10
щастлива,10
апелативният,10
подписка,10
самия,10
бебе,10
намерили,10
върховния,10
основният,10
парка,10
ванга,10
специализирано,10
обажданията,10
реанимация,10
мечка,10
останат,10
ребра,10
униформените,10
подсъдимият,10
бял,10
личност,10
емоционално,10
президента,10
коридора,10
грижите,10
датата,10
подложени,10
разберат,10
луиза,10
засяга,10
напротив,10
спрат,10
българин,10
разликата,10
образувани,10
репортажа,10
установят,10
мамо,10
бизнес,10
насрочи,10
разходи,10
бяга,10
обръщат,10
клуб,10
страхува,10
първоначален,10
директорката,10
пълни,10
помежду,10
смисъл,10
асоциацията,10
събиране,10
рубриката,10
проституция,10
обадих,10
осъди,10
дойдоха,10
посегателства,10
могло,10
самоубие,10
процедури,10
насочи,10
терзиев,10
четирите,10
христина,10
изстрел,10
мъртво,10
справи,10
проучване,10
риска,10
значи,10
изисква,10
селата,10
чуват,10
потребности,10
страхът,10
твоята,10
висши,10
цитирани,10
покойната,10
правилно,10
необходимите,10
вниманието,10
момченце,10
кръвта,10
преследва,10
заплашвана,10
обаждане,10
шефа,10
пристигането,10
ранен,10
кражба,10
неговият,10
сексуални,10
започнато,10
кризисния,10
трайно,10
приеме,10
стреля,10
изчезва,10
изправи,10
медии,10
уважение,10
конец,10
спечели,10
залата,10
организира,10
днк,10
избегне,10
правната,10
проведен,10
възможности,10
внучка,10
болен,10
коментират,10
пламен,10
член,10
братята,10
специалистите,10
нотариус,10
контакти,10
развива,10
основен,10
третия,10
пристига,10
пазят,10
тежест,10
блъснал,10
страните,10
дпс,10
дамянов,10
застреля,10
венцислав,10
изминалата,10
бог,10
доказана,10
взимат,10
трудностите,10
населеното,10
българки,10
актьор,10
тротинетка,10
застане,10
историите,10
картина,10
сащ,10
звъни,10
милион,10
модел,10
цяло,10
камион,10
пожарната,10
издава,10
обадил,10
намерен,10
здравеопазването,10
криминалният,10
маринова,10
надолу,10
изпратен,10
изгубили,10
хляб,10
интересува,10
ужаса,10
общински,10
съответните,10
телевизия,10
случващото,10
ева,10
дишане,10
загубата,10
налагане,10
бизнесмен,10
принуда,10
притеснява,10
различна,10
гимназия,10
учениците,10
направя,10
четиримата,10
bic,10
претенции,10
медал,10
непълнолетен,10
созопол,10
обзор,10
икономическо,10
полицаят,10
човешкия,10
оон,10
ваксината,10
престой,10
намерил,10
македония,10
петко,10
битото,10
изнасили,10
работници,10
опитали,10
дам,10
век,10
срещаме,10
малък,10
разпространен,10
познават,10
огромно,10
пристигнала,10
шарков,10
ясни,10
части,10
шамари,10
дарения,10
решила,10
емоционална,10
легенди,10
останала,10
лежал,10
разпит,10
пешеходна,10
обосновано,10
съучениците,10
удушена,10
район,10
градове,10
видя,10
процесът,10
кампании,10
срещат,10
гърлото,10
инфраструктура,10
премиера,10
плюс,10
сцената,10
отстрани,10
влияние,10
попада,10
опитала,10
легло,10
личните,10
затворени,10
печели,10
могла,10
река,10
положението,10
дадоха,10
монтанско,10
отвлечена,10
извършват,10
моли,10
съжалявам,10
разиграла,10
независимо,10
площадка,10
дните,10
участва,10
партньора,10
съвместно,10
доживотна,10
изчезнала,10
потърсила,10
обясняват,10
представа,9
саморазправа,9
надява,9
болести,9
нужно,9
простреляха,9
маса,9
високата,9
адекватни,9
последствията,9
цвете,9
тяхна,9
червения,9
строги,9
волята,9
осъзнава,9
взета,9
чула,9
дясната,9
протокол,9
мечтата,9
автобус,9
вариант,9
срп,9
викове,9
мълчание,9
справим,9
давам,9
разберем,9
милиона,9
веществени,9
съученици,9
тела,9
охлузвания,9
пешеходната,9
назначени,9
доказано,9
играя,9
представлява,9
люба,9
болката,9
видеата,9
надслов,9
стрелеца,9
post,9
преминала,9
задържали,9
пази,9
оказват,9
скандалът,9
училища,9
евростат,9
гледна,9
собствената,9
продава,9
топло,9
ужас,9
усещането,9
ключ,9
изпълнител,9
мероприятия,9
калканджиева,9
минали,9
изведена,9
наблизо,9
появява,9
запали,9
дъщерите,9
отправени,9
вярвали,9
криминална,9
очевидци,9
радина,9
педагогическа,9
законно,9
петя,9
пациентка,9
пребит,9
мои,9
уточнява,9
раните,9
новина,9
настанени,9
съдържание,9
кремация,9
изход,9
управител,9
гражданка,9
довели,9
броени,9
кръстева,9
издал,9
дървета,9
психолога,9
майките,9
анализ,9
приказка,9
разказала,9
посягал,9
искания,9
публичното,9
банкя,9
трифонов,9
плен,9
мариана,9
зле,9
разбера,9
интервюто,9
градуса,9
терапия,9
важни,9
живо,9
занимава,9
развитието,9
направите,9
багаж,9
йова,9
видят,9
зов,9
нямал,9
външните,9
пострадал,9
абсурд,9
черна,9
инциденти,9
подозира,9
внук,9
украйна,9
работник,9
дена,9
цанков,9
здравеопазване,9
мис,9
областния,9
издирван,9
удряна,9
помолила,9
издаде,9
флечър,9
радост,9
калина,9
флетчър,9
оливър,9
наблюдава,9
спешност,9
избира,9
шефът,9
съответно,9
гешев,9
ангелов,9
обижда,9
цветкова,9
багажа,9
отговорните,9
намушкаха,9
открие,9
защитят,9
охранителни,9
ограничителната,9
доближава,9
душата,9
дърпа,9
париж,9
дошъл,9
тормоза,9
видеонаблюдение,9
полицейския,9
видяха,9
семействата,9
теодора,9
илиян,9
лек,9
спрели,9
големият,9
солидарност,9
анелия,9
александровска,9
мъртъв,9
зона,9
доверието,9
каса,9
изисквания,9
тийнейджър,9
сигнализира,9
огнян,9
важен,9
прокурорския,9
симона,9
животното,9
преслава,9
разказахме,9
телефоните,9
световна,9
лозенец,9
залял,9
алекс,9
михаил,9
спешната,9
бременната,9
възстановява,9
здравното,9
определено,9
тест,9
тяхното,9
нападнаха,9
видим,9
гдбоп,9
случайно,9
агресивното,9
знаел,9
помоли,9
нулева,9
бъдем,9
ходя,9
черни,9
успяло,9
сечко,9
изборите,9
нанесли,9
официален,9
ханът,9
марица,9
деяния,9
израел,9
президентът,9
следната,9
ниска,9
обща,9
боят,9
съжителство,9
документация,9
бивши,9
държавната,9
карантина,9
собственост,9
пребори,9
афганистан,9
разбрали,9
спомням,9
нагоре,9
увреждане,9
предприемат,9
отбелязваме,9
свързана,9
купел,9
пътува,9
кърджали,9
спрял,9
музиката,9
нешка,9
видяхме,9
публиката,9
русия,9
боеприпаси,9
албена,9
свързан,9
описват,9
огън,9
зверски,9
методи,9
детството,9
членовете,9
овча,9
лист,9
обществено,9
разбиране,9
подкрепят,9
евгения,9
пътна,9
направено,9
свети,9
осъществява,9
врачанско,9
съпрузите,9
международен,9
съмнение,9
имоти,9
станат,9
обществения,9
открива,9
разпитан,9
предаване,9
правосъдният,9
наличието,9
различен,9
отишли,9
сдружение,9
отговорни,9
кауза,9
основно,9
пострадало,9
средство,9
процедурата,9
синовете,9
разстройство,9
протестите,9
здравните,9
раждане,9
прехвърли,9
народните,9
напада,9
зимата,9
shared,9
събитие,9
новината,9
зарков,9
изследва,9
ножа,9
костенец,9
бухалка,9
чието,9
откаран,9
аспаруховите,9
обясня,9
амая,9
основание,9
нараняванията,9
съберат,9
отстранен,9
ефективни,9
предлагат,8
обвинява,8
клипове,8
внесла,8
платно,8
научих,8
расте,8
гимназията,8
дамата,8
ескалира,8
опитаха,8
здравна,8
пуснаха,8
скоростта,8
уведомен,8
изяснява,8
видиш,8
моментът,8
неофициална,8
обръсна,8
платформата,8
мнението,8
исул,8
сигнализират,8
герой,8
направиш,8
волана,8
казусът,8
нататък,8
държат,8
подписва,8
мартина,8
приключва,8
решават,8
падане,8
плоча,8
отричат,8
викторио,8
нарича,8
мозъчен,8
обадили,8
установяват,8
павлов,8
регистрация,8
изчезна,8
минава,8
качва,8
предоставят,8
купи,8
изолация,8
англия,8
прибрал,8
искате,8
боря,8
погребението,8
яйчник,8
странно,8
матев,8
йоан,8
малкия,8
костинброд,8
заминава,8
имота,8
вдигна,8
стари,8
своевременно,8
бутилка,8
координатор,8
конкретни,8
храни,8
отидохме,8
последвали,8
ремонт,8
вътрешният,8
записа,8
заповедите,8
папазов,8
коментирам,8
гняв,8
кръстев,8
пирин,8
участието,8
паметта,8
обич,8
весела,8
кръвозагуба,8
емоции,8
зъби,8
калоянова,8
потресе,8
области,8
събитията,8
действа,8
справя,8
страхуват,8
унижение,8
простреляната,8
изпитателен,8
английски,8
следа,8
поводът,8
жив,8
клиенти,8
дошла,8
необходимост,8
здравословното,8
опасни,8
търся,8
излязла,8
оставят,8
присъствието,8
гласува,8
началника,8
наоколо,8
часът,8
първоначалната,8
съдебния,8
допълнителни,8
сигурно,8
съгласни,8
санкции,8
търговския,8
администрация,8
марин,8
условна,8
отчита,8
пенсионерка,8
установил,8
стрес,8
провери,8
посред,8
принудително,8
получавала,8
собствения,8
апартаментите,8
спестявания,8
имаш,8
любовна,8
издадена,8
мое,8
съхранение,8
благодарим,8
законодателството,8
ламбо,8
емили,8
малинов,8
убедена,8
конкретния,8
исканията,8
извадил,8
мила,8
банков,8
залята,8
успях,8
празника,8
заведено,8
изключителна,8
знаете,8
забравя,8
виновна,8
обажда,8
убиха,8
припомня,8
скатов,8
дадени,8
водачът,8
баня,8
наказанията,8
създават,8
прегледана,8
нос,8
ограбили,8
куцева,8
лопата,8
емма,8
освободена,8
дружество,8
нямало,8
заем,8
изменение,8
влязла,8
координация,8
скъпи,8
слава,8
детско,8
преминава,8
крайно,8
региона,8
богомил,8
крумова,8
видове,8
марийка,8
гнева,8
тръгнал,8
убит,8
документът,8
задържат,8
домовете,8
пиян,8
страница,8
занимават,8
планински,8
събрали,8
загинали,8
интересно,8
осигури,8
точната,8
младо,8
денков,8
средствата,8
гласи,8
преживява,8
бнр,8
мира,8
накити,8
мисълта,8
ръководство,8
нападател,8
притеснена,8
изкара,8
комбина,8
комисията,8
падането,8
смяна,8
продължат,8
съответния,8
колега,8
бъдеще,8
здравков,8
серия,8
законодателни,8
заключена,8
кубрат,8
леко,8
напуска,8
работел,8
медикът,8
лечебно,8
изпитва,8
разхождат,8
търсене,8
работещи,8
площад,8
цветелин,8
полицая,8
прибират,8
доби,8
сезон,8
потвърждава,8
следват,8
метри,8
получени,8
лоши,8
кредит,8
дял,8
вида,8
месо,8
чакаме,8
казус,8
информационна,8
носене,8
коса,8
обикновен,8
пето,8
съдията,8
пострадалият,8
подарък,8
даваме,8
секцио,8
погледа,8
интимен,8
опасно,8
освобождаване,8
слънцето,8
близнаци,8
искахме,8
обединени,8
пребили,8
нашия,8
спектакъл,8
табели,8
градината,8
манев,8
известна,8
телефонните,8
толерантност,8
изясняват,8
разпитват,8
южна,8
изкуството,8
здравни,8
партията,8
ритал,8
поискала,8
страдат,8
храма,8
гинка,8
земи,8
бременни,8
диагнозата,8
соу,8
нужни,8
стрелял,8
последва,8
полов,8
куче,8
частни,8
нинова,8
насилствено,8
въпросите,8
използват,8
измамниците,8
недостатъчност,8
балканския,8
бхк,8
видите,8
карал,8
кирилов,8
апартаментът,8
международната,8
оказало,8
чували,8
необходима,8
рени,8
отида,8
славяново,8
медика,8
описва,8
решетките,8
тодорова,8
същество,8
имената,8
дарк,8
пробуждането,8
избори,8
сестри,8
ритана,8
малтретираното,8
ходят,8
обяснил,8
заведението,8
претърсване,8
специализирани,8
светлина,8
осигуряване,8
чули,8
подслон,8
взрив,8
севлиево,8
притежава,8
връзвали,8
лишени,8
доброволци,8
съседката,8
статут,8
северна,8
защитава,8
оперативно,8
студа,8
определят,8
средно,8
лекарствата,8
русенско,8
стената,8
смели,8
устата,8
третата,8
салон,8
политиците,8
майчин,8
заплащане,8
станков,8
посещава,8
полза,8
починалите,8
настояваме,8
животи,8
годишни,8
проектът,8
рилски,8
такси,8
напуснал,8
личности,8
борят,8
указания,8
държавна,8
стените,8
столична,8
символ,8
интерес,8
отбелязва,8
ограничаване,8
къщи,8
изнасилена,8
детайли,8
ива,8
удрят,8
внучето,8
отрицателна,8
знаела,8
виждал,8
чуе,8
свързват,8
видими,8
лявата,7
трифонова,7
болно,7
стори,7
мъртви,7
детските,7
полунощ,7
предложение,7
прати,7
вреди,7
демонстрация,7
съществуват,7
вестник,7
цветан,7
интимната,7
шофьори,7
нападателката,7
ограничителни,7
спрях,7
водите,7
фактическо,7
наби,7
бъбреците,7
придружаващи,7
дарят,7
мара,7
идването,7
минков,7
мили,7
могли,7
свали,7
сунгарска,7
прибрала,7
участваха,7
връх,7
магия,7
комуникацията,7
костадин,7
медицинските,7
мартениците,7
загубих,7
насилствена,7
коледа,7
изразиха,7
лъжа,7
журналист,7
чул,7
дупката,7
паднал,7
хеликоптер,7
дух,7
проектила,7
приключване,7
прокурори,7
анастасов,7
намеси,7
изправя,7
уведомена,7
убият,7
възпитателят,7
починалия,7
славова,7
предприеме,7
апелативна,7
курс,7
камиона,7
убиец,7
прераснал,7
максимална,7
съвети,7
продават,7
липсват,7
тука,7
метален,7
страхотен,7
фаза,7
попитала,7
домашния,7
щом,7
предава,7
разговора,7
съдба,7
половете,7
изкарва,7
дрогиран,7
самозащита,7
колегата,7
петте,7
подкрепи,7
измамена,7
днешен,7
книжка,7
смъртен,7
услуга,7
скандала,7
върнал,7
министерския,7
заплати,7
валери,7
апартаменти,7
регистратурата,7
непълнолетните,7
възпитанието,7
певица,7
размери,7
търговски,7
самотна,7
сливница,7
икономически,7
закони,7
изпълнителна,7
човешките,7
треньор,7
потопа,7
музика,7
маркова,7
почине,7
знаели,7
охранителна,7
пътни,7
пазара,7
родена,7
връзки,7
повикал,7
скрити,7
видеоклип,7
варненския,7
корнелия,7
института,7
предсрочно,7
подготвен,7
планирано,7
кожата,7
гражданство,7
отправи,7
производството,7
телефонен,7
участвал,7
белезници,7
престъпленията,7
крачка,7
щерева,7
уницеф,7
зелено,7
решиха,7
разпореждане,7
отвън,7
монтанското,7
седмаков,7
собственици,7
гледане,7
физическата,7
непотвърдена,7
заложници,7
съдят,7
законопроектът,7
разказът,7
тайна,7
равни,7
намираме,7
предупреждение,7
генова,7
кирилова,7
лекарство,7
вера,7
наша,7
телк,7
близкото,7
служителката,7
рехабилитация,7
спорове,7
поема,7
признае,7
изоставен,7
надя,7
започнахме,7
горещата,7
извади,7
достойнство,7
интернешънъл,7
стигат,7
издъхна,7
зонта,7
пушката,7
колан,7
подадените,7
играта,7
галин,7
танева,7
държавните,7
върнали,7
пътуване,7
основата,7
подробно,7
владо,7
мислех,7
снимката,7
щяла,7
оставена,7
имотни,7
бити,7
зависи,7
социалното,7
наричат,7
разпространение,7
вещества,7
завършил,7
проби,7
дълбоко,7
блъсната,7
измененията,7
промяната,7
сърдечно,7
естествено,7
разпитите,7
ежедневието,7
раждат,7
понесат,7
европейски,7
майчинството,7
посланието,7
чийто,7
атанасов,7
славов,7
стаж,7
блокирани,7
смъртност,7
свекърва,7
дефиниция,7
внучката,7
количество,7
телиш,7
поредното,7
кое,7
честно,7
стиляна,7
парламент,7
силистра,7
политици,7
робева,7
филип,7
претърпяла,7
майор,7
обекта,7
имот,7
отговорът,7
можеха,7
обичаше,7
звена,7
публикации,7
интерпол,7
провадия,7
невъзможно,7
живеещи,7
нямах,7
вяра,7
съзнанието,7
доклада,7
разкриване,7
отправял,7
цекулова,7
комуникации,7
призив,7
същи,7
намаляване,7
помогнем,7
покойния,7
денят,7
гара,7
определиха,7
значително,7
крадец,7
майки,7
травмите,7
ирена,7
позволява,7
вероятност,7
ограничен,7
аня,7
михаела,7
мислят,7
план,7
съдебният,7
лора,7
ограбена,7
оцеляла,7
отклонения,7
родителски,7
фон,7
завела,7
отзовали,7
надяваме,7
нели,7
използвани,7
взели,7
масих,7
премахване,7
брака,7
радостин,7
ръководи,7
класа,7
девет,7
стойчев,7
безсъзнание,7
вторият,7
конфликта,7
обвини,7
родителят,7
видели,7
ограничи,7
преживяла,7
консултативни,7
разказал,7
запалил,7
спомените,7
инициали,7
отбор,7
предоставяне,7
вярват,7
шеф,7
избухна,7
подпише,7
минала,7
марияна,7
испания,7
обикаля,7
събитието,7
наблюдават,7
оправи,7
юрист,7
седмицата,7
охранител,7
богдана,7
прекалено,7
вършат,7
прегазил,7
молбата,7
покажем,7
дим,7
рисковете,7
курса,7
шофиране,7
кандидат,7
столичното,7
специализираната,7
щаб,7
длъжност,7
престъпност,7
нси,7
изтъкна,7
наречената,7
женския,7
бременност,7
проведените,7
призовава,7
детското,7
качеството,7
червени,7
качество,7
изрично,7
умъртви,7
високи,7
изглеждат,7
лошото,7
търпи,7
рожден,7
полагат,7
съкратеното,7
граждански,7
умения,7
спряла,7
управлението,7
бъбречна,7
съобщил,7
удряше,7
срокове,7
непредпазливост,7
програмата,7
наредба,7
небето,7
физическото,7
наложено,7
убивам,7
дълга,7
повръщане,7
стефанка,7
терасата,7
очевидно,7
изпраща,7
обратно,7
прием,7
звъня,7
дойдат,7
прегледал,7
специализирана,7
справедливо,7
поставяне,7
влезли,7
спася,7
продължителен,7
освободи,7
квалификация,7
иран,7
работела,7
обадят,7
приеха,7
коалиция,7
истинската,7
недоволство,7
пеша,7
затворници,7
същите,7
болни,7
възрастта,7
намалява,7
свое,7
количка,7
оградата,7
увери,7
документа,7
безнаказано,7
катрин,7
желев,7
секунди,7
велики,7
включени,7
провеждат,7
рамо,7
гурково,7
държавен,7
уплашени,7
можа,7
станка,7
говореше,7
комплекс,7
настанено,7
спомени,7
финансиране,7
валентина,7
доколко,7
гоце,7
тежките,7
определена,7
пробация,7
юристът,7
дефиницията,7
клиентът,7
разбра,7
издаване,7
хвана,7
имущество,7
подигравка,7
манчева,7
набиране,7
дървен,7
свидетелите,7
познавала,7
ангажимент,7
стефани,7
психика,7
красива,7
рсм,7
рамото,7
адекватен,7
концерт,7
благотворителен,7
изменения,7
диша,7
прегазената,7
живков,7
двойно,7
протестът,7
забележка,7
направих,7
дрехите,7
многобройни,7
заседанието,7
неврохирургия,7
парична,7
застреляна,7
оплака,7
бенатова,7
нашият,7
партия,7
колежка,7
текстовете,7
регионалното,7
криминален,7
дискриминация,7
равнопоставеност,7
успешно,7
миролюба,7
яйца,7
спасителна,7
налагат,7
рила,7
заведе,7
заработи,7
кръг,7
костова,7
повярвам,7
трагичния,7
помогнал,7
включат,7
наказани,7
положителна,7
проверява,7
конфликти,7
социалния,7
външни,7
гарата,7
елизабет,7
материал,7
призовават,7
обвиняеми,7
лежала,7
експертизите,7
костадинка,7
разгледа,7
тате,7
умират,7
можах,7
портмонето,7
внезапно,7
околните,7
оперирана,7
общност,7
пребива,7
ланге,7
изпълняват,7
прозорците,7
измамата,7
противообществените,7
emprove,7
сложи,7
насам,7
поискат,7
списък,7
хоро,7
предварително,7
местността,7
предходната,7
държавни,7
законопроект,7
бебета,7
проституира,7
говорител,7
територия,7
влязат,7
инвалид,7
катерина,7
послание,7
артерия,7
проверяват,7
бюджет,6
личността,6
тангра,6
картинг,6
президентството,6
душена,6
хане,6
дървена,6
заболяването,6
канал,6
студентски,6
пистата,6
сферата,6
информират,6
цитиран,6
подход,6
морално,6
вършец,6
издъхнала,6
спортист,6
пазар,6
обръщение,6
племенник,6
нямала,6
провокира,6
страшна,6
неправителствения,6
търпяла,6
пътят,6
получиха,6
привлечени,6
произшествието,6
древна,6
разделени,6
традиция,6
сърбия,6
цвят,6
хвърля,6
скенер,6
обадила,6
отговорите,6
манипулация,6
режисьор,6
срокът,6
портфейла,6
агресивна,6
апел,6
външния,6
нападнатата,6
пишат,6
прекрасен,6
контактна,6
излязат,6
томов,6
цеков,6
изпратил,6
пияна,6
неприемливо,6
ставало,6
консултация,6
данаилова,6
прага,6
предложението,6
промила,6
взрива,6
освидетелствана,6
опитвала,6
получавал,6
здравословен,6
обезобразено,6
убито,6
насочил,6
фирмата,6
банишора,6
трудна,6
изнудване,6
превръщат,6
ходила,6
падат,6
управляван,6
сфери,6
тихо,6
люлин,6
природен,6
стар,6
отложи,6
изненада,6
разбрахме,6
кръстовище,6
митко,6
армия,6
пеевски,6
местност,6
границата,6
професионалист,6
необходимостта,6
емоциите,6
москов,6
силите,6
недоволството,6
линии,6
убеден,6
притеснение,6
окървавени,6
активни,6
бъбрека,6
водещ,6
казано,6
причинените,6
орфей,6
криминалния,6
цялостна,6
символизирали,6
мистерии,6
пролетните,6
ежедневно,6
пие,6
проявява,6
слагали,6
тунел,6
членки,6
лазарова,6
пътното,6
траките,6
публикувано,6
сметки,6
жителка,6
оръжия,6
отразява,6
държа,6
въздействието,6
изтърпяване,6
кредити,6
остра,6
австралия,6
издаден,6
организирано,6
ударен,6
племенницата,6
написал,6
предадени,6
наложил,6
контролира,6
училищата,6
дебат,6
годишните,6
отзвук,6
овчиците,6
позволяват,6
щастлив,6
преслав,6
арбитражен,6
обем,6
поставен,6
билка,6
йохан,6
лом,6
стръкчето,6
състои,6
победа,6
приемане,6
стопанката,6
окаже,6
проверките,6
лелята,6
специалистът,6
водача,6
сгп,6
стъпка,6
засилено,6
факултета,6
фактът,6
управителят,6
базата,6
общинското,6
парализа,6
допреди,6
разговарял,6
изгубил,6
ничия,6
талибаните,6
подпалил,6
доказва,6
вики,6
церебрална,6
намалена,6
кристин,6
бон,6
позволи,6
писмени,6
сигурен,6
израснал,6
забелязал,6
училищен,6
портфейлът,6
кънев,6
имотната,6
атаката,6
съдържанието,6
предполагаемият,6
фрактури,6
съболезнования,6
допуснати,6
националното,6
забележки,6
класната,6
обжалвано,6
пръсти,6
посяга,6
благой,6
горно,6
въздушна,6
соченият,6
накара,6
неправителствените,6
постъпи,6
откарано,6
издадените,6
командно,6
загубите,6
хематоми,6
защитникът,6
вашата,6
изнасилването,6
дъщери,6
психиатър,6
счупи,6
следващият,6
разкажат,6
осигурени,6
бургаския,6
стартира,6
разведе,6
несъвместими,6
планина,6
мним,6
техния,6
треньорът,6
неосъждан,6
шока,6
наказан,6
навреме,6
нараства,6
отнеме,6
превод,6
хамас,6
внесъл,6
акта,6
домашните,6
затваря,6
реалната,6
предизвикаха,6
безработни,6
изпитват,6
понятието,6
сърце,6
опитът,6
гореща,6
тотализатор,6
съгласието,6
южното,6
заплащането,6
отнет,6
записано,6
организиран,6
провокация,6
видеокамери,6
благодарност,6
подпис,6
продължило,6
съобщенията,6
насилвал,6
целите,6
капан,6
констатирани,6
препоръките,6
изготви,6
признала,6
спешен,6
мотото,6
бащи,6
доказват,6
спазва,6
научил,6
ниски,6
обувките,6
помолих,6
черноморие,6
присъства,6
райкова,6
обра,6
братовчедка,6
реанимацията,6
съвета,6
тервел,6
евстатиев,6
можела,6
продукти,6
човешко,6
клон,6
ясмин,6
съседът,6
бруталното,6
отправил,6
доказателство,6
мирей,6
анонимна,6
прибирала,6
награда,6
главна,6
нахлуха,6
сурови,6
учат,6
лекарката,6
тийнейджърката,6
бъдете,6
демонстрацията,6
дружба,6
разговорът,6
известните,6
украинка,6
покрив,6
основното,6
семейния,6
предаден,6
илков,6
пусната,6
отговарят,6
ведомството,6
порнографско,6
пожара,6
плачеше,6
двор,6
финансово,6
селфи,6
градини,6
гледали,6
избор,6
истинска,6
джамфер,6
малкият,6
образ,6
продажба,6
подсъдим,6
започнат,6
помещение,6
пълномощно,6
настояване,6
боли,6
изчезналата,6
отглеждат,6
интервенция,6
ищван,6
усещане,6
весел,6
извод,6
скубана,6
ангажирани,6
захариев,6
прескачат,6
вътрешна,6
николета,6
пълния,6
печеливш,6
откраднат,6
счита,6
старите,6
признават,6
изгуби,6
действат,6
загубил,6
изпълнителната,6
профил,6
публикация,6
семейните,6
гледаше,6
използване,6
извиках,6
черепа,6
бащите,6
лекаря,6
асеновград,6
упражнява,6
мануела,6
следствения,6
дългогодишен,6
прибера,6
функции,6
бизнеса,6
достатъчен,6
опитах,6
подготвени,6
пребивана,6
гражданския,6
дерменджиева,6
спрем,6
красиви,6
отне,6
никъде,6
скрита,6
очакванията,6
услугата,6
трявна,6
постъпка,6
разпространени,6
годинки,6
увеличили,6
мариян,6
подготовка,6
напомня,6
добринка,6
следствена,6
рангелов,6
откъде,6
пробите,6
пръчка,6
вируса,6
гечев,6
държане,6
административен,6
плодове,6
реплики,6
обидни,6
агресивни,6
вземем,6
бременните,6
преминат,6
местопрестъплението,6
разрешението,6
контингент,6
мечта,6
образователни,6
чувстваш,6
обсъждат,6
свърши,6
планове,6
прозорец,6
прилагане,6
хванат,6
кичел,6
забавяне,6
отнася,6
търпят,6
сеславци,6
летва,6
граф,6
координационния,6
хематом,6
прегази,6
тишина,6
потърпевша,6
възмездие,6
индия,6
скубе,6
обсъждане,6
пронизителната,6
гласуват,6
полет,6
опасните,6
шабла,6
настоящ,6
политиката,6
огромни,6
терзийска,6
наследство,6
огледа,6
въз,6
мобилни,6
стоилова,6
безопасност,6
повдигнала,6
оцелява,6
мрежата,6
владимиров,6
постепенно,6
самотно,6
нпк,6
служебният,6
обезобразена,6
образува,6
красивото,6
пътен,6
разходка,6
последствия,6
дания,6
яна,6
подобрява,6
градовете,6
стаите,6
ангелина,6
отворени,6
признаци,6
мащаб,6
общодържавно,6
успех,6
народно,6
имате,6
тити,6
чувстват,6
опасна,6
сто,6
реагират,6
подозират,6
лондон,6
алексиева,6
изгаряне,6
косите,6
окажат,6
автобуса,6
списъка,6
родината,6
ботунец,6
многото,6
нападнат,6
дорина,6
ами,6
коне,6
търсенето,6
употребил,6
транспортирано,6
разкриват,6
граница,6
алианс,6
предала,6
въвежда,6
норми,6
тишината,6
марихуана,6
брилска,6
столични,6
псс,6
новият,6
божилова,6
нечовешко,6
генов,6
диляна,6
задържано,6
оказал,6
юристи,6
наркозависим,6
продължа,6
върховният,6
янка,6
пълноценен,6
запознават,6
мисис,6
нападнали,6
денонощието,6
коканова,6
изразява,6
спецакция,6
успеят,6
собственичката,6
вкс,6
световното,6
панагюрище,6
сайта,6
дарина,6
развръзка,6
биел,6
застанаха,6
точки,6
видеа,6
смъртния,6
блудствени,6
слатина,6
централата,6
помагал,6
цвета,6
караянчева,6
прът,6
бонева,6
кариера,6
министерски,6
подчертава,6
феминистки,6
доскоро,6
знанието,6
свиленград,6
бояна,6
личната,6
педагогическия,6
споразумение,6
гласът,6
причинени,6
мъка,6
помагала,6
напомни,6
щетите,6
живели,6
някак,6
пусне,6
донесе,6
антон,6
русенското,6
отнел,6
градския,6
влошава,6
крайната,6
служебните,6
пода,6
злато,6
глобата,6
hrisistar,6
милушева,6
изпратиха,6
златен,6
петрич,6
крият,6
гражданска,6
скри,6
активна,6
добрата,6
малолетната,6
напуснала,6
желанието,6
хирургия,6
подаване,6
безсмъртието,6
убитите,6
нарастване,6
tita,6
символизирала,6
пръстите,6
банско,6
управлява,6
отстраняване,6
водач,6
екипите,6
звучи,6
черния,6
полуостров,6
заснето,6
съпротива,6
достатъчни,6
вербално,6
вила,6
озовала,6
обективно,6
открил,6
настоящи,6
аргументи,6
живи,6
спасителите,6
своге,6
реката,6
държани,6
българката,6
прилагането,6
сапунджиев,6
прибрали,6
административно,6
нанесените,6
хартия,6
здравко,6
наши,6
статус,6
управителя,6
ходжа,6
пристигналите,6
лирата,6
невинен,5
войнеговци,5
самоубил,5
пътно,5
виновните,5
зони,5
лоша,5
господ,5
арестувана,5
пневмония,5
начинът,5
шишкова,5
твърдение,5
доказване,5
нямали,5
следните,5
основна,5
финансирането,5
оплаквания,5
самота,5
работил,5
избухнал,5
добринище,5
сигурността,5
канят,5
обиждат,5
чакане,5
сливенското,5
срещнали,5
калояна,5
увеличава,5
последвала,5
намирала,5
прегазена,5
оплакала,5
шестима,5
оставили,5
долна,5
разпоредил,5
бъдещето,5
констатирал,5
сърдечна,5
семейна,5
депутати,5
младото,5
скопие,5
изток,5
споделяла,5
предам,5
софийското,5
банкомат,5
синина,5
разпознаване,5
паднах,5
регистриран,5
илийца,5
асансьор,5
изненадващо,5
жанета,5
проституират,5
посочено,5
забранено,5
саня,5
клиповете,5
земеделието,5
снимат,5
разделили,5
общинско,5
шампионка,5
преводач,5
слаба,5
насочено,5
тоалетна,5
течност,5
спасение,5
ветеринарния,5
съдби,5
кратки,5
можело,5
работодател,5
занимавал,5
строителство,5
останки,5
конкурса,5
маски,5
пожар,5
класния,5
температура,5
съветват,5
отказах,5
елиминиране,5
свалят,5
оставен,5
облечена,5
процедурите,5
добрите,5
нанасят,5
разиграва,5
преместен,5
необходимата,5
борисова,5
широк,5
спазват,5
публикацията,5
принуждавал,5
въпросния,5
писмено,5
поколение,5
сербезова,5
адвокатска,5
чужди,5
веригата,5
седалка,5
окото,5
молят,5
заразен,5
плазма,5
защитено,5
обществени,5
персонала,5
гледах,5
контролират,5
жестокостта,5
попитал,5
учебното,5
пребито,5
сметките,5
платформа,5
проведена,5
същ,5
непълнолетна,5
местонахождението,5
съдебното,5
намеря,5
алейда,5
председателя,5
питах,5
жестоки,5
изостаналост,5
готово,5
отвлече,5
смъртоносно,5
неприлични,5
отправя,5
милан,5
подозрения,5
обиждала,5
изкачи,5
качи,5
лев,5
близката,5
стени,5
намирал,5
душа,5
варненец,5
извършили,5
делян,5
масивен,5
излизайки,5
туристи,5
говорила,5
бързата,5
врачанския,5
съпружески,5
забелязват,5
нанесе,5
преписки,5
двойка,5
кратък,5
ревността,5
прилага,5
чест,5
патрул,5
бездействие,5
николаев,5
задействат,5
превърна,5
променим,5
мисията,5
човешката,5
мол,5
пробол,5
хвърлил,5
завързано,5
отгоре,5
преживения,5
пловдивско,5
продължили,5
бедрената,5
стигнат,5
изразяваща,5
замесени,5
оборудването,5
пространството,5
кажем,5
предостави,5
процент,5
представителят,5
отдели,5
нанка,5
досие,5
детайлите,5
отглеждане,5
отговориха,5
вдига,5
щастливо,5
зависимости,5
преодоляване,5
стаи,5
чочо,5
шофьорката,5
текстове,5
неправителствената,5
турски,5
разговаряли,5
оттегли,5
почернената,5
отряда,5
запознах,5
самоизолацията,5
бургаско,5
паркинг,5
кольо,5
заканите,5
първоначалните,5
местни,5
минка,5
показател,5
необходимото,5
ненов,5
блокирано,5
яснота,5
вярата,5
задълженията,5
стигнали,5
нощен,5
отряд,5
равенство,5
емоционален,5
свърза,5
повтори,5
здравният,5
измести,5
жилищата,5
настаняват,5
снимали,5
чакърова,5
карти,5
питбул,5
порнографски,5
забелязала,5
пробата,5
животно,5
търсили,5
становището,5
оплакват,5
неадекватно,5
опитвам,5
образуваното,5
подпали,5
мобилизации,5
нападатели,5
оказали,5
отчаянието,5
специална,5
краен,5
охрана,5
хотела,5
благодарна,5
лидерът,5
мечтае,5
железопътна,5
развиват,5
офанзива,5
одит,5
стрелча,5
дойда,5
нормален,5
декларация,5
мизия,5
адвокатка,5
видеозаписи,5
дамски,5
благовеста,5
пловдивското,5
оставки,5
палеж,5
кръстанова,5
добрия,5
събития,5
предал,5
гранична,5
реформи,5
съпричастен,5
къщите,5
марков,5
предизвиква,5
държеше,5
конституцията,5
сектора,5
обеща,5
дамянова,5
прости,5
разказало,5
преминават,5
запознала,5
защитена,5
ограничения,5
безопасността,5
рокля,5
равнопоставеността,5
практиката,5
грозната,5
епидемия,5
видеоклипа,5
медицинския,5
фалшиви,5
оставени,5
извика,5
настоящата,5
положи,5
нападения,5
дар,5
заема,5
оборище,5
кредита,5
фатален,5
хвърлила,5
шествия,5
ранената,5
застрахователят,5
специален,5
пернишко,5
насочват,5
пешеходец,5
вещите,5
събра,5
изискване,5
имейл,5
разбират,5
въвеждат,5
сигнализирала,5
появиха,5
николина,5
желева,5
прието,5
температури,5
изследването,5
радвам,5
постигне,5
метър,5
делът,5
родния,5
счупила,5
салона,5
число,5
дотук,5
закача,5
изпаднала,5
потвърдена,5
министерства,5
компетентните,5
обичай,5
силния,5
посочени,5
професионални,5
вътрешното,5
съседния,5
проверят,5
постигна,5
ценности,5
златните,5
багажник,5
шефове,5
хиджаб,5
призоваха,5
вчерашния,5
кутия,5
стандарти,5
радостта,5
държавите,5
свободно,5
приключило,5
живееща,5
шокиращ,5
дързост,5
изключителен,5
консултиране,5
грубо,5
телесната,5
молби,5
сняг,5
димитрина,5
опасността,5
зрители,5
очаквам,5
токчета,5
признали,5
километър,5
морални,5
нагласите,5
упражнявали,5
властта,5
уверяват,5
бюро,5
въздух,5
водещите,5
студент,5
гола,5
лотария,5
укрил,5
пети,5
гендов,5
предчувствие,5
получавам,5
парламентът,5
вносителите,5
кражбата,5
безкрая,5
съчетанието,5
поздрав,5
студено,5
разпространението,5
зима,5
белгия,5
дари,5
репортерът,5
колев,5
удряла,5
математика,5
завършила,5
столично,5
бит,5
издържа,5
съобщила,5
обичаят,5
посветена,5
идваше,5
магдалена,5
защитени,5
диабет,5
щях,5
провокирана,5
успяхме,5
връщам,5
футболист,5
използвам,5
издърпал,5
ексклузивно,5
съдилища,5
инкриминиране,5
вълчинов,5
прикрие,5
упражнят,5
чудото,5
различно,5
съберем,5
докладът,5
вик,5
общото,5
митева,5
кореспондентът,5
малтретирана,5
потребителите,5
царица,5
щастливи,5
фирми,5
усмихнати,5
партньорката,5
бояджиева,5
изключен,5
добрият,5
мъчения,5
непълнолетния,5
дрога,5
техника,5
парацетамол,5
командира,5
стъкло,5
предпочитат,5
преминал,5
претърсването,5
останеш,5
реалността,5
длъжни,5
ниско,5
наказателен,5
таблетки,5
сливенско,5
преживявания,5
извикан,5
относителният,5
починаха,5
родилка,5
елит,5
запише,5
пловдивския,5
свидетелства,5
изчезнал,5
смях,5
огнестрелни,5
цекова,5
качулка,5
драма,5
психиатърът,5
герев,5
денонощно,5
ела,5
табу,5
художествена,5
зло,5
разказваме,5
запалена,5
подробностите,5
ежедневие,5
тротоар,5
гуми,5
насилвана,5
лесна,5
ход,5
българките,5
проведено,5
великден,5
янков,5
върната,5
минувачи,5
излезли,5
съден,5
защитник,5
предоставя,5
обжалвана,5
изпълняващият,5
попово,5
бан,5
цеца,5
свидетелски,5
теза,5
eon,5
кръст,5
отреже,5
фатме,5
благотворителни,5
решихме,5
говорене,5
делон,5
ален,5
позната,5
восък,5
успяха,5
възстанови,5
коси,5
дясна,5
девойката,5
болнично,5
професия,5
шамара,5
роди,5
изключване,5
взаимодействие,5
пулев,5
борис,5
проведоха,5
възможни,5
станимир,5
непълнолетното,5
токсин,5
издирваният,5
ирония,5
хубави,5
маскирани,5
прокурорско,5
академията,5
побоища,5
преподавателят,5
кръводарители,5
пристигналият,5
пенсионер,5
грама,5
посещават,5
сведения,5
откакто,5
професионален,5
лилия,5
кръвнина,5
сънната,5
мълчанието,5
спомена,5
код,5
тръгнах,5
влачи,5
излизам,5
огнянов,5
думата,5
скочи,5
възпитателни,5
яке,5
функциите,5
забелязва,5
мнозина,5
седнала,5
освободиха,5
разбирам,5
пандемия,5
театъра,5
възложено,5
посегателствата,5
емпатия,5
припомнят,5
съветва,5
разкрито,5
върнаха,5
счупил,5
общият,5
принудил,5
афера,5
андрей,5
пенчева,5
юридически,5
анонимност,5
извършената,5
свободна,5
съдии,5
дадох,5
оттук,5
публикувани,5
хвърли,5
цветана,5
киното,5
пропуск,5
активен,5
влизането,5
главната,5
сърцата,5
васко,5
влошено,5
военното,5
спра,5
насочени,5
тежи,5
правиш,5
четвърти,5
осъзнах,5
изготвен,5
огледи,5
племенникът,5
свищов,5
драстично,5
зеленчуци,5
радомирци,5
донор,5
въпросното,5
предоставена,5
рашидов,5
колело,5
живееш,5
желязков,5
изключени,5
асансьора,5
централната,5
орлов,5
съседната,5
рязко,5
какъвто,5
случаен,5
незаконен,5
асенов,5
тийнейджъри,5
генерал,5
лекува,5
внасяне,5
прибрало,5
родителските,5
отвод,5
юрий,5
усетих,5
психологическо,5
сириец,5
медийни,5
ходил,5
върха,5
чухме,5
ваксините,5
взаимоотношения,5
преход,5
предложенията,5
инсулт,5
тежестта,5
разваляне,5
палестински,5
израелски,5
психиатрично,5
григорова,5
пълнолетни,5
протоколи,5
ключова,5
гласа,5
кръгът,5
поискани,5
изпитание,5
взехме,5
планинските,5
здравословни,5
неда,5
емоционалното,5
газа,5
ограбил,5
агресивните,5
пуснати,5
заведа,5
птп,5
журналистът,5
пейкова,5
задължението,5
смисъла,5
обсъдиха,5
непосредствено,5
говориха,5
янкова,5
нежния,5
лъжат,5
принцип,5
проверим,5
спасител,5
прекара,5
янева,5
хоспитализирана,5
спирка,5
психотерапевт,5
тон,5
инфекциозна,5
прегледи,5
зачестяват,5
спешните,5
изтърпи,5
маджаров,5
помислих,5
ирина,5
укривателство,5
нужна,5
китай,5
отнети,5
скъпо,5
човешкото,5
отбрана,5
здраво,5
грабежи,5
събере,5
стрелецът,5
михов,5
разби,5
огромната,5
лобното,5
евентуално,5
готов,5
вълк,5
министерска,5
запознахме,5
килограми,5
бременността,5
уважи,5
спасили,5
искра,5
виж,5
аднан,5
освободени,5
велинград,5
гднп,5
тестван,5
общности,5
самоков,5
трябват,5
извършат,5
рашков,5
пасионария,5
домът,5
усложнения,5
стелинг,5
изпадна,5
въздействие,5
прогресира,5
принудена,5
педагогически,5
правно,5
енергия,5
плана,5
верф,5
фаталната,5
красивата,5
купил,5
завет,5
малина,5
пресконференция,5
организмът,5
решат,5
осмеляват,5
народни,5
кабинетът,5
стъпки,5
правомощия,5
печката,5
плащат,5
крясъци,5
представете,5
ударило,5
изпълнява,5
допуска,5
внесени,5
санкция,5
дървото,5
мобилния,5
предпази,5
наранил,5
книги,5
стол,5
образа,5
написано,5
paypal,5
приоритет,5
днешната,5
дребни,5
риташе,5
предпазва,5
напускане,5
курсант,5
биват,5
забелязали,5
поредица,5
щял,5
америка,5
родителя,5
останало,5
светофар,5
живко,5
свършва,5
изнесе,5
ражда,5
роман,5
лош,5
местното,5
пътници,5
мотивът,5
сопот,5
информирал,5
епстийн,5
развали,5
гледано,5
крим,5
народен,5
калин,5
bgstsa,5
лента,5
кметството,5
анонимни,5
предложи,5
понеже,5
ударих,5
рода,5
раната,5
отказ,5
обвинителния,5
симптоми,5
будителки,5
сайтове,5
разигра,5
знаеше,5
обърнат,5
геров,5
конфликтът,5
страшната,5
шосе,5
вазов,5
автор,5
чуем,5
механизмът,5
суми,5
получаване,5
охранителят,5
достъпна,5
щъркел,5
връщат,5
нанесла,5
протестира,5
петима,5
поликлиниката,5
починалият,5
прегледани,5
лили,5
порезна,5
представят,5
com,5
затруднения,5
бригита,5
хранене,5
нападат,5
изгражда,5
бележи,5
списание,5
информационни,5
миризма,5
колите,5
предотврати,5
разкази,5
стълб,5
дирекции,5
тита,5
наркотиците,5
попитаха,5
пазете,5
изграждане,5
чувала,5
възпитател,5
разтърси,5
поддържа,5
извикали,5
блъскана,5
съпруги,5
осигурява,5
въпросните,5
околовръстното,5
ключовете,5
крум,5
кристиян,5
бързия,5
вещото,5
обадиха,5
нахлули,5
ангажираност,5
допълнение,5
матката,5
сметката,5
око,5
трансплантацията,5
pdt,5
обучения,5
белезите,5
премине,5
проговори,5
предоставени,5
женската,5
пейката,5
ранил,5
кръста,5
кафе,5
полфрийман,5
пътували,4
обадя,4
разпространяват,4
охраната,4
значението,4
капана,4
тихомир,4
отказали,4
понесе,4
фиша,4
стрелец,4
изгорил,4
изпада,4
борим,4
оцелее,4
продължаваме,4
варненският,4
комуникира,4
людмил,4
краят,4
бензиностанция,4
щети,4
социалният,4
потърпевшия,4
забравен,4
седна,4
изясни,4
носиш,4
младежа,4
удоволствие,4
оценки,4
яви,4
областните,4
донорството,4
образувана,4
деси,4
подходяща,4
разгледано,4
режисьора,4
наслов,4
разделят,4
правени,4
гостите,4
йончева,4
склонни,4
общи,4
приблизително,4
организираха,4
ботулинов,4
пресечна,4
положителен,4
откраднали,4
изстрели,4
стореното,4
световната,4
обаждат,4
истанбул,4
създадена,4
шамарите,4
вятър,4
пиар,4
оттегля,4
влоши,4
спасил,4
непосредствена,4
предполагам,4
русенската,4
засегнат,4
училищния,4
шестия,4
нападнато,4
тръгват,4
носа,4
последен,4
кол,4
обществеността,4
влизане,4
извадила,4
отключва,4
взлом,4
употребява,4
богато,4
грозев,4
манипулации,4
случат,4
ниската,4
спокойна,4
преследването,4
женя,4
споразумението,4
показатели,4
театър,4
стадиона,4
youtube,4
преписка,4
изтезавал,4
учителят,4
заминал,4
обществената,4
мълния,4
убеди,4
ясновидка,4
обиск,4
свалена,4
логично,4
вма,4
критики,4
иззет,4
единствен,4
отправеното,4
дарява,4
разстояние,4
обединена,4
ръкавици,4
повика,4
решенията,4
вълната,4
манова,4
предупредителни,4
надеждите,4
изпратените,4
желязо,4
ходим,4
телефонно,4
пристигат,4
намерим,4
конкретна,4
обяснено,4
слънце,4
съученик,4
хваща,4
гледачката,4
фризьорски,4
митов,4
подозрение,4
тепеликян,4
врати,4
събирането,4
послания,4
зздн,4
поеме,4
руп,4
разрешително,4
системност,4
рака,4
гласност,4
денка,4
умъртвена,4
засегнати,4
казало,4
казачево,4
лечебни,4
идеи,4
механизми,4
светлин,4
ресурси,4
челопечене,4
укривал,4
дърветата,4
виках,4
състезанието,4
чуя,4
прекарва,4
прогнози,4
шега,4
синьо,4
заля,4
дотогава,4
отчете,4
ученичките,4
недохранените,4
велчева,4
продължим,4
наско,4
простреляно,4
учители,4
родителска,4
дъщеричка,4
реагираме,4
пам,4
лечебните,4
велидис,4
трудния,4
химиотерапия,4
разчленено,4
получавах,4
приел,4
качена,4
преминали,4
внукът,4
маравиля,4
несъстоятелност,4
билет,4
омерзена,4
повтаря,4
гавра,4
свещеник,4
начини,4
рудник,4
съставени,4
кантората,4
константинова,4
дълъг,4
задържи,4
граници,4
преживее,4
часова,4
заловиха,4
актьори,4
косъм,4
отпусната,4
запитване,4
ситово,4
заговори,4
пациентите,4
виждах,4
изиграе,4
бави,4
потърсиха,4
замисли,4
паднало,4
викат,4
хванал,4
предотвратят,4
предадоха,4
продаде,4
изведе,4
убийствата,4
жаравата,4
изходът,4
скалите,4
възможностите,4
сметта,4
задължение,4
приключила,4
палене,4
денонощия,4
гетото,4
злите,4
изгонването,4
празниците,4
видеозапис,4
обичаите,4
запознанства,4
половинка,4
великотърновската,4
грабежа,4
ангажира,4
етническа,4
високото,4
гаранции,4
денонощен,4
милков,4
възпитание,4
genova,4
poli,4
изграждането,4
посещение,4
брутален,4
инфлуенсърката,4
всякакъв,4
желаещ,4
очаквахме,4
веселинова,4
голи,4
следвало,4
армутлиева,4
единен,4
издирвания,4
неделчева,4
ранена,4
съдебнопсихиатрична,4
разпознава,4
вряза,4
интелигентен,4
славкова,4
подаването,4
нападнало,4
форум,4
юлиян,4
бедност,4
тормозено,4
запалване,4
изглеждало,4
собственичка,4
хранителен,4
предната,4
закъснява,4
тоалетната,4
алексов,4
сложен,4
изоставена,4
педагози,4
партньорът,4
павликени,4
сочен,4
торбичка,4
хранителни,4
професионалисти,4
отведе,4
бдителни,4
славка,4
ръководителят,4
сериозните,4
разпоредително,4
работеше,4
демонстрации,4
поддържане,4
бомби,4
фермерки,4
невнимание,4
изяснено,4
очакваната,4
старата,4
непосилна,4
венета,4
поговорят,4
алексова,4
носила,4
изпити,4
здравия,4
паралелно,4
неизбежна,4
таксиметров,4
заканата,4
желаете,4
радостна,4
доброволец,4
заснети,4
включили,4
съдена,4
атв,4
отивам,4
държала,4
разполагала,4
коронарография,4
анадолска,4
обещах,4
позволя,4
отворих,4
анонимността,4
обичаме,4
нормална,4
кемпера,4
бияч,4
общия,4
извадих,4
ментални,4
цикъл,4
двойното,4
отговорна,4
морала,4
усещат,4
йотова,4
отрекла,4
получихме,4
писма,4
очаквала,4
дискриминацията,4
канала,4
високите,4
свободни,4
кръвно,4
протестиращи,4
кака,4
оплакаха,4
откраднал,4
дафинка,4
милева,4
общуват,4
изтеглила,4
отделя,4
актьора,4
квалификации,4
мъртвата,4
психическа,4
излъчен,4
помагаше,4
обръщам,4
медицинският,4
динкови,4
усеща,4
посегне,4
оживява,4
весело,4
тормозени,4
собствените,4
искали,4
полово,4
задължен,4
цигара,4
физическият,4
обещания,4
специализирания,4
ромските,4
адреси,4
процентът,4
ромите,4
птиците,4
разпространено,4
йерархията,4
усмихва,4
кръвоизливи,4
чиито,4
принуждавани,4
лети,4
килограма,4
служебен,4
чужденци,4
уплашено,4
фиктивни,4
купуват,4
бекриев,4
борева,4
настани,4
партньорка,4
готви,4
повдигнатото,4
случил,4
белозем,4
организираната,4
арестували,4
наркотични,4
ушколова,4
външната,4
ромския,4
вечно,4
минавал,4
тетевенско,4
кладенци,4
платени,4
публични,4
частните,4
оставям,4
законодателят,4
неадекватна,4
неустойка,4
сечение,4
подадохме,4
омуртаг,4
камелия,4
сушица,4
столичните,4
страдание,4
използвал,4
върнало,4
мълчала,4
снимам,4
велев,4
колене,4
състезание,4
поискан,4
самочувствие,4
полето,4
клуба,4
родната,4
сливенската,4
блс,4
сдс,4
благоева,4
гложене,4
конкретните,4
питат,4
stsabgsf,4
парчета,4
есента,4
встрани,4
текста,4
паметна,4
опря,4
обстановка,4
изплува,4
помогнали,4
студ,4
заслужава,4
бургаска,4
обикновени,4
хасан,4
джипа,4
паметника,4
хан,4
техники,4
нахлу,4
домакинството,4
пия,4
интеграция,4
червено,4
коментарът,4
черен,4
тезата,4
запазя,4
изкуство,4
машината,4
бялото,4
атанаска,4
ставаме,4
омар,4
дивана,4
победата,4
разкрити,4
поздрави,4
полетя,4
курсове,4
роден,4
шуменско,4
разплака,4
отзад,4
отворена,4
култура,4
чешма,4
открият,4
плевенска,4
вярваме,4
несериозно,4
женен,4
любовни,4
следващото,4
берлин,4
nov,4
драстичен,4
изпаднали,4
физическите,4
европейска,4
лошите,4
напуснали,4
пряко,4
квартира,4
фамилия,4
паркирани,4
сключат,4
самоличност,4
помагам,4
предстоеше,4
набират,4
начева,4
изхвърлена,4
защитавал,4
детство,4
фитнес,4
специфичен,4
преобърна,4
бюрото,4
албания,4
политическите,4
способен,4
единна,4
цялостен,4
изпаднах,4
вярвайки,4
действащ,4
нуждата,4
асфалта,4
припада,4
желязкова,4
мола,4
настоявам,4
ежедневните,4
настояха,4
услугите,4
гарантира,4
стандарт,4
ечемишка,4
обединените,4
близкия,4
срещнах,4
соколова,4
парламентарни,4
сериал,4
общата,4
привличане,4
велинска,4
намесят,4
отнели,4
етапи,4
стойна,4
заживеят,4
прекрасни,4
росно,4
седи,4
сътресение,4
летище,4
отказал,4
внуче,4
извършения,4
междучасие,4
издаването,4
могили,4
патаринска,4
джебчии,4
пазарджишко,4
героинята,4
разградско,4
идвам,4
употребата,4
широка,4
видно,4
алкохолът,4
тениска,4
благодат,4
спирката,4
пристигне,4
столица,4
изпълнителен,4
ставали,4
оток,4
пулс,4
смяташ,4
свидетелските,4
леден,4
поддръжката,4
месечно,4
допусната,4
наблюдения,4
наясно,4
скъпа,4
златарица,4
кучетата,4
тайно,4
хематологично,4
запознали,4
мигранти,4
здравословно,4
куршума,4
извадени,4
псувни,4
размяна,4
янев,4
пускат,4
избрали,4
обърнал,4
наложени,4
нанесения,4
възпитаници,4
записът,4
ходихме,4
изминала,4
предупреди,4
тошков,4
изказването,4
минувач,4
тата,4
осмокласничка,4
загива,4
пострадаха,4
разхождайки,4
пламъците,4
заливане,4
ввс,4
станах,4
фани,4
дупка,4
ужасяващи,4
криси,4
оправдават,4
артерии,4
полк,4
пациента,4
проявили,4
подобряване,4
лодката,4
пребият,4
женят,4
уверени,4
пехливанян,4
отключи,4
работили,4
причинява,4
оттеглянето,4
токов,4
минавайки,4
загиналия,4
позиции,4
конкретен,4
африка,4
съгласна,4
лед,4
измамник,4
минават,4
заплашваше,4
завързал,4
свински,4
опашки,4
експерт,4
недкова,4
въздуха,4
довело,4
заключение,4
собственото,4
брутална,4
посочена,4
маска,4
изглеждаше,4
избягала,4
изпитах,4
веселина,4
бия,4
затвори,4
сваля,4
информационен,4
единния,4
ориентация,4
хижата,4
вдовица,4
действието,4
считаме,4
ходех,4
квартирата,4
пистолета,4
чете,4
твоя,4
удряли,4
дуков,4
нахлуват,4
инструкции,4
занимавали,4
погледнах,4
луда,4
казвал,4
поисках,4
обърнаха,4
море,4
уроците,4
евтимова,4
нетърпимост,4
подстригал,4
психическият,4
игнатиев,4
предложил,4
провеждането,4
пресконференцията,4
съобщено,4
местния,4
ремонтът,4
бури,4
подготовката,4
умишлени,4
блудствал,4
французин,4
бедрото,4
неверни,4
подавали,4
досието,4
теодор,4
обвиняват,4
газ,4
мнимият,4
цинизъм,4
инфаркт,4
стигало,4
работодателя,4
гласуване,4
лекарка,4
апелират,4
цонев,4
общежитие,4
натоварени,4
пета,4
шуменското,4
реални,4
трудова,4
челото,4
тъмни,4
пожелала,4
съобщили,4
вързани,4
свързала,4
ефекти,4
погрома,4
малолетният,4
обяснението,4
оня,4
динка,4
действително,4
кошмар,4
тормозят,4
изгоряла,4
публичен,4
наблюдението,4
митев,4
равнина,4
правилния,4
стил,4
относително,4
изплаща,4
тракия,4
заявили,4
следовател,4
организъм,4
работодателят,4
раздялата,4
тенденцията,4
заблуждение,4
забелязано,4
нарушава,4
пешеходците,4
изплатени,4
хижа,4
предложиха,4
регистрираните,4
отворен,4
партии,4
нву,4
заведена,4
мирзаи,4
съдиите,4
поправките,4
веринян,4
вероятна,4
стигнала,4
фишът,4
бареков,4
добавки,4
звезда,4
отвъд,4
бъчварова,4
границите,4
показал,4
осъдени,4
апелативната,4
океан,4
апелирам,4
уведомили,4
самолет,4
световен,4
преценка,4
ивелина,4
звънял,4
последици,4
извинение,4
шуранова,4
тила,4
богу,4
дълги,4
шесто,4
дора,4
пункт,4
направената,4
патриоти,4
куздов,4
атака,4
ясен,4
арестуваният,4
балкан,4
целял,4
напускането,4
телесните,4
република,4
премазана,4
спирането,4
спортния,4
помощник,4
банковата,4
бойка,4
изтичане,4
арестувани,4
наричали,4
стажант,4
андреа,4
отмъкнали,4
изчезнали,4
шопов,4
научила,4
трамвай,4
светлината,4
дебати,4
дръвче,4
възползва,4
изпълнителят,4
продължавано,4
интересна,4
обяснявам,4
долара,4
качат,4
заснемат,4
специфични,4
директорите,4
безработните,4
попечителство,4
руо,4
предадена,4
костурков,4
течението,4
профилът,4
видев,4
подкрепиха,4
академия,4
откровено,4
болния,4
йотов,4
домашни,4
абсолютна,4
многократни,4
забави,4
жестокия,4
телевизора,4
фоайето,4
видеозаписите,4
издание,4
избере,4
отношението,4
тяхно,4
забавянето,4
инспекция,4
регионалната,4
станислав,4
прасе,4
иск,4
проверя,4
гориста,4
предприета,4
видинската,4
претърпява,4
цветанка,4
сделка,4
любимец,4
поднесъл,4
обеси,4
помагач,4
споделиха,4
организирани,4
участвала,4
помоля,4
печалби,4
предишния,4
мотиви,4
пияни,4
успеха,4
мъжка,4
познавал,4
копират,4
ножове,4
плановете,4
смирненски,4
таксито,4
прав,4
гледала,4
преподава,4
пакет,4
сбиването,4
нападнала,4
повторна,4
долу,4
ножът,4
водеща,4
видима,4
подавани,4
дъното,4
получено,4
говорели,4
безпомощна,4
звездата,4
отведен,4
четвърт,4
отрекоха,4
съща,4
семейната,4
получило,4
строга,4
дошло,4
пускането,4
следобяд,4
запознае,4
мобилно,4
мъката,4
стоянка,4
взаимно,4
зачестилите,4
засича,4
сбиване,4
затворена,4
тръгвам,4
алек,4
сгради,4
чудя,4
барманът,4
любка,4
изключено,4
убила,4
лакатник,4
длъжностно,4
постъпват,4
прокурорите,4
анка,4
нормални,4
завой,4
поглед,4
притесненията,4
издъхва,4
нелгин,4
убедени,4
някоя,4
продължила,4
ранния,4
грижила,4
дянков,4
цени,4
принуждавали,4
контактите,4
възраждане,4
завод,4
наше,4
демерджиев,4
релсите,4
писмото,4
пее,4
допълнителна,4
питбулът,4
прибирам,4
прикриване,4
извършвани,4
повярва,4
нямаш,4
сложа,4
подписано,4
правил,4
тоалет,4
тавана,4
появила,4
мариан,4
клиент,4
укрива,4
причинила,4
армията,4
язов,4
секунда,4
отговорят,4
появили,4
болниците,4
предишните,4
топлофикация,4
съдейства,4
другаде,4
нараняване,4
епидемията,4
доставчик,4
калоянов,4
рентгенова,4
занимавала,4
неприятна,4
апи,4
прекратяване,4
черно,4
десислав,4
метални,4
вербалната,4
живеещите,4
публична,4
бременно,4
оплаква,4
запита,4
придружен,4
отрицателни,4
раковски,4
акции,4
финансира,4
ото,4
костов,4
оплакване,4
съобщението,4
оставено,4
белите,4
онези,4
гражданската,4
европейско,4
намесил,4
детенцето,4
мъжките,4
паднаха,4
правосъдното,4
санитарката,4
кладенец,4
действал,4
съгласен,4
радка,4
отворила,4
предприема,4
страхувала,4
недялско,4
капацитет,4
свидетелство,4
чакала,4
дазд,4
надявах,4
чаша,4
унгария,4
изолацията,4
катето,4
осмелява,4
фактор,4
герговски,4
стъпките,4
вървят,4
постъпило,4
наранява,4
русинова,4
повикат,4
проявите,4
съпружеско,4
поредно,4
коляно,4
заснет,4
цитирана,4
прегледа,4
изискана,4
зъб,4
старозагорско,4
прочетох,4
юридическа,4
задължителна,4
продължителността,4
разговорите,4
подписала,4
богдан,4
напускат,4
седяла,4
детелина,4
емануела,4
поръчител,4
животоспасяваща,4
магазини,4
компетентност,4
партиите,4
изгонена,4
конаре,4
подложен,4
мини,4
сменили,4
спречкване,4
извикал,4
отвлякъл,4
всякаква,4
свадата,4
извърви,4
певецът,4
временна,4
банкови,4
раздава,4
законови,4
мотика,4
минимум,4
международният,4
останах,4
осигурят,4
оперират,4
заплашвала,4
огледалото,4
конкуренцията,4
манипулирани,4
ключът,4
ама,4
куртово,4
отвлякоха,4
изгради,4
желаят,4
мълчалив,4
тазобедрената,4
свързваме,4
закрити,4
махала,4
рязана,4
библиотека,4
престоя,4
дай,4
смени,4
предишната,4
усъмни,4
слезе,4
притеснени,4
снахата,4
ташев,4
пламена,4
напомнят,4
разчитат,4
отпреди,4
длъжен,4
потърсихме,4
прехвърлено,4
месечен,4
обсъжда,4
проблемно,4
спиране,4
възниква,4
изолиран,4
информираха,4
викам,4
постъпките,4
инстанции,4
апелира,4
барикадира,4
tiktok,4
нанасял,4
информирани,4
обмислено,4
светът,4
връстничка,4
стоки,4
претърпели,4
депутатът,4
дежурна,4
керанова,4
баланс,4
рогачев,4
приведена,4
клипът,4
съучастие,4
участник,4
константин,4
тая,4
получа,4
личният,4
уволнен,4
включи,4
любен,4
дежурната,4
ума,4
дежурния,4
натали,4
обществените,4
открихме,4
повиквания,4
пречи,4
кооперацията,4
сълзите,4
постъпили,4
превозното,4
последваха,4
насилвани,4
министерският,4
комплексна,4
отрицателен,4
кадър,4
отнета,4
неца,4
обещал,4
здравния,4
свещи,4
срока,4
обаждането,4
живущите,4
пожелае,4
забравяме,4
тина,4
ивайлова,4
правова,4
назначи,4
еспч,4
достига,4
литература,4
забременях,4
командоса,4
реформа,4
галъп,4
интереси,4
дежурните,4
галерията,4
насрочен,4
роли,4
уплашена,4
успеем,4
влачене,4
блокира,4
будителките,4
търсим,4
бежанците,4
влязох,4
капитан,4
изнасилено,4
айтос,4
премиер,4
празненство,4
вкара,4
пътуват,4
основни,4
степ,4
рецидивистът,4
електрически,4
битови,4
донева,4
чакащи,4
извършила,4
портфейл,4
булеварда,4
устна,4
линейки,4
пенсии,4
гевара,4
дневно,4
заведенията,4
лиляна,4
рапърът,4
уроки,4
оцеля,4
нарушаване,4
линкова,4
лошотията,4
жестовият,4
магическата,4
следващо,4
изразя,4
искаха,4
нужните,4
поправи,4
умирай,4
пиротехнически,4
сблъскват,4
махне,4
извадено,4
храната,4
землището,4
инфекция,4
страсбург,4
застават,4
кристо,4
запознаят,4
разцъфнало,4
драгоман,4
закачват,4
кураж,4
предупреждава,4
приписвала,4
начините,4
варианта,4
собственикът,4
терапевт,4
градът,4
пуснали,4
предприемане,4
застреляха,4
красотата,4
зла,4
казвали,4
верига,4
чолаков,4
умствена,4
съборил,4
принудени,4
необяснимо,4
пълната,4
действала,4
събуждала,4
монов,4
вярвания,4
звънна,4
лидери,4
карадакова,4
пожарна,4
буря,4
минева,4
дадено,4
парични,4
лошотия,4
наполовина,4
наричана,4
младен,4
нарушил,4
издръжка,4
глухи,4
замесен,4
позовавайки,4
санкцията,4
пендиков,4
допълнително,4
донесат,4
делта,4
формират,4
пътища,4
съседните,4
притеснения,4
направило,4
отворено,4
взриви,4
чупи,4
гръдна,4
маршрута,4
намушкала,4
методика,4
отглеждането,4
портмоне,4
транспортиран,4
несебър,4
предварителни,4
нюз,4
кооперация,4
констатирана,4
реагираха,4
извеждане,4
вирус,4
убитото,4
знаеха,3
учим,3
старини,3
разстрел,3
приемен,3
остри,3
основателни,3
силният,3
домъчняла,3
станоев,3
коронавирусът,3
ударили,3
представите,3
свалени,3
найденов,3
братовчед,3
прецъфти,3
защитават,3
нелепи,3
комфорт,3
сцени,3
мене,3
обучението,3
вярвай,3
камионът,3
изплати,3
битки,3
прегледан,3
пожелавам,3
избити,3
тричасов,3
неравнопоставеност,3
филми,3
осакатена,3
реалност,3
гешева,3
използвайки,3
коледно,3
пирдоп,3
кандидатства,3
клевета,3
хулиганско,3
равна,3
канин,3
обсъди,3
милчо,3
майко,3
убитият,3
покажа,3
приближи,3
имотите,3
намушкан,3
буди,3
завежда,3
ударът,3
продължавало,3
крещи,3
постигнахме,3
птички,3
лъжовно,3
изключвам,3
погаси,3
сравнително,3
добрини,3
знамената,3
отиваме,3
pst,3
официални,3
отворил,3
вапцаров,3
отпечатък,3
заключава,3
последователно,3
почна,3
писали,3
убили,3
централна,3
продажбата,3
даниелка,3
осъждания,3
омагьосани,3
страдаше,3
вкаменена,3
дунавската,3
избрах,3
разпространените,3
неведнъж,3
прабългарите,3
древните,3
конституционния,3
окичват,3
шокирана,3
колиба,3
мениджърът,3
напомнил,3
психичноболен,3
постоянното,3
оберат,3
умно,3
обучават,3
предишният,3
постъпила,3
писаха,3
операциите,3
изводи,3
отнето,3
слиза,3
изключение,3
спасението,3
подписи,3
собствеността,3
фирмите,3
присъдите,3
украинска,3
димитринка,3
катастрофи,3
застава,3
откарани,3
меко,3
унижението,3
въвел,3
облага,3
покори,3
доходи,3
димова,3
старецът,3
преминаха,3
връщане,3
инструмент,3
семейно,3
застрахователя,3
намаляват,3
бюджетът,3
наградите,3
забелязан,3
качулки,3
касаещи,3
вероятният,3
дочула,3
наблюдавана,3
велкова,3
чакащите,3
докрай,3
любимият,3
сваляй,3
козите,3
ана,3
ефектът,3
ефир,3
изхвърли,3
мъжкар,3
симеоновград,3
положат,3
разпоредбите,3
любовните,3
ресторант,3
слушат,3
закъснял,3
преведете,3
закъсняла,3
моментите,3
топола,3
предизвикателство,3
татко,3
наблюдаващи,3
гарантират,3
федра,3
изборния,3
продължиха,3
примери,3
смекчаващи,3
съмишленици,3
произведение,3
поправки,3
попитам,3
котки,3
разправията,3
работодателите,3
великова,3
застанах,3
чифта,3
диманова,3
стационарния,3
разкайва,3
цветът,3
нахвърлили,3
критика,3
плача,3
правосъдния,3
набира,3
сложила,3
хубав,3
губят,3
колебаят,3
смирена,3
овцете,3
подбрала,3
образуване,3
любими,3
невестата,3
съседски,3
тейко,3
джесика,3
изборните,3
поколението,3
задава,3
трудните,3
поръчката,3
минах,3
кризата,3
превъзходство,3
законите,3
интелигентни,3
обеля,3
честна,3
скандалите,3
раница,3
експлоатационен,3
шофьорка,3
вероятната,3
шокирани,3
наемателят,3
мислила,3
възмутена,3
инвалидна,3
грънчарова,3
присъстват,3
връзват,3
превишена,3
научите,3
срамува,3
кожухчето,3
планират,3
дишаме,3
офис,3
работих,3
обидите,3
прекарала,3
изследванията,3
протестни,3
онкологични,3
загинаха,3
морски,3
безучастно,3
натам,3
секция,3
лесни,3
карала,3
отговорил,3
високорискови,3
ради,3
следят,3
карнобат,3
туризъм,3
населено,3
намесила,3
успявам,3
помете,3
брата,3
отказвал,3
обсъдят,3
откажа,3
отговоря,3
единствения,3
боян,3
нарушени,3
подпомогнат,3
калчева,3
спрян,3
запалиха,3
невидими,3
хванати,3
андонов,3
инжекция,3
заявено,3
безопасно,3
безработна,3
съществуването,3
запалят,3
клинична,3
ликувай,3
безмилостно,3
набъбналата,3
вземи,3
проявена,3
sms,3
алея,3
обраха,3
старческия,3
последващото,3
минус,3
увеличи,3
системни,3
наргиле,3
преследвания,3
извеждай,3
спорта,3
елисавета,3
попасе,3
божанова,3
родило,3
носели,3
посее,3
пеева,3
стоката,3
продадена,3
запазил,3
малтретира,3
срязана,3
текстът,3
описа,3
ядосал,3
отчуждението,3
намериш,3
развържи,3
андрю,3
усмихвала,3
опрял,3
събрала,3
станчева,3
бистрица,3
паша,3
волга,3
неволно,3
напоследък,3
желю,3
интензивно,3
демократично,3
вилната,3
централните,3
избран,3
партньорите,3
ком,3
дружина,3
чудната,3
хали,3
птичката,3
пушат,3
чужд,3
забавление,3
разкрития,3
радойчева,3
булка,3
скрила,3
шоубизнеса,3
полетяла,3
птичка,3
цвети,3
шофьорската,3
авторката,3
трудности,3
бдение,3
бандата,3
магуфули,3
боряна,3
симов,3
пъргава,3
карали,3
драглище,3
надвиснали,3
птичките,3
потресени,3
боса,3
никак,3
процеси,3
опитваме,3
прелитали,3
златно,3
завел,3
душене,3
изнасилвач,3
упражнявано,3
бира,3
краде,3
думат,3
създаден,3
огряло,3
слънчице,3
униформени,3
зер,3
топлина,3
спирана,3
ценово,3
подкарала,3
невеста,3
облаци,3
снежина,3
шестимата,3
киров,3
ветрове,3
огромен,3
вътрешен,3
тревица,3
стопляла,3
малолетен,3
илинов,3
тревички,3
лошата,3
забрулили,3
велиев,3
гадинки,3
възнамерява,3
звъннах,3
предписана,3
артисти,3
дадения,3
погалвала,3
мълчат,3
професионална,3
седмокласничка,3
завършване,3
кметският,3
кореспондента,3
палат,3
смяната,3
повикана,3
твърдеше,3
блестяло,3
майчинство,3
заслужават,3
наследниците,3
вътова,3
развила,3
благата,3
простора,3
завържи,3
гора,3
противодействие,3
прост,3
разнасяло,3
телетата,3
построи,3
проявено,3
навътре,3
привържениците,3
признанието,3
ручея,3
мученето,3
болезнена,3
твърдението,3
меламед,3
разноски,3
случка,3
качихме,3
поддържали,3
тренд,3
заглавия,3
секнал,3
предварителна,3
съдържат,3
хамид,3
извисявали,3
претекст,3
деменция,3
шишове,3
опровергават,3
свързах,3
задълбочават,3
пощата,3
ромонът,3
сключила,3
въртели,3
непокорната,3
спътника,3
философия,3
цъфтят,3
късметът,3
акцент,3
делчо,3
въоръжен,3
ройтерс,3
кожа,3
прякор,3
езически,3
светофара,3
европейските,3
представиха,3
израснала,3
поста,3
посоката,3
хронично,3
мафия,3
забавляват,3
покровителство,3
принципи,3
снахо,3
оцени,3
агнетата,3
блеенето,3
мозъчно,3
терена,3
донесли,3
ускори,3
малолетна,3
предварителен,3
танзания,3
съобразно,3
гробища,3
овчарка,3
наказателните,3
предположи,3
кърпикожусите,3
джип,3
заговорило,3
управляват,3
птиче,3
захванала,3
пъстро,3
долетяло,3
оперативна,3
люта,3
горещите,3
разпита,3
свекърът,3
приемника,3
тоя,3
отправили,3
могъщият,3
навършва,3
реабилитиран,3
риболов,3
прехвърля,3
родили,3
препоръка,3
летях,3
крила,3
бурята,3
извършвали,3
висшия,3
тъжи,3
еоод,3
произшествия,3
зашибал,3
думал,3
блъснати,3
погребана,3
опечален,3
дедите,3
обичая,3
направените,3
търг,3
глухите,3
джендър,3
растяла,3
манов,3
изобилие,3
замлъкнали,3
превантивна,3
движил,3
посолство,3
продал,3
собствен,3
отвориха,3
склоняване,3
ритат,3
газова,3
повелявал,3
разказали,3
трънчовица,3
дружеството,3
редки,3
дарове,3
гръдната,3
сковала,3
вирджиния,3
издъхне,3
жертвените,3
документиране,3
фамилията,3
илия,3
едноименния,3
злоупотребявал,3
билката,3
марко,3
разпоредена,3
преписката,3
пенева,3
насочена,3
формата,3
определение,3
ръководни,3
заподозрени,3
показали,3
работели,3
швейцария,3
побойника,3
възнамеряват,3
изнасилвания,3
заградителни,3
вдигам,3
дало,3
убедили,3
заключеното,3
подкуп,3
побягнал,3
оттегляла,3
постове,3
поделение,3
опитваше,3
местопроизшествие,3
мисленето,3
френски,3
клиентка,3
изкуства,3
определянето,3
наказателният,3
беззащитна,3
сценарист,3
светлана,3
зарадва,3
стария,3
координати,3
фрапиращи,3
прерасна,3
съкратено,3
радулова,3
вербална,3
породата,3
писа,3
предизвикан,3
местно,3
продължиш,3
вярвала,3
рейса,3
интелигентно,3
баретите,3
хасковско,3
оставила,3
върнати,3
божи,3
официалната,3
челюст,3
защитавам,3
стъпала,3
писъците,3
напитки,3
оряхово,3
фотомодел,3
толерирам,3
идеология,3
опора,3
пазим,3
споделило,3
зависима,3
алкохолни,3
преместени,3
обмислят,3
ценно,3
удобно,3
динева,3
отмени,3
отправяне,3
увеличил,3
метла,3
репресии,3
нахлул,3
преместил,3
задълбочава,3
масла,3
предприетите,3
търсели,3
улици,3
кривошиева,3
студентите,3
отложено,3
мечо,3
неизвестен,3
разпределен,3
обвинената,3
разминавания,3
съучастници,3
гръмна,3
ваканцията,3
кран,3
тръгнаха,3
книжката,3
организаторът,3
твърдял,3
тераса,3
стигнал,3
нкжи,3
стандартната,3
телевизионни,3
успокои,3
пра,3
ботокс,3
крачки,3
създадем,3
принципите,3
чара,3
центърът,3
достигат,3
негативните,3
допускат,3
дон,3
коалицията,3
храм,3
собственика,3
планиран,3
медарова,3
новогодишно,3
пръст,3
мода,3
йочколовски,3
манол,3
допуснат,3
каси,3
джаферович,3
футбола,3
тренирам,3
влак,3
близко,3
забавил,3
груб,3
изпуснала,3
прострелването,3
кремират,3
вързала,3
цитира,3
преместване,3
vod,3
чумата,3
открием,3
налагало,3
меричлери,3
отнесена,3
комисии,3
ледена,3
борован,3
чичото,3
войнов,3
чути,3
хапал,3
погледна,3
чешмата,3
клиентката,3
науча,3
занимавам,3
преки,3
лавинообразно,3
ученият,3
осъзнаят,3
капки,3
взет,3
разпределени,3
провокиран,3
жуан,3
бижута,3
сложил,3
персонал,3
кошмарно,3
ведомствено,3
радостина,3
дамска,3
сериозността,3
достигнали,3
набила,3
цоков,3
произвел,3
фалшив,3
дебатът,3
усещах,3
възпитателно,3
наяве,3
ефективните,3
неизвестни,3
поредният,3
преквалифицирано,3
пращала,3
хирургията,3
обръсната,3
настанят,3
прехвърлени,3
хвърлени,3
западна,3
кончината,3
автентични,3
отзовал,3
оттеглят,3
административни,3
фен,3
написаха,3
легна,3
гимнастика,3
кислород,3
специализираният,3
съхраняват,3
говориш,3
обясних,3
отговаряше,3
щастливата,3
училищното,3
постъпката,3
детайл,3
ковид,3
отпред,3
двустранна,3
отчетени,3
търпях,3
празнува,3
глад,3
строго,3
силната,3
неприкосновеност,3
дърпане,3
видеоклипове,3
спукан,3
аспект,3
прибрах,3
bulgaria,3
череп,3
пожелава,3
заявяват,3
стена,3
пренасочени,3
бара,3
изискванията,3
снимано,3
противоречиви,3
разправа,3
треньори,3
студенти,3
завършили,3
гордост,3
евентуален,3
хелзински,3
картини,3
спецпрокуратурата,3
трудни,3
спечеля,3
обявени,3
колежката,3
узунова,3
баскетбол,3
полска,3
отопление,3
вярваш,3
следващ,3
гледаш,3
влака,3
уволнение,3
едновременно,3
облечен,3
обвинените,3
оставали,3
секс,3
отразено,3
разглежда,3
тайни,3
възложил,3
възнаграждение,3
подкаста,3
чат,3
откриването,3
структури,3
молдова,3
всичкото,3
глоби,3
доходите,3
тир,3
токсикология,3
спонтанно,3
пребие,3
малолетното,3
църквата,3
независимостта,3
наказателното,3
мутафчийски,3
късния,3
намерение,3
полага,3
храня,3
навърши,3
преподавател,3
прехраната,3
домакинство,3
платното,3
синя,3
бар,3
извършвал,3
чиния,3
дойдохме,3
провеси,3
меден,3
петка,3
бурна,3
постановена,3
демократична,3
тайната,3
чатове,3
измие,3
затворила,3
пристигнаха,3
командос,3
годни,3
площадката,3
нали,3
синините,3
пътувал,3
рибчева,3
честите,3
оказване,3
болеше,3
pic,3
балкон,3
запознаем,3
погребат,3
нелеп,3
съседа,3
светослав,3
решаваме,3
станалото,3
прострелва,3
приятно,3
спъва,3
творчество,3
арт,3
счетоводител,3
анкетираните,3
възмутени,3
редно,3
последвало,3
българче,3
позволят,3
доротея,3
заплашват,3
протокола,3
златна,3
телефонният,3
достъпът,3
класният,3
живяло,3
чувам,3
психиатрия,3
филиповци,3
незаконни,3
представена,3
бялата,3
отстъпи,3
излизането,3
слуша,3
излежи,3
предпазване,3
автопатрул,3
приятелство,3
музей,3
избора,3
уроци,3
тия,3
докарана,3
народа,3
транспортира,3
променил,3
технологии,3
освобождаването,3
разговарях,3
журналиста,3
казанлъшкото,3
първомай,3
данс,3
появата,3
увеличат,3
обичали,3
лукаров,3
дянов,3
пране,3
кюстендилската,3
дължал,3
дефицит,3
заключено,3
сменя,3
продължавал,3
изолирани,3
върнато,3
годеницата,3
прякото,3
съмняват,3
влошени,3
трогна,3
българина,3
ограничители,3
цифри,3
сделката,3
радомир,3
свободата,3
пламъци,3
уважено,3
звън,3
спасило,3
външна,3
интересуват,3
карантината,3
инспектората,3
раменете,3
дози,3
билети,3
директори,3
изминалите,3
смъртни,3
адв,3
интензивни,3
отделения,3
куриер,3
страшните,3
възлага,3
получените,3
разглеждат,3
притече,3
колегии,3
стихия,3
извор,3
цветята,3
оплаче,3
питали,3
изпитанието,3
курорта,3
игри,3
платят,3
изправен,3
недвижим,3
ловешко,3
бриана,3
можахме,3
попълнил,3
кръчмаров,3
скулптор,3
осма,3
внесен,3
адвокатските,3
рискът,3
усмихнатото,3
разположение,3
щяхме,3
урумова,3
дано,3
генерално,3
преживяват,3
случила,3
рискува,3
местонахождение,3
наум,3
уникален,3
приемно,3
опис,3
пожелаха,3
такса,3
морския,3
характеристиките,3
коста,3
регионални,3
дължимата,3
върнем,3
умишлен,3
подало,3
депресия,3
съкратена,3
петия,3
психиатричната,3
хубавото,3
белева,3
дебело,3
ремонтира,3
травмата,3
висулка,3
представял,3
кипър,3
анонимно,3
каролин,3
разкъсно,3
контузна,3
комоцио,3
домашна,3
застрашена,3
госпожа,3
ливан,3
свидетелят,3
съседен,3
блъскал,3
мъжкия,3
хола,3
грижела,3
художник,3
поела,3
преживяемост,3
нарежда,3
ченге,3
разпознаят,3
възпитателите,3
латвия,3
вълчев,3
обърнах,3
миланка,3
поддържала,3
род,3
ужасите,3
крайни,3
димана,3
потърпевшият,3
преля,3
извинения,3
пирони,3
обработена,3
понастоящем,3
осъзнал,3
драмата,3
бухалки,3
точен,3
портала,3
вкус,3
почувствах,3
изпълнен,3
съгласих,3
отидем,3
градец,3
ботевград,3
красив,3
довел,3
икономическа,3
заплашиха,3
безжизнено,3
носът,3
срив,3
легла,3
чета,3
негативен,3
бастун,3
симеон,3
плик,3
администрацията,3
предписание,3
изпитателния,3
предлагаме,3
разпитана,3
табела,3
математическата,3
преместена,3
ефективното,3
умра,3
тестове,3
настоящето,3
природо,3
стопанина,3
репортери,3
босилеград,3
прокурорка,3
веселка,3
борисовата,3
пристигнал,3
жана,3
неясни,3
късмета,3
достъпни,3
трафика,3
мебелите,3
таков,3
кючук,3
съвкупление,3
оплакало,3
овладяване,3
къса,3
обира,3
публикуваха,3
посвети,3
възбуди,3
пълнолетният,3
реагирал,3
водещият,3
валерия,3
достояние,3
предстоящите,3
флирт,3
претърсвания,3
наследник,3
мма,3
водел,3
организирали,3
неуредени,3
мотива,3
огледало,3
дарила,3
диков,3
ивицата,3
спирал,3
предоставено,3
компютъра,3
съгласила,3
приемна,3
лифта,3
звездите,3
компютърни,3
стадо,3
повярват,3
чисти,3
нагла,3
отсъствие,3
ранното,3
предвидено,3
начело,3
капка,3
изискването,3
обхваща,3
момиченца,3
нагло,3
билд,3
съединените,3
щати,3
сплашване,3
отивала,3
църква,3
криминализиране,3
известният,3
милиони,3
появят,3
обичат,3
посегнах,3
лъвов,3
енина,3
открила,3
игрите,3
чакаха,3
обаждах,3
указано,3
изнасилвана,3
балчик,3
трагедии,3
крещяла,3
въпросният,3
състава,3
кушева,3
заседанията,3
звено,3
осъдена,3
докладвани,3
зрението,3
безпомощност,3
увеличен,3
достигнал,3
илина,3
кюстендилско,3
троянската,3
атанасова,3
съществен,3
депозирал,3
арестуват,3
примирието,3
приоритетните,3
рядка,3
увеличаването,3
седми,3
психиката,3
паркове,3
реч,3
найден,3
насрещното,3
поръчка,3
нападки,3
правни,3
авторът,3
малтретирани,3
непозната,3
международно,3
сираци,3
стриктно,3
акад,3
гроба,3
вътрешно,3
грижата,3
пристъп,3
андреева,3
налични,3
историкът,3
разведени,3
известния,3
листа,3
изпълнителни,3
тежкия,3
смъртността,3
пенчо,3
доведат,3
плаж,3
опитат,3
лято,3
невероятно,3
цигари,3
анорексия,3
покойник,3
боже,3
бразилия,3
корупцията,3
благоевградската,3
известие,3
правили,3
навечерието,3
преборят,3
прекъсване,3
пререкания,3
конференция,3
езика,3
валя,3
забрани,3
манолова,3
излекува,3
алианса,3
страхувам,3
поднася,3
спомен,3
законодателите,3
вход,3
ратификацията,3
огнестрелна,3
отбелязват,3
прекършени,3
йоурова,3
знака,3
обслужва,3
класация,3
нужди,3
месеците,3
казваме,3
кариерата,3
вдъхновява,3
влияе,3
склероза,3
здрав,3
питам,3
обичал,3
моделът,3
международни,3
конкурси,3
удобни,3
опиша,3
bgubbs,3
всестранно,3
талантливи,3
гуркова,3
ежедневна,3
търсените,3
базар,3
казино,3
институционалната,3
влошаване,3
картата,3
отлагане,3
арести,3
установиха,3
биячите,3
диагностика,3
гледал,3
рентгеновата,3
подам,3
попфолк,3
бедрена,3
джоба,3
княжево,3
съответната,3
арестът,3
здрава,3
твърдя,3
слагат,3
учебно,3
пътеки,3
пренебрегват,3
контузия,3
строгост,3
заключенията,3
изчезналото,3
секундата,3
нанесена,3
нередно,3
касата,3
приятелски,3
вергов,3
финанси,3
стереотипите,3
дължат,3
третият,3
успехите,3
командир,3
изкарват,3
свърша,3
петокласничката,3
преценил,3
духа,3
вечеря,3
кандидатстване,3
признаците,3
оперира,3
предотвратила,3
въоръжени,3
внесат,3
смятах,3
прецизира,3
осиновяване,3
сумер,3
бъди,3
изтекоха,3
егн,3
загубим,3
популярност,3
club,3
представила,3
елементи,3
средното,3
застанат,3
граничи,3
прозрачност,3
нарязани,3
пишем,3
пищи,3
трудното,3
компонент,3
грешката,3
раева,3
раев,3
концерта,3
отнемат,3
постъпвали,3
актуална,3
дрон,3
гладстон,3
талантлив,3
отцепен,3
помагали,3
шахта,3
разхождала,3
обърнала,3
плочата,3
вляза,3
неимуществени,3
янакиев,3
старт,3
ключово,3
малтретирал,3
връзките,3
организиране,3
общинския,3
самостоятелно,3
домоуправителят,3
легнал,3
заспал,3
поемат,3
чайка,3
кнсб,3
човешка,3
безхаберие,3
изключения,3
изхвърлил,3
действаме,3
наследници,3
ина,3
позова,3
приберат,3
получаваме,3
показахме,3
внимателен,3
оправя,3
предотвратено,3
цветеслава,3
гълъбова,3
днешно,3
комплекси,3
женските,3
яде,3
кожухарова,3
преждевременно,3
спречквания,3
административна,3
превантивни,3
бърз,3
нападал,3
точна,3
връстници,3
организма,3
даряват,3
животоспасяващо,3
препоръки,3
изпращат,3
абитуриенти,3
започване,3
демокрация,3
съпротивлява,3
унижения,3
окончателна,3
базирано,3
започваш,3
съученички,3
изглеждаш,3
ескалацията,3
работната,3
рогева,3
вратите,3
инсп,3
мултидисциплинарен,3
забраната,3
шофира,3
защитила,3
отделно,3
опасения,3
издали,3
притежавал,3
тийнейджърка,3
издала,3
разходите,3
следобедните,3
петранова,3
резултата,3
зомбори,3
водата,3
регистрирано,3
цсмп,3
тричленен,3
въведена,3
реанимационни,3
меркел,3
освободено,3
изпълнителният,3
сдружението,3
обезщетението,3
приближих,3
независими,3
финансовата,3
приели,3
посети,3
кабел,3
оживена,3
дневния,3
отскоро,3
научава,3
сложни,3
посреща,3
прякора,3
господин,3
мебели,3
тревожен,3
димитра,3
гори,3
частите,3
отваря,3
самотната,3
откриват,3
достъпа,3
познаваме,3
ценна,3
квалифицирано,3
подгонил,3
изкарат,3
смятаме,3
укриването,3
ампутация,3
стоева,3
погледне,3
цифрите,3
докосне,3
елфи,3
поискахме,3
икономика,3
пункта,3
остър,3
достойнството,3
увеличението,3
пенсиите,3
необходимия,3
осигурителен,3
асистенти,3
заетост,3
работни,3
дългогодишно,3
изготвени,3
вещество,3
хаджигенов,3
жукивская,3
морална,3
ния,3
янакиева,3
побойничките,3
бягство,3
срещнат,3
отведена,3
повишаване,3
сектори,3
плода,3
девойка,3
масово,3
цифра,3
лява,3
осигурена,3
тревожно,3
искрено,3
познания,3
сърца,3
актовете,3
битата,3
прекратено,3
притеснявам,3
макариев,3
турлаков,3
ребро,3
намерените,3
целенасочена,3
електрическа,3
виноград,3
обявяваме,3
разследвания,3
алармират,3
досъдебните,3
майска,3
кадир,3
вчерашната,3
недостатъчна,3
възложени,3
звънят,3
казахме,3
пропаганда,3
защитника,3
очаквал,3
клиента,3
дадена,3
движела,3
отричал,3
портал,3
укроти,3
решителни,3
сътрудник,3
периоди,3
поп,3
наета,3
седнеш,3
тъжната,3
болногледачката,3
неясно,3
свържа,3
вменена,3
фатално,3
вътрешни,3
чудех,3
боксьора,3
съзнателно,3
равен,3
едните,3
бежанци,3
започнати,3
газови,3
приближени,3
синдром,3
запознати,3
иззета,3
постовете,3
ключови,3
допълнения,3
самотни,3
поискам,3
въвеждане,3
декларацията,3
пакети,3
консенсус,3
припознаят,3
приоритетно,3
публикуван,3
подписа,3
салони,3
парашут,3
помагаме,3
откаже,3
оля,3
закупят,3
аптеки,3
взеха,3
бориславова,3
каравелова,3
отделят,3
областен,3
запазят,3
акцентира,3
наличие,3
балистична,3
анализи,3
ранени,3
спорът,3
безспорни,3
седемте,3
ламбев,3
силистренско,3
средни,3
неправителствена,3
сезирана,3
казвала,3
предприехме,3
започвам,3
разкриваме,3
уплаших,3
толерира,3
мойсев,3
състезател,3
настоя,3
мандата,3
дискусия,3
женско,3
постановява,3
причакал,3
удуши,3
операционната,3
липсващия,3
врагът,3
прибра,3
връщах,3
нормалното,3
върнах,3
свободи,3
преодолее,3
срама,3
изведено,3
любо,3
vbox,3
призива,3
фактори,3
получена,3
конкретният,3
мусева,3
стабилизирана,3
богутлиева,3
липсваше,3
готовност,3
жалост,3
нарани,3
жилищния,3
струват,3
компенсира,3
спасява,3
достоен,3
позволяваше,3
реплика,3
информатика,3
школа,3
ахмед,3
заловеният,3
предложените,3
викторова,3
купя,3
заловен,3
съдействието,3
ангажименти,3
околностите,3
екипаж,3
довеждането,3
появяват,3
биволи,3
неотложна,3
учудени,3
отчетоха,3
демонстрациите,3
удушаване,3
рождения,3
писъци,3
евентуалния,3
взимал,3
предвиденото,3
мустафова,3
гюнай,3
търговищко,3
приличат,3
тегло,3
телевизор,3
преса,3
зашита,3
изпитания,3
дъщеричката,3
уведоми,3
лагерите,3
белене,3
паоло,3
чанева,3
караше,3
проверени,3
изневерила,3
злоупотреба,3
статева,3
притискал,3
загубиш,3
стомаха,3
регистрирана,3
сватба,3
младия,3
кръга,3
сексуалните,3
потърпевш,3
опитахме,3
щръклево,3
индивидуална,3
икономическата,3
увеличило,3
позвъни,3
изпратена,3
изневяра,3
прибирали,3
преподавателка,3
морален,3
омъжена,3
въведени,3
изстрелите,3
днешния,3
противоречива,3
лидера,3
послужи,3
християн,3
пребития,3
народна,3
хирург,3
констатирано,3
правен,3
изчакат,3
карбовски,3
обективната,3
чакъров,3
отпразнува,3
идентичността,3
ръба,3
изгрев,3
предполагаемия,3
дежурство,3
хинков,3
застрелял,3
опитите,3
издържат,3
софийско,3
десетките,3
полезен,3
интересното,3
панорка,3
щастието,3
връщаш,3
призрак,3
накажат,3
следния,3
bgrzbb,3
загинало,3
планинската,3
стойности,3
безобиден,3
катерила,3
бездействието,3
последни,3
затворен,3
наблюдаваме,3
ползват,3
страшното,3
седмия,3
обясненията,3
тъкани,3
преживяно,3
гинекологичен,3
прекрати,3
масови,3
атакува,3
споделена,3
сексуалното,3
нежелани,3
епизод,3
изложени,3
сава,3
нисък,3
слага,3
анализират,3
надеждност,3
показаха,3
метод,3
данаил,3
приложи,3
френската,3
сексът,3
домакинства,3
прекратява,3
гледаме,3
величкова,3
инициативи,3
времена,3
пашов,3
козметични,3
семейното,3
синове,3
скок,3
потърсил,3
травматични,3
оправдавам,3
оправдание,3
десета,3
притесних,3
отидоха,3
забранява,3
адвокатката,3
криминализирано,3
отделни,3
престъпни,3
монтирани,3
скрие,3
касабов,3
контрола,3
гинеколог,3
болкоуспокояващи,3
докторът,3
луканов,3
ген,3
учение,3
отговорно,3
критиките,3
провеждане,3
длъжността,3
късметлия,3
неправилна,3
нещастен,3
разговарят,3
военните,3
hpv,3
обикалят,3
припомни,3
последна,3
психологична,3
режисьорът,3
дискутираха,3
жици,3
контактната,3
произшествие,3
учението,3
игнатиево,3
гледате,3
мирчев,3
придобива,3
табачка,3
отвлечено,3
извършените,3
ухо,3
излежал,3
грозят,3
движат,3
техеран,3
неправилно,3
световни,3
раздадени,3
трае,3
женското,3
едномесечния,3
военни,3
виновният,3
психотест,3
инфекции,3
командирът,3
спасени,3
осъществил,3
категория,3
контузии,3
петорна,3
наново,3
ада,3
призивът,3
внимателно,3
сключване,3
областна,3
велислава,3
набирани,3
села,3
получавани,3
ръководена,3
запечатан,3
квартири,3
гецово,3
пребиваване,3
тероризъм,3
фиктивен,3
арх,3
клинков,3
велика,3
природния,3
пожарникари,3
разпоредби,3
крещеше,3
обещават,3
аборт,3
устойчивост,3
стабилизация,3
татуировки,3
икономическия,3
цена,3
рехабилитатор,3
уведомил,3
конкретно,3
процесуален,3
гинекологът,3
депутата,3
находки,3
координатори,3
джапанки,3
взривиха,3
потребители,3
падне,3
попинци,3
пътният,3
обичани,3
безхаберието,3
поляна,3
лозен,3
знание,3
разследващия,3
гарабед,3
турска,3
финалната,3
приемем,3
придобие,3
плевнелиев,3
останките,3
колебание,3
напусна,3
гонят,3
научили,3
хванаха,3
доктора,3
паника,3
телеграф,3
седмично,3
хемодиализа,3
борила,3
кръвопреливане,3
приложените,3
ракът,3
пое,3
изискани,3
урок,3
жизнено,3
заколя,3
спасяване,3
горите,3
участъка,3
срязал,3
районът,3
горска,3
оператори,3
съвместните,3
обед,3
природни,3
бакалов,3
дск,3
разбираме,3
полски,3
подбедриците,3
дойдох,3
валута,3
политиките,3
залее,3
желаещите,3
широко,3
откраднатите,3
притежание,3
пръста,3
ванева,3
полименов,3
доход,3
припомним,3
бумбарова,3
предприел,3
спят,3
употребили,3
охранителите,3
назначаване,3
извадиха,3
изведени,3
шипка,3
намерих,3
звънях,3
изпълни,3
плаче,3
блудствените,3
пловдивска,3
оказано,3
привлякла,3
задача,3
точния,3
влиянието,3
общинската,3
повлияе,3
считат,3
заведени,3
аргументите,3
подсъдимата,3
синдел,3
заснета,3
враждата,3
провокирало,3
дончева,3
ритник,3
певеца,3
потърсило,3
спора,3
еднакво,3
приберем,3
телевизионен,3
грешки,3
правомощията,3
преценява,3
изляза,3
чук,3
проучвания,3
мечтая,3
здрави,3
стълбището,3
засечен,3
оператор,3
усъмнили,3
заплашена,3
поток,3
доведена,3
изтърпяно,3
опечалената,3
пастрокът,3
инспекторите,3
съседно,3
адски,3
проявявал,3
парти,3
съпричастни,3
играят,3
спасяват,3
вселената,3
целува,3
положителни,3
мазето,3
безсилие,3
тротинетки,3
изхвърлени,3
превозни,3
нерегламентирани,3
жестока,3
прегазеното,3
глобят,3
пристигна,3
караме,3
съгласил,3
въвеждаме,3
използването,3
горещ,3
белези,3
беседа,3
съставен,3
актът,3
заплашвани,3
изявление,3
нощи,3
носилка,3
клони,3
вървяла,3
дамската,3
отчел,3
кръгла,3
колегия,3
заседания,3
бито,3
първенство,3
заемат,3
благоев,3
обл,3
герои,3
заключил,3
тръбата,3
черната,3
ники,3
шестте,3
приказката,3
кротко,3
печелившия,3
изплашена,3
наложиха,3
светъл,3
виковете,3
сън,3
продуцент,3
новинар,3
атаки,3
наследява,3
признание,3
виена,3
организационни,3
живееше,3
лаборатория,3
откраднаха,3
интересите,3
вълканова,3
изнасилвал,3
селимински,3
международните,3
разкъсан,3
държавно,3
чуждестранни,3
ставал,3
източниците,3
бежанка,3
пуска,3
мануел,3
измислица,3
отчаяна,3
тъжно,3
изненадани,3
хирурзи,3
частния,3
балони,3
естония,3
усети,3
захвърлено,3
максим,3
обедини,3
непълнолетната,3
тревожни,3
състезания,3
случили,3
министри,3
велосипед,3
разследванията,3
прострелял,3
твърдо,3
обърнали,3
станеш,3
спасяването,3
положени,3
нееднократно,3
потенциално,3
подписката,3
приключим,3
врачанският,3
осребри,3
описанието,3
уравнението,3
отличава,3
паркът,3
печелившият,3
хвърлят,3
новогодишната,3
състави,3
любомиров,3
старта,3
внесеното,3
булфото,3
болничното,3
тестът,3
напреднала,3
тишевица,3
хюсейн,3
упреци,3
очакваните,3
университетската,3
предявиха,3
затлъстяване,3
влошило,3
мечката,3
обвинители,3
предложени,3
алия,3
назначаването,3
служебния,3
силовият,3
кухнята,3
златев,3
шофьорите,3
законова,3
бабичката,3
жандармерия,3
насред,3
турнето,3
огънят,3
дейностите,3
треньорка,3
отправените,3
тормозена,3
изплатена,3
спад,3
последиците,3
излязох,3
толстой,3
гадже,3
скенера,3
дълбоки,3
спокойни,3
пейка,3
затруднение,3
нощем,3
черво,3
престижа,3
веско,3
ревански,3
мечки,3
vesti,3
придружени,3
копия,2
изтъкват,2
гражданското,2
кататсрофа,2
представяща,2
угасва,2
равнището,2
производител,2
редовна,2
човещината,2
антидекубитална,2
викай,2
лалчева,2
годишата,2
кюрдски,2
корупционни,2
годеч,2
консумирали,2
откриване,2
влюбен,2
представляват,2
бога,2
хорн,2
плажа,2
наместник,2
регистъра,2
партида,2
перфектно,2
южния,2
разкрита,2
месечна,2
сумите,2
целеви,2
отклонява,2
британският,2
крехката,2
осъдила,2
представената,2
тронвил,2
идентични,2
котка,2
девойки,2
следствените,2
държанието,2
магии,2
спасителната,2
унизително,2
разминаване,2
измръзване,2
маршрут,2
свалиха,2
ходилка,2
правораздавателната,2
hello,2
антидекубитален,2
корупция,2
датите,2
възглавница,2
позволиха,2
дюшек,2
температурите,2
множествена,2
разбирателство,2
ортопедични,2
препратена,2
длъжницата,2
американец,2
великов,2
обиколи,2
милионер,2
уотсън,2
сигнализирали,2
дронове,2
бенова,2
сашова,2
йорк,2
принцът,2
формулирани,2
родови,2
подадоха,2
аху,2
изделия,2
помощни,2
предоставените,2
комбиниран,2
проклятия,2
рингова,2
наличните,2
водещата,2
фотоалбум,2
мугла,2
бъдещите,2
максимален,2
ранни,2
хуманитарни,2
притисната,2
батак,2
диалог,2
традицията,2
предпочете,2
ромската,2
илюзията,2
наречем,2
подарява,2
колелото,2
доброта,2
сформирани,2
асфалт,2
равносилно,2
подозирал,2
появил,2
продуктите,2
горски,2
нервна,2
любим,2
ахтопол,2
посрещнат,2
железния,2
файтон,2
позовават,2
ниските,2
музикант,2
изясняването,2
парцелът,2
преценили,2
реалните,2
слязат,2
невредими,2
флаг,2
отцепено,2
възползвал,2
незаконна,2
павлова,2
изградили,2
гъстата,2
растителност,2
вирусна,2
течеше,2
развило,2
белодробно,2
първоначалният,2
обхват,2
мобилните,2
научат,2
допуснали,2
застанала,2
прабаба,2
спекулациите,2
свещ,2
припаднало,2
обиколиха,2
разградската,2
времената,2
изяснени,2
бащинство,2
възникнали,2
припадъкът,2
финала,2
симитли,2
обследват,2
доспат,2
девин,2
недко,2
детенце,2
локализирани,2
пламнала,2
плевенската,2
маточната,2
формиране,2
джипът,2
vip,2
драганов,2
визия,2
притеснителен,2
предложена,2
късен,2
младоженци,2
уличка,2
измъчва,2
завърта,2
разбита,2
автоимунно,2
конвенцията,2
кьорев,2
столипиново,2
чужденец,2
контузени,2
странен,2
браковете,2
изключим,2
сключвани,2
севда,2
обитавана,2
независим,2
срамежлив,2
liujoglobal,2
отборът,2
ваксина,2
ботуши,2
съгласят,2
гардероба,2
liujopeople,2
застрахователите,2
мачът,2
шийка,2
сключения,2
кафето,2
шенгенското,2
дъжд,2
подпишат,2
нямаха,2
водичка,2
воден,2
опитваха,2
свестят,2
издирвана,2
адриана,2
чист,2
седя,2
алкохола,2
свести,2
законов,2
придобиват,2
прочела,2
тетевенски,2
одобри,2
сключили,2
заживяват,2
припознават,2
изглеждам,2
розалия,2
легализация,2
служебно,2
погледнете,2
плачат,2
породено,2
регион,2
осъдителни,2
практики,2
отнесе,2
условната,2
минчева,2
посъветвал,2
кредитно,2
жестов,2
патрик,2
отидеш,2
калофер,2
клетките,2
отрядът,2
дойчева,2
инцидентите,2
допълниха,2
посещавали,2
зъбите,2
първенец,2
протестирана,2
лазаров,2
завещание,2
изпитвала,2
заключила,2
дъх,2
болярино,2
давали,2
поставила,2
оцеляването,2
кърпа,2
стигаш,2
стиска,2
хване,2
парова,2
паднали,2
арбитражния,2
консултант,2
забрави,2
заемана,2
вдигнала,2
резето,2
тръгването,2
безумие,2
ямболското,2
ндк,2
жълти,2
политическо,2
блокадата,2
основани,2
измислена,2
отведат,2
късо,2
откъс,2
потеглил,2
отдръпна,2
написах,2
ритуал,2
самоличности,2
стъкла,2
сформирана,2
телевизорът,2
издърпах,2
изневерява,2
гледахме,2
лаптопа,2
калта,2
домашният,2
движила,2
бенковски,2
вероятността,2
разнообразни,2
сполетя,2
арбитражното,2
нервен,2
приведен,2
сочения,2
йовчо,2
любимата,2
стоиш,2
суматохата,2
твърдейки,2
предлагала,2
зная,2
странна,2
закара,2
объркала,2
посоките,2
усетили,2
разтърсващо,2
вашия,2
батерията,2
изгубих,2
дистанцията,2
прободена,2
ракови,2
белият,2
кухина,2
товар,2
любимия,2
специалност,2
изпращала,2
километри,2
ограничение,2
георг,2
докосва,2
нарушителите,2
отиването,2
командосите,2
забележим,2
изпълнени,2
ваденето,2
нарушението,2
разиграл,2
екшънът,2
превоз,2
контузни,2
качиха,2
пребитият,2
търсиха,2
продължихме,2
галиче,2
получавали,2
ценко,2
чоков,2
вайбър,2
длан,2
откроява,2
сдобива,2
заявявам,2
верни,2
трафикантите,2
сутеньорите,2
регламентиран,2
парично,2
кавички,2
банковите,2
оперирали,2
криел,2
ушите,2
инсценира,2
нарастват,2
проектозакон,2
хареса,2
групировка,2
причерня,2
контролиран,2
излъгали,2
агресивният,2
предполагаеми,2
ползван,2
нареждания,2
възбранен,2
приложението,2
изнудват,2
чести,2
законово,2
чилингирова,2
окръженият,2
настъпили,2
спирачки,2
проклятие,2
сбиха,2
родово,2
свалил,2
светло,2
завлякъл,2
отивал,2
птици,2
сключил,2
гледаха,2
диктата,2
оттеглила,2
блокираха,2
очилата,2
обичайно,2
авиация,2
едноличен,2
летището,2
търговска,2
произнася,2
уважава,2
заби,2
отглеждани,2
превъзмогне,2
личностно,2
помел,2
амбициозни,2
гневни,2
намали,2
кюлчетата,2
повлияло,2
информираност,2
текущи,2
владимирова,2
четем,2
препоръча,2
проверяващите,2
смъртоносната,2
международна,2
проследяват,2
склада,2
предположиха,2
осиротелите,2
превъзпитаване,2
яростно,2
емигрира,2
усмивки,2
попадне,2
акушер,2
предписания,2
неслучайно,2
разваля,2
долно,2
стряскащо,2
врани,2
океана,2
кристиан,2
изнесените,2
боеприпас,2
течения,2
пълнолетен,2
попълва,2
заслужено,2
болезнено,2
графата,2
законовите,2
регионалните,2
официалния,2
пили,2
вървял,2
професии,2
ежегодно,2
женска,2
бягат,2
разтревоженият,2
интервенцията,2
шкаф,2
безплатни,2
разпространи,2
вилма,2
битовите,2
предполагат,2
рожба,2
родното,2
сигнализирал,2
спряна,2
уплашило,2
патрулка,2
прочетете,2
повторни,2
взимам,2
закарат,2
обещавала,2
управители,2
измамени,2
фалшиво,2
извървя,2
динко,2
отправяни,2
застраховки,2
правеше,2
арогантно,2
мъки,2
отмяна,2
мундрова,2
психиатри,2
богата,2
възприели,2
молбите,2
спомни,2
усмихната,2
надхвърлят,2
свидетелството,2
приемни,2
въвеждането,2
засилва,2
ограничени,2
ескалират,2
замине,2
подкрепен,2
тъмната,2
придвижвали,2
месечната,2
нападани,2
влюбени,2
мухово,2
съпричастността,2
политики,2
отглежда,2
онази,2
заслепен,2
сведение,2
опитвал,2
пазители,2
галактиката,2
женени,2
увеличаваме,2
възпитателна,2
джок,2
обхвата,2
същевременно,2
функция,2
надбавки,2
производствата,2
скарахме,2
награди,2
стомасите,2
изнасилят,2
професор,2
дъска,2
натрупва,2
руменова,2
брандийска,2
стамболийски,2
влошили,2
казваха,2
дилков,2
glasnews,2
уважавам,2
гипсова,2
обиждани,2
заболели,2
пилатес,2
мил,2
психоложката,2
смолянското,2
комплексната,2
ходеха,2
животозастрашаващо,2
възпитателката,2
настигната,2
постоянството,2
молех,2
унижена,2
мляко,2
изключена,2
тригодишните,2
поддръжка,2
стояха,2
коцакова,2
строителни,2
болничен,2
обида,2
попадат,2
оперативен,2
изтече,2
рунков,2
зависимостта,2
изписани,2
инфекциозното,2
разум,2
продължавала,2
личи,2
възпитатели,2
притесняват,2
пишеше,2
блоковете,2
четените,2
биеше,2
немислимо,2
поговорихме,2
дисциплина,2
задължителното,2
предизвикали,2
родих,2
собствено,2
пускала,2
каталог,2
меките,2
коремна,2
предизвиквам,2
неглижиране,2
номерата,2
основи,2
взаимоотношенията,2
притеснително,2
янко,2
домове,2
предварителните,2
симптоматика,2
отсреща,2
спасен,2
симптомите,2
посланик,2
зейнеб,2
качен,2
записва,2
чудотворец,2
спирт,2
утрепя,2
стъклата,2
сезира,2
завързана,2
странски,2
откраднати,2
решаване,2
топчета,2
парички,2
важността,2
шокова,2
превишава,2
здравкова,2
студентката,2
извикани,2
страст,2
зададе,2
набиха,2
загриженост,2
тактично,2
типа,2
уважават,2
митеран,2
челен,2
прокурорският,2
тунела,2
многопрофилна,2
накарал,2
подпалена,2
извървяха,2
фокусът,2
афганистанец,2
гонена,2
предпоставки,2
съученичките,2
възпитателка,2
кючек,2
предоставен,2
преценила,2
връстнички,2
фермерката,2
приемаме,2
забавили,2
нуждаят,2
дуловско,2
одобрение,2
близначета,2
отмъщение,2
обуят,2
описани,2
счете,2
урумов,2
демократичните,2
отсъствието,2
сребърна,2
разшири,2
предпоставка,2
защитим,2
критичното,2
умен,2
слабост,2
предназначени,2
убийци,2
неглижирането,2
предизвикала,2
войници,2
шоколад,2
одобрява,2
стихийно,2
дългосрочна,2
науката,2
съгласиха,2
запечатват,2
доказа,2
рисуването,2
подлагал,2
тълпа,2
насока,2
надявал,2
тромбоцитите,2
сзо,2
заразени,2
видеоматериали,2
високият,2
обявяването,2
заличат,2
ожени,2
бихте,2
господари,2
подчинените,2
изпълнена,2
забраниха,2
продан,2
останете,2
погрижете,2
спазвайте,2
дисциплинирани,2
подобри,2
контролът,2
сянката,2
предвиждаме,2
намалят,2
дебели,2
руските,2
правило,2
разболява,2
радомирското,2
вдовец,2
докладват,2
попаднали,2
изминал,2
женствеността,2
украинското,2
носейки,2
идеите,2
констатираните,2
психиатрични,2
чудеса,2
приетият,2
ясновидска,2
мафията,2
измъкнат,2
заразата,2
отхвърлиха,2
заслуга,2
проникнал,2
лъжите,2
москва,2
равносметките,2
горещия,2
задържала,2
планирали,2
бум,2
понеса,2
антонов,2
променило,2
уязвимите,2
моментално,2
мустрак,2
погрижи,2
пропада,2
главно,2
вътрешната,2
търговци,2
малтретиране,2
пейчев,2
ефективен,2
броудкастинг,2
груп,2
пренесе,2
розета,2
платим,2
мотивацията,2
сниман,2
натоварен,2
гладен,2
засегната,2
психоза,2
масова,2
стигнаха,2
устойчиво,2
лачева,2
политологът,2
слушайте,2
стъклена,2
паниката,2
преценят,2
използвана,2
последователи,2
технически,2
пишели,2
обир,2
пазаруват,2
сотир,2
кух,2
цацаров,2
издържи,2
изиска,2
търнава,2
кокенов,2
атакувал,2
грип,2
създадохме,2
спестя,2
пребивавал,2
набирали,2
лаг,2
ръководителя,2
подписването,2
спъна,2
връзвана,2
контактни,2
столетницата,2
ходиш,2
чобанова,2
потвърдителната,2
метамфетамин,2
щото,2
измъчвана,2
инфекцията,2
засегнатите,2
проведеното,2
правнучка,2
възмущението,2
целят,2
имотът,2
отговарям,2
разстроиха,2
праща,2
сейфове,2
разбиха,2
склонен,2
докладван,2
публикуват,2
общува,2
вероятен,2
зависим,2
милево,2
ежедневни,2
предпазни,2
нуждаещи,2
запознат,2
възстановяването,2
пенсионират,2
госпожо,2
изнасилвача,2
дарете,2
въоръжена,2
кларънс,2
точилка,2
светли,2
заведат,2
еранухи,2
крадците,2
системи,2
крайдунавския,2
постъпва,2
предишна,2
холандия,2
редом,2
разбирала,2
собствена,2
набираме,2
подписали,2
сезирал,2
връщането,2
присъствал,2
колоездене,2
небрежност,2
заявление,2
изгубило,2
индикация,2
сайт,2
професионалните,2
съветници,2
размине,2
бащина,2
видова,2
изказване,2
възпитани,2
предприятия,2
усещам,2
неизбежната,2
подозирала,2
масовия,2
избягах,2
избягахме,2
божидар,2
панелен,2
владеят,2
нападнатият,2
коремната,2
гошо,2
заличаване,2
светльо,2
сашо,2
предадените,2
листата,2
антибиотици,2
очаквания,2
отхвърли,2
променили,2
стреляла,2
томбола,2
изменена,2
хирургична,2
гей,2
обикновена,2
забавена,2
последващ,2
успешен,2
безопасна,2
усмихна,2
тръбите,2
разчленена,2
задушаване,2
холандеца,2
газопреносната,2
припомням,2
отговарящи,2
изписано,2
смелостта,2
ясла,2
пижамата,2
процеп,2
изскочиха,2
минавах,2
забранена,2
седял,2
константинов,2
издирвателните,2
хонорари,2
пресслужбата,2
навик,2
обичаш,2
пледирам,2
чукнало,2
дотам,2
горни,2
умирам,2
пампорово,2
злобни,2
посланици,2
засегне,2
патрулки,2
сирийският,2
селските,2
рисува,2
прекрасно,2
медик,2
мърдаше,2
изкарала,2
год,2
прибрахме,2
спекулирам,2
прикрили,2
уволниха,2
признак,2
грозно,2
мокри,2
мохадес,2
забелязах,2
самолетът,2
слаб,2
престояли,2
природа,2
спасената,2
стоя,2
ардино,2
облачно,2
измъкнал,2
премахнем,2
блудства,2
възел,2
изпитите,2
умряло,2
ангажимента,2
настоявахме,2
рядкост,2
курсантът,2
узунов,2
случки,2
несъответствия,2
одрасквания,2
мивка,2
разкъсана,2
университета,2
спътник,2
подведена,2
военнослужещ,2
маламов,2
омагьосаният,2
таван,2
играеше,2
анастасия,2
надминава,2
предизвикало,2
закуската,2
вози,2
утро,2
брутални,2
бъбрек,2
опции,2
разстроена,2
кръводаряване,2
открадната,2
лекуващи,2
sos,2
бранша,2
кратка,2
старо,2
бала,2
съдове,2
боецът,2
затворил,2
рокли,2
дискотеката,2
старозагорското,2
колекция,2
вливка,2
следователи,2
интензивна,2
къс,2
кръвните,2
гноен,2
написани,2
сийка,2
книжарница,2
кореспонденция,2
дискотека,2
предела,2
фигурки,2
роналдо,2
етични,2
нахвърлило,2
помещението,2
степанчева,2
включване,2
rzbbbgsf,2
коментарите,2
минимални,2
denkapopova,2
хематология,2
модерно,2
трансфузионна,2
жест,2
авторитет,2
страдания,2
яла,2
ускорява,2
справедливи,2
издевателството,2
циганка,2
росица,2
провело,2
стъпва,2
беседи,2
банова,2
плевнелиева,2
неадекватен,2
продуцентът,2
силистренското,2
нивянин,2
интернат,2
четат,2
грози,2
заснели,2
традиции,2
подкрепете,2
оценени,2
градеви,2
пенчев,2
началници,2
ферма,2
забележите,2
гребния,2
девически,2
мигрант,2
опряха,2
честит,2
щерк,2
факултет,2
болничния,2
възрастният,2
таланти,2
колекцията,2
упорита,2
разбрани,2
красимиров,2
необичайни,2
ограда,2
загиват,2
скарване,2
далечната,2
предварителния,2
нежността,2
скубане,2
бегълците,2
холивуд,2
изолира,2
подложи,2
мръсна,2
даваше,2
докторите,2
девера,2
петрана,2
монтанската,2
уши,2
герова,2
племенница,2
изказват,2
карцином,2
обиски,2
лина,2
изнесени,2
трамвая,2
шуманова,2
структура,2
никоя,2
гради,2
явила,2
депозирала,2
стефчо,2
изтегли,2
начела,2
вещно,2
съседни,2
написва,2
перитонит,2
клетки,2
добромира,2
връстниците,2
носия,2
сестрите,2
недялков,2
книжарницата,2
упорит,2
единични,2
съчетано,2
отдадена,2
последователни,2
заподозрените,2
порцелан,2
абазович,2
наложиш,2
активност,2
умствената,2
чуваме,2
странни,2
управляващите,2
отбива,2
пряка,2
въззивната,2
откъсне,2
правилна,2
установихме,2
ръководните,2
разни,2
активисти,2
гадателският,2
изпратила,2
болнична,2
нереално,2
изпаднал,2
отрязан,2
провесил,2
нормативните,2
граничен,2
борби,2
бутнал,2
накарам,2
тъмно,2
уверя,2
крушка,2
лампата,2
обере,2
крадеца,2
монтирана,2
нетърпими,2
брегов,2
измамникът,2
съставянето,2
мин,2
зарови,2
избиране,2
безспорен,2
путин,2
електротранспорт,2
тревожната,2
домакиня,2
терапевтичен,2
естествени,2
заспи,2
купон,2
установяваме,2
неразкрито,2
изчакал,2
превърнали,2
легнала,2
деликатно,2
любовник,2
борбени,2
извикай,2
норвегия,2
избрал,2
похвали,2
работеща,2
изготвили,2
полял,2
шумна,2
институционално,2
годинка,2
пратил,2
панталон,2
осъществяване,2
караха,2
постигнем,2
козас,2
редакторска,2
козметична,2
естествената,2
ключовите,2
разбереш,2
поръчителя,2
невъзможност,2
скрито,2
престъпник,2
несъобразена,2
анорексията,2
малтретираната,2
тъпи,2
четворното,2
ритнал,2
позвънил,2
възникна,2
замеряна,2
авиобаза,2
уволнените,2
поставянето,2
наказван,2
съществени,2
информираме,2
етичните,2
диспансер,2
фигури,2
пубертета,2
битово,2
животоспасяващата,2
дупки,2
посочен,2
пачка,2
уреди,2
брошури,2
самоуправление,2
юридическите,2
колекторските,2
евентуална,2
осъществяват,2
полковник,2
нбпп,2
експертна,2
консултирани,2
щаба,2
качих,2
конституира,2
зрение,2
военната,2
привикан,2
предотвратяване,2
мащабен,2
темите,2
папиломен,2
пространствена,2
внука,2
мартеница,2
снаха,2
тийнейджърки,2
омагьосан,2
дукова,2
подвеждат,2
връзване,2
патологоанатомична,2
навършват,2
стигнах,2
панайотов,2
задачата,2
ватман,2
атакуват,2
спряно,2
дечо,2
прехвърлянето,2
запознаване,2
първоначалното,2
лаконично,2
повдига,2
гробищата,2
минал,2
тотев,2
свършило,2
множеството,2
сложим,2
едногодишното,2
изчезнало,2
секретарката,2
придружителят,2
обобщен,2
малтретираните,2
неудобно,2
зарадвам,2
ценител,2
крупна,2
излежа,2
говорителя,2
барикадирал,2
бурни,2
търговищкото,2
жельо,2
посинена,2
позитивни,2
спасила,2
давал,2
шаламанов,2
видеотека,2
поканихме,2
извинил,2
компромис,2
уникални,2
дългият,2
кокилова,2
отпуска,2
крия,2
обиждана,2
славата,2
удушил,2
хазарт,2
осми,2
спътникът,2
инвеститори,2
превантивен,2
канабис,2
неадекватни,2
немалко,2
маргаритка,2
споделяйки,2
кражбите,2
любовната,2
учредява,2
емо,2
отключила,2
професионално,2
килия,2
ирен,2
състояния,2
разбил,2
сдобил,2
електричество,2
извънбрачен,2
барети,2
училищна,2
авантюри,2
оправда,2
настоящите,2
грам,2
струмско,2
ходили,2
изчезвала,2
жертвавата,2
демографията,2
измамената,2
порода,2
вдъхновение,2
муеров,2
билета,2
автобиографичната,2
романът,2
лото,2
следващи,2
толерираме,2
започваме,2
настанихме,2
готовността,2
задълбочени,2
пълномощното,2
кантора,2
психологическото,2
незрящата,2
инициатор,2
мвнр,2
отвърне,2
пълноценно,2
мами,2
възпитана,2
равновесие,2
пернишкия,2
диагностични,2
соколовска,2
потънала,2
включено,2
чувал,2
продавани,2
издигането,2
абдикирала,2
прехвърлила,2
разстройства,2
доверя,2
михайлови,2
щели,2
преливат,2
старото,2
намерения,2
прехвърляне,2
гледни,2
сътрудничество,2
твърдяла,2
отлагат,2
рентгеноложката,2
шокираща,2
закупи,2
спирали,2
решетката,2
връхлетял,2
плътно,2
касите,2
призная,2
отмъкват,2
футбол,2
свещеници,2
онкоболна,2
израелските,2
левове,2
пуснал,2
тегли,2
хубавия,2
мащабите,2
аварийната,2
мислене,2
предоставим,2
важната,2
изявлението,2
бабикян,2
разтревожена,2
губила,2
рискове,2
осъзнавам,2
свидетелствала,2
разказах,2
обирджии,2
часовете,2
черпи,2
закуски,2
бягството,2
подпомогне,2
късметлиите,2
южен,2
изправят,2
устройства,2
измръзвания,2
обичан,2
великотърновско,2
тенис,2
рая,2
принудителен,2
съвременното,2
овладее,2
бориха,2
алергии,2
повишен,2
опечаленият,2
качества,2
командировани,2
провесвана,2
лявото,2
заплашен,2
цезарово,2
карантинирани,2
разпада,2
отстранят,2
прехвърлят,2
вдовицата,2
извадили,2
изпълнители,2
ваташка,2
криминализирани,2
златния,2
подробен,2
мениджър,2
изхарчих,2
съперници,2
дясното,2
футболния,2
уязвимост,2
прераства,2
проявата,2
токио,2
превеждат,2
суботинов,2
цезаровото,2
разстрелян,2
самоотбрана,2
пътничката,2
работния,2
подадена,2
скула,2
системния,2
скарал,2
драскотина,2
белег,2
избягаме,2
прочете,2
аварии,2
скандинавските,2
самочувствието,2
целим,2
ихтиман,2
дългогодишната,2
превръщането,2
курсът,2
магистрала,2
пътеката,2
таз,2
създадени,2
записах,2
дими,2
покани,2
бедствия,2
ражданията,2
родени,2
разминават,2
нужен,2
конструкцията,2
невски,2
възпитава,2
владее,2
виждало,2
секти,2
пристъпил,2
истинско,2
създам,2
родни,2
ангажираха,2
съветската,2
намерението,2
излезеш,2
сложно,2
недовършените,2
мемоари,2
полагала,2
конфиденциалност,2
народ,2
водеше,2
антиправителствените,2
пловдивският,2
минимална,2
пъдарско,2
европрокурор,2
неприемане,2
натъртвания,2
културен,2
напие,2
планирал,2
оправят,2
добрева,2
гушата,2
чистото,2
работно,2
изписаха,2
редактор,2
разговаряла,2
днешното,2
редакторът,2
незаконното,2
изразяващо,2
безжизненото,2
признаха,2
светкавично,2
оказаната,2
третиране,2
решетки,2
разплакана,2
движа,2
сик,2
бъдещата,2
съдържа,2
книжа,2
криптовалута,2
милтенов,2
ръжев,2
средогрив,2
близкият,2
джубран,2
elle,2
споменът,2
продала,2
снежана,2
неколкократно,2
прешлен,2
явление,2
зверството,2
списания,2
далак,2
зрителите,2
слязла,2
повалил,2
настанили,2
обясним,2
осигурим,2
възрастови,2
дискусии,2
левицата,2
потърсих,2
избягало,2
пратили,2
гласят,2
поканиха,2
надзирател,2
естествена,2
счупвания,2
съгражданите,2
рязане,2
срути,2
отговорила,2
строителството,2
възприемат,2
черноглавци,2
променила,2
ubbsbgsf,2
осъдените,2
законодателно,2
работен,2
демонстрантите,2
предвидени,2
затворничките,2
предвидена,2
животите,2
поставяла,2
висше,2
дисфункция,2
спестяванията,2
контактува,2
мнозинството,2
брейк,2
скъса,2
карабулева,2
падналата,2
споделим,2
очаквали,2
кичури,2
предлаганите,2
тренирах,2
прокурорката,2
волейбол,2
евентуални,2
изпод,2
фонда,2
разкриването,2
правиха,2
телефонната,2
обяснили,2
състезатели,2
общинска,2
маршрутката,2
еленово,2
моралната,2
ислямската,2
самоубийствени,2
разположена,2
движеща,2
епилепсия,2
гладна,2
безучастни,2
приключихме,2
сънародници,2
маршрутка,2
прилошало,2
туберкулоза,2
ранова,2
медийна,2
климент,2
охридски,2
задържаната,2
началният,2
наркозависимите,2
полетяха,2
възрастовата,2
домашната,2
решено,2
затворът,2
гимнастичката,2
оперативни,2
мачо,2
изследвани,2
ценен,2
слаби,2
крещял,2
скъп,2
отвличането,2
велес,2
безнаказани,2
тънък,2
коства,2
реагирам,2
минат,2
запуши,2
еднакви,2
заглавието,2
причинено,2
рецепцията,2
свободен,2
менструацията,2
изтъква,2
позволим,2
сухожилие,2
преобладават,2
чекмеджетата,2
събори,2
тръби,2
дрехата,2
койчева,2
родна,2
гной,2
русчева,2
публика,2
бус,2
уредба,2
гараж,2
нормативната,2
изписват,2
милко,2
доблестната,2
даряваме,2
покрайнините,2
заблудила,2
откъм,2
кооперативна,2
танцува,2
предложено,2
кардиограма,2
одеяло,2
засягат,2
писател,2
подготвя,2
събирах,2
качили,2
самозащитата,2
фучеджиева,2
медала,2
насочила,2
поваля,2
законодателните,2
диви,2
неописуемо,2
наложителни,2
уеб,2
измръзнала,2
почнахме,2
стойностен,2
смолянско,2
решило,2
слязъл,2
лампа,2
паспорт,2
законовия,2
етажа,2
присъстваха,2
бракоразводното,2
вендинг,2
доказаха,2
варненка,2
сватбата,2
изтезанието,2
beat,2
фактически,2
десетилетия,2
социалистическа,2
задигнала,2
разследващ,2
агресивната,2
банда,2
ползвал,2
щяло,2
съдийският,2
блъскали,2
наложила,2
набил,2
обстоятелство,2
претендира,2
принудили,2
имуществото,2
алкохолно,2
описали,2
селановци,2
причинен,2
светлозар,2
педагогическият,2
животозастрашаващи,2
генадиев,2
отчетена,2
региони,2
варира,2
избягали,2
линията,2
извършило,2
средният,2
ползване,2
индивидуално,2
оставам,2
агитка,2
спя,2
свикване,2
любимци,2
заключени,2
гостува,2
навършили,2
мнима,2
нощно,2
изгоня,2
удължила,2
нямахме,2
родено,2
виновници,2
великобритания,2
оправим,2
дирекцията,2
десния,2
прическа,2
литва,2
нивата,2
търсих,2
оценява,2
постановени,2
потърсите,2
радиото,2
спряха,2
снега,2
гримьорът,2
произнесе,2
мърда,2
деметра,2
умбалсм,2
естествен,2
боевски,2
стереотипи,2
координиран,2
нзок,2
декларира,2
поета,2
придвижи,2
слагаха,2
коварно,2
предприела,2
намалели,2
гълъбин,2
пил,2
окървавена,2
бъдещи,2
използваме,2
корекции,2
приемната,2
видна,2
благоевградско,2
каменова,2
красно,2
търкаляно,2
архитектурата,2
катуница,2
шарково,2
хосписа,2
интервенции,2
включващ,2
регламентира,2
дарителската,2
карапанчева,2
идвала,2
бкп,2
опечалените,2
талант,2
домакин,2
чернаев,2
бордюра,2
влязло,2
посещавал,2
предадат,2
дотолкова,2
варненско,2
заживяла,2
срамът,2
пешеходка,2
скамейка,2
покойницата,2
процесуална,2
дължа,2
доближават,2
мирчева,2
медали,2
закъснение,2
танцьорка,2
специализант,2
национални,2
познах,2
уведомява,2
некролози,2
почнаха,2
получаваше,2
кремирана,2
жури,2
прекратяват,2
написала,2
гарантирана,2
срещан,2
изгубя,2
установило,2
скален,2
магистрати,2
попаднало,2
запитана,2
разви,2
скоростен,2
популярните,2
тръгнало,2
организирането,2
пребивавали,2
посолството,2
бов,2
заселе,2
екопътека,2
вазовата,2
манерс,2
покушението,2
потърсилите,2
мними,2
палки,2
малчугани,2
съселяните,2
консулството,2
паркомясто,2
пазачи,2
околовръстния,2
пиел,2
отишло,2
слуха,2
традициите,2
блокирана,2
рангелова,2
паркоместо,2
регламентирано,2
сутрешния,2
димчо,2
вариантите,2
регламентирана,2
жан,2
избягаха,2
крилчев,2
действителният,2
драган,2
поверено,2
изготвят,2
отблъсна,2
транспортни,2
готвеше,2
изчака,2
отворения,2
писал,2
прикован,2
оглави,2
водачите,2
максималната,2
обвинител,2
пребием,2
етноса,2
вредата,2
карам,2
тесла,2
еод,2
замени,2
бербатова,2
несъвместимо,2
виденов,2
сибила,2
серафим,2
откарал,2
продължително,2
заблудил,2
засилена,2
изтрил,2
маскиран,2
приютила,2
пробвали,2
предприеха,2
тълкувам,2
задушница,2
изпратят,2
изчезват,2
неделю,2
споделено,2
класна,2
оставял,2
неуспешен,2
достигнала,2
димов,2
изоставил,2
провинения,2
интересувал,2
навършило,2
канарските,2
завръща,2
острови,2
обобщи,2
клиничен,2
извънредна,2
скрили,2
отгледа,2
умни,2
заровили,2
действителност,2
обитаване,2
интелигентност,2
горните,2
съдебномедицинската,2
магистрат,2
лекарски,2
войни,2
репортера,2
баничка,2
служителят,2
поискало,2
почит,2
злоупотребява,2
разбит,2
прерязал,2
участъци,2
телевизионно,2
предприех,2
срещал,2
озчинар,2
шокиращо,2
противозаконно,2
покана,2
браниполе,2
изказвам,2
праг,2
отправят,2
незаконосъобразно,2
плачидол,2
приближава,2
седмакова,2
ктб,2
образуваха,2
освобождението,2
външното,2
разкрие,2
микробус,2
годеник,2
гума,2
сблъсъка,2
справедлива,2
годеникът,2
катастрофирал,2
изпратеният,2
биполярно,2
метро,2
пристъпи,2
попитало,2
стъпи,2
породена,2
кости,2
евтимий,2
похвалил,2
преодоляла,2
станев,2
настаняван,2
банк,2
говора,2
риба,2
катар,2
пести,2
суперлативи,2
https,2
издадената,2
коректност,2
предават,2
ограничителните,2
джоузеф,2
мигове,2
незабравими,2
принадлежност,2
сценарий,2
лодка,2
конкурс,2
възпитаничка,2
учебен,2
бебешко,2
безкомпромисни,2
посрещна,2
засечена,2
непосилни,2
контролните,2
димкова,2
глобена,2
поредните,2
лафазанов,2
хладно,2
туристка,2
недопустими,2
екипировка,2
маевска,2
манева,2
хладилник,2
сексуалния,2
застрелян,2
необвързаните,2
пишеш,2
отбора,2
капака,2
основния,2
спомних,2
мълчи,2
кугар,2
гневът,2
инстинкт,2
ансамбъл,2
работихме,2
нарекъл,2
патриарх,2
уви,2
трибуна,2
дарение,2
хванали,2
опитвах,2
развалям,2
тренировките,2
паскалева,2
мальовица,2
вълчицата,2
успявах,2
сдържа,2
кръстю,2
невероятна,2
юбилей,2
журналистите,2
актриси,2
постижения,2
харесват,2
домакини,2
развили,2
комедията,2
нагласа,2
отец,2
измамите,2
острието,2
забил,2
токсичните,2
зоопарка,2
обути,2
отказвала,2
искрена,2
устройството,2
няколкочасово,2
оценката,2
садула,2
страховете,2
скучно,2
монитор,2
банките,2
случайните,2
лука,2
проявят,2
избрала,2
муле,2
съгласява,2
мега,2
подлагана,2
показвам,2
паола,2
задействане,2
жилищна,2
състезават,2
обещание,2
участничките,2
въло,2
красиво,2
раниците,2
груби,2
запазим,2
наричаме,2
хилендарски,2
паисий,2
неуспешни,2
демонстрира,2
добронамерена,2
аделина,2
влюбена,2
заветите,2
повторно,2
загинал,2
обещаха,2
тумор,2
трудово,2
виртуална,2
тормозели,2
замесените,2
организатор,2
спешният,2
савова,2
меги,2
говорих,2
тончева,2
стихотворения,2
запазва,2
белослав,2
премахнат,2
черните,2
like,2
боровец,2
прелее,2
потвърдила,2
осъждане,2
понася,2
изключи,2
обратен,2
трудната,2
щорите,2
шуменския,2
посочила,2
пекарна,2
обяснявали,2
вашето,2
дистанционно,2
блъскане,2
посоки,2
генерали,2
манфред,2
дулово,2
шаха,2
отвел,2
спяла,2
износа,2
износът,2
движейки,2
съвместен,2
ритуала,2
навреди,2
секса,2
различната,2
неморално,2
вилата,2
хазаинът,2
режа,2
запален,2
вебер,2
употребен,2
годно,2
бития,2
данчо,2
гръцки,2
оперирал,2
чадър,2
немски,2
дерматоложката,2
пречка,2
кремирано,2
даря,2
диев,2
изоставят,2
подлежат,2
ставрев,2
престане,2
преследвана,2
забранила,2
стопани,2
предния,2
изкарахме,2
взимаме,2
яма,2
удостоверение,2
потвърдил,2
яслата,2
ъгъл,2
посинено,2
септична,2
славейче,2
стамболийска,2
играли,2
тотка,2
употребявали,2
закарано,2
тепетата,2
притекъл,2
пряк,2
македонските,2
разговарям,2
военният,2
чувах,2
изживяла,2
пакистанци,2
индийци,2
предположенията,2
натравяне,2
отрова,2
истинския,2
създавал,2
поява,2
наличната,2
чужда,2
блокада,2
зайков,2
спас,2
банкерът,2
гърло,2
зелена,2
красавица,2
хоспис,2
химн,2
поетесата,2
дуловското,2
изнасилванията,2
гетов,2
регистрирали,2
расистки,2
парацетамолът,2
австрия,2
спечелването,2
авантюра,2
болногледач,2
ожесточен,2
паметник,2
успея,2
ловна,2
работещите,2
газовата,2
намаление,2
прешлени,2
запазени,2
преценката,2
колегиална,2
удо,2
вносът,2
тютюн,2
селище,2
безалкохолни,2
неизменно,2
горива,2
минерални,2
класификация,2
външнотърговска,2
руски,2
положително,2
успешна,2
поет,2
масов,2
просят,2
поделението,2
претърпял,2
министрите,2
магистралата,2
предлагал,2
сръбската,2
създавали,2
белград,2
военно,2
балтов,2
клиентите,2
таза,2
убеждения,2
свалянето,2
кметство,2
символично,2
кибертормоза,2
господинов,2
етажите,2
качват,2
кислородът,2
отнякъде,2
бел,2
реинтеграция,2
токсикологията,2
пръснат,2
мозък,2
испански,2
посъветва,2
кинорежисьорът,2
рекърдс,2
церемонията,2
довела,2
обръснати,2
гарантиране,2
назначиха,2
погледите,2
плочките,2
глави,2
лалев,2
мехмед,2
медикаменти,2
задавам,2
стоименов,2
включиха,2
отличи,2
престоят,2
изтичах,2
върнахме,2
умишленото,2
триъгълник,2
съюза,2
дани,2
настояваха,2
измени,2
екимджиев,2
реализират,2
ненужна,2
отказваше,2
премахват,2
донев,2
сътрудничи,2
конна,2
вегани,2
седнали,2
езда,2
оцеляват,2
опериран,2
бои,2
съдействал,2
стационар,2
излизаше,2
чакахме,2
заблуди,2
афродита,2
тополи,2
кървавата,2
тротоари,2
позвъняванията,2
инфлуенсърка,2
подадох,2
отправиха,2
антибиотик,2
проси,2
убиват,2
движили,2
имотен,2
окичваме,2
срочност,2
правителство,2
ритмичност,2
пациентки,2
плащам,2
благословия,2
нуждите,2
използвали,2
доклади,2
учителки,2
увреждането,2
самозапали,2
развалена,2
ходило,2
развратни,2
еротични,2
фаредин,2
парашута,2
поставял,2
отстранения,2
тийнейджърските,2
излъчването,2
поздравления,2
цените,2
въжетата,2
изборът,2
медийното,2
изготвянето,2
потърпевшото,2
лена,2
управляващи,2
поканени,2
купете,2
синхрон,2
решен,2
болничната,2
джебчийски,2
описана,2
лекуват,2
накараме,2
прострелян,2
куршумът,2
заболя,2
съобразена,2
свита,2
започнем,2
вегански,2
порнография,2
веган,2
фронт,2
излизане,2
дълбочина,2
разказани,2
изявили,2
разрошвам,2
размахвам,2
интензитета,2
райка,2
водене,2
ментор,2
основател,2
обучени,2
госпожата,2
билборда,2
нап,2
разпоредено,2
малтретирано,2
изплатят,2
изпратено,2
проданова,2
задух,2
клавдия,2
ваш,2
бекриева,2
кардиологична,2
свекър,2
игов,2
белодробен,2
затваряме,2
кръжи,2
продължаваше,2
представлението,2
уведомят,2
убеждаваха,2
подписани,2
издавани,2
палежите,2
редакционната,2
междуличностни,2
удовлетворена,2
сходни,2
психотерапевтът,2
отделните,2
прекъсне,2
обяснят,2
наруши,2
бузата,2
спим,2
спортен,2
превозно,2
юристите,2
доброволците,2
недостатъчно,2
купят,2
ставаш,2
делчева,2
петнадесет,2
тича,2
даскалов,2
внесоха,2
неизпълнение,2
постановил,2
измамила,2
саморазправата,2
утежни,2
пух,2
подавал,2
повдигне,2
енергийни,2
банкомата,2
касаят,2
изхвърля,2
секторът,2
вземеш,2
разположени,2
посегна,2
включващи,2
отгледала,2
неразбиране,2
върбан,2
привлекат,2
съображения,2
извиних,2
спечелила,2
фасадата,2
тотото,2
присъствала,2
слязох,2
просия,2
луковит,2
привременни,2
партньорки,2
отрекъл,2
падала,2
станция,2
мед,2
договорили,2
организираме,2
тръгнат,2
събличат,2
светиев,2
запор,2
ферми,2
норки,2
кофата,2
интересни,2
касиерката,2
изнасилват,2
дентална,2
внуците,2
увериха,2
рипчева,2
чаталджа,2
бруталност,2
грабна,2
плачейки,2
занеса,2
застигната,2
джуката,2
родом,2
стоп,2
зверско,2
пребиване,2
ограничава,2
избираме,2
накарали,2
водена,2
протези,2
молеше,2
траен,2
доброволен,2
областни,2
пътувала,2
зряла,2
унижаващи,2
максималното,2
славков,2
мултидисциплинарни,2
изумен,2
дунав,2
чуваш,2
трудът,2
мечкарова,2
маринка,2
заколят,2
маньо,2
екрана,2
третирана,2
повишават,2
почетат,2
гайтански,2
търпелива,2
отвътре,2
слизане,2
приобщени,2
спасов,2
приведе,2
теодосий,2
усетя,2
задачите,2
усилие,2
нощните,2
актуалните,2
спречкването,2
наричан,2
тотален,2
проекти,2
немарливо,2
надомна,2
стотинки,2
конете,2
експертен,2
плевенското,2
съдийката,2
популярният,2
божурица,2
документално,2
сираков,2
покойница,2
непроменен,2
охранява,2
железопътен,2
разбрал,2
блокът,2
избягват,2
обръснал,2
наводнение,2
очистя,2
шанса,2
дърпал,2
доза,2
иде,2
изяснят,2
изчерпани,2
отстраниха,2
пачевски,2
загубиха,2
вакльов,2
хипермаркет,2
подписват,2
динев,2
приоритетни,2
абсурдно,2
райони,2
държах,2
психичноболната,2
симеонов,2
хвърляла,2
преодолеят,2
вуйчо,2
потресен,2
буйства,2
трудовите,2
беля,2
костадинов,2
подаван,2
пренесла,2
изоставила,2
съседство,2
анализира,2
институционални,2
деецът,2
спалня,2
липсвали,2
гривна,2
подмамена,2
транспортирани,2
гласни,2
хоум,2
засичане,2
приключат,2
пояснява,2
диагностицирана,2
опипвал,2
образователната,2
огромния,2
отмъкнати,2
качване,2
верка,2
афп,2
мирен,2
дисциплинарни,2
събралите,2
извикана,2
сигнализирах,2
ваканция,2
лайтинг,2
насаме,2
притежанието,2
селската,2
дебелт,2
зададени,2
представянето,2
пълнолетния,2
заживели,2
тържество,2
синдикален,2
ангажиран,2
отведени,2
кенова,2
извинявам,2
берковица,2
ерик,2
подадено,2
смесени,2
непрекъснати,2
ридж,2
спрени,2
срещите,2
трудов,2
изтича,2
махнат,2
заснел,2
видеоклипът,2
бележка,2
парадоксално,2
снимана,2
черпил,2
pcr,2
обсъдим,2
железниците,2
сухата,2
заден,2
умре,2
мотриса,2
предходния,2
достигане,2
уговорка,2
шахтата,2
подходящо,2
пишете,2
викаха,2
издига,2
файлове,2
алгоритъм,2
настанил,2
нареди,2
наел,2
запознал,2
дълбока,2
разхождал,2
шизофрения,2
пфк,2
шокиращи,2
направления,2
гаджева,2
спомним,2
уверявам,2
орехи,2
възстановена,2
чолакова,2
подсъдимите,2
бран,2
налагана,2
възможните,2
противоположните,2
мнения,2
правоотношения,2
разпространява,2
споразумения,2
дискусията,2
феномен,2
управления,2
рамка,2
класовете,2
непълнолетният,2
създадат,2
набили,2
наранило,2
обработват,2
очаквах,2
разочарован,2
постъпилите,2
превърнало,2
засилват,2
приходите,2
платен,2
тока,2
съответства,2
подобрение,2
живеех,2
отпечатъци,2
челопеч,2
възложили,2
неправомерно,2
постройки,2
намирам,2
помиря,2
реконвалесцентна,2
арменската,2
изнесоха,2
марсел,2
предприели,2
споделил,2
счетоводство,2
замислят,2
парасейлинг,2
заявим,2
наръгал,2
сигурни,2
салфетка,2
засегнато,2
дадем,2
салоните,2
минутите,2
прелята,2
кръвна,2
ная,2
бележки,2
гледка,2
ключове,2
благородка,2
прилагат,2
обсъждането,2
станислава,2
мощното,2
ядосани,2
озове,2
каймакчийски,2
нарастването,2
локдаун,2
платили,2
обезобразяването,2
захарна,2
поколенията,2
образите,2
влияят,2
психиатрията,2
зодия,2
кошмари,2
разкрит,2
пропагандни,2
избират,2
божков,2
профили,2
бебетата,2
хвостяне,2
отключило,2
писала,2
неизяснени,2
съгражданин,2
отправяла,2
заложник,2
спахте,2
областното,2
байрактарски,2
фабрика,2
изготвяне,2
търпение,2
дати,2
щастливите,2
съборена,2
преглеждат,2
великата,2
разгледани,2
мистериозна,2
развие,2
счетоводителката,2
нямате,2
документален,2
дряновец,2
възпитават,2
опасния,2
съучастник,2
кварталния,2
разкриващ,2
лаптоп,2
възприема,2
предсказанията,2
пророчицата,2
превес,2
увереност,2
желания,2
бутна,2
дръпна,2
ваксинират,2
водим,2
любопитни,2
ползва,2
проклятието,2
наричаха,2
митрева,2
предсказания,2
бившите,2
постановката,2
рашева,2
зартова,2
успешни,2
обожаваше,2
празничното,2
предприемането,2
аргумент,2
присъстващите,2
чел,2
приключа,2
ядем,2
вдъхновени,2
камарата,2
съответствие,2
изядох,2
икономово,2
вежди,2
отсечката,2
ганка,2
вярвахме,2
смеха,2
лагер,2
намиращи,2
венци,2
мир,2
пневматична,2
мечти,2
вярваха,2
лихварство,2
планетата,2
оперативната,2
закъсняло,2
разцепена,2
флашка,2
успокоителни,2
старческа,2
съжителствал,2
стремежът,2
чанев,2
недостатъчни,2
сериозният,2
пристигнат,2
мило,2
здравейте,2
триколка,2
катерач,2
незнание,2
утихва,2
мотивация,2
напразен,2
брадвичката,2
осъществила,2
събина,2
идеалист,2
наивност,2
любящ,2
веселинов,2
leader,2
galaxy,2
термина,2
очаквате,2
куп,2
съществено,2
бисерова,2
грим,2
издателство,2
мислеше,2
доказали,2
смъртоносният,2
разкриха,2
помислили,2
смея,2
съгласи,2
мандат,2
вест,2
превръзки,2
маршрутът,2
сезиращата,2
подкрепим,2
променено,2
официалните,2
индивидуални,2
иваничков,2
тира,2
обява,2
изтичането,2
поред,2
агресора,2
паркинга,2
почива,2
болногледачка,2
изповед,2
реставрация,2
импулси,2
осъзнае,2
паралелна,2
смелата,2
нахвърлил,2
механджийска,2
изразяват,2
мадона,2
условието,2
разширява,2
нотариусът,2
преговори,2
пишело,2
полицейската,2
съобщят,2
звъннали,2
кръвни,2
банката,2
изразяващи,2
знаци,2
дългът,2
пощи,2
дългогодишна,2
националните,2
заставаме,2
помита,2
непристойни,2
деветгодишно,2
абсурден,2
знаехме,2
равносметки,2
лаборатории,2
неуважение,2
убиване,2
осъждаме,2
разпоредиха,2
движещ,2
мускулите,2
косвена,2
причинно,2
разрешен,2
объркана,2
обикаляли,2
звучеше,2
страдала,2
ваксинирана,2
издържала,2
престъпникът,2
кари,2
дияна,2
преподавателите,2
научават,2
охранители,2
настъпилата,2
уйно,2
непризнаване,2
емболия,2
белодробна,2
партийна,2
травматичен,2
излагат,2
предполагала,2
знаело,2
подигравките,2
безкрайните,2
възпиращо,2
упойващи,2
строеж,2
упражни,2
миглена,2
звънели,2
мирослава,2
бомбардировките,2
попитахме,2
запалването,2
запалка,2
изнасят,2
бърка,2
етажи,2
помолихме,2
представителство,2
обитатели,2
коректно,2
нападали,2
затруднява,2
личеше,2
малашевска,2
павлина,2
пазач,2
охранителното,2
отнемането,2
помещения,2
коня,2
взимали,2
гражданско,2
тричкова,2
владислава,2
герджикова,2
загиналото,2
участъкът,2
продължаваха,2
ленти,2
кладенеца,2
носела,2
ресен,2
титли,2
външно,2
назидание,2
придружено,2
разколебали,2
безуспешно,2
вкарали,2
разказвало,2
висулки,2
усърдие,2
смъртните,2
свята,2
показващ,2
разполагаме,2
късчета,2
базирани,2
дадените,2
шени,2
моряците,2
пратя,2
обитаваното,2
киселова,2
отговаряла,2
нерядко,2
явил,2
попрището,2
зъба,2
частични,2
твърда,2
съвкупил,2
пречупена,2
добрина,2
учила,2
слезли,2
глупост,2
внушения,2
ритаха,2
оман,2
скара,2
продължителната,2
твоите,2
банкнота,2
пресъхват,2
брадвата,2
дълг,2
представях,2
прибираме,2
излишно,2
унгарските,2
набият,2
срещнала,2
характера,2
активните,2
гостуват,2
драми,2
нахвърли,2
пробила,2
сяда,2
гласуването,2
членството,2
сирийски,2
модата,2
нато,2
осмокласничката,2
помните,2
ерол,2
записаха,2
създател,2
прераснала,2
намерихме,2
местоживеенето,2
културата,2
наравно,2
прекъсна,2
присъдени,2
kitchen,2
рисковите,2
сървайвърс,2
hell,2
станахме,2
троица,2
лишена,2
тениски,2
несгодите,2
откровена,2
опитало,2
елин,2
войничанска,2
потвърдят,2
обвинителната,2
изслушване,2
отърват,2
налагаше,2
прилика,2
заседатели,2
пясък,2
строгата,2
марка,2
пневматичен,2
предходни,2
наложеното,2
ректор,2
треньора,2
искано,2
отначало,2
родина,2
многостепенна,2
вървеше,2
скандален,2
пороя,2
разсъблечена,2
избра,2
дъждове,2
недостойно,2
силните,2
доведоха,2
албуми,2
кореспондират,2
умее,2
провокирано,2
сачма,2
насочен,2
изнася,2
родственици,2
помисли,2
русенска,2
хайка,2
представяла,2
накратко,2
линчуват,2
вадят,2
шуменската,2
братовчеди,2
внуци,2
проследи,2
представяме,2
футболни,2
издадено,2
умора,2
куршум,2
лалов,2
левия,2
колоните,2
състезателка,2
притискане,2
бургаското,2
станчев,2
стабилна,2
ключица,2
врагове,2
елфите,2
палежа,2
филмите,2
безплатната,2
убеждение,2
изказвания,2
вървя,2
изнасилва,2
началната,2
изразим,2
интересувам,2
отмъкнал,2
провокатор,2
смъртоносни,2
шишков,2
славчева,2
получаването,2
лифт,2
ножица,2
известната,2
рампа,2
сходен,2
афект,2
премиерата,2
тероризма,2
завръщането,2
взривовете,2
провокатори,2
знанията,2
постановено,2
стиснал,2
трагичната,2
пелин,2
заеми,2
неизвестно,2
вулгарни,2
цариградско,2
печат,2
хеликоптера,2
срещнаха,2
гочев,2
вдигат,2
огледите,2
нужната,2
рус,2
дебютира,2
богат,2
сбъдне,2
дарите,2
считано,2
ими,2
bgn,2
фериде,2
пазарува,2
гледана,2
ема,2
разграничи,2
тъга,2
якуб,2
хореограф,2
осигуряват,2
елитни,2
качила,2
драматични,2
ужасена,2
бедната,2
гимназии,2
магазините,2
взимаше,2
полета,2
изгони,2
дарители,2
пластични,2
касационна,2
ганева,2
черноморец,2
родственик,2
отсече,2
очертава,2
разрешим,2
коментатори,2
седмичните,2
бедността,2
рецидивисти,2
съдени,2
изправих,2
трудноподвижна,2
насърчаване,2
докосвал,2
ищцата,2
заетостта,2
велино,2
чели,2
национално,2
застаряването,2
велева,2
налагани,2
процентни,2
застаряване,2
централен,2
въведе,2
навършени,2
включването,2
възрастова,2
настрани,2
предизвикателства,2
разбраха,2
предпочитам,2
мисъл,2
израелската,2
консултациите,2
тенденции,2
пенсиониране,2
почтеност,2
руската,2
езера,2
екстремни,2
надлежно,2
чепеларе,2
прикрива,2
неустановена,2
нощува,2
поход,2
благодарят,2
начинание,2
заснеме,2
наньо,2
шумните,2
честотата,2
удариха,2
дъвка,2
налична,2
съседна,2
уют,2
таланта,2
случиха,2
височина,2
правите,2
шапка,2
гръм,2
пиперков,2
чифлик,2
александрова,2
жестове,2
патрони,2
калибър,2
камено,2
червена,2
бюджета,2
виждане,2
състрадание,2
четвърто,2
революция,2
цитат,2
необяснима,2
психопат,2
упоени,2
изградени,2
независимост,2
качени,2
обличат,2
завих,2
изложба,2
забранен,2
осъществя,2
превеждане,2
харесваш,2
държано,2
полицейският,2
преправена,2
тръмп,2
неделчо,2
мач,2
любомира,2
объркване,2
журналистка,2
движел,2
клинтън,2
излъгал,2
основава,2
sofia,2
отвърна,2
стражец,2
насочва,2
изразяваме,2
превързана,2
парче,2
класическа,2
нещото,2
митка,2
отчета,2
мутафчиева,2
безпрецедентно,2
изключителни,2
нося,2
одобрен,2
присъединят,2
бориш,2
възползват,2
освобождава,2
семинари,2
кичур,2
забравила,2
свада,2
брои,2
вярвал,2
резолюция,2
абсурдна,2
петно,2
тълпата,2
раненият,2
откази,2
козлодуй,2
изложбата,2
заплатата,2
одобрено,2
алинежад,2
военния,2
предприело,2
избягат,2
психичното,2
пожелания,2
сас,2
отделен,2
отоци,2
измъкне,2
логиката,2
тревожна,2
деонтология,2
брайнова,2
иамн,2
мъжки,2
съпроводено,2
избиване,2
щета,2
подкрепени,2
нечовешка,2
изнесат,2
клинични,2
зоната,2
тенчева,2
поправят,2
храмът,2
кървене,2
противошокова,2
политическата,2
пратки,2
частно,2
припомниха,2
папи,2
запрещение,2
определила,2
водачи,2
кети,2
механизма,2
вот,2
изпитвах,2
казваш,2
настоящото,2
избягам,2
омраза,2
паралелни,2
жандармерията,2
записки,2
копие,2
несправедливостта,2
проговориха,2
засили,2
обръщали,2
подбедрица,2
осакатената,2
безработица,2
индикации,2
никита,2
самообладание,2
стресирана,2
канариева,2
началните,2
допусна,2
импланта,2
проучването,2
относими,2
игнатова,2
назначила,2
изпълнителния,2
палати,2
офиса,2
имплант,2
наречена,2
бойлерът,2
зависими,2
консултират,2
сондаж,2
крумов,2
финансов,2
засиленото,2
почувствало,2
уверено,2
подлагани,2
ангела,2
количества,2
пленарната,2
обратното,2
рекордьор,2
фемицид,2
заплашван,2
сантиметра,2
предотвратили,2
стотинка,2
ориентирана,2
изпишат,2
смятал,2
вноски,2
единодушно,2
заета,2
общуване,2
ортопедът,2
червата,2
криле,2
реанимационен,2
защитените,2
стайкова,2
притеснен,2
известяване,2
подпиша,2
развикали,2
събрахме,2
оценена,2
констатират,2
горда,2
дивата,2
повлечени,2
инструктирани,2
биячките,2
шесторното,2
редуват,2
коментирала,2
изваден,2
мохамед,2
погреба,2
освободят,2
малтретиран,2
нарисува,2
илинден,2
емоционални,2
спасена,2
караджова,2
електронна,2
караджов,2
навици,2
спекулации,2
смехотворно,2
споделих,2
главите,2
благодарността,2
прегледат,2
градинка,2
метрова,2
придружител,2
късове,2
помисляла,2
чувствала,2
петранов,2
логопед,2
задържахме,2
рапър,2
сърдечен,2
отстрел,2
феновете,2
чупрене,2
извеждането,2
правилните,2
доскорошния,2
поддържат,2
основателен,2
халаф,2
зверствата,2
осъществяването,2
чуят,2
печелят,2
ути,2
позволил,2
бъчваров,2
коритото,2
найденова,2
ханс,2
заснемането,2
премахването,2
порасне,2
крайници,2
ангажирана,2
нареждане,2
безотговорни,2
сценични,2
кобра,2
асена,2
проверяващи,2
тайните,2
свикнали,2
концентрация,2
премълчават,2
арестуваните,2
фичето,2
сярна,2
танцуващи,2
водолази,2
лекуван,2
фандъкова,2
дневна,2
екстубирана,2
отскубната,2
миналият,2
водили,2
ключар,2
фрустрирани,2
изкупителна,2
чувствах,2
посетил,2
битува,2
фрустрацията,2
буца,2
плащала,2
архитект,2
мислим,2
лагера,2
схващането,2
носители,2
насрочени,2
гергьовден,2
стоим,2
отрязани,2
ръстът,2
собствениците,2
травматологията,2
приоритетите,2
гастростома,2
скочили,2
пловдивската,2
вчерашното,2
киряков,2
досиетата,2
съдействали,2
почуствала,2
кошерите,2
демокрацията,2
унищожи,2
африканската,2
съветът,2
потвърдено,2
ячев,2
управата,2
мали,2
унисон,2
споделял,2
патриотите,2
нюанси,2
мечтала,2
битовата,2
оставим,2
ограничават,2
установим,2
замина,2
подкрепял,2
растат,2
донесло,2
отнела,2
екстрадиран,2
неприкосновеността,2
изхвърлено,2
значителен,2
предсрочни,2
навременно,2
антонова,2
скандалния,2
некомпетентност,2
сара,2
обиждал,2
миладинови,2
небе,2
бахаров,2
видеоматериалите,2
аспекти,2
динамична,2
подходящ,2
щателен,2
заседава,2
одраскване,2
притеснението,2
мездра,2
материята,2
злоупотреби,2
максимално,2
унижава,2
справедлив,2
цицелков,2
бурната,2
нивото,2
истанбулска,2
изхода,2
капацитетът,2
подходящата,2
двоен,2
преглъща,2
поправяше,2
обслужват,2
ритна,2
ставаше,2
свържат,2
изкарах,2
поле,2
икономиката,2
ходеше,2
полица,2
превърне,2
мислиш,2
очакваш,2
татуиран,2
говорихме,2
оправдая,2
сложност,2
празна,2
вземането,2
медийния,2
тревожи,2
недоверие,2
крещях,2
супер,2
сключената,2
сринато,2
кабинети,2
анализите,2
гъби,2
страхове,2
докажат,2
разпространявал,2
дарителски,2
селски,2
подписал,2
нарязана,2
нашумелия,2
борислава,2
возил,2
мотивира,2
дробове,2
недоумява,2
викане,2
потърсим,2
радан,2
предмета,2
убием,2
показен,2
посегнало,2
костта,2
рентгенови,2
изпълнителката,2
баби,2
малцинствени,2
застраховка,2
богатата,2
поднесе,2
превърнала,2
твърдим,2
дебелото,2
получената,2
изсмя,2
нападателките,2
диво,2
туристическа,2
хваля,2
нацията,2
тъщата,2
равенството,2
пациентът,2
симова,2
панелна,2
правораздавателните,2
поддържахме,2
санитарка,2
осъществено,2
демиров,2
скоби,2
предявено,2
незнайна,2
прободно,2
разкъсвания,2
приз,2
премести,2
изключва,2
сондажът,2
избледняват,2
медицината,2
свекървата,2
рентгенолог,2
чинтулов,2
показах,2
отдалечи,2
наблюденията,2
лазар,2
хипотеза,2
критерии,2
образци,2
спечелих,2
любезно,2
изведен,2
дер,2
квалифицира,2
лайен,2
милчев,2
нарязаното,2
нарушенията,2
съветникът,2
герашченко,2
обрат,2
прогнозата,2
вложат,2
тартор,2
имплантите,2
професионалната,2
грижил,2
ходенето,2
сабина,2
живеещ,2
подготвена,2
проведат,2
изложеното,2
шансът,2
близнаков,2
прехвърлим,2
хубава,2
наш,2
питала,2
даден,2
кварталите,2
откриваме,2
враг,2
безспорно,2
проговаря,2
застрашават,2
признателен,2
юмручни,2
системното,2
блъснат,2
тревожните,2
заплата,2
наследен,2
събориха,2
протестно,2
вота,2
редовния,2
лулчева,2
освидетелстват,2
нешева,2
елемент,2
координира,2
продължавам,2
постоянни,2
желаещи,2
гълъбово,2
удушили,2
финес,2
довърши,2
раздяла,2
ищците,2
гръдния,2
предприятие,2
кош,2
болното,2
снимахме,2
бомба,2
плавно,2
небрежно,2
чувствата,2
категории,2
амбициозна,2
впечатления,2
вещо,2
събрана,2
водени,2
нахапвания,2
фейсбук,2
фактура,2
готвачка,2
безнаказаност,2
извода,2
ставала,2
случайни,2
затегне,2
буркан,2
преведе,2
гледната,2
търсите,2
вальо,2
осиротялото,2
брега,2
придружавала,2
предизвикана,2
заспали,2
минималната,2
способни,2
цветомир,2
обещан,2
осъм,2
нахлула,2
фрапиращо,2
приюта,2
оставете,2
христиана,2
мия,2
убивали,2
наводненията,2
повикала,2
трайково,2
садизъм,2
четох,2
патологична,2
арестувания,2
накаже,2
разрешаване,2
направеното,2
усетил,2
харесал,2
запомня,2
осъществен,2
насочихме,2
прескача,2
руши,2
изгори,2
установяването,2
теста,2
страстите,2
конкретната,2
темида,2
европейският,2
юлияна,2
разголени,2
цанева,2
танцуват,2
слизаше,2
създадено,2
стефаново,2
зове,2
символи,2
утрешния,2
споделяме,2
парламентарна,2
правосъден,2
споделяния,2
социалисти,2
визията,2
предавания,2
ескалирала,2
дпа,2
ексхумират,2
молила,2
гробището,2
предизвикани,2
вършим,2
рап,2
влюбих,2
оплаквала,2
предизвикал,2
разрешила,2
невъзможни,2
концерти,2
осипова,2
тома,2
навежда,2
изглеждала,2
gmail,2
пренася,2
ясновидката,2
новиков,2
стихията,2
обръщал,2
подозирам,2
отвели,2
изкажа,2
договора,2
станишев,2
изрисува,2
художничка,2
коко,2
донесъл,2
закаран,2
всс,2
стълба,2
местна,2
каузи,2
локали,2
апаратна,2
прекарал,2
покрита,2
кажеш,2
вентилация,2
оставаме,2
професията,2
интубирано,2
реализирани,2
препятства,2
проявил,2
седях,2
магдалинчев,2
лъчезар,2
излизал,2
основания,2
топка,2
маневра,2
глупости,2
поставено,2
първанова,2
възстановени,2
галентин,2
руен,2
хомосексуални,2
осакатяване,2
декор,2
неврохирургичното,2
ползваме,2
шокът,2
поддържането,2
твори,2
позвънила,2
помислила,2
държавния,2
разменили,2
мига,2
фургон,2
смееха,2
мислите,2
убийца,2
едвам,2
предадено,2
троян,2
заобиколена,2
сложена,2
успехи,2
хирургично,2
тона,2
вкп,2
произнасяне,2
поддръжници,2
анализа,2
продължаващо,2
настойник,2
паркирана,2
становищата,2
сергей,2
мислил,2
точката,2
обявяват,2
респективно,2
отговорим,2
обезопасяване,2
добива,2
зафиров,2
маг,2
потоп,2
скъпото,2
упражнение,2
допуснем,2
обезобразяване,2
съдействат,2
отскубне,2
терористични,2
пристигане,2
аргументът,2
постигнали,1
обхванаха,1
преден,1
явяват,1
докторе,1
алгафари,1
аптека,1
накарала,1
ограничаваща,1
нелепите,1
твърдяха,1
блокове,1
изп,1
охлузна,1
зловредно,1
водещия,1
скоба,1
махалите,1
почивка,1
провиснали,1
кремиран,1
нидал,1
безспирно,1
другарските,1
престъпно,1
улесни,1
предвижва,1
еднаква,1
гробари,1
заминали,1
пилотен,1
боянова,1
сороптимист,1
укоримо,1
вкараха,1
изсипе,1
трекляно,1
рецепти,1
тролейбусните,1
третото,1
пеньоар,1
отминаващата,1
изтезания,1
белязаха,1
стъпим,1
атентата,1
скубанe,1
заплашителните,1
извънгабаритния,1
призовка,1
координиране,1
цитирам,1
извежда,1
товари,1
неизлечима,1
оплаквал,1
мъст,1
поговорка,1
неосветена,1
звъннало,1
височината,1
повлякла,1
априлов,1
разбиранията,1
свестява,1
квалифицират,1
посягала,1
тролеи,1
развивала,1
амбулаторен,1
челното,1
булевардите,1
повдигнал,1
полетели,1
породят,1
варварско,1
умозрението,1
запомнена,1
спечелихме,1
съжителства,1
хърлец,1
комплексно,1
делегирана,1
рязани,1
последователна,1
босилеградско,1
прям,1
филиала,1
въведоха,1
извънгабаритни,1
земеделие,1
нараснал,1
превантивно,1
възпрепятствани,1
получавало,1
рибарци,1
котел,1
неуспешно,1
игнорира,1
зарази,1
оставяха,1
оперирани,1
видяна,1
обискът,1
екстрадирането,1
висящи,1
педофили,1
предполагаемите,1
безвъзмезден,1
трагдеията,1
окултни,1
уточнени,1
щади,1
mile,1
битите,1
илчева,1
момченца,1
способности,1
безумното,1
аларми,1
агенти,1
безобразие,1
буче,1
предупреждавали,1
нароиха,1
пистолетът,1
обнадеждаващо,1
открия,1
променяме,1
ледени,1
попитан,1
психоложите,1
градеж,1
раздори,1
противопоставим,1
пазарджишкото,1
настаним,1
роднината,1
дугият,1
прекаляват,1
братаница,1
всякакво,1
walk,1
кюртов,1
прераснало,1
изтървала,1
стреми,1
тъгува,1
смолянската,1
принуждавана,1
консултативните,1
инструментално,1
разследвани,1
ветеринарният,1
долната,1
неотменимост,1
скромната,1
доволни,1
финансовия,1
родят,1
протестирахме,1
умрели,1
джуниет,1
активира,1
изтърпява,1
алармите,1
изявления,1
неусетно,1
културно,1
осъдителна,1
ефективната,1
подготвят,1
вменява,1
сюжет,1
психодиспансер,1
служат,1
куфар,1
разузнаване,1
стоящ,1
фолио,1
поклонението,1
подготвяли,1
дължах,1
задушена,1
компрометиране,1
миниустройството,1
разрешено,1
отглеждаше,1
екстрадират,1
изстреляни,1
потвърждение,1
изчакали,1
атентатите,1
епистоларно,1
билитис,1
информационните,1
трагична,1
възстановяваше,1
хуманното,1
несправедливата,1
абсурдния,1
тикне,1
придобиване,1
назначено,1
хипотезата,1
овцевъдство,1
изтърпял,1
говедовъдство,1
заобикалящите,1
гадая,1
претърсили,1
губернаторът,1
разплете,1
безучастен,1
попитани,1
поработи,1
фиципизмите,1
шествията,1
фундаментални,1
настъплението,1
привилегии,1
междублоково,1
подобрено,1
елка,1
творение,1
сибял,1
ялта,1
аксьонов,1
сарафово,1
хипотезите,1
абсурдният,1
привличат,1
ресурсен,1
включила,1
мостът,1
изживява,1
пробуждане,1
съпоставими,1
челюсти,1
колибката,1
балева,1
претърсват,1
her,1
учудена,1
отбила,1
наговорят,1
впечатлен,1
планира,1
сегашните,1
защитавайки,1
поделят,1
престъпен,1
момчилград,1
припознае,1
перона,1
излъжат,1
другарски,1
fest,1
почувстват,1
клиничният,1
пронизват,1
съпоставят,1
прикривания,1
последващо,1
взривни,1
постелен,1
аврамов,1
прехвърлиха,1
ранната,1
shoes,1
федералната,1
осъществявани,1
някогашния,1
интервенциите,1
придошлата,1
хирургичните,1
summer,1
смущаващото,1
укрепен,1
раздел,1
притекох,1
лъчезарна,1
субсидиите,1
паралелката,1
цирк,1
намесват,1
транспортна,1
мюзекяр,1
излизало,1
учудване,1
арена,1
предметния,1
работохолик,1
снимаш,1
парламентарните,1
оптимизиране,1
избутали,1
инспекции,1
рисунки,1
изготвиха,1
коментаторите,1
подкрепяйки,1
чуe,1
паузата,1
съмненията,1
надменна,1
очевидецът,1
янина,1
бодрост,1
съвременната,1
изпреварва,1
облекчение,1
субсидия,1
звукът,1
приятна,1
камбанния,1
микрофоните,1
симферопол,1
проследихме,1
разпадне,1
привикнали,1
закупен,1
пускаше,1
познайник,1
маймуна,1
алармата,1
директни,1
доказуеми,1
кахтан,1
далакът,1
платения,1
усложнили,1
прекъснал,1
отборния,1
тестване,1
федералните,1
жизнения,1
измества,1
изразено,1
необходим,1
нормализира,1
връчено,1
наболелите,1
катаджия,1
защитавала,1
сменяна,1
животnite,1
бутнала,1
рекъл,1
терминът,1
запълнен,1
предупредили,1
подсъдима,1
гражданските,1
поддържаш,1
съответното,1
поколебал,1
пределите,1
таях,1
камбаните,1
тембърът,1
нехайство,1
задълбочила,1
срещани,1
кандидатствал,1
условности,1
тържествен,1
стефановден,1
губернатора,1
наука,1
надзорните,1
кръвосъсирването,1
обзела,1
придобивки,1
умря,1
дишаш,1
причастието,1
мариета,1
четения,1
легална,1
погълна,1
софиянци,1
боклуци,1
извикаха,1
конституционно,1
коледен,1
готвеха,1
даване,1
установеното,1
недохранване,1
капчица,1
операторите,1
справедливостта,1
интубират,1
николаева,1
запомнени,1
денис,1
недохранването,1
българинът,1
разделя,1
чифт,1
трошичка,1
тихия,1
променен,1
полуострова,1
фермерите,1
изчезналите,1
смисълът,1
вложен,1
разполагало,1
отстоявал,1
разбирането,1
законопроектите,1
добих,1
причасти,1
шепа,1
социологът,1
вдъхнем,1
езици,1
събудиха,1
транспортната,1
икарус,1
сетят,1
атракционна,1
глишев,1
чаках,1
камбанарията,1
павленко,1
морал,1
скърби,1
енергично,1
оптимизъм,1
чуждестранна,1
лукреция,1
изнасилвани,1
американския,1
изкачва,1
разстройва,1
условните,1
разследващият,1
подобаващо,1
настояли,1
насочвайки,1
тръгвай,1
чудесата,1
прегърна,1
пропагандира,1
фермер,1
обичайте,1
почивката,1
чешеме,1
предаваме,1
бягайте,1
поискаме,1
служа,1
наспя,1
наръгана,1
софийските,1
засягащ,1
покриват,1
вземаше,1
фермери,1
рекетират,1
медико,1
кравите,1
абсурдни,1
podcast,1
наивно,1
изберат,1
безсмислено,1
повървиш,1
обсъдени,1
спазване,1
неподходящи,1
стриктното,1
председатели,1
транспортно,1
активист,1
продукция,1
коригира,1
намаляло,1
камбаната,1
заявяваме,1
клипчета,1
биволското,1
багерът,1
писано,1
пренасянето,1
погребването,1
смъртоносен,1
уговорило,1
моника,1
заглуши,1
симеоново,1
kаним,1
гробищни,1
превърната,1
миля,1
трайност,1
вето,1
императивните,1
юмручна,1
петокласници,1
очакване,1
подиграва,1
провеждаме,1
разстроих,1
описаните,1
покойници,1
излитал,1
съребрена,1
недопустимото,1
трамвайната,1
превозван,1
хеликоптерът,1
гроздобер,1
привързват,1
препратил,1
притеснявала,1
горския,1
дефинирани,1
въпроснияj,1
предсавени,1
кенаров,1
любвеобилни,1
нататъшните,1
ватманът,1
дебитни,1
траурна,1
параграфа,1
подписът,1
черното,1
граничещи,1
публикуваме,1
манолов,1
стражица,1
имунитета,1
заплатена,1
смехът,1
насилена,1
развода,1
тийнейджърската,1
смешна,1
рискова,1
хладилна,1
редакционни,1
очарована,1
разбрало,1
оспорени,1
абсурда,1
пиенето,1
сетне,1
инфраструктурата,1
паралелен,1
отстъпва,1
прикрият,1
формална,1
претендираш,1
човечеството,1
дника,1
биг,1
формализъм,1
невроучен,1
съхранението,1
нaследници,1
попълването,1
детайлно,1
изнасяни,1
лъчева,1
основавайки,1
брадър,1
розови,1
вкоренени,1
допуснато,1
упражнявала,1
реалити,1
нурджихан,1
котлони,1
прб,1
себял,1
шестват,1
длъжностни,1
народопсихология,1
сучева,1
потеглили,1
качествен,1
пореже,1
нормативно,1
позволявал,1
срязвайки,1
бич,1
повредили,1
моралните,1
косвени,1
лекувала,1
продължаване,1
катера,1
адекватната,1
милосърдие,1
ушев,1
интимност,1
престраши,1
припокриване,1
фелдшера,1
разпоредбата,1
аниматорът,1
изместват,1
хоризонта,1
учтиво,1
оставките,1
фактологията,1
генерираме,1
изискуемите,1
огледал,1
гражданският,1
изготвим,1
портрет,1
изискат,1
предвидят,1
стисна,1
кремиране,1
сключена,1
изоставили,1
оставящо,1
ротация,1
регресивни,1
виня,1
заместване,1
висят,1
запазват,1
гръмогласно,1
брифингът,1
малкопищялна,1
проучен,1
нежност,1
преживеното,1
попълни,1
казълов,1
специфики,1
биещото,1
тролейбусни,1
извикаме,1
устроен,1
метали,1
осигурителната,1
учиш,1
изказ,1
добронамерен,1
девствеността,1
извинението,1
закачил,1
генка,1
назначените,1
дерибейства,1
анализирани,1
произнасям,1
даня,1
чистачката,1
яхтата,1
яхти,1
едър,1
буташе,1
възпитаник,1
хилят,1
скъси,1
вършил,1
идол,1
военнослужещи,1
отчетност,1
писмен,1
максималния,1
полиграфско,1
сети,1
подвел,1
осиновители,1
убивайте,1
сухопътна,1
тимарево,1
заканване,1
наела,1
обезобразил,1
посъветвана,1
проследени,1
мутренска,1
потегли,1
напиша,1
клаксони,1
неврохирург,1
съпредседателят,1
господа,1
свирят,1
лъже,1
възлови,1
пипи,1
дългото,1
ненова,1
уважаеми,1
неплатен,1
чорапче,1
позволявам,1
астрид,1
преминаване,1
герман,1
пътуването,1
смее,1
недосегаемост,1
напълнолетната,1
джендърска,1
страниците,1
курва,1
мъжас,1
съвътлъка,1
събираха,1
кредитен,1
показваха,1
непонятно,1
помогнала,1
активността,1
прекъсват,1
ограничат,1
удряха,1
псевдоинтерпретации,1
създателката,1
мислете,1
цивилизована,1
променян,1
вкарването,1
приехме,1
опция,1
имиджа,1
създаваме,1
отвратителните,1
трупните,1
коментирайки,1
уговаря,1
вменили,1
поръчва,1
обгорена,1
таксиметровия,1
бунтува,1
посочвало,1
ченчеви,1
посочената,1
водосточните,1
духът,1
системите,1
благоевградското,1
изравнят,1
различава,1
размисъл,1
поръчах,1
линдгрен,1
спирачката,1
привлечено,1
разписана,1
питате,1
виновността,1
разпитано,1
фрапиращ,1
честа,1
чувствителен,1
напуснем,1
философията,1
попаднахме,1
годшният,1
запазваме,1
притежавана,1
показвате,1
обвинило,1
почивни,1
доверят,1
натопени,1
недопустимост,1
занимания,1
прикриването,1
осъждани,1
балабанов,1
подезична,1
понасят,1
свидетелствали,1
непреходна,1
запалили,1
досежно,1
противообществени,1
поправителен,1
характеризира,1
външният,1
общите,1
тръгнем,1
кредитната,1
подстригването,1
стандартно,1
уважена,1
блудството,1
шенгенската,1
материалните,1
генетичен,1
смеела,1
коремният,1
засичана,1
твърдяло,1
хараланов,1
ренесанса,1
острата,1
разбираш,1
пунктовете,1
поискана,1
варненското,1
изминава,1
изгубихме,1
натравяния,1
осъзнат,1
изключителната,1
ликвидация,1
упоритостта,1
облекчен,1
отровна,1
надзиравал,1
тенденциозно,1
белослава,1
физиономиите,1
благомир,1
тресна,1
слизай,1
обективна,1
изпитване,1
безгранични,1
погубени,1
целяща,1
отхвърлена,1
принудих,1
поуки,1
военнослужещите,1
текстови,1
ревнувал,1
конструктивен,1
вноските,1
трудови,1
древен,1
детайлна,1
ваша,1
заеманата,1
левскарската,1
ползването,1
абсолютната,1
скрием,1
извлечения,1
десетина,1
убедиш,1
раждащата,1
стоилов,1
глобен,1
отворете,1
вълкова,1
спонсорите,1
подрастващите,1
нарцистични,1
слезем,1
известност,1
почистване,1
робиня,1
количките,1
структурата,1
предяви,1
махали,1
норма,1
подчинението,1
операторът,1
поколения,1
шамарът,1
спирайте,1
престъпното,1
безрезервно,1
психолого,1
финално,1
предпочетохме,1
заекване,1
включвали,1
хванеш,1
вдигнаха,1
скръбта,1
изчерпателна,1
разменяхме,1
машинка,1
мъртвешка,1
проблемен,1
обещала,1
лишава,1
подстригана,1
утежняващите,1
демонстрираме,1
подстригвам,1
хрумнало,1
приетите,1
тълкувани,1
булчински,1
представящата,1
брутно,1
отдалечили,1
обръсне,1
гаврата,1
латида,1
изневери,1
прекъсва,1
илиана,1
отчетлива,1
бившето,1
изпреваря,1
нарушена,1
изготвил,1
дрегера,1
грижовен,1
аднормни,1
обтегнати,1
свирнах,1
персоната,1
амбулаторния,1
съсипани,1
особен,1
дипломат,1
обезпокоена,1
адресирано,1
обезличаване,1
предотвратяваме,1
социопатия,1
обръснато,1
неистово,1
командировките,1
укриване,1
студио,1
дефектите,1
психопатичен,1
построим,1
тъп,1
претърпя,1
фаровете,1
замерят,1
административния,1
публичност,1
шансове,1
шерифе,1
принуди,1
управленски,1
квалифицирани,1
задръстване,1
звяр,1
топли,1
изтрити,1
ходжата,1
остро,1
засиленият,1
отдръпнал,1
докладвания,1
глътка,1
обиден,1
спонтанен,1
обвързан,1
забраните,1
единодушното,1
образувала,1
набити,1
задълбочено,1
сменихме,1
размахват,1
покъртителен,1
обръснатото,1
получаваното,1
секретарки,1
застанал,1
емигрирала,1
преводи,1
възможна,1
магически,1
проходи,1
отчеени,1
помним,1
йонислав,1
ударят,1
методическа,1
широките,1
огнени,1
богатствата,1
обследва,1
педиатрия,1
каналът,1
сайтовете,1
рекламира,1
приключването,1
призиви,1
ужасното,1
търпението,1
зашил,1
технология,1
санкциониран,1
надпревара,1
изградим,1
автомобилен,1
отказът,1
базирана,1
аборти,1
ефектите,1
обработен,1
изчаках,1
заявяваше,1
частици,1
умело,1
забихме,1
посягаше,1
настоятелно,1
отказани,1
обезболяващо,1
янаки,1
случваха,1
центровете,1
продуктивна,1
упражнили,1
провинението,1
интервали,1
безследно,1
намесих,1
всеотдаен,1
вкарвайки,1
неконтролируеми,1
посолства,1
логодаж,1
разяснил,1
вино,1
проклинам,1
измамника,1
инициираха,1
повторната,1
овъглените,1
блъскаха,1
правена,1
скубаха,1
ратифицират,1
очакваше,1
бързах,1
извадят,1
уговори,1
агопов,1
камен,1
подкрепяме,1
обхватът,1
вцепенена,1
незнайни,1
сипе,1
изкоренен,1
информационната,1
постарае,1
подведен,1
продуктивно,1
гаранциите,1
можехме,1
абортите,1
безобразно,1
застигнаха,1
амбиции,1
неприемайки,1
засече,1
написаното,1
обезправи,1
фамилиарничи,1
оправдава,1
командирова,1
криволичеше,1
намаляваш,1
спираш,1
прелита,1
прегърнат,1
привилегия,1
индивид,1
емпатията,1
хипоталамуса,1
сегашния,1
толеранса,1
искащи,1
интимните,1
джендърската,1
простъпка,1
съмишленик,1
подвежда,1
рискуват,1
следваща,1
смразяващи,1
стереотип,1
проследен,1
постигането,1
родителството,1
свързаното,1
наречения,1
неподходяща,1
специализантите,1
култивирането,1
някое,1
вредно,1
ценностни,1
повратен,1
осъвременят,1
манипулативен,1
камуфлажните,1
протоколите,1
реагирате,1
атрактивен,1
термени,1
грешна,1
облeклото,1
еклектичност,1
изпуснали,1
получаваш,1
влачил,1
усетим,1
обилния,1
щърбева,1
спасителят,1
упълномощеният,1
вярваше,1
женил,1
пресконфенреция,1
прокуратрата,1
пристигнало,1
плесници,1
изкараме,1
лъган,1
всевъзможни,1
имигрантите,1
упорито,1
некомфортно,1
желаното,1
стръмни,1
япония,1
лазерно,1
гонили,1
дарени,1
раздаваше,1
съвкупно,1
захвърлил,1
уврежданията,1
приспособи,1
видени,1
назначават,1
ножицата,1
журналистика,1
възбудила,1
листите,1
запишем,1
възмущаващо,1
стопира,1
райна,1
спестените,1
общността,1
оправена,1
влага,1
отчели,1
гони,1
престрашиха,1
отровната,1
разделяхме,1
доверчив,1
бежанския,1
бременното,1
вплетени,1
донесено,1
стопирането,1
лампион,1
мазилка,1
стабилизираме,1
щадящ,1
роговицата,1
искова,1
стараем,1
осъзнаването,1
драгичево,1
посрещнаха,1
лазерни,1
паркет,1
вълнение,1
роговица,1
мъжко,1
съпоставени,1
хелокоптерът,1
обкръжението,1
традиционното,1
фосфорна,1
органична,1
коева,1
лесните,1
понасяли,1
роговиците,1
трансплантирани,1
понесла,1
скърца,1
сменян,1
достигне,1
оставяни,1
нестабилни,1
оригиналната,1
скачат,1
произвеждат,1
тапетите,1
борел,1
махнаха,1
претърпяха,1
венецианско,1
имайки,1
запазване,1
културния,1
произведен,1
разубеждавани,1
отпътуването,1
трябвал,1
съкрушена,1
дипломати,1
свестни,1
войводата,1
обретенов,1
изтънява,1
гьонева,1
вкарал,1
завършиш,1
естетични,1
наземната,1
леката,1
науките,1
издало,1
повдигнат,1
позабравени,1
гореспоменатия,1
лежанка,1
ударно,1
уронва,1
осъждано,1
наранявана,1
призма,1
допуснаха,1
нощни,1
изхвърляна,1
устройство,1
представяш,1
радецки,1
корабът,1
законосъобразен,1
възмути,1
кълцана,1
скули,1
мениджърски,1
окаляни,1
поло,1
провокират,1
институтът,1
ограбените,1
размити,1
позорно,1
изпадането,1
подарили,1
загадка,1
уволни,1
потънало,1
изгорено,1
куртанова,1
наводнено,1
зачестиха,1
димитриево,1
правоохранителните,1
застрашените,1
изразената,1
неправителственият,1
галеви,1
легитимацията,1
мирияна,1
изострения,1
твърдиш,1
намокрено,1
нерегламентиран,1
изгаряш,1
потомци,1
омастилим,1
слизат,1
телесно,1
войводи,1
другари,1
отбелязани,1
рекордни,1
заявления,1
подплатяват,1
медиатори,1
радваш,1
достъпваме,1
приземила,1
зарадваме,1
нарязано,1
общностите,1
изхвърлили,1
решаващи,1
подстриже,1
съчувстваме,1
обединят,1
въведено,1
рожен,1
горещо,1
получения,1
раницата,1
заявеното,1
напразни,1
невролози,1
термометрите,1
острига,1
оранжев,1
хеликоптерите,1
малтретирането,1
сънувал,1
образуваните,1
европейци,1
криели,1
теглеше,1
ботьов,1
оставаха,1
гаври,1
деляна,1
трансплантираното,1
настоявайки,1
несигурни,1
сформира,1
претендриал,1
вени,1
осмелиха,1
обособили,1
кипи,1
кацат,1
атакуван,1
носим,1
обнародвани,1
теглените,1
поезия,1
войниците,1
недоумяват,1
среднощен,1
подаваме,1
закъсняха,1
народът,1
видинския,1
закрие,1
вихрен,1
рашкови,1
притекоха,1
звукозаписна,1
повикване,1
шампиона,1
постановеният,1
успеваемост,1
свиждането,1
стоял,1
размисли,1
видинчанин,1
мойнов,1
планините,1
неврохирургът,1
нарязвания,1
бръсненето,1
удряно,1
непоносим,1
мотори,1
гонки,1
ежедневен,1
откровен,1
производств,1
изисканото,1
изтезание,1
глезена,1
автоматичното,1
следейки,1
вертолет,1
правозащитникът,1
садисти,1
отровата,1
баничката,1
ускоряват,1
гледайки,1
приложено,1
изкоренила,1
нуждаещите,1
достъпно,1
размирици,1
плавен,1
припомяме,1
усили,1
есен,1
успокоиха,1
казаните,1
съгласуване,1
прътове,1
железни,1
качването,1
опозиция,1
обилното,1
мъгливо,1
облизва,1
хирургичен,1
съвременна,1
чалга,1
заекването,1
фактология,1
взетия,1
среднощното,1
логопеди,1
констатиране,1
престрашава,1
инвестираха,1
зарекъл,1
заловили,1
пускам,1
фондове,1
бейхан,1
шестчленното,1
отдалеч,1
легални,1
сигнализирани,1
османов,1
надушило,1
логопедия,1
спецификата,1
времево,1
нахлуване,1
сръбските,1
облачност,1
процесната,1
изпадат,1
миейки,1
комуникират,1
прокурата,1
арестуваната,1
зверство,1
удължен,1
задочното,1
киркович,1
възрасти,1
седалкови,1
седалковият,1
осъмна,1
лечим,1
дефект,1
говорният,1
снемат,1
кабинковият,1
певиците,1
посочените,1
публикациите,1
конкретизира,1
естрада,1
докарано,1
крумово,1
непокорен,1
имайте,1
несериозна,1
австрийски,1
мотивират,1
погълнала,1
мигновено,1
увеличаващия,1
подкрепяше,1
щеки,1
извитите,1
импровизирана,1
преследваните,1
писменият,1
бидермайър,1
разледването,1
договорено,1
заплашваха,1
използвахме,1
успявал,1
проявени,1
прерязва,1
намушкано,1
раненото,1
оперирано,1
тавани,1
залива,1
събирал,1
галев,1
въздушен,1
адресна,1
обецанов,1
играем,1
бягаме,1
сблъсквайки,1
стреляха,1
командвам,1
налагам,1
пасаж,1
каузите,1
докладчик,1
питал,1
офицери,1
въже,1
възоснова,1
полубратът,1
застреляният,1
въззивното,1
ботйов,1
побегнали,1
табла,1
мотокар,1
предявили,1
произведени,1
шах,1
задълбочаваме,1
докладни,1
буза,1
светкавична,1
типичното,1
обоснован,1
процесното,1
боксьор,1
бързото,1
погасят,1
историческите,1
бележитите,1
инстинктът,1
издебнал,1
убиваш,1
спечелил,1
присъствена,1
възбудят,1
завишат,1
рождението,1
бойния,1
подчертават,1
йордановден,1
пленума,1
идвал,1
вменяема,1
съдимост,1
нарязаха,1
маломерни,1
предупреждавала,1
революционер,1
нокаут,1
оправдал,1
построена,1
характеризират,1
свойството,1
вадя,1
разгледаме,1
скъсено,1
районите,1
разпределението,1
държейки,1
родове,1
сага,1
калоферски,1
ботйовият,1
калоферско,1
вдигане,1
родителско,1
отчуждение,1
прекратят,1
пределната,1
удобен,1
отчуждават,1
константни,1
уличила,1
освобожденска,1
преместват,1
пали,1
неволи,1
увеличиха,1
запой,1
искрен,1
полигони,1
симулатори,1
разучават,1
тежкият,1
задействаха,1
иваничковци,1
благоустройството,1
специализираното,1
областно,1
добродетелите,1
гривни,1
вълнувала,1
умираше,1
курорт,1
екзекутира,1
премазано,1
смазана,1
погребаха,1
пълномощни,1
адвокатския,1
вреда,1
влог,1
отнеха,1
недвижими,1
посветил,1
прекратих,1
представлявам,1
обезопасила,1
опази,1
любима,1
многохилядни,1
травмиращи,1
изживявания,1
курсовете,1
свищовското,1
ореш,1
управляваната,1
привечер,1
пропаднала,1
отводнителен,1
бетонов,1
химичен,1
хвойна,1
благодарила,1
нагънат,1
свинщина,1
самосъзнанието,1
надигна,1
инфраструктури,1
мечтаеше,1
ядрен,1
физик,1
изучава,1
отдаваше,1
бавна,1
нередностите,1
отсечка,1
предупреждаващи,1
посоченият,1
клеветнически,1
манипулирайки,1
псуваше,1
нанасяния,1
възрастния,1
гледани,1
пейчева,1
задължала,1
непровокирана,1
чакайте,1
коректен,1
обективност,1
съблюдаване,1
отличник,1
дезинформирано,1
дезинформира,1
правилната,1
гласният,1
щения,1
синдикалния,1
нагнетява,1
демонизирани,1
сатанизирани,1
прикрит,1
сигуност,1
марти,1
жизнените,1
поддържаха,1
изкуствен,1
пометен,1
легитимирал,1
викаше,1
неоснователно,1
легитимира,1
лишено,1
съкратената,1
обрано,1
размерът,1
правораздаване,1
старозагорския,1
обеца,1
проследявани,1
пандемичното,1
скритите,1
ангажираните,1
стрикти,1
приветствам,1
секундите,1
разчетени,1
безпричинно,1
движещата,1
защитна,1
обявика,1
ръкомахане,1
дрифтил,1
ръкомахал,1
внимателни,1
дръпнах,1
подпрях,1
избегна,1
избутаха,1
бойните,1
инструкторите,1
механизмите,1
медиен,1
затворническо,1
изнудвал,1
влиятелни,1
прозрачността,1
осветяването,1
казуси,1
репортажите,1
изиграха,1
вдъхват,1
социологическо,1
взаимодействали,1
обучила,1
правният,1
благородна,1
макева,1
използвайте,1
събудите,1
левена,1
анкета,1
нагласи,1
слабата,1
ненавременните,1
кореции,1
наислие,1
поднормативните,1
важният,1
насрещни,1
преразглеждане,1
привилегировано,1
прехвърлящо,1
чуждо,1
шофора,1
дефинират,1
обезпечат,1
неограничен,1
насили,1
отделна,1
изменението,1
крайпътен,1
костенското,1
гуцал,1
велинградско,1
пътния,1
пътничките,1
благоевградският,1
изгубена,1
исмаилица,1
планинска,1
залез,1
излага,1
оневини,1
привличащи,1
върховенството,1
роднинската,1
породи,1
възможната,1
безпринципност,1
хронологията,1
узрели,1
заплашили,1
издевателство,1
скандалната,1
клипчето,1
присмех,1
бъзици,1
близалка,1
гадни,1
поговори,1
влязоха,1
неприятностите,1
препречва,1
повлече,1
задното,1
ляво,1
саморазправят,1
сплашат,1
разплата,1
евелина,1
канеше,1
почукали,1
мускул,1
сантиметър,1
пробие,1
лечков,1
разкъсаха,1
йоркширски,1
териер,1
нахапаното,1
извинила,1
подигравки,1
подиграват,1
принудят,1
заела,1
заплашителен,1
неизправен,1
мак,1
езерово,1
злополука,1
уреда,1
кнежа,1
отсъствала,1
обзавеждане,1
шокиращото,1
подай,1
отчаяно,1
търсело,1
услужи,1
отговаряли,1
батерия,1
харесвали,1
ругаел,1
отлична,1
изобразителното,1
тъмния,1
гладно,1
скъсани,1
уча,1
воденичарски,1
отзовава,1
заръките,1
черноморския,1
бургазлиев,1
мустафа,1
каравелово,1
стимул,1
оздравее,1
срещали,1
повръщания,1
ипотекирали,1
струващото,1
достави,1
лекарството,1
закупим,1
победим,1
сигурният,1
олегова,1
сурово,1
измамат,1
електрическо,1
заблудили,1
гургулят,1
усетила,1
самопризнанията,1
инкриминираните,1
тезите,1
намеци,1
славейков,1
защитете,1
шадравана,1
афектирал,1
денонощния,1
показващи,1
невидим,1
завършвайки,1
напредъка,1
обичаното,1
осигурил,1
каска,1
побягва,1
оставане,1
грабежът,1
подгонват,1
контузва,1
обмислил,1
приемайки,1
недосегаем,1
частната,1
укорима,1
позволила,1
чута,1
разбрана,1
насреща,1
крещят,1
надслова,1
липите,1
безпристрастен,1
коментара,1
очаквайте,1
пожарникар,1
разтърсващ,1
виновника,1
служих,1
провалих,1
регистрите,1
хулиганското,1
явиха,1
живеете,1
фекалии,1
бързали,1
възмущава,1
частният,1
вдигнал,1
възбраната,1
загубен,1
продаден,1
тежестите,1
подобрило,1
възпалителни,1
нечиста,1
паразити,1
погрижиха,1
майстор,1
подписите,1
почеркът,1
осъзнавала,1
накараш,1
погрижил,1
съдебнографическата,1
взетите,1
изследват,1
изхождат,1
саморъчният,1
изчакваме,1
обнадеждени,1
чистим,1
влюбил,1
причакали,1
разпорежда,1
бензиностанциите,1
параноидна,1
марширува,1
порутен,1
изпотрошени,1
запушена,1
екскременти,1
мишкова,1
минаваше,1
парно,1
влошеното,1
влюбва,1
палто,1
виждахме,1
ощетили,1
задължила,1
ремонта,1
избягваше,1
влюбеният,1
разполагал,1
данъчна,1
ревизия,1
съдействала,1
квартирантка,1
гарантирала,1
несвойствени,1
зачудих,1
банковия,1
дианабад,1
паркира,1
непозволени,1
тълкуване,1
импровизация,1
осъществиш,1
предвидил,1
валидно,1
етичният,1
акселерацията,1
женствени,1
черти,1
развита,1
провокативни,1
депресии,1
влизайки,1
асексуален,1
твои,1
тръгнеш,1
физкултура,1
спортни,1
идваха,1
пляска,1
дупетата,1
набелязала,1
съдя,1
поречието,1
инспекциите,1
обхванат,1
паркови,1
определеното,1
защитаваш,1
засадени,1
заеме,1
подкарал,1
алеята,1
насрещно,1
племеннички,1
урината,1
химико,1
токсикологичната,1
врачка,1
извършителката,1
магията,1
пипат,1
усъмнила,1
страдащи,1
пораснали,1
вдовици,1
скрит,1
опасявайки,1
насочвани,1
патронажна,1
асистентска,1
подкрепена,1
чалъмов,1
ивета,1
легитимиране,1
дискредитира,1
адвокатурата,1
етична,1
еколозите,1
компрометирани,1
отваряне,1
правейки,1
бам,1
тичаше,1
свидетелката,1
отделило,1
скъсване,1
коланите,1
презапасени,1
износване,1
коланът,1
капитанът,1
инструктор,1
летят,1
моряк,1
пренебрегване,1
сертифицирани,1
обучители,1
въвела,1
атракционите,1
регулации,1
неизправност,1
компрометира,1
обезопасителният,1
засилване,1
спокойствието,1
предвидим,1
митков,1
наблегнаха,1
шофирането,1
регистрационните,1
необработени,1
пътнотранспортно,1
живеещият,1
микология,1
биология,1
моe,1
хоби,1
дърворазрушаваща,1
гъба,1
тополова,1
панчушка,1
дървесината,1
компрометирана,1
разрушават,1
припадна,1
шийни,1
тазови,1
аритмия,1
дежурният,1
правел,1
разходки,1
клонът,1
отчупил,1
гонката,1
забива,1
фактическата,1
гонка,1
нарушителя,1
неподчинение,1
кайацая,1
забила,1
обмисля,1
минавам,1
прекомерно,1
върже,1
преодолените,1
израства,1
неизживяното,1
умори,1
автентичен,1
пораснало,1
безсънни,1
трепериш,1
принадлежеше,1
разпадането,1
отсъдя,1
избързва,1
аксаково,1
криско,1
гласувала,1
дадеш,1
разочароват,1
предателство,1
избирала,1
черджето,1
стани,1
надарена,1
самоиронията,1
изострено,1
несправедливост,1
присъщата,1
употребило,1
родопския,1
празнувало,1
повърхностна,1
донякъде,1
загинат,1
запитаха,1
кажете,1
отговорете,1
израсла,1
седите,1
скръстени,1
доблестта,1
свалите,1
банкета,1
окопа,1
ивица,1
обслужващата,1
опу,1
принципал,1
конят,1
пасат,1
шосето,1
бариерата,1
служителя,1
чакали,1
дрегер,1
посещаваме,1
турникета,1
обраузвано,1
сгъваема,1
честност,1
влюбчива,1
обсебвам,1
подаряват,1
обгръща,1
сплотеност,1
съвременния,1
движения,1
древността,1
водила,1
лизистрата,1
обявила,1
стачка,1
парижките,1
лозунгите,1
братство,1
митинги,1
текстилните,1
фабрики,1
настоявали,1
американската,1
провъзгласила,1
американските,1
отбелязвали,1
копенхаген,1
учредяване,1
чества,1
istock,1
отбелязването,1
века,1
равноправие,1
торино,1
глобавят,1
изгубвала,1
празнувайте,1
тенекеджиева,1
мрака,1
изкарвала,1
изливам,1
обожавам,1
самотата,1
неприемането,1
предразсъдъците,1
носили,1
огорчения,1
песни,1
дисквалифицирани,1
печелила,1
композитор,1
предразсъдъци,1
популярни,1
шоубизнес,1
добротата,1
носите,1
участникът,1
николаос,1
цитиридис,1
съвършено,1
очна,1
безкомпромисен,1
букети,1
заслужавате,1
ябълково,1
многобройността,1
предупредително,1
наркоманка,1
обвиняван,1
зададете,1
отсъди,1
привременните,1
неуспели,1
търсещи,1
лайкове,1
евтина,1
сензации,1
безсилието,1
цепи,1
предстоящото,1
дръзка,1
развойна,1
сладкарката,1
споменава,1
постъпвал,1
привременна,1
дългогодишния,1
безстопанствените,1
невралгичните,1
селскостопански,1
навлизане,1
назначим,1
обхожда,1
чипирани,1
изграден,1
алкохоличка,1
отнемана,1
рязан,1
самонатравяне,1
обясняваш,1
даваш,1
екипажа,1
писах,1
правителственият,1
кацна,1
мускат,1
делагация,1
евродепутатът,1
пробере,1
flightradar,1
излети,1
създателят,1
riders,1
участничката,1
попечителските,1
заканва,1
поканата,1
избягвал,1
принципа,1
каляте,1
прасето,1
неизбежни,1
авторитетът,1
опетнени,1
унищожаване,1
приеман,1
електропастир,1
възстановявали,1
въздействало,1
насаждаме,1
застъпване,1
удовлетвореност,1
внимаваме,1
четивото,1
псевдонима,1
принуждава,1
обува,1
пантофите,1
пребивани,1
търпя,1
убеждавани,1
осъзнават,1
севдалин,1
микаела,1
лишен,1
допринесат,1
превъзпитаването,1
умисъл,1
степента,1
упражняваното,1
фаталните,1
подценила,1
значими,1
въззивният,1
унищожава,1
предпазил,1
разкривани,1
етапът,1
пускаме,1
щетата,1
осъзнато,1
полският,1
електропастирът,1
панацея,1
издигне,1
градоначалникът,1
ломското,1
забранявал,1
отхвърлила,1
панчарево,1
тръгваш,1
внимавай,1
дръпнал,1
градската,1
язо,1
намиращо,1
биткойна,1
световноизвестният,1
стив,1
бидълф,1
отговорното,1
възпитат,1
нежна,1
възпитаваме,1
колибри,1
насоки,1
следваш,1
начертала,1
подвела,1
заговорила,1
мястотo,1
покупко,1
пускаха,1
прилагаше,1
психопрофилът,1
денчо,1
минев,1
инициира,1
даро,1
извинява,1
отбранява,1
блъскат,1
смеят,1
възкликва,1
редута,1
фалшифициран,1
склонна,1
договорите,1
изфабрикувани,1
подписвал,1
задлъжня,1
пристъпва,1
коен,1
екземпляра,1
архива,1
офисът,1
премахнати,1
указателните,1
журналистическо,1
спорен,1
манипулатор,1
гаврил,1
слушам,1
полудя,1
представлявал,1
отдал,1
назобен,1
мощна,1
споделям,1
компас,1
възприел,1
покайвам,1
музикалната,1
редакцията,1
намушквал,1
разказапострадалата,1
хвалеше,1
затворя,1
избие,1
изхвърча,1
отменя,1
лозунгът,1
бий,1
викаш,1
понасях,1
докара,1
излъгах,1
посинява,1
стоях,1
накарана,1
издънка,1
арбитражно,1
доведената,1
проявявала,1
измъчват,1
четириног,1
леа,1
разкритията,1
забъркала,1
грешните,1
любящо,1
заслуженото,1
намерите,1
обявено,1
върбинския,1
маданското,1
ляска,1
мотор,1
трактор,1
многопрофилната,1
братан,1
шукеров,1
пещерско,1
лерин,1
жълт,1
настига,1
изхвърчала,1
врязала,1
клиентки,1
ъгъла,1
продавачката,1
пресичаща,1
продавали,1
заснемали,1
раздразнение,1
посрещат,1
демонстрирала,1
повишавала,1
дърпала,1
внушавала,1
възпрат,1
гримирането,1
хелоуин,1
упражнила,1
удряйки,1
лицевата,1
заснемани,1
издевателства,1
откога,1
причинявайки,1
мъчителна,1
пласирали,1
коте,1
скочило,1
загрижен,1
светна,1
стопанин,1
котката,1
разтреперих,1
зайци,1
свинчета,1
риби,1
дивотино,1
изкушение,1
безветрие,1
гледай,1
чернодробна,1
погълнали,1
погълнато,1
поети,1
наведнъж,1
интоксикация,1
увреждат,1
особеностите,1
дозата,1
магистър,1
фармацевтът,1
вълев,1
медикаментът,1
листовката,1
регулация,1
листовките,1
парацетамола,1
фармацевтите,1
псевдоефедрин,1
автомати,1
силви,1
пожелание,1
преданията,1
куртакова,1
ставрева,1
санкционирани,1
заинтересовани,1
пълното,1
некроза,1
мухоморка,1
бурно,1
сравни,1
клетвите,1
занесе,1
нанесената,1
гадателки,1
основаха,1
измамения,1
имуществени,1
студентки,1
спасено,1
погълнало,1
засягане,1
депорационно,1
детоксично,1
проследяване,1
чернодробната,1
популярното,1
tik,1
tok,1
апаратите,1
екзистенциална,1
небутафорен,1
парацетамолово,1
отравяне,1
препарати,1
разграждането,1
метаболит,1
токсичен,1
докладваме,1
десетима,1
вдъхновили,1
отстранена,1
влиятелните,1
изявен,1
напът,1
тренировка,1
айкидо,1
фокусирам,1
привързан,1
разчитах,1
затиска,1
слабости,1
самонаранява,1
покривайки,1
алтернатива,1
дебел,1
грозен,1
пораствайки,1
спортните,1
залите,1
попивах,1
носеше,1
аура,1
излизах,1
оплакваха,1
джобни,1
фитнеса,1
излизали,1
калашници,1
уточнението,1
европрокуратурата,1
свикан,1
засечени,1
училищният,1
видеоклиповете,1
кординационен,1
тушира,1
кежева,1
отдела,1
поотделно,1
потърсена,1
балабанова,1
познатата,1
предоставила,1
уговорено,1
търговските,1
охранителните,1
сезирането,1
изгледам,1
унижаваха,1
целенасочено,1
осъзнахме,1
цинизми,1
допаднало,1
повалят,1
посягането,1
постъпих,1
ударя,1
нокът,1
чии,1
приложен,1
препродаден,1
пленени,1
толериране,1
нахвърля,1
отдалечава,1
очевидец,1
налита,1
серафимов,1
самосезирали,1
освидетелстване,1
изтеклите,1
поредицата,1
адресатите,1
широката,1
общественост,1
разпространената,1
обедния,1
диагностичен,1
половo,1
базираното,1
забавяния,1
лазерна,1
епилация,1
тревога,1
заснемане,1
разпространявани,1
съчувствие,1
очертават,1
комерсиална,1
мащаба,1
показателно,1
тийнейджърът,1
лежащото,1
запечатано,1
мезренското,1
лъжата,1
разграничава,1
молени,1
притсенения,1
хармонична,1
братска,1
педофил,1
самоубиец,1
притежаваше,1
честният,1
създание,1
ивей,1
статев,1
фин,1
благ,1
сказа,1
беседка,1
приближил,1
кореспондент,1
ярослав,1
подуяне,1
стабилизирано,1
очакваното,1
преживяната,1
психическата,1
хируртът,1
подсъдими,1
несигурността,1
дълготраен,1
натрупващ,1
неинвазивен,1
редовни,1
профилактични,1
ежегодни,1
вируси,1
hiv,1
херпес,1
хепатити,1
предпазните,1
нежелана,1
терапевтични,1
човешкият,1
научно,1
откритие,1
нобелова,1
заболеваемостта,1
народопсихологията,1
антиваксърски,1
вирусната,1
обвивка,1
стимулират,1
имунната,1
имунитет,1
репродуктивно,1
гинекологичната,1
възпалението,1
влагалището,1
раничка,1
ехографски,1
менструалния,1
споделяне,1
осъществи,1
демократичната,1
напомняме,1
директивата,1
изображения,1
киберпреследването,1
прозрачни,1
елина,1
кюркчиева,1
вменяем,1
профилактиката,1
гинекологичното,1
фокуса,1
гост,1
янчо,1
женският,1
латентен,1
пубертет,1
климактериум,1
хормонални,1
имунологични,1
поведенчески,1
спектъра,1
пубертетът,1
специалиста,1
информиране,1
настъпващите,1
цикличност,1
детектор,1
изкажат,1
свидетеля,1
сляпо,1
подходят,1
разменените,1
стандартни,1
отегчителни,1
химия,1
феромони,1
закърняло,1
умение,1
отхвърлените,1
омразата,1
неуспеха,1
тревожност,1
отрязванията,1
негативно,1
фрустрираният,1
податлив,1
токсични,1
философски,1
отвратените,1
пренаситени,1
каца,1
дъно,1
безкраен,1
предлагането,1
тезгяха,1
критични,1
моравата,1
емотикони,1
дейтинг,1
продадат,1
раздразнени,1
тлъстата,1
принадлежността,1
реформите,1
избухва,1
оръжейна,1
киро,1
глигоров,1
бранко,1
цървенковски,1
вотът,1
номинираните,1
беров,1
извели,1
предопределят,1
match,1
избираш,1
световно,1
канили,1
проучат,1
чатят,1
мъжката,1
звъннат,1
кризисна,1
изграждат,1
комуникационни,1
gen,1
заговаряли,1
разводи,1
даденото,1
давала,1
бузовград,1
бягаща,1
съставяне,1
общопрактикуващ,1
ягода,1
удостоверяващ,1
неистинското,1
теч,1
разпитваните,1
противоположни,1
прожектора,1
публичния,1
истерия,1
затворих,1
наредени,1
годиншоно,1
търсихме,1
покрил,1
внимателна,1
звънни,1
чудовищно,1
разпитван,1
разпитвана,1
заживял,1
допускала,1
завещанието,1
щедрият,1
манипулирана,1
преминавайки,1
паравана,1
разводите,1
махнахме,1
изневерите,1
поддържате,1
стъпката,1
изиграват,1
неопитни,1
реалния,1
остроумен,1
пускате,1
готини,1
мемета,1
погалите,1
подадете,1
палтото,1
оправите,1
дистанция,1
антрополог,1
алексей,1
пампоров,1
изкуствения,1
интелект,1
качваме,1
създадения,1
писалите,1
организирахме,1
сложихме,1
параван,1
реалистични,1
стриктен,1
цитологично,1
рекетирал,1
бореща,1
сплотеността,1
съществувам,1
работейки,1
пушене,1
младежки,1
партито,1
реанимират,1
подпалени,1
пожари,1
оглеждайте,1
пресичате,1
дрогирани,1
цитатите,1
нерегламентираното,1
колпоскопия,1
осъмва,1
запалени,1
редът,1
пренаселено,1
пребиваващи,1
строят,1
питейната,1
бунище,1
агресират,1
статии,1
площадки,1
натрупани,1
незаконните,1
смирението,1
благодарен,1
приятелска,1
бабинова,1
отслабнала,1
умрете,1
репетиции,1
извървения,1
избереш,1
актьорството,1
екранни,1
сценографията,1
натфиз,1
стефания,1
артистичните,1
гени,1
артистичен,1
хумор,1
пробвам,1
актьорско,1
майсторство,1
театърът,1
директния,1
млъкват,1
преживееш,1
неповторимо,1
триумфа,1
пеенето,1
кандидатстудентските,1
пренареди,1
осъзная,1
разрастват,1
наредил,1
кварталът,1
допускаха,1
адвокатско,1
запитвания,1
врабча,1
стъклени,1
бутилки,1
централа,1
провокирани,1
ръкави,1
лилав,1
шареното,1
отработване,1
кърваво,1
свалили,1
качулката,1
обработили,1
собственоръчно,1
уведомяван,1
бодителките,1
обединяваща,1
институционална,1
ефективност,1
ангажиментите,1
разписано,1
директна,1
отбелязвайки,1
имплементирани,1
навременните,1
безпардонно,1
допускани,1
наложен,1
блъскани,1
тримесечен,1
видеокадри,1
публичната,1
лилаво,1
жълто,1
превеждаха,1
разпознат,1
отличително,1
сблъсъците,1
ребрата,1
омертата,1
тегне,1
институционализирано,1
вандализираха,1
разрушаваха,1
десни,1
изповядват,1
агитки,1
свободолюбив,1
алкохолен,1
утежняващо,1
сблъсъци,1
дондуков,1
копи,1
пейст,1
социализирал,1
агитката,1
отдушник,1
преяждане,1
гладуване,1
заснемания,1
монтирано,1
информирано,1
упоменато,1
помещенията,1
пробив,1
злонамерена,1
бургаската,1
извикало,1
ритала,1
заздравеят,1
снимаха,1
заснетия,1
събувало,1
карало,1
скъсало,1
преместят,1
унижавала,1
малтретирала,1
приключих,1
радева,1
последователите,1
freedom,1
кейн,1
уокър,1
преводът,1
означават,1
правих,1
посещаваните,1
учудваща,1
наричах,1
записвал,1
прескачането,1
пропускане,1
гинекологичните,1
менопауза,1
симптом,1
настъпване,1
менопаузата,1
навременната,1
практичен,1
профилактичен,1
мамолог,1
казвайки,1
разсъблечени,1
видеокамера,1
голо,1
оставайки,1
дадената,1
отвратително,1
доверяваме,1
немалка,1
разчитаме,1
спазена,1
администратор,1
вписан,1
видни,1
обозначителни,1
видеозаснемане,1
изтърпях,1
припев,1
осъзнавах,1
предходните,1
подценяват,1
ранна,1
нежеланото,1
обвиненен,1
постановлението,1
трафопост,1
аргумента,1
неграмотен,1
необразован,1
долни,1
богоров,1
осемгодишен,1
сертифициран,1
хормонална,1
немощна,1
активности,1
килограмите,1
върнеш,1
нормалния,1
търкалях,1
потях,1
елементарни,1
упражнения,1
амбицирах,1
спомнях,1
инструктурът,1
трансформация,1
икономическото,1
наръга,1
налейте,1
забавят,1
питие,1
повалени,1
изправяме,1
понасяме,1
научаваме,1
куплет,1
пазя,1
шумът,1
утихне,1
умът,1
конституционният,1
залея,1
празен,1
парцела,1
убило,1
беловодски,1
реституция,1
отстраняват,1
дървесина,1
проверено,1
проверявани,1
показвало,1
отсечено,1
урбанизирана,1
разрешения,1
компетентният,1
екосистема,1
пликът,1
чомбе,1
гагарин,1
растеж,1
икт,1
устойчиви,1
инвестиции,1
тонът,1
конфронтация,1
идеологията,1
промениш,1
подчиняваш,1
излекуваш,1
перспектива,1
предприемачи,1
иноватори,1
новаторство,1
инна,1
влезна,1
фрико,1
значителна,1
шоково,1
навлязъл,1
хемопневмоторакс,1
дренирането,1
източихме,1
кървящи,1
посттравматичен,1
стресов,1
громшин,1
бойчиновци,1
настояло,1
заетите,1
висшистите,1
променящ,1
глобалния,1
възпитали,1
ретравмира,1
подкрепите,1
постарадалите,1
последващи,1
екстрадиция,1
бележат,1
урежда,1
синхронизирани,1
разкарвани,1
увеличихме,1
гишетата,1
качено,1
йовков,1
крещяло,1
подателят,1
горещи,1
отвлеченото,1
осъждана,1
сочени,1
отвлечената,1
конфискация,1
традиционно,1
революции,1
постоянство,1
тихите,1
петото,1
валиумния,1
атина,1
паркиран,1
запалителна,1
теменужкова,1
изтъкан,1
притежателка,1
порцеланови,1
източна,1
приютили,1
изящни,1
статуетки,1
антикварен,1
пленява,1
изплащах,1
купиш,1
превръщам,1
фигурка,1
колекционерката,1
празнични,1
одежди,1
яйцата,1
пъстър,1
порцелана,1
фризьори,1
теология,1
творчеството,1
стихове,1
стихосбирка,1
фигура,1
закупена,1
инцидентно,1
заварват,1
пиротска,1
общежитието,1
разделила,1
магазинът,1
съществувал,1
затварял,1
оборотът,1
работлива,1
машина,1
обектът,1
стискал,1
извивал,1
овладеят,1
пластично,1
възстановителна,1
реконструктивна,1
почиствания,1
увредените,1
пластики,1
изгорелите,1
зоните,1
отделенията,1
добричкото,1
орляк,1
дланта,1
обработени,1
хоспитализация,1
горя,1
изгорях,1
ненасилствена,1
въведен,1
заместят,1
пренебрегвала,1
ненатрапчив,1
молим,1
заблудни,1
залавяне,1
спазвайки,1
непознато,1
доверявайте,1
прекъснете,1
запазете,1
говорете,1
обадете,1
посетете,1
унижавано,1
посегнат,1
униженията,1
разплакало,1
молило,1
снимаше,1
спри,1
посягали,1
решавам,1
свлече,1
публикуването,1
бонбони,1
извинило,1
съученичката,1
изплашени,1
скромен,1
необикновен,1
подложено,1
осиротели,1
бронхопневмония,1
развилите,1
осъдителната,1
ритано,1
скубано,1
причакат,1
сформирала,1
заобиколила,1
закачал,1
предупредила,1
подканила,1
омекоти,1
избутала,1
биячката,1
набързо,1
събаряна,1
заградили,1
смеели,1
налитат,1
помислят,1
израстват,1
денислав,1
кула,1
гласувани,1
гимназиален,1
приличен,1
достойните,1
карана,1
сузана,1
нежелание,1
неподозиран,1
коeто,1
eфективна,1
натиснал,1
уважил,1
алармираха,1
изведоха,1
нерешените,1
недостиг,1
гъстонаселени,1
издъхвам,1
kолелото,1
максималният,1
погледнат,1
готовия,1
гишета,1
входират,1
тъкмо,1
системните,1
повтарят,1
тромаво,1
менталитетът,1
финансирани,1
дмс,1
публичността,1
мрачните,1
активистите,1
бутаме,1
прибирай,1
духовете,1
проверявано,1
разбуни,1
викала,1
изживя,1
разпространил,1
възмущават,1
помолил,1
заел,1
остарял,1
смешни,1
филиал,1
стралджа,1
криминалната,1
oткрит,1
употребявал,1
първоинстанционния,1
коефициентът,1
средния,1
разликите,1
процесите,1
сексизма,1
предшествана,1
проследява,1
контекста,1
периодично,1
заместим,1
ясната,1
насърчителен,1
апелираме,1
олтар,1
танцували,1
кочев,1
смутни,1
интерпретации,1
забравени,1
ужасната,1
позволявайте,1
мачка,1
крехки,1
бъкстон,1
кондукторка,1
размахал,1
обитава,1
наркотичното,1
прекурсори,1
съоръжения,1
масовите,1
ида,1
днешните,1
управляваха,1
дипломатичност,1
повеляваха,1
руския,1
империализъм,1
излъчи,1
безпрецедентната,1
фалираха,1
стопиха,1
незапомнената,1
инфлация,1
доларът,1
слави,1
предлагащи,1
тефтери,1
обиските,1
лаически,1
неразривно,1
повторят,1
очевиден,1
интелекта,1
обикновения,1
удобство,1
несериозни,1
посоченото,1
изложено,1
пълнота,1
депозирана,1
безпрецедентен,1
разполагайки,1
семпла,1
изяснена,1
приключен,1
недоизяснени,1
непълни,1
въоръжено,1
навиците,1
упоил,1
неутрализирали,1
принуждавала,1
изисквала,1
принудителна,1
претърсени,1
продаваше,1
сменяха,1
познатият,1
девети,1
регионалният,1
изключването,1
деловодител,1
заверява,1
формуляр,1
юридическия,1
заварва,1
хумболтов,1
завърнат,1
митинга,1
младенов,1
освиркан,1
предложат,1
ведомство,1
шести,1
пресрещнат,1
отидете,1
протяжни,1
полковници,1
военизираното,1
пепелник,1
пречат,1
пречите,1
пушите,1
шокиран,1
партизанина,1
петричкия,1
учкомът,1
железобетона,1
одеса,1
модерния,1
назначен,1
кръгли,1
прадядото,1
майчина,1
революционен,1
турците,1
успешния,1
невенка,1
девическия,1
колеж,1
нюшател,1
асистентка,1
йоханес,1
райнке,1
балканската,1
немската,1
дисконто,1
гезелшафт,1
бомбардировки,1
стабилните,1
строителният,1
предприемач,1
изградил,1
разрушенията,1
архитектите,1
проектират,1
сградите,1
едноактно,1
семерджиев,1
пречки,1
почерненият,1
противоречия,1
разпаднал,1
фрагмента,1
разяснение,1
снимала,1
нагряване,1
семенни,1
течности,1
брифинги,1
празните,1
стомаси,1
абсурдите,1
несъответствията,1
патолози,1
проявиха,1
абсолютен,1
фарс,1
несъответствие,1
десничар,1
нараняването,1
откритият,1
фенобарбитал,1
изследван,1
количествено,1
изследвано,1
количеството,1
възнамерявам,1
очерта,1
отказвахме,1
проходът,1
температурата,1
витрините,1
табелки,1
планът,1
грамофонни,1
плочи,1
внесените,1
обвинителни,1
сключените,1
уважавал,1
обгрижвал,1
забременяла,1
свиня,1
свиква,1
занапред,1
неспособен,1
стресови,1
недоверчив,1
подозрителен,1
специфично,1
стремеж,1
доказването,1
нарязал,1
зародил,1
бълдъркова,1
съхранявани,1
аутопсиите,1
агрегатите,1
прохода,1
блокиран,1
непреодолими,1
съобразило,1
отбелязване,1
отбелязано,1
назначил,1
изследваното,1
съобщена,1
времевата,1
противоречие,1
хронология,1
разширявайки,1
трасологична,1
заключения,1
използваното,1
фрагменти,1
респ,1
ползвани,1
проектили,1
позволило,1
посмъртни,1
постмортални,1
местене,1
заварено,1
непълна,1
постморталните,1
семенна,1
опроверга,1
криейки,1
създавайки,1
атмосферата,1
изготвило,1
скърбим,1
документацията,1
почетем,1
паметната,1
стопяването,1
махането,1
реализирана,1
представляваното,1
кандидатствало,1
придвижен,1
храните,1
самоучастие,1
одобрения,1
хиалурон,1
поморие,1
спортуват,1
очевидците,1
кораборемонтния,1
плаващите,1
докове,1
проведената,1
длъжна,1
заявя,1
формален,1
отпечатани,1
принтер,1
практически,1
съдържащата,1
точността,1
кораба,1
капитана,1
замислиха,1
преведеш,1
преоценява,1
предлагам,1
верую,1
битките,1
съзнавам,1
намерило,1
маймуни,1
неутешимо,1
сърдита,1
разделяла,1
готино,1
еднакъв,1
открояваш,1
нечуващите,1
ускорение,1
натискът,1
ухае,1
чуващ,1
глухота,1
сценаристи,1
режисьори,1
преодоляването,1
горчиво,1
разбран,1
докоснати,1
получаваха,1
чудесен,1
сключим,1
образувания,1
превежда,1
призванието,1
измъкнем,1
митологизирате,1
търгува,1
тройна,1
последвалите,1
координаторът,1
проявило,1
приложат,1
гръмнал,1
ослепее,1
пенсионери,1
рекламни,1
лещи,1
описала,1
кестенява,1
директен,1
намек,1
превозва,1
известихме,1
обадим,1
непрестанни,1
превъзмогнат,1
обречен,1
необикновения,1
преодолееш,1
напук,1
призвание,1
разчупва,1
кротуваш,1
поспи,1
възстанових,1
отстъпката,1
представления,1
репертоара,1
тазгодишното,1
сексизмът,1
институционалното,1
организаторките,1
урилска,1
дрифтирала,1
административните,1
психолаборатории,1
посетих,1
лабораторията,1
даи,1
толек,1
препитанието,1
дрифтила,1
автошколите,1
иронично,1
тренажора,1
наса,1
покрила,1
годна,1
сирена,1
усъмниха,1
спиртни,1
слюнка,1
хапче,1
важи,1
суши,1
мъчително,1
народният,1
срешнах,1
задавах,1
броях,1
оперирам,1
обещаеш,1
повярваш,1
жестовите,1
преводачи,1
вдъхновена,1
готвейки,1
разсъждавала,1
противопоставиха,1
плачеха,1
сърдеха,1
успокоение,1
довършва,1
слухово,1
речевата,1
нагласата,1
генетиката,1
стила,1
спусъка,1
обърнем,1
пилоните,1
обявява,1
израз,1
икономическите,1
треторазреден,1
засякоха,1
дизайнерска,1
конструкция,1
лампите,1
препоръчвали,1
подновена,1
инфрастуктура,1
арабски,1
гео,1
милев,1
децаю,1
изпращал,1
ангажирал,1
взимах,1
вандализъм,1
разруха,1
потвърдя,1
загрижена,1
узаконяването,1
упълномощи,1
пълномощник,1
задаваше,1
подменен,1
съдържал,1
касаещо,1
комплекса,1
индиректна,1
притискани,1
разкрия,1
поддържах,1
окачване,1
стоманената,1
сърдити,1
големината,1
завеждащия,1
свързвала,1
нелицеприятен,1
запитах,1
разрешава,1
родствена,1
диктувала,1
кариран,1
човечност,1
племенници,1
претендират,1
отдадат,1
издадоха,1
талон,1
тленните,1
упълномощен,1
законоустановения,1
предявена,1
претенцията,1
погребения,1
претупана,1
разминаването,1
разпоредителното,1
възрази,1
сачанска,1
фучеджиев,1
съоръжението,1
травмиращото,1
претърсиха,1
законен,1
законна,1
услужливо,1
обслужвам,1
оптимизирането,1
състоят,1
медийно,1
извинявям,1
ефирното,1
запълва,1
уговорки,1
спазваха,1
дълбок,1
желаем,1
аудиторията,1
ежеминутна,1
злободневието,1
разочарованието,1
сензацията,1
предизвикваха,1
кралев,1
напредък,1
брокер,1
разкритикува,1
наредено,1
подразнил,1
заподозряло,1
стойка,1
сменял,1
писмена,1
цитираното,1
ресторанти,1
изложените,1
инсинуации,1
таен,1
влизали,1
подбрани,1
посещавала,1
учех,1
естет,1
харесваше,1
обичащ,1
граничат,1
лудост,1
обикновеният,1
изгледах,1
прибирал,1
паркоместата,1
хукнала,1
звъннала,1
мислела,1
побързал,1
разделяй,1
владей,1
настрои,1
манипулират,1
живеехме,1
поддавам,1
недостойни,1
изразявам,1
отворихме,1
превъртяха,1
уморена,1
разказвали,1
летателна,1
бюджетна,1
настояването,1
ускорят,1
опос,1
поръчки,1
джевдет,1
коментираме,1
шведско,1
манастирски,1
ливади,1
избери,1
разминава,1
бъдни,1
предните,1
оттеглили,1
пролука,1
осигурила,1
жабите,1
mъж,1
пребила,1
писахме,1
пребитите,1
унижени,1
разминало,1
функционира,1
магистратът,1
неотложни,1
стихии,1
пожарите,1
самотен,1
оборудвани,1
аматьорското,1
тим,1
брест,1
домакините,1
отлагането,1
пошегуват,1
футболното,1
футболистите,1
отложена,1
сезона,1
изненадаме,1
загрявката,1
провниковия,1
съдийската,1
провека,1
неприлично,1
легендарен,1
нидерландец,1
стимулираше,1
постигнат,1
убедителна,1
ясното,1
победени,1
изморяваме,1
завършу,1
победите,1
огнената,1
устово,1
препречен,1
издърпали,1
летателната,1
нее,1
умориха,1
усърдно,1
убедя,1
довериха,1
напредвали,1
превзели,1
гейтовете,1
озовах,1
самолетите,1
помагах,1
евакуиране,1
довиждане,1
прицел,1
попитали,1
издърпаха,1
идваш,1
изоставите,1
мечтали,1
джорджия,1
първис,1
обичта,1
обядва,1
ресторантче,1
гленсвил,1
правнука,1
последвай,1
летя,1
канада,1
потеглила,1
отиди,1
бостина,1
преценени,1
последващите,1
градев,1
препречат,1
харманли,1
сирийския,1
разпродаде,1
купувал,1
автобуси,1
камиони,1
автокъщата,1
патрулният,1
бургаски,1
пометени,1
допускал,1
непредумишлено,1
нелегалните,1
превозвани,1
изслушани,1
подържат,1
спирачна,1
избягване,1
настъпилото,1
летиш,1
издигнем,1
кабул,1
мишницата,1
стопанисвана,1
обезсилена,1
мартенички,1
футболната,1
алвеш,1
сдружения,1
обнародван,1
неформална,1
набирал,1
удрянето,1
надеждна,1
опазване,1
дневният,1
представяне,1
съсловната,1
последвалата,1
неяснота,1
крайният,1
съдник,1
филтрирана,1
съвременните,1
етичната,1
лекарската,1
сериозното,1
григор,1
аптеката,1
дигитализира,1
предшествано,1
упражняване,1
осъдения,1
неонатология,1
раздават,1
унивай,1
посетители,1
дрифт,1
превъртели,1
гумите,1
въртене,1
обжалвах,1
административният,1
дочака,1
сърчицето,1
спряло,1
тръгваме,1
пристигаме,1
чуждестранните,1
доставено,1
жизненоважният,1
апарат,1
обдишване,1
можел,1
самолета,1
дочакало,1
санитарна,1
напрегнати,1
включена,1
трансплантирано,1
стандартните,1
индийската,1
транспортирането,1
транспорта,1
гонила,1
пиша,1
завърнала,1
ехото,1
фактурите,1
консумираната,1
неплатена,1
натрупана,1
лихва,1
енергото,1
борчът,1
натрупан,1
винетка,1
паркиране,1
уведомително,1
мирково,1
продадено,1
партидите,1
партидата,1
двуфазния,1
трифазния,1
енергодружеството,1
трифазен,1
използван,1
намушкали,1
автопатрули,1
сгъваем,1
извършителките,1
иззели,1
пазарджишката,1
осиновителката,1
нслс,1
отминава,1
красивият,1
оптимист,1
експлозивна,1
способност,1
фотографска,1
помнеше,1
студентската,1
легендарният,1
рицар,1
боготвореше,1
спътница,1
джентълменското,1
брилянтия,1
въздействащите,1
филмови,1
лавина,1
тунджа,1
удави,1
вит,1
направения,1
showcas,1
съществуваше,1
стигали,1
изнудванията,1
сблъсквала,1
правосъдните,1
оперативните,1
разпитат,1
умерен,1
почивки,1
рехабилитаторката,1
ремонтни,1
установеният,1
надгради,1
клик,1
меморандум,1
навременна,1
националният,1
договорени,1
насочване,1
заложен,1
сливенският,1
дъбова,1
отворя,1
подведени,1
керпиев,1
уволнението,1
заживеете,1
служебната,1
забавеното,1
забавено,1
уволнения,1
извикат,1
събрал,1
малино,1
бруталния,1
делот,1
безмълвен,1
изразят,1
крик,1
извършиш,1
междуведомствената,1
треньорката,1
именита,1
патрисия,1
изявя,1
вървим,1
развълнува,1
мраморен,1
обитават,1
излъчване,1
виждате,1
постигнал,1
радвал,1
жеста,1
лишават,1
срина,1
илиянци,1
возило,1
жадна,1
неразделни,1
консултирали,1
непредвидими,1
обособяване,1
приспособено,1
благоевградския,1
улучена,1
трогателни,1
волейболния,1
олимпиец,1
олимпийци,1
хващаше,1
затворено,1
пренасочвани,1
мобилното,1
успявахме,1
уведомявано,1
йоанис,1
фабриката,1
маслини,1
прибавихме,1
добавяме,1
прокурорската,1
съглася,1
правилното,1
осъдят,1
почувствала,1
журналистката,1
заркова,1
бнт,1
кръстинова,1
звъняла,1
плещите,1
задно,1
аргументираха,1
законосъобразно,1
среднощният,1
видеовръзка,1
чувствате,1
ескалирал,1
спънах,1
мие,1
адреналин,1
костас,1
стряскаше,1
първична,1
пускали,1
регулярна,1
шестмесечие,1
ясният,1
окуражи,1
косвено,1
медиаторите,1
съвместна,1
обхващане,1
предучилищна,1
педагогическите,1
учебна,1
разширени,1
намушкало,1
дебнал,1
безпощадни,1
паркираната,1
отключвах,1
замахва,1
железен,1
ужасяващ,1
прикрия,1
целеше,1
побягна,1
пръснато,1
безвъзвратно,1
ужасяващо,1
поръчал,1
състезателката,1
брейка,1
титла,1
пропита,1
внедрени,1
наричаше,1
светотатство,1
mонументът,1
претопен,1
реторично,1
професорът,1
клубове,1
китова,1
осмелявали,1
динамично,1
трафикът,1
целевите,1
методите,1
вербуване,1
трафицирани,1
разширяват,1
трафиканта,1
подлъгани,1
остригване,1
изгонване,1
заливана,1
пробожда,1
споменаваме,1
идеалния,1
струвало,1
посини,1
руско,1
апостола,1
кувьоз,1
смъртната,1
ескалация,1
оценяват,1
извеждат,1
чувало,1
преживяло,1
навяхвания,1
епохи,1
германските,1
колекционира,1
многобройните,1
величина,1
папата,1
събирам,1
подреждам,1
непокътнато,1
халил,1
забравата,1
съдбините,1
ръководеше,1
развенчан,1
мита,1
ревниво,1
пазена,1
санстефанският,1
революционно,1
антируско,1
чиста,1
лежало,1
гонил,1
проваля,1
изнасянето,1
изплаши,1
гръмне,1
намесена,1
разделим,1
наех,1
разбият,1
изплашено,1
причака,1
претърсваха,1
заровил,1
откара,1
каналите,1
бургаските,1
солници,1
згурова,1
организатори,1
колективът,1
показана,1
откроени,1
правителствения,1
пресцентър,1
балансиран,1
разработен,1
перничанин,1
пернишката,1
танци,1
танцови,1
пощуря,1
разделяме,1
спукани,1
спасовски,1
вилици,1
чаши,1
надяна,1
дръжката,1
кърпих,1
седяхме,1
задната,1
сдърпахме,1
комшиите,1
повикаха,1
оттеглям,1
сдобряваме,1
бягал,1
нетърпима,1
сипал,1
ракия,1
разтопения,1
предпазила,1
замерил,1
масивната,1
ядосала,1
привлечена,1
двайсет,1
тъща,1
проявеният,1
наподобяващ,1
оливер,1
вашият,1
нелепо,1
вир,1
красавецът,1
бири,1
автобиографична,1
спестят,1
продукцията,1
флирта,1
полското,1
възвишено,1
донжуан,1
развеселени,1
впечатлението,1
шегуват,1
ухажва,1
неканеният,1
шепне,1
убийците,1
погрижа,1
сбогуват,1
виждайки,1
разтревожен,1
подтекст,1
подхвърлила,1
декларациите,1
звучат,1
неубедително,1
кляка,1
вперва,1
продума,1
целунеш,1
пийнах,1
бистро,1
кротувах,1
екзотична,1
застанеше,1
пламъка,1
преобразяването,1
мръдна,1
хербаризирана,1
характерът,1
избива,1
сладур,1
артистка,1
ubizrxhg,1
пикантни,1
слухове,1
приписваха,1
райнов,1
кръстено,1
приживе,1
автобиография,1
полската,1
популярна,1
хитовата,1
съветска,1
комедия,1
романтична,1
красивия,1
перипетии,1
срещнем,1
гащеризон,1
куфарите,1
поразяващо,1
ресторанта,1
посъветваха,1
рехабилитатора,1
полагали,1
посинее,1
отвсякъде,1
разсиновен,1
звучала,1
опиянена,1
платила,1
колебала,1
кожните,1
сближили,1
рубрика,1
почистват,1
полагани,1
човече,1
гърбица,1
поза,1
влачено,1
обездвижване,1
лежащата,1
свободната,1
хранена,1
хигиената,1
слюнката,1
избърше,1
кухненска,1
ролка,1
отхвърлям,1
разсъждавах,1
варшава,1
крематориума,1
захваща,1
прекрасната,1
партиец,1
изоставя,1
паметния,1
допусках,1
осмислих,1
разведа,1
внушителна,1
натиснете,1
абонаментите,1
преглеждате,1
подреждате,1
заглавията,1
предпочитания,1
жанрове,1
каталогът,1
обновява,1
скучаете,1
филмовото,1
гарантирано,1
приписва,1
болногледачи,1
мистериозни,1
дерматологът,1
грижили,1
общопрактикуващия,1
появяваше,1
забележиш,1
обаятелна,1
флиртува,1
устоят,1
целувките,1
започвали,1
прераствали,1
афери,1
мимолетни,1
пакетите,1
light,1
full,1
premium,1
снимал,1
целувал,1
колегиално,1
партньорство,1
завоевания,1
джентълмен,1
предпочитал,1
записани,1
открояващи,1
снимачната,1
недомлъвки,1
мимолетната,1
блатечки,1
артмаратон,1
tdbn,1
tdbn_,1
breakingnews,1
можели,1
извесните,1
worldnews,1
партнира,1
връхлетяна,1
полевият,1
наопаки,1
предумишлено,1
повредил,1
навлизайки,1
чудели,1
товарен,1
връхлита,1
забърсал,1
тъпия,1
надрусан,1
нереални,1
вилиана,1
стойнова,1
ярките,1
приковаваше,1
зрителя,1
омагьосвал,1
досег,1
прозвището,1
красавец,1
прелъстител,1
надхвърля,1
великия,1
припомните,1
култовите,1
dailynews,1
tdbn_worldslocalnewsjournal,1
салай,1
мишев,1
генков,1
hihmjhvw,1
омаяна,1
героя,1
прерастват,1
симпатии,1
променяше,1
кротък,1
спекулираше,1
популярността,1
фази,1
негласната,1
загатва,1
аристократката,1
излъчваше,1
благородство,1
респектираше,1
присъстваше,1
пееше,1
поетична,1
напевна,1
ередия,1
акцента,1
поляка,1
енглерт,1
унгарката,1
едит,1
вагенщайн,1
игрален,1
worldslocalnewsjournalhttps,1
статулова,1
saijwyniua,1
mlepjiazx,1
признавайки,1
пламва,1
рударов,1
изгряващата,1
витиз,1
прехвърлил,1
гнездо,1
единствена,1
прощавала,1
манекенка,1
социализма,1
екранен,1
великолепен,1
навремето,1
еталон,1
сънуваха,1
гримьорната,1
партнирал,1
ангели,1
чудесна,1
джаз,1
романсът,1
разгърнал,1
търновската,1
чрд,1
открий,1
откарала,1
разговоря,1
разполагали,1
уредник,1
инициативен,1
творил,1
видния,1
погледец,1
панорамна,1
долина,1
разпростряна,1
вдъхновен,1
елате,1
каменният,1
действали,1
порядък,1
евентуалните,1
буркани,1
извадения,1
отстраненият,1
изискали,1
ловешкото,1
къкрина,1
съборила,1
любимото,1
димеше,1
готвя,1
репатраци,1
водачката,1
тествана,1
фактическа,1
тъкали,1
прели,1
готвили,1
предците,1
вдъхновявали,1
вазовия,1
наследнички,1
литературен,1
статуя,1
цено,1
историческа,1
възстановка,1
царския,1
корона,1
експрес,1
честванията,1
емблематичното,1
патриархът,1
писан,1
действителен,1
черепишкия,1
манастир,1
поклони,1
балкана,1
кръчма,1
отдъхне,1
пена,1
омъжва,1
илийовския,1
видната,1
родолюбие,1
констатациите,1
докладите,1
взаимни,1
зловещи,1
киберпрестъпност,1
престрелка,1
криминалните,1
среди,1
челюстта,1
покушение,1
лихвар,1
трафикнюз,1
пресрещнала,1
торса,1
нападателка,1
харесвала,1
предтекст,1
неприятно,1
изненадана,1
заплете,1
класифицирано,1
ядосан,1
нежеланието,1
острия,1
ръб,1
оправдаха,1
чикагото,1
заплашила,1
клипче,1
гледания,1
обаждаха,1
благодарности,1
призовани,1
партньорски,1
музикалният,1
инспекторски,1
ревизии,1
легитимно,1
текущият,1
разнопосочна,1
прокурорска,1
обезпечи,1
уеднаквяване,1
занесла,1
посредничката,1
мнимия,1
трагично,1
затворят,1
влачена,1
връщал,1
ябълка,1
откраднато,1
неконтактна,1
каменов,1
стамен,1
освободител,1
инфлуенсъра,1
обръщаше,1
изпитахме,1
музикалния,1
продуцентската,1
киберпрестъпления,1
гледките,1
докоснат,1
стичат,1
филмчета,1
ролеви,1
развият,1
сесии,1
скриват,1
бизнеси,1
оправдан,1
постановяване,1
заведените,1
казусите,1
договорни,1
уволнена,1
подлагаше,1
кикьов,1
тъжба,1
оперативки,1
обидена,1
златица,1
неврохиругията,1
разраснал,1
намесени,1
конкретното,1
информирали,1
свикахме,1
никова,1
произхода,1
санкциите,1
наделина,1
пречупват,1
упражненията,1
novanews,1
дискутират,1
камбанен,1
регина,1
симон,1
напръскал,1
кибрит,1
намесили,1
прогонили,1
златева,1
моторно,1
набеждаване,1
навлезе,1
възпитавали,1
възпита,1
замеси,1
динкова,1
досегашния,1
придружена,1
помагачи,1
спомагат,1
срязано,1
носни,1
севлиевско,1
предприето,1
дръзката,1
акцентите,1
групови,1
сеанси,1
анева,1
надигат,1
патриарха,1
бензодиазепин,1
отчетът,1
сторил,1
националнапрограма,1
разработена,1
сегрегираните,1
образователните,1
немедицински,1
имащи,1
преоблича,1
безвъзмездна,1
конкурсна,1
режисира,1
създаваше,1
сметнала,1
внимава,1
преквалифицира,1
насрочена,1
навършил,1
разпитвани,1
залавян,1
съучастничество,1
непознатата,1
счупено,1
обмисляли,1
нон,1
следили,1
годишнина,1
невалиден,1
частта,1
саботират,1
идващия,1
беловеждов,1
обиждано,1
расова,1
тъмен,1
местя,1
известена,1
присъствали,1
блато,1
черепна,1
сват,1
активирана,1
недостигът,1
нищожен,1
възкръсна,1
абонатът,1
убеждавали,1
борч,1
отвъдното,1
възкреси,1
заприлича,1
басейн,1
призната,1
лихви,1
платих,1
тригодишно,1
средец,1
засекли,1
полежа,1
мокреш,1
aко,1
карина,1
възникнала,1
ранила,1
козирката,1
бузлуджа,1
осогово,1
местопроизшествията,1
закарани,1
замахнал,1
гилбоа,1
групировката,1
палестинското,1
ислямистко,1
служещите,1
ариев,1
минималното,1
наама,1
леви,1
лири,1
албаг,1
бригадите,1
изедин,1
касам,1
абу,1
убайда,1
терористичната,1
възпоменание,1
синагога,1
канцеларията,1
домакинята,1
отрекли,1
сбирката,1
заварили,1
замазано,1
клепачи,1
всеобщо,1
речта,1
поясн,1
инжектиране,1
дефектна,1
разкрасителните,1
поставили,1
занималня,1
епилептичен,1
гърч,1
пристъпите,1
употребявало,1
забранени,1
субстанции,1
предишен,1
третокласничката,1
кушетката,1
вела,1
неотложност,1
стрелбище,1
цска,1
заварил,1
прободна,1
приятелската,1
пирувала,1
израелския,1
прекратяването,1
разменяни,1
пратка,1
пресечем,1
движеше,1
изразих,1
разменихме,1
връщайки,1
пратката,1
излетя,1
спусна,1
риташ,1
запомних,1
разкрещях,1
вцепенение,1
изтичащо,1
разтърва,1
вдъхнови,1
джайли,1
амаду,1
амал,1
омъжени,1
камерун,1
мюсюлманско,1
универсална,1
форума,1
конференцията,1
обсъжданите,1
стигнем,1
вдъхновявани,1
осветено,1
куриерска,1
служи,1
злополучния,1
разменени,1
заложнички,1
десетилетие,1
израелци,1
постигнато,1
водеха,1
посредничеството,1
египет,1
прекратен,1
примирие,1
преговарят,1
размяната,1
изтеглянето,1
предприе,1
палестинския,1
анклав,1
ислямистки,1
бойци,1
плениха,1
палестинци,1
палестинските,1
пресичащ,1
движели,1
драгалевци,1
изразили,1
настигнал,1
софиянец,1
симптоматиката,1
промоцията,1
естетическата,1
побойникът,1
племенника,1
правораздаването,1
непрестанното,1
действащи,1
ширин,1
ходжева,1
керефейски,1
слав,1
опасенията,1
нарека,1
катеорично,1
желал,1
обоснованото,1
взировете,1
бореха,1
минно,1
геоложкия,1
фойерверки,1
bgcecbj,1
югова,1
празничните,1
пернишкото,1
мещица,1
подценява,1
внася,1
разпределя,1
координационният,1
превъзпитано,1
придружаван,1
разправии,1
жаблянова,1
управителката,1
нерегламентирания,1
възникват,1
питания,1
вълка,1
номинираната,1
горица,1
кожарева,1
провела,1
продължителна,1
заместниците,1
прекият,1
входирал,1
надхитри,1
лицензионен,1
издаван,1
медковец,1
владимирово,1
ескишехир,1
видеоигри,1
жалбоподателя,1
родствениците,1
комшийската,1
ръковоството,1
намиращите,1
мишница,1
състоя,1
внасянето,1
пиргов,1
промоции,1
доказвало,1
неразумно,1
незаконосъобразен,1
неразумен,1
защитната,1
навлизам,1
определения,1
авторството,1
дееца,1
амбицията,1
регионален,1
парламентарния,1
притеснителна,1
съдилищата,1
директива,1
избия,1
реклама,1
нежеланите,1
клепачът,1
екстремна,1
ставаха,1
спъвах,1
залитах,1
докторката,1
инжектирани,1
списъците,1
фигурира,1
практикува,1
съществуващи,1
четвъртото,1
гуша,1
предубеденост,1
свилко,1
злоупотребяват,1
създавало,1
подуване,1
новозагорското,1
неясна,1
спящите,1
здравно,1
неосигурени,1
ходели,1
задължават,1
осигуряването,1
винище,1
черпел,1
вълнуваме,1
кодове,1
обръщаме,1
сотирова,1
смядовското,1
янково,1
скубал,1
шуменска,1
стряскащ,1
десните,1
мускули,1
обилната,1
хирургични,1
darbi,1
милилитра,1
двуетажна,1
профилна,1
обоснована,1
формира,1
самонараняване,1
прокуроът,1
дарикнюз,1
отрязано,1
поддържайки,1
измамната,1
непознатият,1
разтревожената,1
спазила,1
инструкциите,1
канали,1
бомбардиране,1
кърви,1
неволя,1
обидна,1
жерар,1
депардийо,1
скрийншот,1
скрийншотнали,1
лексикон,1
разголена,1
вибрация,1
споменатите,1
развивам,1
омърсена,1
неприличните,1
заровен,1
отпадъци,1
сложили,1
копали,1
вкарана,1
мотоциклетистът,1
необезпокоявани,1
изземе,1
пръти,1
екшън,1
шиха,1
пуснахме,1
седмо,1
разпитали,1
престъпниците,1
бръсната,1
гонеше,1
джавед,1
нури,1
нула,1
протестирам,1
паркирала,1
брокера,1
подгони,1
крещяха,1
заложна,1
вземали,1
лихвари,1
отлага,1
стиковат,1
пренасяли,1
позвънявания,1
общувала,1
фигурното,1
криптирана,1
неутрализирането,1
причинителите,1
приложил,1
давани,1
приемала,1
хоспитализацията,1
деветокласника,1
благодарно,1
наградиха,1
първокласници,1
разхождах,1
карабоев,1
поясниха,1
помисляли,1
родилки,1
бременности,1
сбалаг,1
екстремно,1
тромбоцитопения,1
околоплодните,1
гестационна,1
съсирва,1
пренасочват,1
родилното,1
блажев,1
скачени,1
предразположено,1
сървър,1
обкиновено,1
пързаляне,1
качвайки,1
продължих,1
шокирах,1
отдолу,1
продавала,1
ненужни,1
номерът,1
потребител,1
гласова,1
порнографските,1
представяйки,1
влезеш,1
предоставиш,1
администратора,1
комплексиран,1
валидизира,1
бързият,1
нечие,1
общуването,1
зрителен,1
базова,1
неувереност,1
отстоявам,1
валидизирам,1
изкушаващо,1
джейми,1
фокс,1
анонимен,1
медикаментозна,1
вътречерепен,1
мотоциклетист,1
некъпана,1
дъщерата,1
бухово,1
разхождам,1
прокоратура,1
хронична,1
биологичната,1
умираш,1
отслабна,1
прекалих,1
припадам,1
гимназиалната,1
опра,1
романите,1
беларус,1
оставащата,1
излизаме,1
родовият,1
съседският,1
принудата,1
мощта,1
психопатът,1
свръхкомпенсация,1
малоценен,1
превръщаш,1
преработиш,1
недокладваното,1
несподеляното,1
чубина,1
дървеници,1
примерите,1
авария,1
таванско,1
срутена,1
взривът,1
изкопни,1
багерист,1
спукал,1
плитко,1
запалила,1
овладяна,1
течът,1
пожарът,1
изгасен,1
периметърът,1
обезопасен,1
отклонено,1
газта,1
валяло,1
багеристът,1
копал,1
изкоп,1
джиева,1
предоставили,1
спазени,1
настаниха,1
потресаващо,1
памперс,1
извеждали,1
попиват,1
санкционира,1
отпаднали,1
удавила,1
буна,1
произлиза,1
атаките,1
природозащитникът,1
нахапал,1
безотговорност,1
миризми,1
развъждането,1
търговията,1
притежаването,1
кръстоска,1
непредвидимо,1
ухапа,1
отпусна,1
одобрили,1
правилник,1
трънско,1
трънското,1
драговски,1
сашко,1
предприет,1
масиран,1
обход,1
труднодостъпна,1
премръзнали,1
туристки,1
непоносима,1
напоителен,1
изплувало,1
постигат,1
упойка,1
култът,1
значим,1
спусъкът,1
насилнически,1
свръхжеланието,1
огледаме,1
стремящите,1
главоболието,1
коремът,1
издадат,1
предвидило,1
рупци,1
домакински,1
потрошено,1
лятна,1
кухня,1
изведат,1
психиатричното,1
вдъхновяващия,1
актьорство,1
народния,1
подсъзнателно,1
човечността,1
украинските,1
руснак,1
общувал,1
ненков,1
тромбоцити,1
джеров,1
посетилия,1
патриархалните,1
малограмотни,1
митрушева,1
мирена,1
гуглева,1
произнасяния,1
търнавска,1
предотвратени,1
опасното,1
инициативите,1
детския,1
блокират,1
дългосрочни,1
изкореняване,1
давена,1
секциото,1
камшик,1
изтърпя,1
преминах,1
шини,1
вечери,1
будела,1
сънувам,1
изживявам,1
усещаш,1
задушаваш,1
откажеш,1
казвах,1
предавам,1
слоеве,1
проверявали,1
ямболска,1
тополовградско,1
изправили,1
джулия,1
чечетин,1
жизел,1
пелико,1
нарушим,1
урсула,1
застъпничество,1
лесния,1
непримиримостта,1
новообразуваните,1
образували,1
бързите,1
завишение,1
образуването,1
наказателни,1
непроменени,1
въвеждани,1
осъжданията,1
първоинстанционните,1
хаджийчев,1
преобладаващи,1
упражненото,1
брачния,1
налаганите,1
семейният,1
агресор,1
заключителния,1
предявяване,1
обвиняемото,1
съвестно,1
некоректни,1
тежковъоръжени,1
спецполицаи,1
предмишница,1
жилищни,1
кооперации,1
защитаваме,1
юриста,1
допълненията,1
незабавната,1
текат,1
въпросници,1
цунами,1
разпознае,1
делегирани,1
извършвано,1
неиния,1
наказуемия,1
нормализирано,1
керамична,1
гоергиева,1
справки,1
обезобразената,1
чуло,1
възприело,1
обследван,1
отпадна,1
изчистени,1
законодателната,1
избит,1
намалим,1
яйчника,1
краткото,1
органът,1
подлежал,1
компреси,1
спадне,1
отока,1
яйчникът,1
чифтен,1
детеродна,1
неспособност,1
вложили,1
променяни,1
предизвикват,1
часов,1
странните,1
разяснява,1
абсурди,1
ценни,1
наглите,1
печално,1
отстранявани,1
пръстчета,1
невъзможността,1
ползваш,1
обяснявате,1
ценните,1
реализираме,1
положим,1
заплашени,1
окултизъм,1
възпитала,1
променена,1
лъжи,1
изговориха,1
невинни,1
опожарили,1
отведоха,1
месечния,1
произнесат,1
утробата,1
припознат,1
братче,1
насърчи,1
маркетинг,1
еднорог,1
милиард,1
посредственост,1
прекипяване,1
излея,1
вън,1
гневна,1
шишман,1
насърчаваха,1
мръднали,1
стигам,1
изтъкана,1
корпоративния,1
изучи,1
гадателство,1
корумпирана,1
едномесечни,1
отлепване,1
плацентата,1
стабилни,1
основали,1
изготвя,1
пророческите,1
гадателките,1
рекламират,1
минутна,1
договоря,1
изпращане,1
ясновидкско,1
приготвим,1
представящи,1
ясновидци,1
достигнат,1
гаданията,1
изготвила,1
световният,1
стайков,1
съхранявал,1
приемали,1
обявата,1
всекиго,1
придобили,1
уменията,1
лунен,1
напомняне,1
сетили,1
разказите,1
хранопровода,1
тотална,1
отделителната,1
развиваше,1
набавя,1
купувам,1
bgbpbi,1
bpbibgsf,1
настоявания,1
раса,1
огнено,1
шоу,1
инсталация,1
символизират,1
пингвините,1
фонтан,1
катедралния,1
облечени,1
оранжево,1
алана,1
обръщението,1
усетена,1
радкова,1
отричане,1
хващаш,1
престрашиш,1
обадиш,1
страхуваш,1
постижима,1
фризобин,1
нещастници,1
кисело,1
гневат,1
забравят,1
прикипяване,1
протестираха,1
изискаме,1
незабани,1
пунктове,1
събираме,1
генерална,1
претендираме,1
внесена,1
безупречен,1
безупречно,1
омаловажаването,1
безразлична,1
заболяванията,1
фелан,1
макдермид,1
разновидност,1
хиршпрунг,1
аутизъм,1
безсъние,1
ужасяващото,1
органна,1
гълтателен,1
рефлекс,1
храненето,1
паркирали,1
барут,1
пететажна,1
поискали,1
критикуване,1
засрамване,1
порицаване,1
епитети,1
присмиване,1
имитиране,1
унизяване,1
преследват,1
прободната,1
провеждаха,1
експерименти,1
съответни,1
ченалов,1
проследят,1
гледането,1
доведен,1
ловешия,1
палатата,1
изтъкнала,1
смекчаващите,1
съжалявал,1
кофа,1
боклук,1
разглобил,1
скрил,1
изолиране,1
отнемане,1
дефиниране,1
авторите,1
родовите,1
вражди,1
пресечната,1
нарастващите,1
вицепремиер,1
заместници,1
подпомага,1
координационно,1
финансират,1
конференции,1
денонощна,1
приканват,1
формите,1
спогодба,1
медиация,1
травматизиращ,1
настояща,1
мейл,1
приложения,1
факс,1
насочвано,1
задължавани,1
зависимостите,1
употребяват,1
приклада,1
работните,1
малокалибрена,1
посмъртно,1
боравене,1
улучил,1
преминаващата,1
шуменка,1
порой,1
отнесъл,1
разрушена,1
наричахме,1
калдъръмената,1
чакъл,1
бордюр,1
преодолявам,1
мяркa,1
пълзяла,1
равното,1
възстановиха,1
носех,1
преминаваме,1
изпитът,1
изпит,1
явиш,1
положения,1
благосклонна,1
ремонтирана,1
неогнестрелна,1
контейнери,1
вълков,1
играеха,1
притежавано,1
противоепидемичните,1
преправянето,1
леките,1
новогодишното,1
изстрела,1
гръбначния,1
конфликтен,1
употребяващ,1
криво,1
разведен,1
замръзнаха,1
разхвърляно,1
възстановявала,1
заседналият,1
засегнал,1
нерв,1
обездвижил,1
раздвижвали,1
университетска,1
назначената,1
цитирано,1
етрополе,1
съдебномедицински,1
законодателен,1
искайки,1
преборило,1
грижещият,1
принадлежи,1
постът,1
угризение,1
съвестта,1
намразих,1
хапна,1
извинявай,1
резена,1
плод,1
преглътнах,1
мечтаехме,1
свежи,1
топъл,1
душ,1
изстрада,1
храниш,1
експедиции,1
ядеше,1
дребните,1
привилегията,1
хоризонтите,1
лудости,1
обиколя,1
приключиш,1
изкачването,1
спортуваше,1
общуваше,1
справяш,1
егоистичната,1
бензеш,1
пакистан,1
придружи,1
тръгнахме,1
надалеч,1
алпинист,1
жадувам,1
топла,1
прегръдка,1
вкаменят,1
изпратих,1
принадлежиш,1
удивлявам,1
изживяваше,1
безразсъдно,1
смела,1
удивителен,1
непоправим,1
мечтател,1
храбър,1
доблестен,1
смел,1
дисциплиниран,1
целенасочен,1
върхове,1
матрицата,1
последвам,1
подсказал,1
премахнато,1
започни,1
премахва,1
писане,1
имейли,1
рецидивът,1
ахладова,1
негативната,1
средните,1
околийски,1
безпрецедентни,1
бедства,1
касимова,1
премръзнала,1
изтощена,1
измръзването,1
заспала,1
иглу,1
чудно,1
минусови,1
критикуват,1
безумния,1
свръхестественото,1
разбили,1
престрашили,1
проектите,1
сбогом,1
застрахован,1
почивай,1
непрестанно,1
скали,1
успееш,1
следяло,1
gps,1
върхът,1
пометена,1
изяснените,1
блъснатата,1
остатък,1
употреби,1
формулярът,1
употребила,1
преодолява,1
пешеходката,1
застрахователната,1
отбележим,1
приноса,1
крайния,1
идеални,1
кандидатури,1
планираме,1
кандидатстват,1
драматичната,1
тъмното,1
подножието,1
заговаря,1
свързахме,1
заведох,1
куклен,1
разкатаването,1
вми,1
препратен,1
носилки,1
инвалидни,1
колички,1
максимум,1
фалшифицирали,1
препятствия,1
любчо,1
къси,1
шорти,1
гол,1
университетстката,1
дисциплинарно,1
изкаже,1
карен,1
джамбазов,1
санитарят,1
бутилката,1
свършил,1
илюстрация,1
пълмед,1
заявката,1
отпаднал,1
драматичните,1
павилионите,1
непознатия,1
бастуна,1
плоско,1
проверих,1
ченетата,1
задига,1
асеново,1
уважавана,1
ограбиш,1
попречи,1
разиграха,1
диализата,1
кислородно,1
инфекциозната,1
стълби,1
кислородни,1
болните,1
областният,1
каназирева,1
бресник,1
имплантираха,1
изкуствена,1
хемодиализата,1
сбърканата,1
минем,1
обвързаност,1
отчитането,1
склонявани,1
откажела,1
следвал,1
неизплащане,1
възнаграждения,1
контролирал,1
барове,1
еднолично,1
следял,1
привлякъл,1
предоставяните,1
управителите,1
привличани,1
проституиращите,1
набирането,1
труженички,1
стандартна,1
лава,1
старозогорското,1
скобелево,1
сюли,1
тунджай,1
момичено,1
издъхнало,1
поставяни,1
управлявани,1
извънболничната,1
наранят,1
абдикира,1
псевдомедицина,1
реаниматори,1
противен,1
разложкото,1
междучасието,1
застрашавайки,1
предотвратихме,1
озаптят,1
врява,1
тряска,1
неофит,1
стопанисвани,1
използваната,1
прекомерна,1
ръководителка,1
разграничавам,1
писмените,1
бойчо,1
пукнев,1
дафовски,1
коронавирусна,1
склоняването,1
легално,1
пресрещна,1
навърта,1
гладката,1
пощенската,1
puy,1
dôme,1
wrvfqxcap,1
via,1
lemondefr,1
терористична,1
йерусалим,1
задигнат,1
потърпешвата,1
материала,1
образувал,1
павликенски,1
касиерка,1
ресто,1
дремсизова,1
смачкам,1
затрия,1
прибягнал,1
кръвонасяданията,1
обвинено,1
отчупвания,1
наказуемо,1
изготвено,1
изкочи,1
разпищях,1
dans,1
conjoint,1
sur,1
етиен,1
изпитната,1
матурата,1
завърших,1
кошмарът,1
самостоятелната,1
постиженията,1
борбена,1
натура,1
застреляни,1
градче,1
сен,1
маниак,1
violence,1
канцлерството,1
бягала,1
trois,1
gendarmes,1
tués,1
lors,1
une,1
intervention,1
pour,1
des,1
faits,1
притичват,1
нападнеш,1
познайница,1
категоричният,1
протезите,1
погрижим,1
зъбни,1
погрижили,1
зъболекарския,1
зъболекари,1
прегледаха,1
снизходително,1
неразположена,1
аршинков,1
мъртвите,1
действителния,1
дунчева,1
извъшила,1
неузнаваема,1
смачкана,1
отърве,1
бреме,1
затваряна,1
гюбре,1
изпитвали,1
тикове,1
последвалия,1
ортопедията,1
съдa,1
излезнат,1
хващана,1
откъсна,1
панчева,1
касиер,1
партьори,1
тематична,1
прожекция,1
квадрат,1
плашат,1
веча,1
сетите,1
разкажа,1
кошмара,1
оживея,1
деп,1
доближи,1
причиняваме,1
бидейки,1
задаван,1
професионалит,1
щастива,1
гоня,1
общоприетото,1
оцелели,1
неготови,1
джони,1
прочувствен,1
борела,1
висулката,1
омбудсман,1
укрити,1
бъбречно,1
токът,1
угаснал,1
обрали,1
механичният,1
бушон,1
отвит,1
минко,1
обират,1
пострадах,1
грабителите,1
наблюдавало,1
осъществили,1
намалиха,1
несправедлива,1
недопустим,1
минималeн,1
заблуждавал,1
набавяне,1
равнява,1
поддържана,1
търсел,1
затруднението,1
адвокатски,1
бушона,1
изключили,1
щерьо,1
заключиха,1
описаха,1
безпроблемно,1
автоматични,1
скорости,1
навехнат,1
глезен,1
коктейл,1
разприъе,1
напивал,1
самоубила,1
трикратно,1
вилните,1
екопрогрес,1
заловено,1
дружелюбно,1
ухапан,1
барс,1
характерно,1
позирал,1
хванем,1
рунтаво,1
заловим,1
хуманния,1
преследваме,1
превеждани,1
бижутата,1
престои,1
събудили,1
пуша,1
цигарката,1
релаксирам,1
екологично,1
затворникът,1
излежавам,1
гордо,1
вдигната,1
лъв,1
прескочили,1
нахълтали,1
задигнали,1
нервира,1
микровълнова,1
печка,1
бойлерче,1
заловени,1
московска,1
княжеския,1
дворец,1
княз,1
батенберг,1
веселиново,1
комсомола,1
спортувам,1
дилър,1
погасяването,1
кредитните,1
sim,1
списъци,1
длъжници,1
събирала,1
дълговете,1
лицензирано,1
заемал,1
изпълнявал,1
образовани,1
малоимотни,1
погасяват,1
подкупи,1
помагачество,1
дилъри,1
постановления,1
допуснала,1
няколкодневен,1
посочили,1
неточности,1
карани,1
луд,1
затворник,1
изправил,1
разпитът,1
конституционна,1
класацията,1
философския,1
челните,1
гвинея,1
бисау,1
кения,1
либия,1
лихтенщайн,1
спящата,1
притекли,1
изгаси,1
дворната,1
ищци,1
искове,1
дениза,1
димитровградското,1
каснаково,1
мониторинг,1
резюме,1
председателите,1
противодейства,1
задълбочаващия,1
поставиха,1
изработи,1
зид,1
отпадане,1
модерна,1
реформата,1
андора,1
подчертавайки,1
сирия,1
чувахме,1
стоварвам,1
австрийската,1
навързвам,1
съвпадения,1
непонятни,1
отблъсквала,1
лентата,1
усъмня,1
самоубилия,1
скала,1
отмъквайки,1
tрагедия,1
осман,1
положителната,1
марис,1
пейн,1
аранча,1
гонсалес,1
допринесе,1
задълбочаването,1
разделителните,1
букурещ,1
длъжности,1
дарин,1
начален,1
корекционно,1
съобразени,1
извънсъдебно,1
компенсирани,1
обмисли,1
концептуално,1
водоснабдяването,1
канализацията,1
препоръката,1
неправомерните,1
заявявала,1
предоставящи,1
регламентация,1
обхващаща,1
засилен,1
питейна,1
недопускане,1
продължаваща,1
епидемична,1
нерешен,1
цялостният,1
вечен,1
длъжник,1
изплащат,1
изразявала,1
несъстоятелността,1
фалит,1
разполагат,1
нации,1
функциониране,1
унизителното,1
отменен,1
малолетните,1
отклоняване,1
простъпки,1
придружителното,1
резюмето,1
обобщава,1
синхронизират,1
вземам,1
желала,1
информирам,1
наложително,1
признато,1
упражняването,1
постоянния,1
предвиждане,1
секции,1
изборната,1
служебна,1
подвижна,1
избирателна,1
организационен,1
потребителски,1
жизнен,1
аспирант,1
устоите,1
болезнен,1
богиня,1
уверен,1
скулата,1
обръщането,1
объркал,1
запъти,1
достигна,1
скрих,1
храст,1
заплашено,1
разпознахме,1
виновно,1
нападенията,1
гурко,1
спряхме,1
обезопасят,1
преминаването,1
стопаните,1
стопери,1
буци,1
медни,1
керемиди,1
замръзване,1
залепват,1
керемидите,1
дойчинов,1
сбъркал,1
визуален,1
непознатото,1
моноспектакъл,1
изиграла,1
изследвала,1
палитра,1
божествена,1
сатанинска,1
външност,1
превъплъщенията,1
гърдев,1
козата,1
габе,1
багряна,1
исабел,1
монтевидео,1
алиенде,1
дълбоките,1
азарян,1
силянова,1
манасиев,1
севар,1
сървански,1
създал,1
миланов,1
влюбените,1
гостилница,1
даеу,1
падащ,1
табелата,1
ваксинни,1
лумват,1
загасила,1
необезопасени,1
железа,1
отричаше,1
ядоса,1
произнесла,1
потвърдените,1
заразяване,1
хоспитализирани,1
поставените,1
смущаващите,1
палежът,1
произвол,1
рецидивира,1
обезценява,1
прекъсването,1
разбираше,1
споделиш,1
посягано,1
оцеляващи,1
куража,1
преодолеем,1
осигуряваме,1
възпламеняването,1
зловещо,1
непочистения,1
окървавения,1
месокомбинат,1
складови,1
охранявал,1
докладва,1
пластмасови,1
названието,1
лишил,1
месокомбината,1
известят,1
превъзхождали,1
хале,1
складово,1
психотропни,1
няколкостотин,1
стигайки,1
завързани,1
отток,1
хеморагичен,1
мастна,1
хемодинамиката,1
дишането,1
непосредствената,1
компетентен,1
венецуела,1
обезумяла,1
незачетената,1
марксистката,1
отмъщения,1
държавници,1
балканските,1
неделята,1
кръстен,1
принос,1
интелектуалец,1
вицепрезидентката,1
сулуху,1
встъпи,1
клетва,1
търговската,1
салам,1
джон,1
полагането,1
клетвата,1
правителствено,1
появявал,1
архипелага,1
занзибар,1
описвана,1
мек,1
умеещ,1
договаря,1
ръководен,1
смятан,1
членуват,1
демократическите,1
издигнала,1
определящи,1
изселен,1
изселването,1
грозден,1
фашизмът,1
разрешават,1
завърне,1
завеждащ,1
железаре,1
гласността,1
преустройството,1
интелектуалци,1
дисиденти,1
създадената,1
френския,1
франсоа,1
опонентите,1
легитимни,1
новосъздадения,1
седмото,1
председателства,1
делегацията,1
кръглата,1
президнт,1
разногласията,1
контрастиращ,1
популист,1
грубия,1
изразяваше,1
сезала,1
отстранени,1
струни,1
върши,1
акъл,1
генът,1
мирни,1
разправия,1
неофициални,1
нараснали,1
covidкризата,1
преживях,1
мъчила,1
съблека,1
закарам,1
неприятности,1
повратният,1
изнеса,1
отразиха,1
отрази,1
пагубно,1
накъде,1
прецедент,1
фатални,1
срязала,1
мъчейки,1
критикуван,1
рапорта,1
несъгласието,1
полицата,1
шофирала,1
навредило,1
изплащането,1
потърсени,1
безпричинни,1
вдигали,1
тапятова,1
идванията,1
влошила,1
обстойно,1
избеното,1
дефицитно,1
закупено,1
питай,1
имунизацията,1
лекуване,1
преведем,1
търновско,1
пребиват,1
натискал,1
седнал,1
веска,1
мигне,1
сърцераздирателна,1
хубчев,1
златното,1
разведри,1
тягосната,1
съдават,1
объркани,1
италианци,1
аристократични,1
птичи,1
крава,1
притесняваме,1
леглата,1
хранят,1
дегизирани,1
дрогерии,1
милионите,1
прототипа,1
тоталитарна,1
описания,1
оран,1
камю,1
метафора,1
подскаже,1
завладее,1
умове,1
областите,1
ямболската,1
продуцентска,1
огнището,1
пламна,1
градоначалника,1
психотерапевти,1
съпътстващи,1
допринесло,1
сводката,1
кантарджиев,1
заразни,1
седма,1
петимата,1
референтна,1
опазим,1
присъстваме,1
садово,1
съветите,1
съпргът,1
притежаване,1
склонявала,1
конфигурации,1
опг,1
склонявали,1
транспортирали,1
контролирали,1
валиумният,1
изнесъл,1
фурор,1
пригодено,1
пребивавала,1
прокуристът,1
кукерски,1
решим,1
предишното,1
преглеждаме,1
ирма,1
емилянова,1
детото,1
неизвинени,1
отсъствия,1
подадем,1
радослава,1
варианти,1
звънци,1
мълчах,1
огласиха,1
компактни,1
двойнствен,1
сърдит,1
утвърждаващ,1
отрицаващ,1
пораждащо,1
рушащо,1
пазителките,1
чеиза,1
носии,1
подкрепили,1
капачки,1
идваща,1
нсс,1
простудна,1
суха,1
кашлица,1
контактували,1
заразените,1
рискови,1
часовите,1
дежурства,1
лесово,1
влизащи,1
рисковия,1
черепни,1
биеха,1
покривки,1
съчетана,1
погребе,1
редовен,1
разрасналата,1
присъствало,1
доказани,1
принудено,1
засне,1
възмущаваха,1
щуротии,1
оставай,1
депозира,1
месецът,1
прилежащи,1
джунов,1
всекидневни,1
канев,1
злополучното,1
негомата,1
зравословно,1
оцеляло,1
разпали,1
емблематични,1
забавлението,1
разиграло,1
плеймейтката,1
превъплъщаваме,1
пияно,1
лозан,1
панов,1
представляващ,1
продуцента,1
сандър,1
ползвана,1
архитектура,1
кулиса,1
здание,1
танцьорки,1
шмайзери,1
реанимирана,1
изпаренията,1
задушени,1
спасявала,1
управлявала,1
позволяваме,1
своеволия,1
срамувам,1
стойността,1
покривите,1
науки,1
творят,1
безотговорните,1
шофират,1
утеха,1
мечтите,1
стопли,1
язовир,1
студена,1
плуване,1
пернишка,1
обгазено,1
сестричка,1
сливо,1
вилняла,1
снежна,1
четиричленното,1
агрегат,1
размятат,1
развяват,1
естетично,1
досадна,1
абонатите,1
опакова,1
кесия,1
предупрежденията,1
хващат,1
разсъждават,1
приложили,1
заболял,1
излекуван,1
криминалист,1
прекъснат,1
скучна,1
плачещ,1
затруднени,1
възпитал,1
докладваш,1
стартирането,1
правителствата,1
взело,1
отбележи,1
ограничената,1
погрешно,1
разгледана,1
повишава,1
оприличила,1
повярвала,1
съпоставено,1
уроним,1
символа,1
карди,1
разгневи,1
мюсюлманите,1
разгневиха,1
значимите,1
легализиране,1
пресъздава,1
гангстери,1
мощни,1
уважат,1
присмеем,1
отърси,1
подиграем,1
жанет,1
оспинова,1
разработено,1
пропускат,1
екстремност,1
нормативни,1
брачното,1
изобретателни,1
подмамват,1
жертивите,1
обичаи,1
зачатието,1
армагедона,1
облича,1
герена,1
гръдно,1
пневмоторакс,1
хемоторакс,1
започнатото,1
върховното,1
съдилище,1
явява,1
логичен,1
завършек,1
упражнявания,1
интелектуалния,1
манипулируемост,1
нехайството,1
тромавостта,1
обвинила,1
потенциални,1
усмихнах,1
изглеждащ,1
хапнем,1
вървяхме,1
доверила,1
скорошната,1
хапнат,1
обискират,1
съчувствам,1
взривен,1
пренасочваме,1
гребната,1
пропуснато,1
иниацивите,1
морско,1
дървеница,1
кварталното,1
безпричинна,1
размахва,1
странности,1
психотестове,1
пияния,1
вехтошарството,1
адския,1
успяваме,1
обгазени,1
избегната,1
поводите,1
ревнуваше,1
наведена,1
поздравя,1
обезглави,1
защитя,1
разрешил,1
мотивирало,1
оказваме,1
холандец,1
пийнахме,1
хапнахме,1
билборд,1
възстановяват,1
обгорените,1
негодни,1
събудиш,1
кърпи,1
останем,1
помогнато,1
смачкания,1
благодарствено,1
сержант,1
челно,1
обездвижих,1
взривения,1
угасих,1
пожарогасителя,1
бойчева,1
курсанти,1
доблестни,1
награден,1
похвална,1
клокочат,1
настръхнеш,1
грешен,1
непремерена,1
причинило,1
лампичката,1
посмяхме,1
холандският,1
замаяна,1
съпротивлявам,1
плачех,1
изнасилени,1
чужденеца,1
двучасова,1
фредерик,1
прилича,1
томас,1
харис,1
чаровен,1
анне,1
светне,1
круизен,1
взривил,1
варненските,1
психопатна,1
смекчат,1
влияело,1
предупреден,1
психопрофил,1
настойчиви,1
разграничат,1
недоумявам,1
навакса,1
физиологичните,1
плодородието,1
реален,1
пожеланието,1
засмени,1
доживот,1
почернените,1
постигнаха,1
частичен,1
храним,1
намаля,1
разгледан,1
кръвнината,1
разглeда,1
наказано,1
снимащия,1
възпитателните,1
наставления,1
намесва,1
отчет,1
вандалска,1
превъзпитават,1
преминем,1
вуи,1
постъпят,1
социализирането,1
заменена,1
социалнослаби,1
червената,1
предвещава,1
китката,1
добитък,1
култа,1
окичване,1
добитъка,1
усукан,1
прибавки,1
конците,1
паричка,1
манисто,1
играели,1
амулет,1
предпазват,1
овощни,1
пресукан,1
оригинално,1
пискюли,1
пулчета,1
съсънки,1
гроздчета,1
неповторими,1
кукличките,1
пижо,1
пенда,1
червеният,1
булки,1
стреснали,1
контролирам,1
временен,1
корумпираните,1
посетила,1
бст,1
докладвана,1
усвоена,1
печелившото,1
озовава,1
докладвано,1
запозна,1
изтеглят,1
недобро,1
попречило,1
недостатъците,1
тираж,1
стволови,1
миелоидна,1
левкемия,1
билирубин,1
уврежда,1
джихан,1
сад,1
лъч,1
мобилизира,1
манипулациите,1
хамстерите,1
проверила,1
играела,1
надие,1
отзовалите,1
карагьозова,1
осмокласник,1
деветокласничка,1
издирваха,1
обесена,1
запустял,1
обяснявал,1
замълчат,1
подминат,1
инсценировката,1
намесваме,1
присвоили,1
слизайки,1
откраднатото,1
билетът,1
заведен,1
свързал,1
съучастника,1
отговарял,1
финансовото,1
попаднал,1
джебчията,1
тотопункта,1
похвалила,1
заседна,1
афектирана,1
открих,1
стопанисва,1
вземал,1
коледната,1
посещенията,1
зачестили,1
удовлетвори,1
половите,1
повторило,1
дигитален,1
фотоапарат,1
престъпните,1
французина,1
изглеждали,1
подкупване,1
добричкия,1
оженили,1
улеснили,1
предложила,1
сватбено,1
младежта,1
приморско,1
разбрахте,1
изписа,1
слизането,1
минахме,1
засека,1
придружавани,1
момиченцата,1
делфинариум,1
прехода,1
смрачаване,1
хлъзгаво,1
сляза,1
обръчи,1
заварени,1
хлъзнах,1
заводът,1
продадени,1
преференциални,1
инвалидност,1
препитание,1
бдж,1
племенничките,1
търговско,1
настанителна,1
ведомствените,1
свикана,1
тричленно,1
семейсво,1
заемане,1
първан,1
рахталиев,1
преносима,1
заселил,1
колона,1
заглежда,1
погледнали,1
осъществим,1
расим,1
ритане,1
действителни,1
тригодишната,1
самосезираха,1
заснела,1
чистичко,1
облечено,1
изведохме,1
качения,1
съжаляваше,1
религиозни,1
гиньо,1
рединг,1
прескочил,1
последвал,1
гаджето,1
сокол,1
издъхнал,1
връзвала,1
портиерът,1
пренощувало,1
жоро,1
илчев,1
ялчън,1
здрасти,1
съобщихте,1
предположим,1
поднеса,1
погледнеш,1
обясниш,1
съвест,1
сгреших,1
сбърках,1
успокоява,1
заведеш,1
спреш,1
скриеш,1
стройна,1
погубваш,1
прозорецът,1
нечий,1
оставяш,1
поеми,1
апаратът,1
свалиш,1
нищото,1
къмпинга,1
каравана,1
необичайно,1
плува,1
наранила,1
несъществуващия,1
пера,1
браво,1
затварят,1
реабилитация,1
честваме,1
храмовия,1
издигната,1
предсказание,1
смятана,1
пророчица,1
хилядолетието,1
сетивна,1
edna,1
висшата,1
научим,1
спазваме,1
дарбата,1
двойки,1
подходящите,1
талисмани,1
надникнем,1
скъпоценните,1
хороскоп,1
гърци,1
испанци,1
високосната,1
пълнолуние,1
зодии,1
преустановява,1
осъщественото,1
грижел,1
макариева,1
гърди,1
кислороден,1
рьо,1
ремдесивир,1
дарена,1
мирова,1
коментирайте,1
известявам,1
подействало,1
донорска,1
преляха,1
трепети,1
изискано,1
славянско,1
бранимир,1
значения,1
санитар,1
съселянин,1
отглеждал,1
затруднено,1
уведомявало,1
касаело,1
живеещо,1
видинска,1
вещаят,1
недоволните,1
мъките,1
кардиолог,1
горяла,1
самозагаси,1
водна,1
светлан,1
муса,1
ава,1
вакльова,1
наблюдаваше,1
почита,1
вакльови,1
благоевградски,1
приложениe,1
запалената,1
обещало,1
източват,1
превеждала,1
банкерката,1
присвоила,1
разчита,1
слепи,1
махат,1
отнасят,1
краищата,1
течове,1
подпалената,1
опасности,1
листът,1
рекет,1
датира,1
жалват,1
безразборно,1
изблиците,1
периодични,1
затишия,1
нетърпимо,1
изпочупвала,1
прозорци,1
закачаме,1
изписан,1
секретарка,1
карагьозов,1
хазарта,1
психичноболна,1
безотговорно,1
мята,1
богданова,1
неотдаван,1
газов,1
чантичката,1
нахлува,1
служителките,1
коварна,1
завързвала,1
струма,1
кюстендилското,1
копиловци,1
самотноживееща,1
събор,1
пияният,1
премълчавала,1
жестоките,1
насилил,1
замесвал,1
ужасени,1
бракоразводни,1
нерегламентирано,1
лишавани,1
организациите,1
алармираме,1
несигурност,1
драганова,1
рекс,1
малчо,1
кенчетата,1
измамили,1
пълният,1
купих,1
мировяне,1
заграби,1
водих,1
постройка,1
максимума,1
поели,1
стиснали,1
ръста,1
бургазлийка,1
обитаваща,1
залови,1
малтретираха,1
обрала,1
опира,1
заколи,1
гаврилов,1
фокусирали,1
предпоставките,1
прекарани,1
трупани,1
събрах,1
кипнали,1
останахме,1
среднодневно,1
скочил,1
основат,1
отвързали,1
примката,1
вървите,1
посягане,1
спеше,1
легнах,1
фадроми,1
стаичката,1
здравословните,1
поставяли,1
отговорникът,1
окончателното,1
населените,1
изградено,1
входно,1
изходните,1
кръстовища,1
местата,1
панчаревското,1
езеро,1
тачо,1
хартийки,1
стресирани,1
паднем,1
маги,1
разпети,1
подписаха,1
погуби,1
разтърстващ,1
неуки,1
неграмотни,1
безделници,1
ценят,1
талантлива,1
ореховица,1
пусти,1
немила,1
гросмайстор,1
недрага,1
ужасният,1
трън,1
стаичка,1
бездомната,1
успокоя,1
впрягат,1
ведро,1
шахматна,1
местиш,1
пионките,1
досещаш,1
продължаващите,1
актуалната,1
талисман,1
примири,1
дядовци,1
немили,1
недраги,1
обърнете,1
спокойните,1
дишам,1
прорезни,1
предвидената,1
препродажба,1
готвят,1
гледачи,1
чашата,1
кулинар,1
свикваме,1
потвърден,1
ясеновец,1
издирени,1
контактните,1
раднево,1
придоби,1
мащаби,1
вършеше,1
рози,1
трудност,1
подскажат,1
решаващо,1
съкращават,1
наемат,1
средногодишно,1
околността,1
уязвими,1
изплуват,1
завихря,1
удавят,1
стабилност,1
решаващ,1
карантиниран,1
потропаха,1
отгледат,1
рисунките,1
болнични,1
диагнози,1
пребивавахме,1
подобря,1
водните,1
кончета,1
ремонтираха,1
интензивното,1
педиатрията,1
болничните,1
пречеше,1
бонус,1
кметове,1
художничката,1
реставраторката,1
решена,1
нинов,1
травмира,1
вкуса,1
обонянието,1
кулинарят,1
диагностициран,1
похапва,1
чесън,1
скъсат,1
паник,1
мнимите,1
проверяваме,1
заплетен,1
случайното,1
неясната,1
милчов,1
акцизни,1
неприключени,1
строежа,1
сдобила,1
нотариалните,1
явили,1
пръстов,1
достоверност,1
крещене,1
автентичност,1
набавят,1
сравнителни,1
казьва,1
джеймса,1
разследван,1
носил,1
ръководил,1
методът,1
безработен,1
внушителни,1
идвали,1
стенела,1
простят,1
залети,1
helpkarma,1
разкрили,1
потенциалната,1
предстояло,1
мъчи,1
наркозависими,1
привидно,1
обещаните,1
наети,1
преследвачите,1
поръчителят,1
солидни,1
хигиенистката,1
притежавала,1
подържала,1
бута,1
откарват,1
деветия,1
закарана,1
роми,1
подслушват,1
позволено,1
усъмнява,1
изчезне,1
качвам,1
куфарчето,1
обядваме,1
транспортираха,1
удовлетворяваме,1
потребностите,1
стигаме,1
елеонора,1
лилова,1
разпоредба,1
разгласяват,1
законни,1
неправомерното,1
разпространяване,1
нарушават,1
приобщаване,1
подлъгал,1
кравеферма,1
микрево,1
връзвано,1
многодетно,1
отглеждано,1
втв,1
поиграе,1
страдам,1
люлките,1
сладолед,1
автогарата,1
кравефермата,1
дължим,1
заети,1
изискващи,1
защитил,1
рисково,1
срещаното,1
съчетание,1
субдурален,1
мозъчни,1
изземват,1
издърпва,1
инерционни,1
седнат,1
шестокласничка,1
спирките,1
устно,1
чувствителни,1
заместничка,1
влизала,1
захарий,1
круша,1
повали,1
шестокласничката,1
двустранен,1
компетентни,1
тиражиран,1
безобидно,1
забавно,1
завръзва,1
нарушителят,1
електрическите,1
провинилия,1
фамилии,1
празнували,1
кланове,1
околност,1
каруци,1
ревове,1
трошиха,1
бойдева,1
книжки,1
беарнт,1
зубрент,1
трейлър,1
хасковското,1
организирала,1
разточително,1
приюти,1
върлуващия,1
ураган,1
maria,1
bakalova,1
mariabakalovaofficial,1
нарочен,1
електричеството,1
критиците,1
пиянски,1
няголова,1
нарушители,1
драстични,1
околовръстният,1
извършвам,1
спазвам,1
глобяват,1
нарушителката,1
движещи,1
пешеходните,1
градските,1
площади,1
алеите,1
парковете,1
спартански,1
храсти,1
карането,1
ползвахме,1
подръчни,1
придвижихме,1
ходене,1
помръдне,1
всеотдайни,1
опасностите,1
забити,1
свогенското,1
огоя,1
сформирахме,1
приех,1
оценките,1
ростислава,1
лафка,1
оборотни,1
проверил,1
анита,1
тотова,1
тропа,1
лаят,1
шефика,1
махмудова,1
укри,1
върховните,1
приведено,1
разрез,1
ценностите,1
джерманова,1
босна,1
попаднала,1
зарича,1
следвала,1
комунистическия,1
общежития,1
въдворяване,1
комунистическата,1
надживее,1
забременяване,1
алимова,1
севдие,1
комшията,1
подхожда,1
театрални,1
миниатюри,1
изследвахме,1
представим,1
режисьорката,1
ограниченията,1
числата,1
боравим,1
разкрият,1
документалният,1
въздействащи,1
нападателно,1
пазаруваш,1
удряй,1
публикувала,1
разбие,1
нина,1
съвместни,1
задигнал,1
проиграл,1
процесуални,1
вероятните,1
повдигнахме,1
минчев,1
засенчено,1
поемеш,1
боляло,1
бизнесменът,1
войски,1
стреляно,1
швейцарския,1
вилното,1
хлебопекарната,1
служебни,1
иманно,1
коментирали,1
покойника,1
преместено,1
сменени,1
замаскират,1
възпроизведени,1
пекарната,1
добрички,1
неврохирурзи,1
причиняват,1
радосвета,1
повалена,1
падайки,1
камъните,1
неустановен,1
черепът,1
специализантката,1
инженерни,1
военнослужещия,1
туморът,1
евакуираха,1
подсилят,1
кbc,1
миткова,1
pavelandreev,1
campaign,1
jivot,1
nataliya,1
алианц,1
bgbuin,1
buinbgsf,1
андреев,1
загинала,1
притежаван,1
изкачвала,1
катерене,1
виа,1
ферата,1
подхлъзнала,1
керкелев,1
наложения,1
насилиетою,1
висококвалифицирани,1
сос,1
доводите,1
отзиви,1
сюжета,1
повикали,1
ударено,1
никаво,1
закараме,1
хакак,1
снахите,1
чупили,1
апаратура,1
пробит,1
медия,1
алена,1
спига,1
петна,1
енергична,1
трудолюбива,1
обичана,1
двумесечни,1
ендометриума,1
лигавицата,1
хистологията,1
светлоклетъчен,1
милиарни,1
метастази,1
тънкочревните,1
бримки,1
лъче,1
химиолечение,1
апаратурата,1
излезем,1
бутат,1
похитена,1
игриво,1
забит,1
молив,1
бунова,1
педагогът,1
отречем,1
петното,1
дрешките,1
възпитателя,1
преекспониран,1
медицинското,1
арестува,1
обмислям,1
признати,1
принуден,1
съучастникът,1
великотърновския,1
ритмично,1
назначили,1
прею,1
седващия,1
разчленен,1
русенски,1
барикадираме,1
повлиява,1
продължителни,1
изтощителни,1
отворим,1
чудесно,1
обещаващо,1
обрисувано,1
демонстрираше,1
прекалена,1
качваш,1
отделил,1
отнело,1
намалени,1
наречените,1
общините,1
формула,1
запознаете,1
разпределена,1
задържаме,1
инспекторът,1
прогресивните,1
изработени,1
отпадне,1
системността,1
пагубна,1
юмруците,1
здравец,1
пристигали,1
предградие,1
revolut,1
отслабват,1
сака,1
схеми,1
онкокомисия,1
изпробва,1
сриват,1
неразположения,1
диария,1
химиотерапията,1
преустановена,1
стабилизира,1
стабилизиране,1
преляти,1
хемоглобинът,1
господинова,1
онкоболни,1
мемориал,1
епикризи,1
образни,1
диагностики,1
онколози,1
имунотерапия,1
вливки,1
дайте,1
енергичен,1
swift,1
дупето,1
показваше,1
невероятното,1
клона,1
тротинетките,1
скоростния,1
застрашава,1
издири,1
назидателно,1
санкционирана,1
жиовта,1
летял,1
зщшо,1
нмай,1
нискоите,1
поощрение,1
справедливот,1
предизобрните,1
кампаннии,1
пренасписан,1
тествое,1
трагичен,1
релси,1
преживявам,1
скърбя,1
баша,1
разбеснели,1
давят,1
пука,1
сгази,1
тротинетката,1
постижение,1
оборот,1
модна,1
икона,1
одобрил,1
коалиционното,1
засилваме,1
убежищата,1
задълбочен,1
евтино,1
регламентират,1
търговец,1
стопанския,1
европейското,1
таблици,1
законопроекти,1
експертните,1
приключили,1
резиденция,1
осведомих,1
бюджетната,1
разясни,1
вигенин,1
обобщена,1
статистически,1
ежемесечно,1
безоапсност,1
майкаат,1
железн,1
прекарали,1
летували,1
поразходят,1
обратния,1
лесничеи,1
планинско,1
офроуд,1
сеч,1
копривщица,1
намираща,1
смолянска,1
пресечения,1
неблагоприятни,1
уикенда,1
сестричката,1
ужасяваща,1
възпитателки,1
престояло,1
клина,1
бельото,1
спала,1
величка,1
клоните,1
прегледах,1
подутини,1
чешнeгирово,1
прекарвало,1
плевенски,1
членка,1
обещавани,1
посредниците,1
въвличане,1
узаконяват,1
заплащали,1
сводническа,1
престояват,1
легализират,1
консулство,1
организирал,1
приключени,1
сменят,1
блъскайки,1
припознаване,1
сключва,1
припознато,1
фиктивния,1
облекчена,1
водено,1
любопитен,1
щрих,1
ропотамо,1
велека,1
подиум,1
настанявана,1
няколкократно,1
язва,1
страхуваше,1
тежат,1
разковничето,1
балансът,1
умеем,1
комбинираме,1
типично,1
вековете,1
съзнателен,1
градят,1
самодостатъчни,1
залита,1
крайност,1
нещастна,1
имено,1
дегизирал,1
влязал,1
потстрадалата,1
стадий,1
хипертонична,1
колабирал,1
функционирали,1
стабилизирали,1
предпочел,1
рисковано,1
обърнахме,1
делегираш,1
поемаш,1
mакар,1
ивет,1
отмениха,1
съпротивлявал,1
хотелска,1
летящо,1
съвещава,1
сключиха,1
марая,1
захари,1
юлиан,1
помия,1
изсипа,1
куриозна,1
изземат,1
поскъпването,1
ограничаването,1
ресурс,1
покрие,1
изчезнат,1
малините,1
ягодите,1
напояване,1
наемателката,1
бизнесмени,1
кристиана,1
недков,1
левче,1
благодарни,1
почистени,1
застреляния,1
планирана,1
инсценировка,1
възобновяването,1
обстоятелството,1
клошарка,1
напълнила,1
кашони,1
найлони,1
изчисти,1
дворът,1
говорел,1
ядосало,1
вади,1
междусъседски,1
изясняваме,1
непрежалима,1
многодетната,1
кайсери,1
аварийните,1
подчертаха,1
консулско,1
аварийни,1
свързали,1
изпълниха,1
придвижвала,1
спасим,1
църковният,1
примирят,1
загубят,1
елков,1
eur,1
краси,1
боев,1
фасадите,1
славни,1
мисиите,1
саможертва,1
украсена,1
мъченици,1
гостували,1
благовещение,1
лястовица,1
кукувица,1
цъфнало,1
украсиха,1
отакзва,1
родопското,1
коминът,1
пуши,1
пачеджиев,1
възниквали,1
предложили,1
подчини,1
аутопсии,1
собственическо,1
извлече,1
достоверна,1
институционализира,1
работеха,1
летящи,1
терапевтично,1
ориентирани,1
нарцистичната,1
лишила,1
разтоварват,1
емоционалните,1
неблагополучия,1
първоинстационната,1
измененото,1
губили,1
отчаяние,1
безнадеждност,1
болният,1
разполагаше,1
набелязани,1
сроковете,1
залегнали,1
дезинформация,1
чувствителност,1
непознаване,1
профайлъра,1
профайлър,1
описано,1
продължаващото,1
новопристигнали,1
заселници,1
преливане,1
замърсява,1
попадане,1
произтича,1
лекувани,1
поправяне,1
координирано,1
програмен,1
структурите,1
прехвърляме,1
посетят,1
сработил,1
замърсен,1
засенчен,1
джендъри,1
гласовитата,1
бонов,1
твърд,1
началничка,1
свирепо,1
упражнена,1
обстоятелствена,1
уважаваме,1
единствените,1
необосновани,1
подсигури,1
насилиет,1
крилe,1
сингъл,1
окрилена,1
bilitis,1
глобална,1
емпруув,1
обивеният,1
графични,1
обвинителя,1
ирационални,1
неорганизирани,1
снц,1
теорията,1
смесените,1
подсказват,1
укривател,1
импулсивен,1
подсилва,1
планираност,1
присъщи,1
престават,1
пресконференциите,1
идващи,1
безбрачните,1
авторитети,1
изгубят,1
опазва,1
коствало,1
запазването,1
призоваваме,1
действащия,1
покруса,1
изказваме,1
отлично,1
развито,1
спецификите,1
интимния,1
чувствителността,1
конфиденциалността,1
орион,1
феномена,1
скрепено,1
обсъждани,1
синхронизация,1
преустановяване,1
институционалните,1
дефицити,1
лоби,1
лгбт,1
евреите,1
шалом,1
руините,1
разрушителните,1
земетресения,1
училищни,1
неволен,1
пълнолетна,1
преживелите,1
видовете,1
извадковия,1
ръководна,1
таблет,1
capi,1
чувствителния,1
улеснение,1
респондентите,1
епидемичната,1
самоанкетиране,1
cawi,1
излъчена,1
представителна,1
извадка,1
анкетирани,1
зрителски,1
настинка,1
кардиограмата,1
показвала,1
инфаркта,1
кацарска,1
анонимният,1
половинките,1
допитване,1
покачва,1
молев,1
тренировки,1
лазарина,1
възпитан,1
кметски,1
дачев,1
отбелязаха,1
анализираме,1
преценим,1
възникване,1
умисъла,1
реализирането,1
рибен,1
злоупотребата,1
празненството,1
принципно,1
разписва,1
нарушен,1
съставлява,1
юристката,1
невербално,1
дсб,1
ревностова,1
параноя,1
бичът,1
прегледалият,1
изписва,1
явни,1
ненчев,1
русев,1
цялостното,1
подполк,1
разследвано,1
цивилни,1
противоречи,1
съпътстваща,1
бойно,1
обвързано,1
съпътстващата,1
подправено,1
българо,1
петьо,1
турската,1
обменят,1
подходи,1
прозрения,1
сближава,1
вертикали,1
йерархия,1
експертност,1
изследваме,1
ореол,1
единици,1
бригаден,1
заместникът,1
индикатори,1
махса,1
объркано,1
прикриват,1
журнала,1
записали,1
дипломата,1
прегледала,1
иранци,1
мирното,1
иранците,1
масовата,1
режима,1
амини,1
сянка,1
наказана,1
подаващи,1
знаменитости,1
режат,1
ограничавал,1
придвижване,1
осмелила,1
поискано,1
налагането,1
етнически,1
летеца,1
сплотено,1
изглеждаха,1
посочви,1
житейски,1
османи,1
наказване,1
изпита,1
свършат,1
короната,1
вселена,1
форумът,1
удовлетворен,1
страдаш,1
конкурсът,1
достойната,1
корони,1
осъдете,1
празноглави,1
красавици,1
глоуб,1
плиска,1
телофон,1
изземване,1
опасяват,1
съжителството,1
заключвал,1
новогодишните,1
празници,1
буяр,1
призовавам,1
прекарат,1
изнасилиха,1
чинове,1
напукана,1
турско,1
пейките,1
пакетирани,1
вечеряха,1
дечицата,1
извадим,1
смъртоносния,1
трус,1
осуети,1
тръстиково,1
лютят,1
самостоятелна,1
конов,1
замаскирана,1
охрид,1
македонски,1
енп,1
дипломатически,1
искри,1
внимават,1
разлютят,1
балканите,1
двегодишното,1
изневерявам,1
заможни,1
обучава,1
изненадата,1
избухнем,1
обезвредим,1
инструкторът,1
александрина,1
работещата,1
противникът,1
слабите,1
врат,1
слабини,1
ценева,1
симо,1
понесем,1
ракета,1
подслушващите,1
съображение,1
заможен,1
разберете,1
доверителя,1
кавги,1
ивайла,1
касабова,1
спукано,1
тъпанче,1
наблегнем,1
инструктори,1
изневерявала,1
кметовете,1
зарята,1
държан,1
честитят,1
ядосва,1
ззадържаният,1
достоверността,1
извършихме,1
следствен,1
съвпадение,1
неева,1
ежеседмично,1
престъпността,1
преклонна,1
указание,1
загубени,1
точи,1
неправителствен,1
драстична,1
гласуваха,1
забелязана,1
краводер,1
притеснените,1
спяхме,1
записана,1
забавачницата,1
накуп,1
подозирах,1
благоприятна,1
лутайки,1
препращана,1
мата,1
неяснотата,1
записал,1
вдигаше,1
отказан,1
съпътстващо,1
притеснявай,1
излекувам,1
недоразумение,1
стойчо,1
кацаров,1
лутане,1
любенова,1
влошил,1
обикаляне,1
поредни,1
процедирам,1
рентген,1
чаканата,1
развели,1
клеветят,1
смачкване,1
подронване,1
настаняването,1
обикалянето,1
софиямед,1
поляти,1
регионално,1
придобият,1
василена,1
гръбчева,1
елeна,1
oтваря,1
преходно,1
офисите,1
трансформации,1
лудите,1
обилно,1
клишетата,1
токуда,1
маските,1
лиана,1
повежда,1
прайда,1
опълчва,1
впечатлява,1
драгомир,1
танев,1
заразена,1
транспортираше,1
откараха,1
авторитета,1
среднощната,1
неголямо,1
спорно,1
поздравила,1
желаел,1
поздравява,1
подразнило,1
полуистерия,1
даизяснят,1
предистория,1
притеснявали,1
звънеца,1
тичат,1
предполагаше,1
отправяло,1
безкрайно,1
естество,1
притеснявало,1
подигравателното,1
преписа,1
бланка,1
тъжителите,1
лицева,1
идентификация,1
затрудняване,1
авксентий,1
велешки,1
говорили,1
тичешком,1
тревиста,1
противопостави,1
неогнестрелни,1
обхвана,1
флашката,1
световрачене,1
арестите,1
новозаразени,1
притича,1
бай,1
пенко,1
мъчил,1
меренето,1
брадвичка,1
емануил,1
правеха,1
трошили,1
душили,1
уличили,1
вързал,1
висящо,1
изготвената,1
доказала,1
банкнотата,1
приканва,1
здравка,1
самостоятелен,1
насърчаването,1
присъединили,1
отчетените,1
едрев,1
съвместния,1
пожелаем,1
тръгнете,1
националсити,1
присъстващи,1
помрачен,1
причинал,1
разпределителна,1
извършваха,1
обгоряла,1
мехмедова,1
душите,1
протеза,1
обгорялата,1
наложат,1
нататъшното,1
обикаляме,1
поставим,1
кутии,1
мелтем,1
откликнат,1
цкб,1
cecb,1
razgrad,1
дякова,1
мотивирано,1
произнесъл,1
ограбничителни,1
негативни,1
недостроена,1
занимавало,1
проституирало,1
озовали,1
недостроената,1
жертват,1
оказвано,1
преминало,1
издействайки,1
подлените,1
следствието,1
преправени,1
кардиологичен,1
манипулацията,1
сатурация,1
положен,1
надраскано,1
преправен,1
кардиологичната,1
коронарен,1
инфарктно,1
кардиологично,1
кардиолайф,1
ниязи,1
mehmed,1
niyazi,1
принадлежали,1
осъжда,1
остатъка,1
неизтърпяната,1
кпп,1
съобщим,1
досетим,1
осигурено,1
фотографската,1
безценност,1
куратора,1
стоящи,1
хобита,1
запалителното,1
появявала,1
стратегия,1
значимата,1
демографска,1
изразен,1
висшист,1
демографски,1
активния,1
заложените,1
учене,1
нои,1
разградското,1
запалва,1
yakub,1
якимов,1
кубинец,1
линди,1
евгений,1
генчев,1
бокс,1
хоел,1
аррате,1
разградският,1
ниази,1
бруталният,1
причерняло,1
ампутацията,1
съдила,1
селo,1
съединение,1
ампутираха,1
изнасиленото,1
проникнали,1
избутана,1
взимане,1
градчето,1
излежаването,1
реакциите,1
чуха,1
бутането,1
охранявали,1
обгрижиш,1
страданието,1
несломим,1
неспирният,1
застрашили,1
хипотермия,1
валеше,1
измръзва,1
обличам,1
грабва,1
категоричния,1
побеждавам,1
доволно,1
финишира,1
юноши,1
амбицирана,1
класиране,1
колоездачен,1
цитирайки,1
гадене,1
маската,1
починa,1
патологичните,1
вървях,1
позитано,1
учеха,1
клюна,1
спусканията,1
падах,1
падания,1
хрисант,1
водещо,1
стационарна,1
доказан,1
противоречат,1
общоприетите,1
уронват,1
обезщетения,1
селемински,1
няколкодневно,1
преглеждана,1
погребано,1
хрисантов,1
победих,1
километровата,1
велообиколка,1
конкурентки,1
завоюва,1
безсънна,1
закусваме,1
пречупила,1
устрема,1
съпернички,1
изтощаваща,1
кално,1
прасеца,1
пикираше,1
камикадзе,1
заплашителни,1
гласове,1
бежанец,1
смразяващо,1
шарън,1
стоун,1
наближавайки,1
излизащия,1
обливала,1
оказвал,1
горящата,1
спречкал,1
загасят,1
диктуваше,1
дихателни,1
писателят,1
буква,1
пауза,1
авторка,1
писането,1
случките,1
отгледана,1
фактора,1
драгановец,1
вагон,1
чуваше,1
амалия,1
андроника,1
летец,1
мартонова,1
враните,1
почувствали,1
матеева,1
извървял,1
небесните,1
висини,1
липсваш,1
висшето,1
военновъздушно,1
специализация,1
авиационна,1
тотално,1
ескадрила,1
пилотирал,1
самолети,1
награждаван,1
авиобазата,1
авиокатастрофата,1
напуснало,1
плач,1
семейстово,1
дърманци,1
издирихме,1
отправяме,1
разпространена,1
отнетата,1
скандирания,1
ориентири,1
снет,1
участваше,1
зацикля,1
препратили,1
дръпнали,1
носих,1
пуснах,1
контингенти,1
уличните,1
късметлийския,1
посрещам,1
тегля,1
вкарвам,1
оправила,1
запора,1
сключени,1
защитниците,1
одобрени,1
oчакват,1
градинката,1
палени,1
каменна,1
облеклото,1
начaла,1
летейки,1
сложната,1
хипотези,1
възпроизвел,1
съпротивлявала,1
теория,1
доведения,1
постоянната,1
стискане,1
подезичната,1
oсвен,1
повдигнатите,1
ловешкия,1
произвеждане,1
нарушаващи,1
играещи,1
откроиха,1
придобил,1
преработена,1
еднозарядно,1
неавтоматично,1
предназначено,1
малокалибрени,1
подполковник,1
безсмислена,1
рапорти,1
дезориентация,1
авиоинцидента,1
боянския,1
кумата,1
камъка,1
атакувано,1
хампшир,1
забелязвана,1
горското,1
стопанство,1
риосв,1
югозападното,1
инж,1
дамян,1
горските,1
юздп,1
туристическия,1
прободено,1
разбива,1
пресичало,1
хирургичното,1
пресичат,1
разходката,1
застигна,1
бягайки,1
падналото,1
викали,1
пият,1
шкафове,1
уважаван,1
щата,1
берат,1
косми,1
отсрел,1
веростно,1
хвърлена,1
казанлъшко,1
огледът,1
криминалното,1
джумая,1
джамия,1
скалния,1
венец,1
илиан,1
отстрелят,1
даподчертая,1
дива,1
хваната,1
вързана,1
ареала,1
петиция,1
отстреля,1
инициаторите,1
прекрачили,1
допустимото,1
бере,1
атакувана,1
ухапване,1
таиш,1
примитивните,1
корелация,1
образувало,1
отрасли,1
застраховане,1
исси,1
кукли,1
подобие,1
вдъхновяващи,1
патриархата,1
възпроизвежда,1
заминават,1
бамако,1
прекарахме,1
неизвестното,1
разсъждаваш,1
справиш,1
бойното,1
разиграват,1
бойни,1
окажем,1
изпълним,1
нарамихме,1
чантите,1
тичаме,1
виждаш,1
локва,1
отдаваш,1
нископлатените,1
икономистите,1
съвпадат,1
сисание,1
триажирана,1
постъпването,1
започнатите,1
летален,1
новопостъпилите,1
регистратори,1
звукова,1
сигнализация,1
неизяснена,1
насилените,1
достигнато,1
time,1
недоволен,1
носителките,1
престижния,1
цветния,1
тълпи,1
опашка,1
куртева,1
любмия,1
доживее,1
властен,1
чистя,1
сготвя,1
действаш,1
спасихме,1
запушен,1
болта,1
специалист,1
рентгенологията,1
крупев,1
образна,1
отправихме,1
рентгенологът,1
разчел,1
счупването,1
разчитането,1
рентгенолога,1
шина,1
фиксира,1
приемащият,1
счупената,1
доставя,1
несъществуващо,1
отлепва,1
инсинератор,1
ортопед,1
пубисна,1
покой,1
импланти,1
невидимо,1
мистичния,1
разтвори,1
сниманата,1
дихателен,1
подхлъзва,1
специфична,1
материя,1
попаднах,1
естественото,1
заминаването,1
съобщих,1
излязло,1
безусловно,1
притесни,1
крепи,1
ненужната,1
закараха,1
откарва,1
травматология,1
рентгена,1
преспах,1
визитацията,1
отговорих,1
слепия,1
предоперативна,1
епикриза,1
настоятелен,1
агитира,1
авансово,1
четвъртата,1
констатираното,1
психичните,1
ркц,1
идвай,1
пренесеш,1
сготвено,1
котлона,1
превключвам,1
замери,1
солница,1
плакаха,1
упражняват,1
подчинят,1
обезценяване,1
анели,1
настоящият,1
бързина,1
издадения,1
обявят,1
ели,1
санаториум,1
обявената,1
възпрепятствана,1
обезопасиха,1
плочка,1
оголен,1
клетка,1
възкръсне,1
извращенията,1
глупава,1
изпълнявам,1
жетви,1
помагаш,1
облекат,1
шкафчето,1
кoцакова,1
подготвяла,1
влетяла,1
разбивайки,1
засилила,1
ръкопашен,1
заслужила,1
огорчена,1
жервите,1
повярваха,1
сваляше,1
ходих,1
розовото,1
сиво,1
спирало,1
вменил,1
бъркам,1
психиатъра,1
важност,1
срамуват,1
топлата,1
психологични,1
протестиране,1
завършват,1
скандализираха,1
изразила,1
игнорирал,1
констатира,1
разследвали,1
достатъчна,1
проверили,1
отнесли,1
конфискуват,1
базираният,1
видинско,1
добричко,1
видяното,1
изплатено,1
притеснената,1
започната,1
извършителки,1
мариела,1
намирало,1
затиснал,1
горната,1
приела,1
спешността,1
нуждаещата,1
повикването,1
обръщала,1
нарушили,1
поставям,1
погребва,1
мебелиста,1
разчленява,1
цеха,1
зверското,1
психология,1
живееха,1
изчезване,1
мрачна,1
закарва,1
работилницата,1
нарязва,1
заравя,1
vasileva,1
пенов,1
тутракан,1
химиотерапии,1
сблъска,1
химио,1
лъчетерапия,1
увреди,1
надежди,1
излекуване,1
разкритата,1
ginka,1
несъществуващото,1
консуматив,1
тилната,1
навяхване,1
междуведомствена,1
постъпиха,1
изправим,1
преструваме,1
фризьор,1
пресолска,1
основателят,1
ованес,1
ери,1
почетена,1
състрадателно,1
отзове,1
изострянето,1
решаването,1
спорните,1
парламентарно,1
представени,1
егидата,1
продължаването,1
намирането,1
златко,1
живеело,1
възрастното,1
приогов,1
изгорял,1
обратната,1
дефиниции,1
спорни,1
обраната,1
смъкна,1
кръвното,1
покупки,1
проследена,1
теглила,1
смотолеви,1
наведе,1
подхлъзнах,1
подутина,1
натъртила,1
хала,1
откраднатият,1
удобните,1
разпознала,1
съзидателно,1
арзмера,1
насилиницте,1
взаимодейства,1
подходящи,1
дискутирани,1
осъществяващи,1
кпконпи,1
неудобните,1
изтривалка,1
произволът,1
запознаваме,1
възможен,1
лъжеше,1
едногодишната,1
градският,1
изидири,1
разделена,1
поверява,1
отделяло,1
враждебна,1
въздържа,1
сцепена,1
нанасяше,1
седалището,1
тренирала,1
сърница,1
кон,1
малтретираше,1
събула,1
мивката,1
напазарува,1
кърмя,1
изнасях,1
безброй,1
бончева,1
депресивните,1
симптоматики,1
самоубийството,1
ловно,1
представям,1
бухчев,1
аандонова,1
лектор,1
женитеsurvivers,1
победила,1
вярването,1
мълчиш,1
грамудов,1
неотдавна,1
самоделно,1
самоубива,1
театрална,1
шашнахме,1
потвърдило,1
наивсин,1
колективи,1
заслужи,1
приза,1
отличие,1
възприемана,1
индивидуален,1
обитавало,1
испанец,1
алиби,1
алибито,1
пих,1
обирал,1
жилищната,1
ябълчево,1
категоризира,1
ожесточение,1
незначителни,1
поводи,1
правела,1
доматите,1
сапа,1
употребения,1
отглеждали,1
потърсено,1
приют,1
калинка,1
запълниха,1
разходил,1
попечителството,1
благотворителна,1
насочим,1
споделили,1
методиева,1
междуременно,1
врачанската,1
граматиката,1
давидова,1
вълнува,1
дихателните,1
комунална,1
кунова,1
обявили,1
мишници,1
намирали,1
квалификацията,1
воденото,1
водолазен,1
паркирания,1
убежище,1
защитеното,1
психотерапевтична,1
битовият,1
правните,1
скитнически,1
бетонова,1
транспортния,1
покрития,1
вароша,1
триметрова,1
затревената,1
площ,1
отломки,1
павета,1
циментови,1
минувача,1
спуснали,1
незабравка,1
сиренярска,1
задигна,1
преките,1
гласуваното,1
допълнителните,1
минутно,1
касаеща,1
влезнаха,1
наръгаха,1
ескалирало,1
траело,1
лежат,1
изселят,1
повдигане,1
нанасянето,1
биологичен,1
митрополия,1
дъбница,1
прегазено,1
преминаваща,1
сгазена,1
мадолев,1
прегазила,1
цареше,1
поддържаме,1
сейхан,1
ахмедов,1
бюрократични,1
грижим,1
bgdemi,1
антонина,1
койнаре,1
цоньовска,1
участващите,1
извинили,1
утонение,1
информирало,1
инспекторатът,1
разгледало,1
межди,1
тотева,1
синдикат,1
рекламент,1
грешките,1
глобяване,1
нахлуят,1
охраняваха,1
ексхумация,1
бюрокрацията,1
пристигнахме,1
губя,1
кольова,1
изпратили,1
забавя,1
реанимационната,1
трепване,1
напуснеш,1
компютърът,1
шериата,1
южната,1
превеждате,1
инвестиционна,1
bgfinv,1
finvbgsf,1
донори,1
преживял,1
съдбоносно,1
изключат,1
животоподдържащите,1
военномедицинска,1
трансплантациите,1
стопаджии,1
готвения,1
заплатите,1
обезщетени,1
закупували,1
встъпването,1
оптимално,1
покритие,1
местоположение,1
кооперативен,1
дължина,1
боядисана,1
кестеняво,1
продало,1
вее,1
наколко,1
градушка,1
индонезия,1
линч,1
саудитска,1
арабия,1
застанали,1
порази,1
стряска,1
покосила,1
пастир,1
обгаряния,1
жеги,1
мазилката,1
аневризма,1
разчистваха,1
мълнията,1
гръмоотвод,1
пребити,1
амиотрофична,1
латерална,1
парализира,1
атрофия,1
мозъкът,1
способността,1
прикована,1
пъстри,1
близначки,1
внучета,1
унгарската,1
сесар,1
вайехо,1
манията,1
педагозите,1
всячески,1
безопасен,1
изявят,1
злополучната,1
необитема,1
александровската,1
унгарец,1
надхвърли,1
рандев,1
унищожена,1
михайловски,1
абитуриент,1
крайска,1
вързали,1
залепили,1
осветление,1
приликите,1
приключват,1
бабите,1
дядовците,1
гиче,1
панайот,1
заложихме,1
кличева,1
оздравяване,1
кандидатстваше,1
заричат,1
майчините,1
рисуват,1
слагаме,1
почва,1
кати,1
написахме,1
пожелават,1
райфайзенбанк,1
недовършен,1
влакове,1
полетяло,1
пуст,1
строежът,1
изкачват,1
тъжна,1
рев,1
разумно,1
главоболия,1
валентинова,1
осмокласничека,1
селфите,1
пръчки,1
пиеш,1
простосмъртните,1
частното,1
ясли,1
легнало,1
синината,1
централно,1
пресрещнал,1
автобусна,1
притежаваният,1
велков,1
френска,1
емблематичната,1
петдесет,1
игрални,1
режисирани,1
жорж,1
лотнер,1
почетния,1
легион,1
тулон,1
градинар,1
продавачка,1
консерваторията,1
премества,1
актьорска,1
автомобилна,1
обездвижена,1
празната,1
златин,1
кутина,1
десен,1
норка,1
инвазивен,1
разрешена,1
карапетров,1
легнаха,1
картонени,1
опаковки,1
сантиметри,1
видинското,1
скомля,1
румънският,1
насипят,1
очернено,1
преувеличават,1
разпитвам,1
тичам,1
играчките,1
сапунисала,1
сапун,1
плакал,1
плакало,1
бърсало,1
мръсни,1
умивалнята,1
гръбнака,1
телевизионния,1
франк,1
израснах,1
илинойс,1
стотното,1
мачове,1
футболните,1
свирила,1
дискомфорт,1
запитан,1
привлича,1
иранки,1
свободомислещите,1
посещаваш,1
селце,1
земеделска,1
чакаше,1
иранска,1
забрадена,1
напуснах,1
безгласни,1
младоженка,1
девствена,1
хиджаба,1
съблюдава,1
нае,1
прикритие,1
прибегнала,1
палаво,1
рива,1
каприо,1
театралната,1
разбивачът,1
обувка,1
гръд,1
високия,1
негодник,1
галерии,1
живата,1
кърк,1
дъглас,1
леонардо,1
холивудски,1
сторила,1
поразителна,1
холивудските,1
сляпа,1
папараци,1
смешната,1
вечната,1
неузнаваеми,1
брестовене,1
бетонно,1
стълбче,1
канадка,1
прочетат,1
учебници,1
исихия,1
нацистки,1
глината,1
моделират,1
конкуренция,1
орлица,1
нездрави,1
меся,1
литературата,1
математиката,1
радар,1
преборим,1
гледаната,1
прозвучи,1
читателите,1
сложиш,1
прекарано,1
разказваш,1
съкрушителните,1
катаклизми,1
атентати,1
сарелска,1
семов,1
срещнеш,1
изваждане,1
слагах,1
делене,1
сексуалността,1
религията,1
изслушва,1
нощна,1
изслушана,1
забавлявали,1
затваряли,1
изпариха,1
потупвали,1
еци,1
миловидното,1
гальовно,1
побойниците,1
поверявала,1
зарадвах,1
телевизионна,1
отстоява,1
отглеждан,1
бащинското,1
спасителя,1
задънена,1
катинара,1
металната,1
луната,1
либерална,1
безотговорна,1
промениха,1
вървиш,1
умножаване,1
истинските,1
заблудиш,1
токата,1
хореографско,1
виф,1
състезава,1
жулиета,1
шишманова,1
конкурентка,1
гигова,1
композиции,1
лятно,1
жар,1
птица,1
фуга,1
финал,1
минор,1
болеро,1
успешната,1
рефренът,1
треньорска,1
възпитанички,1
завоюват,1
абсолютни,1
вице,1
олимпийски,1
спектаклите,1
помнят,1
фигаро,1
двойници,1
залози,1
оригинали,1
изпращам,1
разбити,1
прах,1
пропуснах,1
изпълва,1
улови,1
разбъркам,1
бохеми,1
хазартен,1
спорт,1
излъжа,1
йовева,1
запознавал,1
гаджетата,1
липсвал,1
brother,1
ася,1
скубали,1
забравило,1
унизена,1
съблякоха,1
мрачната,1
успокоението,1
поверени,1
изобилстват,1
забавления,1
профилите,1
юри,1
соловьов,1
отличени,1
грамоти,1
ритникът,1
празникът,1
плодородие,1
разгледайте,1
пресякоха,1
линиите,1
рецидивиста,1
смъртното,1
занималнята,1
ритнало,1
нарочно,1
витиня,1
осветителната,1
нещастие,1
падащите,1
лампи,1
затворения,1
километрични,1
гредата,1
размазва,1
нелепата,1
крадецът,1
хукнали,1
догониха,1
ботева,1
моралистка,1
лишавали,1
позволили,1
предпочита,1
блуза,1
бъдещия,1
предци,1
борили,1
задължителни,1
ваксини,1
странични,1
глътки,1
претърпените,1
имунизират,1
ваксинациите,1
имунизациите,1
назове,1
откритите,1
морбили,1
компенсации,1
пострадат,1
ваксинирано,1
имунизации,1
вземайки,1
изпревари,1
ремонтите,1
допускаме,1
излязал,1
оцеляха,1
зетят,1
добролево,1
експлодирала,1
земетресение,1
разрасна,1
опираше,1
славчо,1
славчев,1
опърлена,1
обгорели,1
бос,1
освидетелстването,1
останалата,1
насилвано,1
еднократно,1
цигулар,1
скайп,1
обедно,1
следобедно,1
видимост,1
случваше,1
поверявано,1
съществуване,1
изземването,1
стоматолог,1
значителната,1
авариен,1
корозия,1
демонтаж,1
постижимо,1
реконструкцията,1
едновременното,1
ремонтиране,1
докладвам,1
попниколов,1
минусовите,1
умората,1
настъпил,1
кьошета,1
обитателка,1
трамвайните,1
пресичала,1
блокиране,1
евтаназия,1
нещастната,1
евтаназията,1
мъчението,1
предисторията,1
пожелана,1
откритата,1
броди,1
американска,1
индустрия,1
кожната,1
кажеха,1
киргизстан,1
непал,1
нашумя,1
възпитателките,1
оплаквали,1
страхували,1
говорило,1
проститутки,1
заснетите,1
престъпленето,1
погубиха,1
изтичал,1
сигнализирането,1
тинейджъри,1
специализираните,1
наранена,1
дупничанин,1
пакета,1
опозицията,1
ратифицирането,1
изчислили,1
подкрепяла,1
резолюцията,1
пес,1
сани,1
невести,1
отвлечените,1
обявявана,1
отглеждала,1
заключим,1
подчертавам,1
поизостанали,1
братчето,1
обяси,1
недохранени,1
тежали,1
няколкомесечни,1
прилагали,1
гипсов,1
орнамент,1
необосновано,1
румънка,1
компетентната,1
автотехническа,1
одобряват,1
проститутка,1
навърша,1
завлякоха,1
освободя,1
скочих,1
претърпях,1
неподписването,1
заявка,1
алекса,1
кафене,1
яростните,1
кевин,1
подчиненост,1
личат,1
добавят,1
числа,1
дяловете,1
склонните,1
малцинство,1
анализиран,1
решаван,1
скотланд,1
ярд,1
спейси,1
дементни,1
изследваните,1
биологичният,1
крайности,1
мненията,1
еднозначни,1
отхвърля,1
подчинена,1
подчинява,1
отхвърлят,1
човечно,1
ролите,1
обадило,1
напреднали,1
забавила,1
несигнализирането,1
референдумът,1
референдума,1
референдум,1
светия,1
синод,1
молитви,1
дебата,1
езикът,1
двусмислен,1
успокоят,1
огромното,1
хризантема,1
подуене,1
скандални,1
безкомпромисна,1
премълчаване,1
разполагам,1
неразбираемо,1
скриването,1
алцхаймер,1
боянка,1
деянова,1
низамска,1
румънското,1
потвърждавали,1
изречения,1
пчелите,1
откъснати,1
адам,1
френският,1
пътешественик,1
бланки,1
сърбите,1
именуват,1
звездни,1
безмълвни,1
спътници,1
рада,1
гугова,1
дружества,1
подпомагат,1
изоставени,1
богати,1
създавала,1
горанови,1
неволите,1
шофьорки,1
тефтерче,1
фотограф,1
европейки,1
неправилната,1
стояла,1
царял,1
безмълвно,1
забранявам,1
покорна,1
обирана,1
санитарен,1
радват,1
изпадал,1
кризи,1
защитни,1
характерни,1
отбраняващ,1
плачело,1
кабели,1
пъшева,1
бръшляница,1
четери,1
безмълвна,1
съхраняваш,1
използваш,1
прецизират,1
използвала,1
вардят,1
крадци,1
мисури,1
автомат,1
доизживее,1
салич,1
църковна,1
матриархат,1
вслушвали,1
поемали,1
варен,1
придойдоха,1
обитавано,1
събудих,1
натъпкана,1
погребение,1
глуха,1
разстреляна,1
венцеслав,1
изтекло,1
предизвестеното,1
хранили,1
ориз,1
зрялост,1
течен,1
пилешко,1
внучките,1
ипотечен,1
почнали,1
припознава,1
декларирала,1
габи,1
захранването,1
слабичка,1
бягаха,1
хвърчи,1
затормозени,1
боец,1
суплес,1
озовал,1
ексфутболистът,1
мечтал,1
повтарям,1
схватка,1
повтарял,1
пререканието,1
пребитото,1
говореха,1
здрависваха,1
усмихваха,1
инциндента,1
олюлях,1
ударената,1
дъската,1
келешчета,1
нецензурна,1
пъдя,1
оглеждам,1
тумба,1
оная,1
русата,1
замахна,1
метлата,1
повдигната,1
възприета,1
симпатизантите,1
партийната,1
заобиколиха,1
самосвал,1
първокурсничката,1
славянска,1
дойран,1
изчакваха,1
обръщаха,1
обходни,1
заканиха,1
участващи,1
мълчаливия,1
осеяха,1
лобно,1
неправомерни,1
назначения,1
спецотряда,1
гайков,1
подкрепям,1
лесковец,1
отказано,1
циничния,1
глупав,1
обитавам,1
стечение,1
пенсионирането,1
фатиме,1
бдението,1
оказаха,1
дъщерички,1
дневните,1
достигали,1
целзий,1
миньори,1
сибир,1
намиращ,1
северозападно,1
сидни,1
световноизвестно,1
находище,1
опали,1
пижама,1
размаха,1
данева,1
бцди,1
финансирал,1
свършват,1
вариантът,1
посочим,1
компенсиран,1
закрием,1
излишна,1
затварянето,1
джигитите,1
осемгодишно,1
буйствало,1
изгонила,1
одират,1
порожанов,1
предколедното,1
клане,1
прасета,1
геноцид,1
пърформанс,1
пресъздаваме,1
смъква,1
нареченият,1
хуманен,1
умъртвяване,1
варварска,1
ловния,1
ненужно,1
вегетарианци,1
отновона,1
веганите,1
носеха,1
плакати,1
надписи,1
красивите,1
грозните,1
кожени,1
палта,1
въздушната,1
повърхностно,1
правосъдната,1
куба,1
сребрина,1
игнатов,1
икакви,1
клетката,1
носел,1
защитничката,1
травмиран,1
вуйчото,1
тренира,1
пораснеш,1
централноевропейската,1
кубинската,1
ловец,1
партизанка,1
марч,1
генетична,1
случайност,1
признавам,1
стремя,1
достойна,1
изникват,1
белотинци,1
играело,1
произвело,1
горещини,1
изключителните,1
изоставената,1
влади,1
горсов,1
поддържахте,1
наоследък,1
справям,1
разчува,1
показност,1
разговаряхме,1
усмихнат,1
уплаши,1
тонове,1
говорил,1
въргала,1
будна,1
показното,1
боби,1
парламентарен,1
тефтера,1
кюхова,1
зтвора,1
изплащане,1
изпълнително,1
риторично,1
неведение,1
сочена,1
благодетел,1
горсова,1
обоснова,1
приведат,1
контраст,1
спорната,1
деньов,1
изводите,1
дялове,1
стойнев,1
зачитат,1
скочиха,1
третира,1
червените,1
изпълняваме,1
ппатриотите,1
стависки,1
изчистено,1
нфсб,1
грешно,1
интерпретирано,1
спекулират,1
изваждат,1
лъжливи,1
волен,1
сидеров,1
вярното,1
познатите,1
любовница,1
балистичните,1
спънала,1
убиеш,1
автори,1
възвишение,1
чамкория,1
русков,1
писатели,1
читателят,1
библиотеката,1
читателска,1
сканира,1
книгите,1
изключиха,1
присмехулник,1
читател,1
читатели,1
радостното,1
мизерни,1
бездомните,1
покъртителни,1
закриват,1
усилено,1
извадена,1
ораново,1
мащабна,1
издирвателна,1
призове,1
незряща,1
криене,1
съществена,1
хидроцефалия,1
задавила,1
желатинова,1
капсула,1
респираторен,1
сърдечната,1
спонтанното,1
реанимиране,1
преведено,1
сондово,1
физиотерапия,1
хотелиери,1
mtel,1
ресторантьори,1
базари,1
смс,1
рехалибитацията,1
изпратете,1
латиница,1
dms,1
martina,1
абонати,1
telenor,1
vivacom,1
орисия,1
добиват,1
върти,1
клонинги,1
улични,1
кучки,1
скотове,1
лови,1
трапезата,1
опрости,1
въдиците,1
надявала,1
шаран,1
нахрани,1
рибарство,1
аквакултури,1
наложили,1
опростят,1
глобите,1
акценти,1
страници,1
вестниците,1
таксиджия,1
имиграцията,1
солена,1
броня,1
отличници,1
капитал,1
дейли,1
патриотичния,1
расистка,1
подбуждат,1
пластичният,1
противници,1
полезно,1
издигнат,1
държание,1
прибягват,1
гримирани,1
препоръчителната,1
отопластика,1
разкрасяване,1
абитуриентки,1
бюст,1
енчев,1
скинарите,1
изследовател,1
постъпки,1
затягане,1
законодателства,1
съпружеското,1
физическия,1
неокончателните,1
търпели,1
етноси,1
расистко,1
скинари,1
растежът,1
метростанция,1
униформеният,1
разплаках,1
парада,1
диагнозите,1
дима,1
светския,1
белодробния,1
налеят,1
алкохолната,1
заледения,1
поднесла,1
ценя,1
честта,1
излъган,1
считаше,1
формирал,1
екстравагантен,1
егоцентричен,1
кранчето,1
цензура,1
компромиса,1
поставил,1
инвалиди,1
договорка,1
непрекъснатия,1
ббц,1
дорасли,1
новости,1
одраскано,1
деликатна,1
държали,1
главнокомандващ,1
средностатистически,1
функционалната,1
армейските,1
символична,1
маршовата,1
арман,1
любезност,1
сем,1
опитвайки,1
недейте,1
бързаше,1
обръщате,1
олекват,1
контрира,1
омекотиш,1
напънем,1
сексистка,1
принципът,1
лидер,1
консервативна,1
иззел,1
социалистически,1
модели,1
турлакова,1
дългите,1
неврохирургията,1
тясно,1
откъснеш,1
корените,1
поликлиника,1
везните,1
туби,1
крупен,1
далечни,1
кътчета,1
безвъзмездни,1
репортажът,1
гледан,1
попинчани,1
приятелството,1
неумолима,1
страдаща,1
нулеви,1
протегната,1
срине,1
ангажирала,1
отговаряха,1
преподавателя,1
тръбичката,1
книжни,1
чин,1
насъщни,1
трогват,1
портата,1
срещала,1
лиле,1
фамилно,1
обременени,1
остеопороза,1
жлъчката,1
увредено,1
грануломатоза,1
вегенер,1
тлеещо,1
пенков,1
посмея,1
ползата,1
некролозите,1
споделяли,1
континент,1
цветозара,1
компаниите,1
спечелили,1
независима,1
трогнаха,1
десетгодишния,1
протяга,1
гладът,1
спохожда,1
замеряше,1
зададен,1
учебния,1
спасете,1
пеят,1
фолка,1
куршумите,1
купоните,1
мутрите,1
предпоследно,1
тепървяа,1
тинка,1
облагодетелствани,1
надбавка,1
образванието,1
предпоследна,1
дует,1
индексът,1
качествено,1
чуеш,1
невръстното,1
хлапе,1
блясък,1
думичката,1
класнички,1
компании,1
разменят,1
одобрявали,1
володя,1
нестандартен,1
деневски,1
кралици,1
написана,1
заяждал,1
блъснах,1
петнайсет,1
ритнах,1
разкървавих,1
предстоящ,1
пикник,1
паров,1
обстановката,1
лабилната,1
набере,1
чобанов,1
бербатов,1
тревогите,1
радостите,1
сводничество,1
доверените,1
хапливият,1
равносметката,1
провокативен,1
ръбат,1
хвани,1
оставането,1
чувствал,1
къдрици,1
трупата,1
чедо,1
развежда,1
погребах,1
гадно,1
разчитам,1
истини,1
обидено,1
огорчено,1
житейският,1
залък,1
преглъщане,1
сдобри,1
първанов,1
пресата,1
глътна,1
катаджии,1
бергендорф,1
aerosmith,1
победителката,1
factor,1
метъл,1
crashbrake,1
mixtape,1
der,1
hunds,1
хип,1
раздели,1
озова,1
прерасне,1
срутил,1
лошия,1
патриархален,1
духовникова,1
зовът,1
чут,1
консултативен,1
заделят,1
бешевишка,1
обеци,1
отломка,1
панелният,1
ампутирани,1
обследвани,1
рушащ,1
некачествено,1
панелните,1
рушат,1
паспорти,1
техническа,1
постройките,1
ремонти,1
въжаров,1
саниране,1
панелни,1
хоп,1
изпълнителите,1
rudi,1
подмами,1
вкарат,1
разделяли,1
въпросителните,1
неделния,1
изгонили,1
позовава,1
изгоненият,1
пречила,1
вестникът,1
отменил,1
заложила,1
щурм,1
обвинявам,1
излъгала,1
отслабена,1
бдителност,1
водещи,1
печата,1
разходиха,1
атрактивно,1
боксови,1
изричното,1
наказвано,1
отражение,1
намираше,1
обвинявала,1
duli,1
загиналият,1
muden,1
kukusheff,1
стивън,1
тайлър,1
звездната,1
стадион,1
локомотив,1
щанд,1
благотворителния,1
модерните,1
опасява,1
мечтаел,1
разправял,1
притеснявал,1
подготвеният,1
казармата,1
избираха,1
мрази,1
мярна,1
загледах,1
гръмотевици,1
гърмежи,1
легнахме,1
евангелистка,1
усмихваш,1
обединиха,1
борейки,1
застуди,1
проходилката,1
мръдне,1
падам,1
племенничка,1
назначат,1
отпуснати,1
неведоми,1
божий,1
осемнайсетгодишна,1
екзекутори,1
изнасилвачи,1
завръщане,1
играха,1
спечелиха,1
животновъдство,1
щастливецът,1
величков,1
станкова,1
съпътствани,1
тракийския,1
опонент,1
тенчев,1
сейфа,1
късметлията,1
печалбите,1
стихват,1
рафилка,1
неподвижна,1
несвободно,1
частица,1
безкрайна,1
комунизмът,1
забравили,1
подсъзнание,1
потули,1
елитните,1
привилегировани,1
попадна,1
ироничен,1
прочит,1
пълноценна,1
разрешенията,1
враждуващи,1
разказвам,1
нулев,1
оцеляване,1
самозапалилата,1
фонтана,1
самозапалването,1
политизира,1
приписваме,1
неудача,1
бавят,1
чековете,1
моментни,1
енева,1
останалото,1
импулсивно,1
инструктажи,1
грешни,1
аргументира,1
провеждана,1
уволнени,1
заснема,1
половинметрова,1
гочева,1
бомбардировка,1
дончо,1
разнообразие,1
добрала,1
мракът,1
заспя,1
отсяда,1
позвъняване,1
напукани,1
открояват,1
уточняваме,1
инсталацията,1
декодерът,1
завалят,1
есенните,1
въвличането,1
навеждат,1
щатливата,1
късметлийката,1
цвята,1
цонкова,1
моментна,1
зодиак,1
възнагради,1
джакпот,1
щастливката,1
числото,1
натрупа,1
шеста,1
сфера,1
предостатъчна,1
професионализъм,1
белградската,1
изненадващата,1
паспорта,1
сръбският,1
изпроводяк,1
простя,1
дето,1
фрапантни,1
продиктувани,1
дебелашко,1
арогантност,1
бабо,1
ваксинация,1
гледачите,1
морската,1
акрилни,1
тихичко,1
разглеждам,1
пейзажите,1
приседнах,1
разочарование,1
носталгия,1
сантименталност,1
сетивата,1
изострени,1
мъничка,1
женица,1
прегърнах,1
заплаках,1
скъпата,1
милата,1
отстъпка,1
доникъде,1
приклекнала,1
позволите,1
потърсете,1
картините,1
получите,1
пейзаж,1
благословиите,1
нарисувани,1
достойни,1
приклекнали,1
отправен,1
набие,1
разпространявала,1
побойничката,1
инициаторка,1
набита,1
заплашвали,1
регионалния,1
инспекторат,1
уверението,1
уведомила,1
откликнаха,1
маме,1
хляба,1
спомниш,1
седеше,1
скокна,1
кубинките,1
предвиди,1
бягства,1
издирваните,1
престъпници,1
зрели,1
разказана,1
потребителката,1
умножава,1
стократно,1
разпространете,1
шеговито,1
отвежда,1
ивърне,1
спорният,1
споровете,1
вергиния,1
мичева,1
излежавал,1
приложена,1
чая,1
нейка,1
ултиматум,1
предизвикателството,1
сладки,1
президентската,1
отговорности,1
премиерската,1
кандидатирам,1
поел,1
коалиционните,1
възприемам,1
дезертьорство,1
съобразявал,1
кандидатурите,1
колегиален,1
приказки,1
лежерно,1
зависят,1
терлици,1
големините,1
препълнена,1
персонално,1
допълвам,1
съдействам,1
отпътувам,1
отзивчиви,1
възхищението,1
отворихте,1
клетата,1
образът,1
купим,1
седят,1
горди,1
милостиня,1
спрете,1
мушкато,1
подарете,1
огромните,1
отведено,1
унгарски,1
щъкайки,1
наляво,1
надясно,1
нападне,1
разпрата,1
потресена,1
скубят,1
усетят,1
великолепна,1
зароди,1
вярвайте,1
зараждат,1
спектакълът,1
бушуват,1
открехнала,1
разваляме,1
настроението,1
наивна,1
експанзивна,1
безсъницата,1
бомбардират,1
самоирония,1
определям,1
смешен,1
спектакъла,1
клише,1
прелистването,1
неминуемо,1
отваряме,1
смените,1
опитам,1
божа,1
закачката,1
хрумване,1
лудешко,1
монте,1
участия,1
бродуей,1
сингапур,1
фестивал,1
талантливите,1
нешанъл,1
артистите,1
опера,1
маестро,1
съвместното,1
турне,1
мюзик,1
необичайното,1
шеговитото,1
знаменитата,1
позитивен,1
отминалите,1
усмивката,1
шоколада,1
мазгарева,1
вълнението,1
премиери,1
майсторските,1
изпълнения,1
скръстя,1
основите,1
усъвършенстват,1
унгарският,1
третокласници,1
покара,1
велосипеда,1
отървало,1
крачето,1
заснело,1
раздавала,1
възрастнят,1
учудва,1
тийнейджърите,1
условие,1
издирвано,1
умният,1
отказана,1
омаловажава,1
разделиха,1
връсничка,1
действителната,1
превърнал,1
толерантно,1
славянка,1
чупят,1
чинии,1
лишат,1
резил,1
забравяйте,1
танцовото,1
довършете,1
преподаватели,1
поставяте,1
откривала,1
изявявала,1
натрупахте,1
себеподобните,1
пеньо,1
пенев,1
завършим,1
позитивно,1
комичен,1
изреченията,1
хинина,1
будя,1
аромат,1
ароматите,1
женствена,1
подскочих,1
предадох,1
kогато,1
чудих,1
подскочи,1
кискам,1
изпиеш,1
кандидатира,1
спокоен,1
издигат,1
гарантираме,1
препращаха,1
кабинетите,1
бездиханна,1
дисекация,1
аортата,1
разпознали,1
срещнало,1
градева,1
учебни,1
занятия,1
тормозеха,1
задаваха,1
нецензурни,1
личното,1
обиждаше,1
дързостта,1
ноктите,1
оскубана,1
родителиобясняват,1
прочели,1
образователния,1
ниспекторат,1
образователното,1
заменят,1
лъскавите,1
бусколизин,1
изтръпване,1
сърцебиене,1
десният,1
механизация,1
кулокранистка,1
горчивина,1
антония,1
шехова,1
присъдена,1
камбурова,1
пропадането,1
въжето,1
политат,1
фролошка,1
емоционалната,1
почерненото,1
изживял,1
стреса,1
наказала,1
поведоха,1
претоварили,1
счупили,1
бузова,1
огласяване,1
часово,1
снемане,1
лекарско,1
костюми,1
студентските,1
студентския,1
идентично,1
заемането,1
лидерски,1
престижни,1
управителните,1
общинските,1
решени,1
потвърждаваме,1
надграждане,1
справедливата,1
чакал,1
тръмбеш,1
гастролира,1
постоянните,1
ограбва,1
благоевградска,1
управлявана,1
черниче,1
заобикаля,1
локалното,1
пренущуват,1
спасителните,1
гурбет,1
нашава,1
погрижила,1
политическия,1
овластяването,1
забележителна,1
шалчето,1
академичния,1
костюм,1
похарчени,1
дарил,1
едноименната,1
шалът,1
усукал,1
гумата,1
трахея,1
уникална,1
обиколки,1
затяга,1
глобалните,1
сложна,1
картинга,1
денева,1
иззела,1
видеокамерите,1
извършиха,1
генерален,1
прозрачен,1
равнопоставено,1
разпределение,1
географски,1
сметище,1
превърнат,1
ограбвана,1
среднто,1
сещаме,1
годишнини,1
спомнят,1
премеждие,1
няккави,1
безсилно,1
енидственото,1
интелигентния,1
селектирани,1
модела,1
схемите,1
бойлер,1
ташкова,1
къпе,1
евентуалното,1
тормозило,1
дванадесетокласничка,1
световъртеж,1
отказвайки,1
споменат,1
участвалите,1
вражда,1
проруски,1
батальон,1
попйорданов,1
зоя,1
службата,1
дрешки,1
президентските,1
своеобразен,1
оптимизират,1
управляваща,1
преформатиране,1
политическото,1
заслужили,1
плачевен,1
проведем,1
събран,1
найлонови,1
играчки,1
каля,1
всичкия,1
красна,1
напуснаха,1
важат,1
изкарвам,1
доброславци,1
закрита,1
сърцебиенето,1
невролог,1
покривът,1
свържете,1
украински,1
оформи,1
преброи,1
отметнеш,1
помнел,1
градоначалник,1
мигрантите,1
дестабилизиране,1
преброени,1
страхил,1
клати,1
извива,1
посредством,1
бежански,1
религиозната,1
пропагандирал,1
застъпи,1
недалновидната,1
канцлера,1
неприлагането,1
забрадки,1
проспала,1
интеграцията,1
сблъсква,1
явления,1
изправена,1
страшни,1
кьолн,1
дариха,1
президентски,1
преминавал,1
стюардеса,1
формирования,1
воювал,1
напрегнат,1
бияча,1
правихме,1
приспивам,1
виждаше,1
палка,1
лъсва,1
варварство,1
охранителя,1
квалифициран,1
благословията,1
сервизи,1
ториното,1
грешник,1
тъжен,1
социализира,1
изпадала,1
предизборната,1
поканил,1
сокче,1
девствено,1
плевневлиев,1
приятелско,1
йордания,1
фатална,1
хазяйнът,1
съставено,1
дизайнери,1
звездно,1
състоеше,1
победители,1
реклами,1
ревюта,1
фотосесии,1
изявява,1
пианистка,1
регламентацията,1
нотариално,1
заверено,1
арменкова,1
онкохематологични,1
мими,1
караиванова,1
лекарствва,1
винтристин,1
аспирина,1
дарителските,1
ананиев,1
облекчаване,1
мулти,1
секторен,1
компетентно,1
оценявани,1
конкурираха,1
посетен,1
обърната,1
годишината,1
травматичните,1
животозастрашаващите,1
поясно,1
хълбочната,1
опиване,1
смекчаващо,1
обосновани,1
предположения,1
адресът,1
рспбзн,1
грузия,1
отворили,1
съдебнатата,1
представените,1
титлата,1
grand,1
prix,1
мистър,1
планета,1
надви,1
участнички,1
претендентките,1
дългосрочната,1
обучат,1
докладването,1
преподавателката,1
сетих,1
мотиката,1
отдалечило,1
прогонил,1
хванато,1
причинили,1
малчугана,1
стресирано,1
дърпан,1
констатацията,1
издърпано,1
глоджево,1
питбули,1
рефлектира,1
неспокойно,1
търчане,1
помитане,1
кошари,1
издаваме,1
препоръчали,1
револвер,1
нурсел,1
предходно,1
преследвал,1
разкъсват,1
разкъса,1
ефективността,1
характеристики,1
oперации,1
заложени,1
повишено,1
докладване,1
повишена,1
правоприлагаща,1
усложнение,1
предоставяни,1
изработване,1
междуинституционален,1
базисни,1
правоприлагащи,1
повалило,1
информираността,1
тревните,1
площи,1
кадиева,1
предявен,1
удължаване,1
германското,1
отървала,1
уплаха,1
нахапана,1
дългоделци,1
предупредил,1
подути,1
прерастнал,1
хазяите,1
иваново,1
пиргово,1
лекият,1
румънки,1
задрямала,1
трилентов,1
навлязла,1
откъснала,1
лекия,1
велосипедистка,1
откарали,1
чужденките,1
охлузни,1
колони,1
регулира,1
велосипедист,1
жълта,1
бюлетина,1
специализира,1
контролиращ,1
хагската,1
английския,1
живеене,1
закрепят,1
английският,1
баир,1
мойсевия,1
катастрофираха,1
разпространили,1
живещи,1
нахапали,1
мобилизирани,1
следови,1
входовете,1
импровизиран,1
контролно,1
пропускателен,1
обръщалото,1
гъста,1
проходима,1
хеликоптери,1
тежкотоварен,1
домови,1
сплашвал,1
стеснително,1
общувало,1
посещавало,1
готвило,1
размахвал,1
оскъдна,1
бездомно,1
ляв,1
румънска,1
отсъжда,1
изпарил,1
изпълняваше,1
златарско,1
словакия,1
португалия,1
хърватия,1
швеция,1
постепенното,1
факторите,1
допринасят,1
равнища,1
раждаемост,1
евросъюза,1
рулеви,1
ателие,1
полша,1
пребивал,1
състудентка,1
разкривала,1
интелектуално,1
надмощие,1
брачният,1
разтрогването,1
тревожели,1
настоявал,1
откопчи,1
изтичала,1
разлики,1
диспропорции,1
убедиха,1
настройвам,1
примерно,1
повери,1
поддържам,1
замесено,1
давате,1
сметне,1
прокурорски,1
пускан,1
актуални,1
дадохте,1
документирали,1
търсил,1
намаляла,1
споделеното,1
бездомни,1
охайо,1
регистрират,1
посочения,1
преживяемостта,1
повишил,1
измерва,1
очаквана,1
отчетения,1
цифрата,1
варненецът,1
непосредстено,1
въздейства,1
mar,1
пастрока,1
внасят,1
дръжка,1
отзовавал,1
проявения,1
тийнейджъра,1
заклана,1
прерязвайки,1
готина,1
сериалите,1
образи,1
искреността,1
десетобалната,1
бедствие,1
ставам,1
обаждала,1
прегръщам,1
отгледани,1
шерцингер,1
маша,1
впечатли,1
класно,1
панаир,1
калоферов,1
старостта,1
налаган,1
отсвирил,1
отсвирили,1
оскърбително,1
евровизия,1
love,1
was,1
crime,1
надпреварата,1
smart,1
гласуваме,1
евроизборите,1
недоносените,1
продавач,1
непристойна,1
купува,1
отпише,1
лавката,1
гушева,1
уверих,1
данка,1
издържам,1
чина,1
подпряна,1
кво,1
беее,1
извикам,1
разплаче,1
играеш,1
поработиш,1
стекоха,1
сбила,1
траеше,1
осъденият,1
подробни,1
мотивираха,1
порасналото,1
мълчали,1
упражняващият,1
разтървава,1
повикан,1
разтърве,1
биещите,1
побесняла,1
адресите,1
рамене,1
дърпаха,1
извил,1
помогнало,1
програмирано,1
помисля,1
стресиращ,1
ресурсните,1
общообразователните,1
разруши,1
захват,1
пребивава,1
допълнено,1
шаркова,1
почувстваш,1
софиянска,1
божкова,1
поклонение,1
агония,1
катарзис,1
маркетинга,1
стяга,1
инвалидизирани,1
общоност,1
справил,1
свойте,1
отърсиш,1
осъждането,1
силното,1
летен,1
задълбае,1
потуши,1
забравиха,1
винови,1
жалко,1
демотивиращо,1
контролиращо,1
съразмерни,1
предшествани,1
песенния,1
babyshowerparty,1
патолозите,1
boy,1
автомагистрала,1
изкарвали,1
просене,1
товарни,1
гранични,1
съставяни,1
предупреждавани,1
преустановят,1
продължавали,1
трапоклово,1
петолъчката,1
притежаваната,1
ранените,1
облитане,1
ценев,1
любовен,1
къщатата,1
съдействаме,1
държим,1
принудителрно,1
принуждаване,1
улеснява,1
осигуровки,1
чуждите,1
гдгп,1
андреево,1
хероин,1
работоспособни,1
мазнини,1
население,1
рецепта,1
нещастни,1
периодa,1
увеличила,1
демографската,1
манолев,1
износ,1
удвоил,1
отбелязан,1
секторите,1
восъци,1
салдото,1
животински,1
растителен,1
cif,1
стойностният,1
стоките,1
вноса,1
процентно,1
отчетено,1
външнотърговското,1
салдо,1
внос,1
омъжват,1
фиктивно,1
индийски,1
нелогични,1
подчинено,1
фамилен,1
физична,1
строгите,1
нахълтал,1
mюсюлмански,1
духовник,1
биене,1
панагюрската,1
наркомании,1
местоположението,1
отседнали,1
изнервяла,1
зета,1
назначение,1
мениджмънта,1
първородния,1
шартън,1
честито,1
forever,1
army,1
apr,1
холандецът,1
шардън,1
психологията,1
харесвало,1
подмамвани,1
белтъка,1
обещаваното,1
гражденски,1
младоженците,1
кандидатствали,1
миграционни,1
чужденците,1
прокуратуера,1
гневен,1
албумин,1
асцит,1
източва,1
кръвната,1
нормалният,1
длъжностна,1
характеристика,1
сепсис,1
хематологията,1
съхранени,1
консумативи,1
запознава,1
мислих,1
сродна,1
кузманова,1
сключват,1
подгонили,1
улики,1
зъбер,1
адреналинка,1
престолонаследника,1
чарлз,1
джефри,1
джуфре,1
американецът,1
янтра,1
преминаващи,1
отцепиха,1
асеневци,1
видяно,1
бездомна,1
подслонил,1
божидаров,1
пловдивчанка,1
мальовишкия,1
обходили,1
беласица,1
водопад,1
метеорологични,1
оглеждат,1
нулата,1
заслон,1
кончето,1
сливащи,1
каменистия,1
принц,1
редовните,1
завиждане,1
джакузи,1
тен,1
megatan_cosmetics,1
sep,1
всекидневие,1
клин,1
кецове,1
amor,1
karenking,1
aug,1
уютна,1
атмосфера,1
закрихме,1
достойно,1
бански,1
спа,1
релакс,1
pulsefitnessspa,1
metime,1
pulsefitness,1
pulseandyou,1
труди,1
предното,1
бедро,1
оформено,1
измина,1
приключението,1
мечтаеш,1
капризите,1
вълци,1
австралийка,1
мършаво,1
мъниче,1
насърчават,1
роджър,1
сателитния,1
джули,1
боб,1
новозенландската,1
метеорологична,1
милиардер,1
непредсказуема,1
прочут,1
приключенец,1
сър,1
ричард,1
брансън,1
спайдърмен,1
делфини,1
докъдето,1
албатроси,1
невероятни,1
грациозни,1
морските,1
могъща,1
преобрази,1
ветроходец,1
тиква,1
каяк,1
падаща,1
очертаните,1
джексика,1
североизток,1
тихи,1
крайчеца,1
атлантическия,1
индийския,1
преобръща,1
трудният,1
водната,1
сблъсках,1
кораб,1
заредих,1
мото,1
вълни,1
подмятаха,1
застигаха,1
сушата,1
простират,1
безлюден,1
нокдаун,1
избирам,1
деколтета,1
отклони,1
разголените,1
облекчат,1
внезапната,1
крехка,1
тичало,1
педагожката,1
болестни,1
хеморагична,1
пневмонията,1
двустранни,1
надбъбречните,1
жлези,1
василеви,1
плът,1
джебчийки,1
великотърновското,1
мешерето,1
укрила,1
правозащитната,1
маргинален,1
междуетнически,1
амалипе,1
подлежали,1
правозащитниците,1
условни,1
седмокласничката,1
задавали,1
мълниеносно,1
боледувало,1
тийнеджъри,1
фаталният,1
ленд,1
нсо,1
карах,1
зелен,1
шофираше,1
минавахме,1
спирачка,1
отби,1
изхвърчаха,1
помогнаха,1
авторската,1
пнемвония,1
изчезни,1
парчето,1
творците,1
текстописци,1
създали,1
хитове,1
леталния,1
скоротечно,1
отречено,1
лабораторно,1
учило,1
заставена,1
платил,1
служителка,1
virals,1
защитници,1
толеранс,1
мечтаят,1
ослепителна,1
пайети,1
връчването,1
плеймейт,1
следвай,1
nova_tv_,1
стилната,1
изнанада,1
следим,1
онеправдани,1
pretty,1
pink,1
wicked,1
black,1
бежови,1
комбинират,1
дънки,1
sporty,1
логичният,1
зачеркнала,1
късите,1
противниците,1
всеобхватен,1
мюрсел,1
скачала,1
предумишленото,1
ангелка,1
келявица,1
руйно,1
дере,1
амфетамини,1
дихателна,1
съдова,1
дрогата,1
мирно,1
случвали,1
гладувала,1
взимането,1
бременноста,1
структуриран,1
споменати,1
разпознаването,1
криминализирането,1
честата,1
стойо,1
колектива,1
левфем,1
убивани,1
предстоящата,1
невероятен,1
отразяват,1
прецениш,1
съдийския,1
купила,1
маратонки,1
спиридонов,1
платежни,1
автомобилите,1
примамвали,1
осемте,1
надвишава,1
записан,1
откажат,1
иззето,1
лозница,1
китайско,1
проникване,1
ранения,1
частично,1
кърджалийското,1
калоянци,1
противозаконни,1
отнемания,1
моторни,1
копринка,1
химическата,1
кастрация,1
синджир,1
придобитите,1
заработеното,1
изнудваните,1
стажа,1
словесният,1
боричкане,1
престанал,1
хавлиена,1
забърсала,1
найлонова,1
торба,1
изхвърлила,1
контейнера,1
смет,1
налъмите,1
изнудвани,1
записвала,1
метода,1
залъгвали,1
рекетирали,1
попадали,1
демонстрирали,1
струващи,1
запознавали,1
симулирали,1
доверявали,1
изпращали,1
набелязвали,1
познатия,1
издирили,1
неприятният,1
изгубената,1
първокласничка,1
турци,1
разделям,1
изтървани,1
разделило,1
видеонабюдение,1
туристически,1
маршрути,1
отклонило,1
отвесен,1
локализирали,1
лъча,1
доживотният,1
евакуирали,1
късните,1
алпийски,1
способ,1
живописен,1
искърското,1
дефиле,1
водопада,1
скакля,1
трасето,1
покорява,1
заменя,1
доживотната,1
курортен,1
външността,1
камчия,1
виола,1
заслужавам,1
придвижвал,1
папульо,1
минаващо,1
клекнал,1
преминавало,1
доверявайки,1
седнало,1
комплимент,1
извикала,1
признания,1
шофирал,1
опипал,1
възползвайки,1
слязло,1
затичало,1
ползвател,1
мпс,1
спеша,1
ненавременна,1
излив,1
арнаудова,1
наранили,1
налъма,1
изпуснал,1
студента,1
трудовата,1
изразеното,1
неразкрити,1
ключалката,1
федербал,1
внезапна,1
пмг,1
haskovo,1
info,1
страдало,1
карабашева,1
предсрочното,1
бесен,1
казаното,1
австралиеца,1
тренчева,1
посъветван,1
скъсал,1
бележника,1
педагога,1
напил,1
чуто,1
иззетото,1
одобрявал,1
съдийка,1
усамоти,1
рибарска,1
изхвърчали,1
възпроизвеждан,1
притежавани,1
гилза,1
еланджиев,1
бензиностанцията,1
разкъсал,1
потника,1
навел,1
любителския,1
заобиколили,1
наплюта,1
участничка,1
крил,1
заловена,1
безумно,1
несправедливото,1
преживея,1
схванах,1
стола,1
вълчанова,1
липсващ,1
оживено,1
скарат,1
спорят,1
кожен,1
въдица,1
налъм,1
поето,1
мезонет,1
каралийчев,1
мошеничество,1
мезонета,1
масларов,1
масларова,1
гостувала,1
ексклузивни,1
обвинил,1
изневиделица,1
ревнивеца,1
намалено,1
хаджиев,1
предстоящия,1
обитавания,1
комина,1
обжалват,1
рилските,1
паниците,1
рай,1
туриста,1
умъртвила,1
изкъпе,1
грабнал,1
полeзрението,1
извеждаме,1
вбесен,1
еди,1
острие,1
порязал,1
претърпяло,1
запазена,1
функцията,1
влиятелната,1
сподвижници,1
авто,1
мотопоход,1
трафикирани,1
противопоставя,1
рокерката,1
гилзи,1
пирамиди,1
безпомощното,1
развиване,1
терзийски,1
вложи,1
борсови,1
вписана,1
отдаване,1
консултантска,1
земеделски,1
банки,1
мобилността,1
цветослав,1
неизменен,1
анализът,1
грацията,1
трогателен,1
стъпало,1
пеем,1
спирала,1
знамето,1
пеех,1
посвещавам,1
тати,1
предадем,1
преминавам,1
върбица,1
oще,1
интубирани,1
контролни,1
скенери,1
пациентките,1
гръбначна,1
петата,1
лицево,1
челюстна,1
шийните,1
усложнява,1
уточнено,1
катастрофиралия,1
кирякова,1
седмиците,1
разкритие,1
лесен,1
еврокомисаря,1
цифровата,1
цифровото,1
осмелят,1
еврокомисарят,1
млрд,1
публичните,1
пропуснатите,1
ползи,1
платформатa,1
намиране,1
откриваема,1
световния,1
създателите,1
catro,1
мисии,1
самоосъзнатост,1
овластяване,1
сходна,1
ментори,1
затънтено,1
разпространиха,1
описание,1
ансамбълът,1
сформиран,1
хижите,1
безбог,1
председателство,1
искрени,1
болярово,1
земеделския,1
средногодишният,1
намалял,1
цитираните,1
рекорд,1
безработицата,1
индекса,1
институт,1
стратегическите,1
изказва,1
евтаназираха,1
неотложно,1
спецотряд,1
разговаряме,1
обезвреждат,1
фобия,1
говорехме,1
положиха,1
неимоверни,1
комуни,1
аведение,1
отключената,1
стадото,1
евтаназирано,1
белгиец,1
реалистично,1
серпентини,1
ориентирали,1
точни,1
сената,1
парижка,1
подвиква,1
питаха,1
подвиквания,1
свирене,1
клаксон,1
приложими,1
проработи,1
коза,1
мари,1
легер,1
танцьорката,1
помела,1
двумесечният,1
превъзпитателно,1
помело,1
поука,1
бахов,1
балша,1
ярета,1
давност,1
солено,1
измамницата,1
плащаш,1
тридневна,1
диета,1
диетата,1
отслабване,1
калориите,1
поглъща,1
портокали,1
ябълки,1
взимаха,1
напреднал,1
стадии,1
замислих,1
преживяване,1
фитнесът,1
здравословна,1
престрашават,1
загърби,1
отвращение,1
погнуса,1
плачеш,1
ядосваш,1
преглъщаш,1
разпитваше,1
отрекох,1
излизала,1
диети,1
замълчах,1
токова,1
двумесечно,1
квалифицираните,1
обединим,1
инкриминират,1
сериозния,1
предотвратяването,1
жаблянов,1
моралът,1
етиката,1
принципна,1
подложиха,1
прецизиране,1
развиктория,1
ядеш,1
панова,1
отблизо,1
балет,1
представата,1
идеалното,1
пухкава,1
бузките,1
балета,1
притъпя,1
навлязох,1
хапвах,1
отвърнах,1
наричал,1
боляха,1
отмъкнаха,1
картината,1
футболистът,1
целувка,1
мълча,1
първолета,1
мандинска,1
ловци,1
градско,1
войвода,1
злати,1
отряди,1
изобретателност,1
хърватска,1
надхитрим,1
транзакции,1
изтегля,1
донесла,1
натъкваме,1
теглят,1
изпразват,1
личев,1
въвлякоха,1
картите,1
търновските,1
мазета,1
пападопулу,1
задълбочиха,1
разработва,1
ревнив,1
изповедта,1
захващаш,1
насилваше,1
отчаяни,1
готвените,1
упражняващите,1
наказват,1
криминализира,1
причакване,1
местоработата,1
зоконопроект,1
финансите,1
препраща,1
конструира,1
понятие,1
футболиста,1
доволен,1
замисля,1
кила,1
приключение,1
играехме,1
получавахме,1
премии,1
измамница,1
отмъкнала,1
учителя,1
преряза,1
насилия,1
корея,1
укорими,1
прекъсната,1
власите,1
материалът,1
разплакала,1
регламентираните,1
отнасяме,1
изправено,1
изразходване,1
бюджетните,1
изплащали,1
предоставяме,1
костадинова,1
адресирана,1
доставчиците,1
сан,1
трейд,1
адаптирани,1
проходилки,1
прототипи,1
мостри,1
осъдил,1
изплащала,1
затворите,1
стряскащи,1
застой,1
размера,1
привличането,1
елитна,1
отгледан,1
покосен,1
телфон,1
бална,1
заето,1
наследствена,1
месечни,1
критериите,1
приспадат,1
максималните,1
съсипва,1
назаем,1
протича,1
собственият,1
посветен,1
ратифицираме,1
давах,1
отказвах,1
отделено,1
посещаваше,1
ужасна,1
еврокомисар,1
изплащани,1
добавка,1
изплащана,1
посрещната,1
страхотно,1
матури,1
димитрийка,1
герасимова,1
пгт,1
алеко,1
убождания,1
патоанатом,1
звъняхте,1
звъняли,1
припадъци,1
припадък,1
закъсняване,1
колабирало,1
лекарският,1
художници,1
чакани,1
витро,1
дъбник,1
спират,1
космическа,1
нарисувай,1
сплотени,1
усмивките,1
учело,1
преценете,1
екплоатационен,1
паркираните,1
сердика,1
еднократна,1
покриване,1
управителния,1
купуване,1
аспиратор,1
ползвали,1
ставка,1
луксозен,1
заразя,1
изпотрошила,1
зарязала,1
нечия,1
тясната,1
откъсва,1
дрегерът,1
драг,1
чекът,1
гавраилово,1
подробна,1
пристигналата,1
викнат,1
питаме,1
чукаме,1
плейбой,1
браница,1
олекнала,1
hristowa,1
съзнавал,1
ангажирам,1
яни,1
набедено,1
донка,1
отличаващи,1
случайна,1
усложниха,1
първомайско,1
заели,1
стоварим,1
повиках,1
разтоварването,1
багажите,1
изчистен,1
паркингът,1
разтовари,1
паркомястото,1
намести,1
гамишев,1
запазено,1
подмина,1
кръстът,1
коленете,1
отсякоха,1
отпада,1
хвърляне,1
запознало,1
притекат,1
старица,1
съпричастна,1
алфа,1
рисърч,1
бюрер,1
тавание,1
съосновател,1
fine,1
acts,1
страничния,1
наблюдател,1
персоналният,1
осмокласникът,1
изтекат,1
освобождават,1
религия,1
блестящи,1
оставащите,1
желаели,1
старозагорските,1
показан,1
отивайки,1
експеримента,1
принуждаван,1
отдръпнах,1
навлиза,1
отместих,1
поддържаща,1
излекуват,1
проплакване,1
замисляли,1
водиш,1
влоших,1
задъхвам,1
отличен,1
випуска,1
гордееха,1
нещастието,1
скъпоструващата,1
отзоваха,1
контролен,1
завършващият,1
сериала,1
популяризира,1
муковисцидоза,1
превишила,1
равнявайки,1
нищожна,1
отказало,1
borbazadah,1
mail,1
iliqna,1
насетне,1
пресъобщение,1
изместих,1
боздуган,1
разплатя,1
дърводобива,1
обиколих,1
псува,1
стъклото,1
дъжда,1
махай,1
кажи,1
отивах,1
тоалетните,1
успокоих,1
залитнах,1
изказани,1
надуха,1
подминавам,1
разправям,1
свален,1
удряш,1
докарва,1
навънка,1
пройчев,1
влизам,1
конкретика,1
игрална,1
ненаказани,1
потенциалните,1
безучастните,1
присвoява,1
предупредиха,1
вдигналия,1
сложени,1
проектантско,1
наето,1
бракът,1
агресивния,1
предупреждаван,1
наказателната,1
съобщавала,1
подобрили,1
меки,1
четворния,1
каспичан,1
задълбочил,1
техническо,1
процесуалните,1
дознание,1
ралчева,1
ощетена,1
съдържащ,1
имитиращи,1
веселинка,1
позвънили,1
стационарен,1
местат,1
неподходящо,1
специалитите,1
имотния,1
заловят,1
мошениците,1
скриха,1
предотвратената,1
мишена,1
набелязват,1
изрядни,1
развързва,1
превел,1
замяната,1
идеалните,1
ограничителите,1
герджиков,1
трамваите,1
накова,1
ремонтираната,1
прелетях,1
колена,1
адска,1
притесня,1
ватманка,1
притичат,1
пукната,1
елен,1
румънски,1
нарочената,1
епопея,1
пробвах,1
пасивно,1
позитивна,1
посегателите,1
оплакали,1
мнениe,1
наблюдавани,1
следене,1
вносител,1
предсeдателят,1
честват,1
прекрачва,1
поприща,1
сдържат,1
ресторантьорство,1
поприще,1
изява,1
заминеш,1
желаех,1
почнах,1
пребиваването,1
превъзпитава,1
надзирателите,1
обикновеното,1
перат,1
нервите,1
превантивните,1
позвънял,1
последвалото,1
мислейки,1
протекция,1
спомогне,1
залавянето,1
аферата,1
имитиращ,1
уреченото,1
говорела,1
насочвали,1
торбичката,1
изхвърлената,1
девня,1
карвуна,1
ощетени,1
семейстов,1
кандидатствала,1
овладяни,1
изби,1
страдал,1
травматична,1
артрит,1
сабореен,1
дерматит,1
заболявамне,1
сбихме,1
спречкват,1
вносители,1
неканените,1
йовка,1
отнасяха,1
опиуми,1
шише,1
комшийката,1
ликвидират,1
концлагер,1
упълномощава,1
листове,1
палеца,1
палец,1
нотариална,1
старицата,1
травматизирана,1
комшийка,1
фланели,1
преснела,1
уплашила,1
невалидно,1
възмутено,1
ловешки,1
пълномощия,1
дарението,1
внеса,1
гецов,1
заживява,1
услужливите,1
топва,1
ограбени,1
допустима,1
регулирана,1
оценил,1
жечева,1
стрелна,1
църкви,1
събирани,1
предоставиха,1
изкъртено,1
груба,1
захвърлена,1
сипеи,1
десети,1
кабуров,1
покръстител,1
земеделското,1
откачане,1
корчев,1
потомка,1
възстановят,1
къртят,1
посягат,1
църковния,1
възползвали,1
стачки,1
посрещнати,1
стъпалата,1
инкасатор,1
пратени,1
законосъобразна,1
споделени,1
разтрогване,1
съставът,1
причинената,1
обосновават,1
подозрението,1
продължителното,1
възпират,1
лабилна,1
наличността,1
девора,1
водомерите,1
бръкнал,1
крушката,1
открехната,1
кратункова,1
мошеници,1
кръчмарова,1
припише,1
заслужилия,1
навестяват,1
алармира,1
мислели,1
учебниците,1
ефикасни,1
прекомерната,1
преживяли,1
теоретично,1
свършим,1
сполетяла,1
гордее,1
коментирав,1
изявени,1
космополитни,1
концентрирана,1
фокусира,1
почитател,1
манталитет,1
откраднала,1
нормите,1
естетиката,1
различават,1
вероизповеданията,1
подминават,1
пречупени,1
насилени,1
белянова,1
мадрид,1
язди,1
балона,1
израснаха,1
излежаха,1
завършиха,1
създадоха,1
унижи,1
размирни,1
прибереш,1
играчка,1
пожелаят,1
накарало,1
повтаряха,1
разказвала,1
прецениха,1
привлека,1
пишещи,1
осакатени,1
затоври,1
пик,1
комоциум,1
издават,1
клетви,1
класи,1
бостанджиев,1
тромава,1
преживеният,1
отбелязали,1
загърбиха,1
оранжеви,1
корици,1
емоция,1
превъръща,1
изоставените,1
излъчените,1
правителствената,1
пресслужба,1
набедения,1
дилян,1
дончев,1
хотелската,1
хаотично,1
златена,1
брестница,1
съответстват,1
разпознало,1
черква,1
одобрена,1
рейнджърката,1
живеещата,1
яворов,1
хаджи,1
изхвърляне,1
опрян,1
напудрено,1
пресилено,1
мечтаеха,1
люлея,1
пея,1
metoo,1
целогодишно,1
грация,1
венциславов,1
спортисти,1
лишения,1
шампион,1
ценното,1
купа,1
кандидати,1
жестът,1
поднесено,1
футболисти,1
турнири,1
отсега,1
bgcecbb,1
благотворителност,1
осемдесетгодишна,1
неизвестният,1
убедил,1
инкриминиращи,1
единодушие,1
въздържал,1
инкриминирането,1
психическия,1
консенсуса,1
понятията,1
прецизирани,1
уред,1
трогнах,1
преодолят,1
стресът,1
издания,1
осъзнаваме,1
лайфстайл,1
жестокостите,1
пребиван,1
повтарях,1
изкарам,1
гимнастичка,1
загубихме,1
победят,1
катализаторът,1
бучка,1
докосна,1
коляното,1
доброкачествена,1
злокачествен,1
сарком,1
кардиналното,1
отрежат,1
нараснат,1
прочита,1
златната,1
медалистка,1
тасева,1
заложено,1
помагайте,1
оставяйте,1
уговорката,1
ориентира,1
несвързани,1
ралчев,1
докараха,1
закарахме,1
изгаснала,1
напалихме,1
стоплила,1
възвърнала,1
техническия,1
уличени,1
заснетото,1
скитат,1
предупреждението,1
съвместната,1
казана,1
активното,1
ориентир,1
оператвно,1
насочили,1
отнетите,1
документирането,1
чело,1
преровил,1
хищници,1
клекна,1
рашев,1
забравиш,1
излежаване,1
четмо,1
шивашки,1
цех,1
излежани,1
сливенския,1
установяваш,1
наркориците,1
лишените,1
хомосексулисти,1
оцелееш,1
работиш,1
наливах,1
панагюрското,1
загине,1
безжизнена,1
разходят,1
вървяща,1
наметната,1
връхна,1
дреха,1
подозрителна,1
наметнала,1
налея,1
подадения,1
пазарувал,1
никому,1
хранила,1
желанията,1
малцинствен,1
ивка,1
постоперативния,1
репродуктивните,1
цезарови,1
сечения,1
астма,1
съпоставянето,1
потресаващ,1
пребивала,1
вземала,1
доплащанията,1
насилничката,1
пресели,1
обитаеми,1
недохранена,1
палена,1
пенка,1
конакчиева,1
обитател,1
отчасти,1
осигурили,1
дебитната,1
минимизират,1
източване,1
крадлата,1
милославова,1
крадяла,1
клептоман,1
откраднатия,1
работехме,1
забеляза,1
вутова,1
парапети,1
надлези,1
клептомания,1
патологично,1
увлечение,1
настоял,1
оперативното,1
брифинга,1
посиняла,1
тевлефон,1
готвач,1
сноуборд,1
полюса,1
престиж,1
оперираме,1
предпочитана,1
израждане,1
привърженик,1
регистрира,1
