,0
това,1463
като,1317
след,1300
той,1052
жена,932
последвайте,868
има,857
във,833
които,812
насилие,796
който,789
още,741
години,738
жената,694
при,691
btvnovinite,690
беше,650
няма,631
полицията,618
която,610
към,602
пред,570
което,569
през,559
каза,506
според,505
много,494
btv,478
бъде,477
мъж,471
може,470
майка,460
преди,451
година,434
със,423
часа,419
бил,407
тази,405
детето,401
срещу,397
била,388
случая,386
най,382
домашно,379
него,370
майката,369
годишната,365
нея,362
или,348
прокуратурата,347
под,345
около,343
когато,343
защото,341
дома,336
жени,335
момиче,335
трябва,328
само,327
мъжът,326
един,323
всички,315
обаче,314
този,307
съм,307
казва,301
над,301
задържан,301
ако,299
били,299
убийство,298
една,297
време,297
прокуратура,295
днес,290
момичето,289
така,289
две,287
тях,284
мвр,283
вече,280
убийството,280
дъщеря,276
ден,272
без,270
съд,270
както,269
годишен,266
заради,266
годишна,265
софия,262
българия,257
село,254
няколко,252
живота,249
повече,248
сигнал,247
момента,246
заяви,246
какво,243
помощ,239
хора,237
деца,236
тялото,236
децата,230
дни,227
между,225
данни,225
семейството,223
болница,220
производство,218
жертвата,215
било,215
как,214
жените,210
бяха,203
съобщиха,202
двамата,202
място,202
вчера,201
престъпление,200
където,199
съда,199
дали,197
обясни,197
все,196
също,193
дете,193
новини,192
три,191
думите,190
нещо,189
google,187
showcase,187
instagram,187
news,187
актуални,186
facebook,186
баща,186
нас,186
viber,185
прокурор,184
късно,183
там,180
годишният,179
става,178
път,178
хората,177
информация,177
извършено,177
коментира,176
месеца,175
малко,174
разказа,174
престъплението,173
двете,173
смъртта,172
начин,170
мярка,168
бъдат,167
досъдебно,167
разказва,166
едно,164
тези,164
състояние,164
главата,162
човек,160
съпругата,160
бащата,160
два,158
срок,157
работи,154
пострадалата,153
затвор,153
случай,152
лева,152
задържане,151
имало,150
защита,148
ясно,148
делото,147
всеки,147
пари,147
разследването,145
побой,145
мен,145
ареста,143
обвинение,142
съобщи,142
полиция,142
сега,141
тъй,140
георги,139
тогава,139
продължава,139
всичко,138
пловдив,138
стража,137
повреда,137
образувано,136
инцидента,136
нито,136
опасност,135
бургас,135
баба,135
града,133
телесна,133
част,133
докато,133
живее,133
насилието,132
близките,132
тежко,131
училище,131
болницата,131
дори,130
годишно,130
годишния,129
работа,128
свобода,127
съдът,127
tiktok,126
въпреки,126
край,124
нищо,124
мъже,123
домашното,123
родителите,122
други,121
нож,121
жертва,119
ние,119
момичета,119
неотклонение,118
мъжа,118
често,117
удари,116
стана,116
къщата,116
твърди,115
пъти,114
обвиняемият,114
спрямо,114
души,113
загора,113
сме,113
стара,113
мария,112
сред,112
заедно,112
лицето,112
месец,109
друго,109
защо,108
имат,108
страна,107
социалните,107
сутрин,107
действия,107
съпруга,106
отново,105
веднага,105
сина,105
предстои,104
могат,104
миналата,104
живот,103
нанесъл,103
връзка,102
тук,102
началото,102
жертвите,101
перник,101
селото,101
никой,100
искане,100
района,100
квартал,100
близо,99
такива,98
управление,98
затова,97
края,97
министър,96
варна,96
мога,95
колата,95
иска,95
телефон,94
добре,94
наказание,93
множество,93
подаден,93
лице,92
момче,92
годишното,92
дирекция,91
върху,91
остава,91
задържани,91
близки,90
закона,89
чрез,89
инцидентът,89
лица,88
присъда,88
условията,88
двама,88
областта,87
доказателства,87
никога,87
син,87
открито,86
първо,86
центъра,86
просто,86
парите,86
център,86
мястото,86
случаи,85
допълни,84
установено,84
въпрос,83
случилото,83
съпругът,83
лишаване,83
последните,83
вероятно,83
говори,82
свидетели,82
група,82
някой,82
направи,82
смърт,81
друг,81
възраст,81
умишлено,81
момчето,81
толкова,81
град,81
рано,81
причината,81
когото,80
момент,80
кой,80
освен,80
арест,80
иван,80
жилището,80
оръжие,79
скандал,79
служители,79
станал,79
знам,79
семейство,78
начала,78
започва,78
всяка,78
синът,78
експертиза,78
проверка,78
училището,77
пътя,77
криминално,77
надежда,77
седмица,77
страната,77
автомобил,77
цялата,77
следи,76
русе,76
работата,76
снощи,76
пирогов,76
полицаите,76
прави,76
районна,76
отговорност,75
заведение,75
семейни,75
съседи,75
алкохол,75
възрастната,74
промени,74
януари,74
своя,74
починала,74
рани,74
екип,73
получи,73
точно,73
случва,73
поиска,73
случаите,73
заповед,73
казаха,73
посочи,72
тормоз,72
директор,72
казват,72
състоянието,72
времето,72
жертви,72
минути,72
наранявания,71
извършителят,71
юли,71
март,71
особено,71
димитър,71
проблем,70
деянието,70
мерки,70
столичния,70
октомври,70
телефона,70
димитров,70
зад,70
предаде,70
септември,69
разследване,69
ноември,69
стане,69
сигнали,69
пише,69
лекарите,68
полицаи,68
сигналът,68
решение,68
деня,68
къде,68
опит,67
неща,67
сутринта,67
дом,67
окръжната,67
велико,67
лека,67
случаят,66
нощта,66
искам,66
пък,66
започна,66
полицай,66
полицейски,66
добави,66
проблеми,66
вечерта,66
обвинен,65
друга,65
себе,65
спешна,65
винаги,65
сама,64
директорът,64
споделя,64
обвинения,64
часове,64
документи,64
разследващите,64
общо,64
къща,64
открита,63
оглед,63
открити,63
изключително,63
обвиняемия,63
после,62
затвора,62
лечение,62
престъпления,62
извърши,62
дело,62
вижда,62
причина,62
агресия,62
младата,62
кажа,62
право,61
пазарджик,61
община,61
юни,61
сила,61
протест,61
знае,61
голяма,61
води,61
автомобила,60
търново,60
трима,60
хиляди,60
решението,60
вечер,60
бързо,60
приятелка,60
подкрепа,60
шумен,60
час,60
май,60
бта,59
станало,59
събота,59
реда,59
първи,58
имаше,57
наркотици,57
такова,57
повдигнато,57
приятел,57
тяло,57
български,57
август,57
трудно,57
закрила,57
имала,57
областната,57
случи,57
мъжете,57
съдебната,57
пострадалите,56
даде,56
съдебно,56
различни,56
младеж,56
осъждан,56
търси,56
съобщават,55
шок,55
мрежи,55
петров,55
жилище,55
приятели,55
четири,54
извършителите,54
отношение,54
убитата,54
ръка,54
родители,54
страх,54
издирване,54
февруари,54
цел,54
инцидент,54
държавата,53
резултат,53
министерството,53
районната,53
обществото,53
благоевград,53
органите,53
цялото,53
остане,53
работят,52
поне,52
приятелката,52
апартамента,52
георгиев,52
адвокат,52
дъщерята,52
името,52
присъдата,52
сестра,52
грижи,52
живеят,52
отделение,51
същото,51
вкъщи,51
дава,50
извършител,50
сдвр,50
възрастна,50
михайлов,50
намерено,50
извършени,50
пистолет,50
кола,50
лекар,50
постоянно,50
получен,50
момичетата,49
света,49
колко,49
утре,49
пак,49
тежкото,49
живо,49
дойде,49
обвиняем,49
едва,49
акт,49
убита,49
именно,48
съседите,48
излезе,48
нов,48
стая,48
бабата,48
медицинска,48
смята,48
врата,48
борба,48
пет,48
наказателна,48
апартамент,47
искат,47
правата,47
остави,47
обвинението,47
имам,47
почина,47
окръжна,47
април,47
почти,47
първите,47
задържана,47
ани,47
сигнала,46
улица,46
димитрова,46
очаква,46
ревност,46
издирва,46
пострадали,46
намира,46
имаме,46
направил,46
домашен,46
неделя,46
съвет,46
места,45
граждани,45
нощ,45
сливен,45
жесток,45
сподели,45
николай,45
получава,45
сам,45
достатъчно,45
земята,45
вследствие,45
права,45
казал,44
декември,44
категорична,44
случило,44
възможно,44
предвижда,44
нямат,44
скоро,44
продължават,44
ударил,44
междувременно,44
сградата,44
васил,44
някои,44
установени,44
такава,44
групата,43
добро,43
имал,43
шест,43
побоя,43
екипи,43
видях,43
виновен,43
такъв,43
евро,43
общината,43
физическо,42
подобни,42
поради,42
иванова,42
вратата,42
самопризнания,42
кметът,42
агенция,42
показва,42
нападението,42
кодекс,42
гледа,42
заплахи,42
петър,42
повод,42
настанена,42
проявен,41
софийска,41
очите,41
незабавно,41
идва,41
научи,41
бивш,41
другата,41
извършителя,41
институциите,41
среща,41
марина,41
обяви,41
комисар,41
грабеж,41
същия,41
действията,41
събития,41
герб,41
продължи,41
нужда,41
ръцете,41
нямаше,40
адвокатът,40
валентин,40
извън,40
нейната,40
вземе,40
призна,40
досега,40
районното,40
дума,40
бях,40
мярката,40
физически,40
нормално,40
тежка,40
стига,40
агресията,40
софийски,40
нападателят,40
експертизи,40
детска,40
единият,40
тодоров,40
засега,40
пребита,39
сметка,39
хода,39
борисов,39
включително,39
разпитани,39
удар,39
районен,39
доста,39
операция,39
версия,39
пресцентъра,39
нови,39
рамките,39
фондация,39
уточни,39
доживотен,39
брат,39
млада,39
своята,39
конфликт,39
данните,39
обяснява,39
столицата,39
годината,39
видин,39
метра,39
добрич,38
клас,38
жестоко,38
посочват,38
първата,38
тежката,38
травма,38
петрова,38
иванов,38
наказателния,38
зам,38
христо,38
живеела,38
някаква,38
показват,38
василев,38
намерена,38
твърдят,38
средна,38
враца,38
станала,37
последно,37
допълва,37
мбал,37
подчерта,37
установи,37
ямбол,37
плевен,37
арестуван,37
ръководството,37
висока,37
киселина,37
голям,37
удря,37
нова,37
нещата,37
самоличността,37
седмици,37
съобщава,37
целия,37
режим,37
апелативен,37
вие,37
жалба,37
зала,36
лично,36
първият,36
психически,36
двора,36
спортните,36
окръжен,36
каже,36
някакъв,36
средства,36
всъщност,36
присъди,36
блок,36
заболяване,36
полицейско,36
види,36
близост,36
последната,36
сума,36
успяла,36
имали,36
прояви,36
мисля,36
александър,36
влиза,36
одмвр,36
причините,36
свидетел,36
втори,36
емил,36
социално,36
влезе,36
извършеното,36
извършил,35
причиняване,35
признава,35
потърпевшата,35
укрие,35
дейност,35
фирма,35
окръжният,35
неизвестност,35
осъден,35
многократно,35
камерата,35
постановление,35
убие,35
вижте,35
трябвало,35
млади,35
момчета,35
полицейска,35
думи,35
взел,35
справедливост,34
показания,34
гледай,34
софийската,34
разследва,34
държава,34
районно,34
поведение,34
служителите,34
реши,34
помогне,34
тежки,34
живеел,34
нейното,34
чужбина,34
излиза,34
положение,34
организации,34
следствие,34
подава,34
ловеч,34
привлече,34
първоначално,34
пламен,34
хасково,34
филмите,34
предаването,34
неговата,34
останалите,33
открит,33
роднини,33
калоян,33
приета,33
понеделник,33
отказа,33
екипът,33
едната,33
шофьор,33
социални,33
макар,33
измама,33
контрол,33
продължение,33
другите,33
медиите,33
отговаря,33
следва,33
стоянов,33
лекари,33
сочат,33
услуги,33
наказанието,33
уби,33
бившия,33
задържа,33
градина,33
носи,33
криминални,33
ученичка,33
внесе,33
против,32
спомня,32
получила,32
версии,32
първия,32
служител,32
столичната,32
област,32
категорично,32
пострадалото,32
остават,32
проблемът,32
кирил,32
нейните,32
нанасяне,32
задържаният,32
малката,32
причинил,32
трафик,32
подобно,32
общество,32
вземане,32
трагедията,32
категоричен,32
бгнес,32
медицински,32
казах,32
съпруг,32
правят,32
отговор,32
лични,32
велизара,32
чувства,32
привлечен,31
постоянна,31
аутопсия,31
корема,31
живеели,31
монтана,31
ред,31
първото,31
брак,31
мозъчна,31
кражби,31
видя,31
началник,31
отиде,31
бременна,31
министерство,31
употреба,31
история,31
каква,31
говорителят,31
всяко,31
тодор,31
историята,31
рак,31
региона,31
настояват,31
заповеди,31
председател,31
ходи,31
абсолютно,31
цветанов,31
внимание,31
уточниха,31
видеото,31
сумата,31
разказват,31
дрехи,31
отива,31
проф,31
избяга,31
повечето,30
досъдебното,30
борислав,30
петък,30
агенцията,30
надя,30
човека,30
ръце,30
катастрофата,30
започват,30
отговори,30
увреждания,30
писмо,30
починалата,30
самата,30
преглед,30
безпомощно,30
истината,30
парламента,30
десислава,30
отношения,30
комисия,30
половина,30
представители,30
психолог,30
георгиева,30
шествие,30
анимус,30
изнасилване,30
сексуално,30
следобед,30
свои,30
внесено,30
оказва,30
животът,30
напълно,30
заявиха,30
голямата,30
оказа,30
проблема,29
убития,29
семеен,29
казанлък,29
никакъв,29
градски,29
добри,29
властите,29
министърът,29
върне,29
липсата,29
подпомагане,29
отказва,29
кореспондентът,29
разбира,29
превенция,29
обжалване,29
своите,29
тримата,29
стреля,29
законът,29
оръжието,29
наистина,29
мартин,29
важно,29
жестокост,29
ученици,29
румяна,29
мъчителен,28
целта,28
наказания,28
германия,28
кърджали,28
юмруци,28
търсят,28
система,28
органи,28
катя,28
сигурност,28
предполага,28
убил,28
посочва,28
източници,28
отбеляза,28
здравето,28
сте,28
възникнал,28
любов,28
стефан,28
започнал,28
жестокото,28
съвсем,28
другия,28
възрастни,28
палата,28
едното,28
учителката,28
закана,28
европа,28
какви,28
незаконно,28
самият,28
конвенция,28
трите,28
вещи,28
ахмед,28
настанени,27
губи,27
защитата,27
нападната,27
главният,27
процес,27
вината,27
големи,27
бившата,27
заканил,27
подробности,27
кръв,27
районният,27
пол,27
можем,27
река,27
обясниха,27
заседание,27
закани,27
искал,27
следващия,27
момиченце,27
другият,27
вземат,27
мотивите,27
паднала,27
коментар,27
събраха,27
никакви,27
пуснат,27
преби,27
жалби,27
фейсбук,27
улицата,27
знаят,27
добър,27
обяд,27
акция,27
дела,27
задържането,27
сериозни,27
българския,27
спре,27
причини,27
наложи,26
резултатите,26
период,26
събрани,26
фонд,26
искаме,26
вътре,26
пребил,26
нарушения,26
ваня,26
потвърди,26
закон,26
рана,26
извършва,26
сдс,26
темата,26
нейни,26
дълго,26
албена,26
предвид,26
участие,26
ситуация,26
проверката,26
фирмата,26
възможност,26
цветан,26
снимки,26
нападателите,26
крака,26
магазин,26
гърдите,26
намерен,26
мъртва,26
шията,26
нанесени,26
фокус,26
рашков,25
правосъдието,25
катастрофа,25
антония,25
ученик,25
смятат,25
съдебна,25
даная,25
посока,25
пореден,25
нанесен,25
вероника,25
наред,25
възможността,25
направят,25
бсп,25
илиев,25
мирослава,25
намерени,25
спор,25
поясни,25
отказаха,25
николова,25
дават,25
извършване,25
дал,25
подала,25
адреса,25
започнала,25
адрес,25
първоначален,25
бебето,25
подлежи,25
младежи,25
статистиката,25
ангел,25
националната,25
десетки,25
полунощ,25
млад,25
някъде,25
постоянен,25
искането,25
направени,25
тръгва,25
тип,25
асоциация,25
съсед,25
радослав,25
франция,25
тел,25
телесни,25
промяна,25
диана,25
служби,25
първа,25
стоянова,24
помага,24
установили,24
второ,24
институции,24
програма,24
направила,24
местната,24
заболявания,24
системно,24
малкото,24
взема,24
пълни,24
ангелов,24
откарана,24
вода,24
лечението,24
системата,24
нашата,24
трябваше,24
особена,24
територията,24
разговор,24
нямам,24
впоследствие,24
телефонна,24
петков,24
входа,24
оттам,24
кмета,24
нейна,24
някакви,24
нападение,24
извършен,24
съдебен,24
наблюдаващ,24
центрове,24
коли,24
вторник,24
младежът,24
същата,24
трети,24
свързани,24
събраните,24
силно,24
издирването,24
вместо,24
акцията,24
даже,24
правителството,24
сами,24
александров,24
наблюдение,24
умбал,24
временно,23
дарина,23
направили,23
потвърдиха,23
интернет,23
производства,23
експерти,23
камери,23
стигне,23
повдигнати,23
документите,23
боряна,23
намери,23
попова,23
каквото,23
парк,23
дебора,23
росен,23
надявам,23
причинена,23
полицейските,23
престъпна,23
осем,23
неговите,23
благодарение,23
държавното,23
образованието,23
опитал,23
отишъл,23
получават,23
кома,23
въпроси,23
изпратени,23
удара,23
протести,23
свят,23
какъв,23
видял,23
насилникът,23
квартала,23
съжаление,23
загина,23
социалната,23
означава,23
българската,23
страни,23
местопроизшествието,23
политически,23
карта,23
установена,23
бял,23
четирима,23
назначена,23
извършена,23
желание,23
линейка,23
габриела,22
отбраната,22
налице,22
нападнал,22
относно,22
снимка,22
надзора,22
страхува,22
гимназия,22
теодора,22
травми,22
освободен,22
моята,22
екипа,22
отдел,22
започне,22
наблюдаващият,22
отрече,22
църква,22
убити,22
ето,22
нейния,22
линия,22
техните,22
стотици,22
решава,22
мирослав,22
детската,22
помагат,22
гърция,22
разпити,22
частен,22
партия,22
оставя,22
проблемите,22
етап,22
изобщо,22
втората,22
значи,22
починал,22
личен,22
сряда,22
автомобили,22
проведе,22
линейката,22
колкото,22
николов,22
документ,22
обади,22
милена,22
бившият,22
подават,22
казала,22
съществува,22
стават,22
характер,22
никого,22
психично,22
искала,22
всичките,22
спешния,22
веднъж,22
счупени,22
заведението,22
подаде,22
въпроса,22
скандали,22
петко,22
махала,22
бойко,22
щом,21
контакт,21
дроб,21
опасен,21
поведението,21
шофьорът,21
българските,21
храна,21
месеци,21
опита,21
кога,21
настъпила,21
етаж,21
решили,21
хил,21
липса,21
обвинителен,21
служба,21
гърба,21
строг,21
журналисти,21
говорят,21
местните,21
главния,21
определяне,21
другото,21
непълнолетни,21
навън,21
повреди,21
човешки,21
условия,21
задържаха,21
тереза,21
станали,21
причинени,21
свой,21
ктб,21
трета,21
председателят,21
обявена,21
единственият,21
реална,21
роднините,21
новините,21
части,21
лекарства,21
разпит,21
уточняват,21
направена,21
истанбулската,21
определението,21
детски,21
македония,21
подали,21
симона,21
търговище,21
седем,21
студиото,21
редица,21
посегателство,21
риск,21
единственото,21
национална,21
организацията,21
потърси,21
добрев,21
турция,20
протестиращите,20
остана,20
вера,20
депутатите,20
подписка,20
насилника,20
наложена,20
социален,20
животни,20
сили,20
касае,20
директора,20
днк,20
единствено,20
лошо,20
организаторите,20
чака,20
тема,20
отвличане,20
определи,20
връща,20
задържания,20
емилия,20
известно,20
използва,20
случайно,20
вътрешните,20
подобен,20
гръб,20
регистрация,20
заподозрян,20
неговото,20
вид,20
проверява,20
изследвания,20
вика,20
ситуацията,20
съучениците,20
мотивът,20
настоява,20
хулигански,20
колегите,20
градска,20
разград,20
момиченцето,20
ръст,20
име,20
собственост,20
половин,20
кмет,20
обвинени,20
договор,20
бита,20
изгаряния,20
заместник,20
тепърва,20
партията,20
аутопсията,20
съдия,20
случката,20
форма,20
съседка,20
кампанията,20
говорител,20
никола,19
обвиненията,19
разпространено,19
вас,19
обяснения,19
възрастните,19
атанас,19
организация,19
hpv,19
практика,19
установяване,19
пита,19
призова,19
сияна,19
изчезването,19
ограничителна,19
арестувани,19
вина,19
голямо,19
психолози,19
ръката,19
основната,19
смолян,19
съпричастност,19
получат,19
мълчание,19
реакция,19
обвинена,19
мрежа,19
пазар,19
обувки,19
пострадала,19
вътрешният,19
приключи,19
лек,19
блудство,19
явно,19
камера,19
участниците,19
българското,19
предава,19
софийския,19
лазаров,19
съжителство,19
движение,19
казвам,19
отрича,19
обстоятелства,19
венцислав,19
скорост,19
крак,19
инспектор,19
клиника,19
национален,19
обект,19
помощта,19
деяние,19
горна,19
учителите,19
кампания,19
знаем,19
илиян,19
лесно,19
изтъкна,19
разбрах,19
софийският,19
колеги,19
основата,19
магистратите,19
отказал,19
работници,19
прокурорът,19
главен,19
власти,19
ново,19
получил,18
език,18
среда,18
окончателно,18
кюстендил,18
отидох,18
искаше,18
елена,18
избягал,18
бой,18
съжалява,18
пенсията,18
организирана,18
влезли,18
негови,18
категорични,18
маринов,18
молба,18
експертите,18
налага,18
виолета,18
рпу,18
шарков,18
лежи,18
йорданов,18
националния,18
едни,18
обжалва,18
направя,18
кремена,18
осъди,18
успя,18
гергана,18
нямало,18
йордан,18
статистика,18
битов,18
педагогическа,18
сериозен,18
познава,18
съмнения,18
малки,18
степен,18
йорданка,18
синини,18
обвиняеми,18
щеше,18
приема,18
познават,18
снимката,18
самоубийство,18
процедура,18
обвиняемите,18
изясняват,18
забрана,18
глас,18
симеонов,18
иззети,18
косата,18
момчетата,18
иванка,18
открили,18
гражданите,18
агресивен,18
заключението,18
телата,18
цял,18
дейности,18
четвъртък,18
основните,18
старши,18
промените,18
задължения,18
вяра,18
известен,18
действие,18
видели,18
държавната,18
убия,18
обаждане,18
дадат,18
здраве,18
деси,18
шамар,18
семейства,18
информацията,18
подбуди,18
бул,18
стойност,18
негов,18
събират,18
сексуална,18
вълна,18
незабавна,18
тяхната,18
грижа,18
поискал,18
близък,18
пейо,18
установен,18
специалисти,18
започнали,18
бърза,18
ефира,18
мотив,18
христов,18
бият,18
влизат,18
идеята,18
бебе,18
направен,18
моето,18
евгения,18
наблюдаващия,18
активно,18
дядо,18
криминалисти,18
българи,17
транспортирана,17
приятеля,17
следите,17
опитват,17
отказват,17
говорим,17
очакват,17
денонощие,17
разполага,17
тръгна,17
някакво,17
спокойно,17
ученичката,17
излязла,17
сектор,17
понеже,17
правил,17
изследване,17
чийто,17
плаща,17
писмото,17
кабинета,17
отделението,17
естествено,17
трупа,17
удрял,17
умира,17
начина,17
нека,17
автомобилът,17
член,17
втора,17
труп,17
тест,17
съдействие,17
върна,17
проституция,17
разговаря,17
хотел,17
готова,17
загиналата,17
кристина,17
влязъл,17
виждат,17
терзиев,17
въобще,17
интерес,17
живяла,17
постъпил,17
реанимация,17
минало,17
мездра,17
втория,17
младост,17
доклада,17
правим,17
ударите,17
животните,17
жива,17
участвал,17
страшно,17
наскоро,17
настанено,17
съответните,17
накрая,17
глоба,17
спира,17
установява,17
приети,17
черепно,17
малък,17
приятелите,17
моят,17
учениците,17
човекът,17
обществено,17
нейният,17
бряг,17
инициали,17
скандала,17
приемат,17
досъдебни,17
любомир,17
участвали,17
държи,17
екатерина,17
залата,17
неин,17
желанието,17
интервю,17
пълна,17
напусне,17
пострадал,17
решават,17
състав,17
връзката,17
шанс,17
лявата,17
предмет,17
назначени,17
нашите,17
неправителствени,17
размер,17
учи,17
подсъдимия,17
усилия,17
показа,17
нападателя,17
прието,17
столичното,16
основно,16
поискаха,16
чисто,16
завод,16
нашето,16
приятелят,16
познати,16
независимо,16
убитото,16
добра,16
издадени,16
началникът,16
дора,16
социална,16
взета,16
дърво,16
моя,16
установяват,16
успява,16
двата,16
допълнително,16
тия,16
крие,16
въпросът,16
обявиха,16
чантата,16
магазина,16
вярата,16
пристига,16
динко,16
обезщетение,16
кръстовище,16
периода,16
ток,16
снимат,16
експлоатация,16
изясняване,16
правото,16
блока,16
охлузвания,16
събрание,16
станислава,16
разстройство,16
чак,16
братя,16
даниел,16
задържаните,16
бяхме,16
крайна,16
лицата,16
порезни,16
изяснява,16
училища,16
районния,16
инстанция,16
областния,16
сериозно,16
цяла,16
обед,16
сестрата,16
разказаха,16
пострада,16
красимира,16
загуби,16
боя,16
гражданин,16
виждал,16
чули,16
плати,16
страда,16
минават,16
нямаме,16
видими,16
отказала,16
надзор,16
обществена,16
издадена,16
сигурно,16
учител,16
взето,16
опитала,16
съобщение,16
димитровград,16
определени,16
протестите,16
бутилка,16
политика,16
роднина,16
готови,16
борбата,16
стрелял,16
личния,16
необходими,16
близнаците,16
екипите,16
адвокатите,16
можеше,16
телевизия,16
слънчев,16
единия,16
твърденията,16
заплашвал,16
останали,16
предишни,16
забележка,16
показанията,16
спешен,16
идват,16
отправил,16
минава,15
срам,15
стои,15
юмрук,15
клиниката,15
намерили,15
започнало,15
специално,15
непознат,15
срещата,15
получили,15
взела,15
мнението,15
студентка,15
пада,15
брифинг,15
опитва,15
тежките,15
възрастен,15
единствената,15
даниела,15
тече,15
предизвика,15
никаква,15
пътека,15
рядко,15
познат,15
регистрирани,15
знаете,15
опити,15
дупница,15
съзнание,15
стоян,15
погребението,15
заповедта,15
приет,15
витро,15
обвини,15
постанови,15
взети,15
красимир,15
улиците,15
комисията,15
защити,15
здравеопазването,15
илиева,15
имената,15
вярва,15
секретар,15
имах,15
увеличават,15
обявен,15
простреляна,15
дойдоха,15
администрация,15
истина,15
българка,15
замяна,15
средата,15
успял,15
криминалистите,15
къщи,15
намерят,15
чието,15
ефективно,15
волята,15
събитието,15
очи,15
калина,15
изток,15
лидерът,15
откъде,15
пациентката,15
бие,15
собственик,15
точка,15
дпс,15
ремонт,15
качеството,15
познавали,15
вещества,15
звъни,15
видяла,15
смъртоносно,15
нападнат,15
непрекъснато,15
починало,15
допълнителни,15
имота,15
боян,15
последният,15
фондацията,15
мнение,15
черни,15
саморазправа,15
прободни,15
броят,15
обвиняемата,15
жалбата,15
марио,15
излязъл,15
пострадалият,15
необходимо,15
познавам,15
побоят,15
залята,15
лом,15
оставила,15
хубаво,15
ясен,15
бизнес,15
фаталния,15
глава,15
наказанията,15
мост,15
леглото,15
измами,15
продължил,15
директорката,15
онлайн,15
подал,15
извършители,15
европейския,14
загуба,14
кръстева,14
успели,14
пишат,14
материалите,14
отбелязва,14
съобщения,14
христина,14
бъда,14
свърже,14
маточната,14
експерт,14
самото,14
намират,14
обратно,14
реагира,14
липсва,14
рецидивист,14
сведения,14
страхуват,14
виновна,14
мозъка,14
процедурата,14
версиите,14
шийка,14
оряховица,14
вирус,14
извади,14
сътресение,14
изчезнала,14
изпълнение,14
местността,14
съобщила,14
строги,14
губят,14
ранени,14
създава,14
предположение,14
разбере,14
кризисен,14
цели,14
общодържавно,14
леки,14
загубила,14
родител,14
малките,14
принцип,14
водата,14
носят,14
работник,14
заподозреният,14
работил,14
клип,14
бяга,14
брутално,14
гората,14
сърцето,14
признал,14
цветя,14
загинаха,14
анна,14
лазар,14
разглеждане,14
окръжния,14
стълбите,14
боеприпаси,14
започнаха,14
мъртво,14
знаели,14
милка,14
съседът,14
радев,14
непредпазливост,14
държави,14
ребра,14
тежък,14
коментират,14
стабилно,14
общественото,14
тяхното,14
купи,14
кого,14
любовта,14
председателя,14
вярвам,14
участието,14
адвоката,14
видео,14
клуб,14
интересува,14
реката,14
обяснение,14
казваше,14
процесуално,14
стойчо,14
гледам,14
кръг,14
струва,14
съдебномедицинска,14
виждала,14
лечебното,14
застреля,14
критично,14
убийства,14
пушка,14
заплашил,14
охрана,14
правна,14
ивайло,14
грешка,14
можете,14
общински,14
настаняване,14
клавдия,14
личната,14
минков,14
обичам,14
заседанието,14
запази,14
излизат,14
напуснала,14
премиера,14
чува,14
кара,14
атака,14
фаталната,14
попита,14
навсякъде,14
включва,14
прибира,14
ангелова,14
съдебното,14
вярно,14
новата,14
блъсна,14
отколкото,14
викторио,14
лясковец,14
никол,14
непотвърдена,14
дневен,14
общ,13
стрелбата,13
неофициална,13
училищата,13
позицията,13
телефонни,13
карат,13
обаждания,13
дала,13
престъпленията,13
местност,13
деянията,13
нели,13
проведени,13
радка,13
първоначални,13
ромската,13
мене,13
внукът,13
ударила,13
взима,13
мероприятия,13
притежава,13
бременни,13
водите,13
витоша,13
оттогава,13
памет,13
дъщери,13
секунди,13
европейската,13
телефонът,13
василева,13
битка,13
кадрите,13
можеш,13
произход,13
ролята,13
костов,13
деница,13
наложило,13
поредния,13
обиди,13
очевидци,13
съмнение,13
факта,13
факт,13
република,13
обърна,13
нали,13
липсват,13
връх,13
обвинява,13
призовава,13
протеста,13
групи,13
отношенията,13
призовават,13
пистолета,13
споразумение,13
форми,13
труда,13
процеса,13
голямото,13
цар,13
границата,13
партньор,13
премиерът,13
пола,13
коклюш,13
криминална,13
румъния,13
пловдивското,13
христос,13
помещение,13
съученик,13
малинов,13
еспч,13
застане,13
ритници,13
определен,13
сто,13
агресивно,13
насилник,13
върнат,13
факти,13
кръвозагуба,13
биха,13
представител,13
левски,13
редовно,13
база,13
болен,13
присъствие,13
пострадалия,13
президента,13
доц,13
исках,13
операцията,13
наблюдава,13
счупена,13
инциденти,13
собственикът,13
девет,13
принуда,13
отказ,13
атанасов,13
жилищен,13
ама,13
необходимите,13
лична,13
зорница,13
майки,13
шарково,13
гости,13
сигналите,13
стаята,13
малка,13
сложи,13
повдигна,13
негова,13
съюз,13
непознати,13
адекватно,13
четвърта,13
насочени,13
привлечени,13
стоев,13
сидеров,13
взе,13
буквално,13
постъпката,13
проба,13
заплаха,13
инсулин,13
държал,13
младежите,13
миналия,13
свети,13
медицинско,13
отвличането,13
кметството,13
партньора,13
случват,13
борят,13
спаси,13
тръгне,13
убиец,13
подавала,13
откарано,13
казали,13
обадил,13
пост,13
стрелецът,13
версията,12
развод,12
бруталното,12
семейното,12
огнестрелно,12
класната,12
бори,12
кристиян,12
приятелки,12
важна,12
първоначална,12
знак,12
гдбоп,12
създаване,12
влязоха,12
цветкова,12
сгп,12
малолетно,12
гледайте,12
увреждане,12
джипа,12
силна,12
деяния,12
пожела,12
допълват,12
комплекс,12
братята,12
стигна,12
следствени,12
средно,12
заявил,12
апелативната,12
международния,12
рецидив,12
проявени,12
реанимацията,12
заподозрения,12
последния,12
половината,12
следващата,12
интереси,12
книжка,12
последното,12
десетина,12
народното,12
партньори,12
вторият,12
панайотов,12
реших,12
правя,12
паметта,12
изборите,12
подадени,12
ирина,12
километър,12
камък,12
комуникация,12
условно,12
девойката,12
надява,12
могла,12
забрадки,12
паднало,12
счупен,12
намеса,12
министерския,12
колев,12
пеев,12
решения,12
настанен,12
искания,12
бел,12
век,12
пране,12
постъпили,12
здравното,12
минала,12
щети,12
извършват,12
направиха,12
представя,12
ами,12
рязко,12
взрив,12
системен,12
жители,12
полицейското,12
радомир,12
огледа,12
образование,12
стаж,12
зет,12
устата,12
наша,12
пострадало,12
радва,12
пеевски,12
психологът,12
близкото,12
сметки,12
прибрала,12
разговора,12
номер,12
прибере,12
тежкия,12
емили,12
стоилова,12
значение,12
власт,12
вещите,12
гаранция,12
насилниците,12
лекарят,12
пребито,12
подобна,12
палевски,12
притесняват,12
появи,12
внучка,12
открива,12
павел,12
стела,12
пусна,12
бнр,12
станишев,12
отишли,12
важното,12
установила,12
документа,12
палка,12
принудена,12
описва,12
виктория,12
оръжия,12
иво,12
спешно,12
разбрал,12
радостина,12
любенов,12
заключение,12
припомняме,12
испания,12
постоянното,12
откриха,12
цигари,12
тяхна,12
италия,12
починали,12
сащ,12
маринова,12
изчезналата,12
шефът,12
психическо,12
предлага,12
деменция,12
имот,12
мобилен,12
митко,12
моите,12
обърне,12
оплаквания,12
росица,12
прибрал,12
разговори,12
дата,12
владимирова,12
габрово,12
полицая,12
изпрати,12
раждането,12
запознати,12
раздели,12
определя,12
мотива,12
излязат,12
шеф,12
следващите,12
ясни,12
връзки,12
изстрел,12
изпитателен,12
разказ,12
доброволно,11
орлов,11
румен,11
зависи,11
предприемач,11
убиецът,11
семерджиев,11
премина,11
телефонен,11
коментираха,11
тоест,11
физическа,11
прокурорския,11
случвало,11
площадка,11
ориентация,11
доверие,11
посред,11
обича,11
говоря,11
отидат,11
журналист,11
стрелеца,11
сърбия,11
ръководство,11
взели,11
извършването,11
показатели,11
медиците,11
план,11
прострелял,11
кръвонасядания,11
побои,11
нар,11
мозъчно,11
мигранти,11
семейния,11
министъра,11
последствие,11
сайта,11
забелязано,11
попов,11
притеснява,11
връщат,11
починалото,11
защитникът,11
обикновено,11
брой,11
регистриран,11
чували,11
занимава,11
чувство,11
жив,11
могли,11
населени,11
основание,11
мерките,11
онези,11
изход,11
трето,11
искра,11
морето,11
съобщено,11
атанасова,11
проект,11
количество,11
съгласие,11
официално,11
припомни,11
своето,11
взех,11
уточнява,11
известна,11
насила,11
дрехите,11
тука,11
прегледа,11
разказахме,11
майчин,11
напуснал,11
съседа,11
краката,11
употребил,11
материали,11
описват,11
кабаиванов,11
скандалът,11
живели,11
насилници,11
пропуски,11
кажат,11
работила,11
удушена,11
тоя,11
изпратен,11
излизане,11
позната,11
карал,11
шестима,11
пожар,11
останал,11
пиян,11
закрити,11
съпружески,11
миглена,11
обучение,11
извадил,11
предупреждават,11
проверяват,11
ванеса,11
свърши,11
болнично,11
престъпност,11
нарушил,11
мисли,11
домът,11
наши,11
образуваното,11
апелативния,11
вероятност,11
диляна,11
позиция,11
пристигнал,11
пети,11
дължи,11
щастлив,11
долара,11
публикации,11
пешеходна,11
годините,11
газов,11
уведомена,11
крайниците,11
теб,11
рангелова,11
заведения,11
задържала,11
оставена,11
частна,11
натиск,11
записите,11
напада,11
постъпила,11
предмети,11
славова,11
отдавна,11
видиш,11
обяснил,11
дъщерите,11
признават,11
вниманието,11
посягал,11
такси,11
северна,11
компания,11
съученици,11
виждам,11
болка,11
понякога,11
ромски,11
пристигнали,11
ход,11
прие,11
установил,11
подкрепят,11
бизюрев,11
хляб,11
кражба,11
ножа,11
европейска,11
маса,11
сестри,11
подсъдимият,11
опасно,11
шофьора,11
споделят,11
алекс,11
ръководител,11
българска,11
влязат,11
купува,11
радева,11
конвенцията,11
полк,11
отишла,11
чанта,11
обажданията,11
вкс,11
плачеше,11
европейски,11
психиатрична,11
нападнати,11
откри,11
седмицата,11
пристигналите,11
диагноза,11
ефективна,11
разделени,11
стигнало,11
различен,11
нанасял,11
върнала,11
откаран,11
напусна,11
правилата,11
законодателство,11
централната,11
метри,11
обръща,11
младото,11
булевард,11
покаже,11
присъствието,11
покрай,11
цветелина,11
провежда,11
самолета,11
оон,11
намесата,11
кризисния,11
люлин,11
психолозите,11
жителите,11
дерменджиева,11
камиона,11
мариана,11
чиято,11
сериозна,11
лидия,11
намерила,11
маргарита,11
свързан,11
направим,11
кризисни,10
тръгнали,10
пандемията,10
доказва,10
умъртвил,10
христова,10
гражданство,10
тръгнал,10
манастира,10
непълнолетен,10
твърдения,10
загубили,10
предала,10
работел,10
изведнъж,10
александрова,10
експеримент,10
кратко,10
живял,10
спречкване,10
провери,10
стари,10
открила,10
селата,10
потресе,10
върнал,10
различно,10
кооперация,10
заминава,10
самоубил,10
пациентите,10
сърдечна,10
контакти,10
лятото,10
процедури,10
бъдеще,10
доведе,10
извършената,10
напрежение,10
покажат,10
задържали,10
стената,10
загиналия,10
безопасност,10
хулиганство,10
арсенал,10
довела,10
получено,10
силен,10
петя,10
съгласно,10
жител,10
фаза,10
определят,10
внук,10
влизане,10
изцяло,10
непосредствена,10
министерска,10
членове,10
поставят,10
наложени,10
поводът,10
костадин,10
видимо,10
третия,10
видяхме,10
коса,10
отричат,10
изрази,10
моменти,10
записи,10
дейността,10
твърде,10
правителство,10
престъпната,10
персонала,10
нанесли,10
присъдите,10
използването,10
спомени,10
обосновано,10
татяна,10
бисер,10
люба,10
издирвателни,10
оперативно,10
обществени,10
неговият,10
основният,10
семействата,10
очевидно,10
народните,10
белия,10
убива,10
финансови,10
ограбена,10
войната,10
големите,10
паднал,10
телефони,10
легло,10
банката,10
надеждата,10
съответно,10
новото,10
конституцията,10
болки,10
негово,10
включи,10
чакат,10
големият,10
текстовете,10
половете,10
главна,10
следват,10
десет,10
счупване,10
свържат,10
денонощия,10
отхвърли,10
таня,10
отида,10
началника,10
грабежа,10
компанията,10
организира,10
приеме,10
дошли,10
каймакчийски,10
отчитат,10
реабилитиран,10
нуждае,10
политическа,10
операции,10
емоционално,10
касационен,10
надслов,10
принудително,10
тютюнопушене,10
бракове,10
обвиненият,10
включват,10
свободно,10
пеловска,10
коментари,10
нараняванията,10
височина,10
признат,10
могъл,10
гражданка,10
щаб,10
обстоятелствата,10
гласуват,10
полза,10
шествието,10
поредна,10
написа,10
развива,10
проби,10
моника,10
нанася,10
фактическо,10
излязоха,10
петима,10
отговарят,10
депутат,10
никъде,10
пие,10
затворен,10
денят,10
александра,10
проверят,10
недопустимо,10
ходят,10
детското,10
багажа,10
червен,10
публично,10
предимно,10
механизъм,10
същият,10
доброволци,10
висок,10
кат,10
градове,10
знаела,10
загубил,10
официална,10
питат,10
управлението,10
банята,10
чух,10
жилища,10
почивка,10
трансплантация,10
защитава,10
затворник,10
потвърдена,10
кръвна,10
правосъдие,10
агресивна,10
решетките,10
президент,10
университет,10
съветник,10
малолетни,10
съобщил,10
тенденция,10
попитах,10
километра,10
соу,10
гориста,10
людмил,10
освободена,10
братът,10
денис,10
николаев,10
травматични,10
промяната,10
станислав,10
гарата,10
доближава,10
ужас,10
започнат,10
процента,10
коя,10
трафика,10
драгомир,10
самите,10
исул,10
потърсихме,10
виждали,10
назад,10
поставя,10
пазят,10
движи,10
важни,10
муса,10
намерение,10
оказана,10
петкова,10
неговия,10
арестуваният,10
избягат,10
бог,10
спрат,10
пещера,10
видят,10
военна,10
раждане,10
полицаят,10
македонската,10
схемата,10
учителка,10
имена,10
сочи,10
герой,10
ракови,10
боят,10
текст,10
инфаркт,9
имоти,9
забрани,9
последва,9
бих,9
откуп,9
йорданова,9
проведена,9
куртев,9
взеха,9
стефанов,9
посегателството,9
наличието,9
топлофикация,9
леля,9
знаел,9
преследване,9
забелязали,9
получиха,9
отнемат,9
прокурорите,9
можех,9
младо,9
умисъл,9
антон,9
ранните,9
чула,9
рожден,9
потърсили,9
миг,9
довели,9
хайредин,9
местен,9
местопрестъплението,9
расте,9
движението,9
представа,9
министерски,9
асистент,9
взимат,9
съпрузи,9
променя,9
носа,9
промила,9
миналото,9
заплашва,9
можело,9
пребитата,9
чул,9
гарантира,9
наложено,9
предадени,9
човешките,9
третата,9
нарушение,9
новогодишната,9
живея,9
нанесла,9
обстановката,9
фон,9
самотна,9
виновни,9
забраната,9
изнасилена,9
луканов,9
съдилища,9
извика,9
отвлечена,9
бъдем,9
кръстовището,9
ведомството,9
средствата,9
говорили,9
отчетоха,9
младежа,9
истории,9
намушка,9
потърпевшите,9
предаден,9
клипа,9
участници,9
второто,9
избягала,9
притежание,9
внучката,9
донева,9
актрисата,9
ивет,9
щастие,9
веселин,9
доклад,9
наказани,9
склонни,9
опасна,9
облечена,9
българите,9
млн,9
харесва,9
действал,9
дружеството,9
непълнолетната,9
загинали,9
пациенти,9
хотела,9
грип,9
наличие,9
стаите,9
стоичков,9
самия,9
болна,9
цвета,9
образувани,9
спомням,9
забранява,9
стрес,9
бивши,9
камерите,9
ограничение,9
избор,9
разлог,9
пътували,9
кадри,9
сигнализира,9
пример,9
личност,9
прокурори,9
анелия,9
ангелина,9
помогнат,9
галина,9
качва,9
материал,9
наложил,9
мъглиж,9
планината,9
оправи,9
опитали,9
издирват,9
делян,9
заловен,9
юристи,9
пробация,9
гимназията,9
терасата,9
надолу,9
бяла,9
съучастник,9
пламена,9
гоце,9
делчев,9
поредната,9
алкохола,9
следствения,9
започнато,9
неизпълнение,9
квартирата,9
свързва,9
кметицата,9
медицина,9
оказал,9
самоличност,9
адвокати,9
камион,9
изразяваща,9
останки,9
събиране,9
мъртъв,9
справи,9
празниците,9
страсбург,9
санкции,9
специални,9
риска,9
забранено,9
срещат,9
текстове,9
казано,9
извършените,9
гроба,9
черен,9
посещават,9
започнахме,9
спешност,9
куче,9
добрена,9
кое,9
трупът,9
помощи,9
ученички,9
силистра,9
извършили,9
фалшив,9
инициатива,9
констатирали,9
откриват,9
помогнете,9
включиха,9
всякакви,9
вреди,9
заведе,9
брадва,9
обществен,9
водач,9
спирка,9
гешев,9
подписите,9
басейн,9
желязков,9
мая,9
управител,9
заплащане,9
пенсия,9
разкази,9
веселина,9
откъдето,9
услуга,9
упражнено,9
разлика,9
швейцария,9
бива,9
казвала,9
стефка,9
тея,9
младият,9
покушението,9
уважи,9
изтърпи,9
посочиха,9
прецени,9
нападения,9
представил,9
например,9
сигнализират,9
изглежда,9
елеонора,9
обадили,9
разпитан,9
изведена,9
паоло,9
позволява,9
годишни,9
знаех,9
дам,9
нейно,9
изчезна,9
сексуален,9
народ,9
боли,9
завършва,9
четвърти,9
разследват,9
очаквайте,9
декларация,9
евентуално,9
настояване,9
костенец,9
съдебни,9
бременността,9
аспарухово,9
разбрали,9
потърсила,9
съветва,9
болести,9
докаже,9
репортаж,9
картината,9
яна,9
спешната,9
прибирала,9
момченцето,9
продължила,9
изпратиха,9
сравнение,9
болници,9
район,9
зона,9
международен,9
асоциацията,9
грижат,9
депутатът,9
изпада,9
убиеца,9
приемането,9
държавни,9
знаци,9
владимиров,9
заболяването,9
разиграла,9
влязла,9
участва,9
сигнализирали,9
валери,9
напуска,9
законови,9
смятам,9
кръвта,9
организират,9
ана,9
чили,9
спи,9
топлото,9
дошъл,9
неизвестен,9
дубай,9
прозореца,9
високи,9
зайков,9
искаха,9
лиценз,9
задължително,9
недоволство,9
повтори,9
ваканция,9
предприети,9
програми,9
великобритания,9
мамо,9
банка,9
проверки,9
обяснила,9
патрул,9
оградата,9
всс,9
районът,9
чувствам,9
появява,9
убит,9
българско,9
свързано,9
техни,9
трифонова,9
издадените,9
скарали,8
справка,8
изясни,8
обжалвана,8
униформените,8
институцията,8
адв,8
яви,8
убийствата,8
срс,8
отцепен,8
изчезналото,8
пробол,8
лидер,8
автобус,8
фатален,8
ягода,8
отвлечено,8
магдалена,8
минка,8
полицейския,8
пациентка,8
получени,8
иран,8
записа,8
близка,8
безсъзнание,8
вариант,8
служебния,8
свидетелски,8
добавя,8
кажем,8
завода,8
общност,8
бакърджиева,8
отвън,8
видим,8
разбират,8
течност,8
останат,8
милион,8
изминалата,8
мебели,8
фактът,8
стигнат,8
коледа,8
довело,8
янева,8
готовност,8
самоубие,8
обявено,8
участват,8
остра,8
интензивно,8
налагане,8
ботев,8
техен,8
броя,8
наказателно,8
куршума,8
слезе,8
конкретни,8
използвани,8
администрацията,8
нина,8
реагирали,8
пожарната,8
законодателни,8
оставка,8
стайкова,8
съберат,8
припомнят,8
рангел,8
покажем,8
осман,8
пътищата,8
резултати,8
нива,8
токчета,8
същите,8
преценят,8
подложени,8
сграда,8
национално,8
врагове,8
бус,8
звено,8
вярват,8
подаване,8
викат,8
защитят,8
предложение,8
девойка,8
изгрев,8
отстранен,8
правила,8
лъжа,8
какъвто,8
взрива,8
загинал,8
пространство,8
техника,8
въздушна,8
отнел,8
куршум,8
работното,8
върховния,8
простреляната,8
смени,8
законодателството,8
кост,8
станаха,8
компании,8
атанаска,8
останала,8
поредно,8
рилски,8
правиш,8
упражнява,8
приемната,8
капацитет,8
охранител,8
съседката,8
паметник,8
някога,8
чудо,8
съдии,8
доживотна,8
упражнявал,8
серия,8
въоръжен,8
сотиря,8
изпратено,8
стандарти,8
освобождаване,8
срещна,8
поредица,8
мислех,8
величко,8
досие,8
партии,8
пълно,8
преценка,8
възрастният,8
първоначалните,8
задържано,8
господ,8
окото,8
разказал,8
баня,8
арестуваните,8
живеем,8
затворена,8
чина,8
париж,8
прераснал,8
фрактури,8
дена,8
справедливо,8
докладвани,8
ирена,8
смъртни,8
дискриминация,8
клиенти,8
съдействието,8
потърпевши,8
бояна,8
ударена,8
откарани,8
дошла,8
отсъствия,8
градския,8
представят,8
открил,8
цитирани,8
бизнесмен,8
травмите,8
решил,8
забелязал,8
прокурора,8
психологическо,8
съди,8
градини,8
кои,8
младши,8
цалапица,8
вади,8
медикаменти,8
разкаже,8
пребит,8
премине,8
мило,8
чувстват,8
чанти,8
разправията,8
дясната,8
костадинов,8
нападателката,8
изразят,8
хвърли,8
нападнала,8
комоцио,8
теофана,8
извадили,8
двойното,8
стаи,8
разходка,8
продава,8
профила,8
учат,8
дял,8
болните,8
мюмюн,8
тотка,8
успешно,8
яке,8
зле,8
средство,8
основното,8
подсъдим,8
съпружеско,8
мечтата,8
дари,8
книги,8
предложи,8
работим,8
леко,8
конкретно,8
къщите,8
напротив,8
граница,8
пътят,8
грижите,8
знаеше,8
студентката,8
веществени,8
депресия,8
интимен,8
изпратил,8
савова,8
фактор,8
павлова,8
борис,8
видяна,8
приближава,8
учители,8
квартира,8
доказано,8
разбрала,8
руп,8
поста,8
наркотични,8
влошава,8
мобилния,8
разпореждане,8
горещата,8
баракова,8
викове,8
цитиран,8
фона,8
канал,8
звънят,8
кризисните,8
апелативният,8
специализирания,8
дамите,8
парични,8
традиция,8
придобиване,8
първоначалната,8
нарушаване,8
домовете,8
галя,8
нямали,8
преживяла,8
предвиждат,8
народни,8
виждайки,8
завела,8
репортерът,8
женски,8
разберат,8
нагоре,8
представлява,8
курорта,8
фрактура,8
цитирана,8
бухалка,8
падна,8
андрей,8
новината,8
такса,8
ограничителни,8
мон,8
ниво,8
доказателствата,8
здраво,8
медицинската,8
изстрела,8
асенова,8
сбиване,8
въпросите,8
длъжност,8
продажба,8
земя,8
сблъсък,8
окаже,8
определено,8
четиримата,8
камионът,8
кухненски,8
собствената,8
униформени,8
регистрации,8
преживели,8
разрешение,8
българският,8
чуе,8
поставени,8
борим,8
залял,8
русия,8
технически,8
първоначалния,8
минута,8
изведени,8
джейлян,8
загиналото,8
общото,8
интензивното,8
гледат,8
бременната,8
различна,8
търсенето,8
дежурен,8
съученичка,8
защитник,8
владимир,8
сякаш,8
записано,8
спасителна,8
въздействието,8
страхил,8
притеснени,8
неимуществени,8
подадена,8
информират,8
болестта,8
божидар,8
аборт,8
дядото,8
каквато,8
области,8
успех,8
дълбоко,8
смисъл,8
новите,8
воля,8
върнали,8
съдебния,8
малкия,8
счупил,8
семейна,8
проучване,8
тъмно,7
близнаци,7
пеева,7
обжалвано,7
подготвен,7
поделение,7
заплашена,7
недостатъчност,7
качулка,7
тая,7
раните,7
паспорт,7
осъдена,7
вицепремиерът,7
убитите,7
достигне,7
съдбата,7
великден,7
картина,7
допълниха,7
исканията,7
останаха,7
отваря,7
призоваха,7
сидерова,7
посегнал,7
протестира,7
съображения,7
лъже,7
убито,7
понесе,7
лежал,7
разкрито,7
представи,7
отскоро,7
наказан,7
процесът,7
символ,7
следствието,7
справят,7
впечатление,7
очакваме,7
същество,7
петкана,7
работя,7
игра,7
участвала,7
посочени,7
данаил,7
повдигне,7
изгубили,7
безопасността,7
безплатна,7
пъков,7
лидера,7
отрицателна,7
личните,7
високата,7
вучков,7
произнесе,7
биологичен,7
живееш,7
усложнения,7
мама,7
наясно,7
нинова,7
стар,7
производството,7
хоро,7
боклук,7
реалност,7
спомен,7
съжалявам,7
очакване,7
провеждат,7
пристигнала,7
долу,7
руски,7
избори,7
консултации,7
вземем,7
търся,7
лечебно,7
разкрива,7
репортерите,7
статус,7
тормозът,7
мотиви,7
корнелия,7
предават,7
едногодишната,7
пожарникари,7
вратите,7
превръща,7
починалите,7
тръмп,7
ходя,7
шофьори,7
изследването,7
официалните,7
решила,7
престъпник,7
отглежда,7
силни,7
коджейков,7
болната,7
количка,7
нанесените,7
кариера,7
старата,7
бургаско,7
парка,7
тяхно,7
ранен,7
последствия,7
паднали,7
твърдението,7
частни,7
проекти,7
бутилки,7
дървета,7
подписал,7
съседната,7
иск,7
кръвоизлив,7
отговориха,7
съдържание,7
изяснено,7
пневмония,7
окончателна,7
слага,7
реплики,7
територия,7
лара,7
число,7
населеното,7
крайно,7
неправителствения,7
настоя,7
процент,7
убият,7
полагат,7
психологическа,7
фирмите,7
банкера,7
болни,7
температура,7
пехливанян,7
сексуални,7
роди,7
бакалова,7
съдията,7
двор,7
тръгнала,7
мечта,7
организатор,7
тормоза,7
отведена,7
обичайно,7
похитителите,7
снимал,7
гранична,7
михаил,7
запали,7
водят,7
държавите,7
доводите,7
успешни,7
подавали,7
данс,7
задушаване,7
искате,7
юрист,7
филм,7
участък,7
поискат,7
чук,7
щастлива,7
константин,7
адекватна,7
схема,7
съюза,7
славчо,7
поставена,7
давай,7
подобрява,7
основано,7
дунав,7
предал,7
прегледана,7
изкара,7
подадат,7
напрежението,7
нанесена,7
свиленград,7
малкият,7
малтретирано,7
неадекватно,7
никакво,7
решат,7
мазето,7
паметника,7
напуснат,7
орлин,7
отнема,7
хематоми,7
маскиран,7
вальо,7
въздуха,7
върви,7
щетите,7
смъртен,7
извършения,7
правилно,7
направо,7
пункт,7
небрежност,7
възрастта,7
разбили,7
черно,7
обвинителния,7
медицинските,7
поморие,7
прокурорска,7
заплати,7
помежду,7
ставало,7
сръбската,7
лазаровден,7
спасители,7
намерил,7
инстанции,7
непълнолетния,7
срещи,7
петьо,7
милиона,7
определена,7
лекува,7
някого,7
извикана,7
чоков,7
обясняват,7
помислих,7
намереното,7
каквито,7
празник,7
краде,7
курс,7
уличен,7
обсъждане,7
инспектори,7
техниката,7
големия,7
заплахите,7
извършила,7
изнасилването,7
застреляна,7
издъхва,7
грабежи,7
дежурната,7
блъска,7
преминават,7
убийци,7
становище,7
изписано,7
примерно,7
случайни,7
транспорт,7
стъклото,7
добрева,7
произвел,7
измамници,7
спират,7
хвърлил,7
изпращат,7
държавна,7
подготовката,7
имате,7
битката,7
полето,7
очаквах,7
обикалят,7
кирилова,7
минали,7
опитите,7
провадия,7
телк,7
идваше,7
пълнолетни,7
укрива,7
педагогически,7
идвал,7
вътрешна,7
съгласни,7
честно,7
анка,7
предварително,7
села,7
разделят,7
охранителна,7
молби,7
принудил,7
законно,7
качи,7
предната,7
али,7
изчезва,7
уведомени,7
икономиката,7
челюст,7
пропуск,7
последвал,7
рита,7
изисква,7
старите,7
изнасилил,7
безплатно,7
събрали,7
обявени,7
руо,7
спрял,7
одп,7
денонощен,7
издава,7
търсене,7
практиката,7
позовавайки,7
успяват,7
хижа,7
чувството,7
осъждани,7
карали,7
омуртаг,7
специализирани,7
момчилград,7
тинка,7
помогнем,7
лепоев,7
конаре,7
връщане,7
отнемане,7
радио,7
националното,7
авторът,7
нуждаят,7
подчертава,7
потърсят,7
изплашена,7
семейно,7
документът,7
избран,7
широко,7
политиците,7
посяга,7
извърви,7
комитет,7
пожара,7
парична,7
специалистите,7
външните,7
областите,7
софронка,7
внесъл,7
назначената,7
тракия,7
зрението,7
извикал,7
гора,7
шофирал,7
прободна,7
нужни,7
преминаха,7
бюджет,7
кутия,7
закони,7
измамник,7
десислав,7
гражданско,7
влака,7
магистрала,7
кухнята,7
разпореди,7
населението,7
вида,7
жест,7
орган,7
портмонето,7
заплашвана,7
сваля,7
качил,7
невъзможно,7
главно,7
входната,7
финансиране,7
снежана,7
указания,7
увеличение,7
комуникацията,7
техният,7
възможности,7
разиграва,7
отчита,7
признае,7
съдиите,7
конфликтът,7
октай,7
собственика,7
коалиция,7
детските,7
професия,7
противозаконно,7
стефанка,7
калинков,7
издадено,7
чирица,7
убедена,7
волен,7
местонахождението,7
семчиново,7
заявила,7
напред,7
продължат,7
дишане,7
глоби,7
психическото,7
разбрахме,7
автор,7
реагират,7
действа,7
обичат,7
охранителят,7
плюс,7
завършила,7
мъжки,7
метална,7
отговорни,7
цветков,7
гръцки,7
оперативна,7
мечки,7
неврохирургия,7
галиче,7
паркинг,7
припомня,7
убила,7
николина,7
пелагия,7
издаде,7
изстрели,7
появяват,7
удостоверение,7
съвета,7
камен,7
джендър,7
изчезнало,7
реално,7
бира,7
разбра,7
получаване,7
постъпи,7
куфар,7
предлагат,7
шева,7
бихме,7
стефанова,7
мина,7
изисквания,7
излезли,7
наследници,7
елисавета,7
пази,7
найденова,7
силвия,7
маскирани,7
апи,7
освободи,7
направих,7
условна,7
младен,7
специализирана,7
фонда,7
генов,7
възраждане,7
проверени,7
многобройни,7
помня,7
свидетелство,7
приятно,7
медици,7
спешното,7
викам,7
преподавателката,7
сарафов,7
стойчева,7
градският,7
изпаднала,7
подозрение,7
следа,7
парламент,7
бивша,7
непълнолетно,7
класа,7
усилията,7
пуска,7
починалия,7
подарък,7
охраната,7
собствения,7
следствен,7
избухнал,7
поискала,7
опитът,7
въпросната,7
намушкана,7
регистрираните,7
столичен,7
изнудване,7
запознали,7
напомнят,7
велев,7
мой,7
отне,7
образува,6
вършец,6
блъсната,6
психология,6
дамската,6
брутален,6
нападател,6
обществеността,6
номера,6
открият,6
родена,6
изпратена,6
непълнолетните,6
столична,6
занимавала,6
компетентните,6
постъпило,6
признаци,6
показала,6
дърва,6
разпитите,6
начало,6
крайности,6
намирала,6
търговия,6
светла,6
случващото,6
шизофрения,6
дисциплина,6
обичаме,6
наем,6
стигнала,6
бъбреците,6
взаимоотношения,6
любка,6
постъпва,6
ловни,6
галин,6
допускала,6
собственичката,6
пръв,6
свое,6
платно,6
военен,6
поглед,6
православна,6
лъжи,6
гласове,6
трайно,6
публикува,6
последен,6
кожухаров,6
разкрития,6
указ,6
положителен,6
блудствени,6
съседния,6
членки,6
заема,6
волана,6
светло,6
счупено,6
поискана,6
телевизията,6
късмет,6
анализ,6
повдигнала,6
резултатът,6
справяне,6
наблюдението,6
лекарката,6
заявили,6
съществуват,6
наместник,6
помни,6
главната,6
мартеницата,6
събрала,6
оцелява,6
любен,6
съпротива,6
ченалова,6
русева,6
управляващите,6
остро,6
държа,6
забрадка,6
проведените,6
рискът,6
зависимост,6
самоуби,6
младите,6
изчезнали,6
пропан,6
съдейства,6
мюфтия,6
максимално,6
ръководи,6
офшорни,6
противодействие,6
чавдар,6
полицайката,6
бели,6
гласност,6
идването,6
журналистите,6
възможни,6
младенов,6
фирми,6
докия,6
съберем,6
тока,6
непълнолетното,6
лекарска,6
хемодиализа,6
александровска,6
депутати,6
четирите,6
мпс,6
цяло,6
бърдо,6
марти,6
подкрепата,6
техническа,6
претърсвания,6
хоспис,6
прозорците,6
обществения,6
пушачи,6
посегне,6
избухва,6
местопроизшествие,6
тодорова,6
василевски,6
страните,6
значително,6
двойката,6
тръгнахме,6
марин,6
нужно,6
видеонаблюдение,6
малолетната,6
сложат,6
усмихната,6
вътрешно,6
минувачи,6
маркосян,6
районни,6
обиждал,6
въжарова,6
прострелян,6
заподозрените,6
виновните,6
оплакванията,6
конкретен,6
преследва,6
колите,6
свързана,6
мишо,6
завел,6
отвлекли,6
биляна,6
подкрепя,6
психиатър,6
димитрина,6
отправи,6
живеещите,6
работна,6
трифонов,6
институция,6
весела,6
специализираната,6
появиха,6
потвърждава,6
удряла,6
модна,6
почита,6
законопроекта,6
николета,6
огромна,6
опасни,6
кандидатства,6
гнева,6
тенденцията,6
поддържа,6
централните,6
улици,6
чакали,6
обратното,6
правили,6
склоняване,6
суми,6
песен,6
ежедневието,6
полак,6
силата,6
молбата,6
начело,6
доколкото,6
мадан,6
огромен,6
бързи,6
наследство,6
роден,6
продължаваме,6
можел,6
донка,6
начинът,6
пушат,6
манолова,6
чичо,6
прегледи,6
размери,6
ярост,6
изключителна,6
основен,6
обир,6
отвори,6
изпитва,6
употребата,6
разстояние,6
откритата,6
ексклузивно,6
мозъчен,6
предприеме,6
следствена,6
храни,6
рачева,6
съдебните,6
присъства,6
правосъдното,6
чиито,6
проявявала,6
фактите,6
помогна,6
бургазлия,6
изправена,6
посещава,6
неизвестна,6
армия,6
тройна,6
подавани,6
свидетелите,6
човешка,6
своевременно,6
незабавни,6
скоростта,6
текат,6
майор,6
търсим,6
бурки,6
чувал,6
необходимата,6
печели,6
дефицит,6
норма,6
черната,6
ванко,6
пилота,6
неправилно,6
проекта,6
аллах,6
увеличили,6
отчет,6
разкрити,6
питах,6
икономически,6
макетен,6
зъби,6
цеха,6
изправи,6
афект,6
разходите,6
коридора,6
приемно,6
бързата,6
отстрани,6
латинка,6
имущество,6
протестно,6
михал,6
куцева,6
преживява,6
тръгнаха,6
християн,6
местата,6
божанов,6
кош,6
спечели,6
храната,6
женя,6
виждаме,6
затруднено,6
насрещното,6
сочен,6
откажа,6
криза,6
местното,6
оставката,6
народният,6
треньор,6
нормална,6
кръст,6
посещение,6
допускат,6
тежестта,6
настоящия,6
ужасяващи,6
тийнейджърката,6
бащинство,6
загива,6
достъп,6
снимките,6
бастун,6
саморазправата,6
сгради,6
изоставена,6
стъкла,6
цанков,6
болест,6
попаднала,6
минимум,6
френските,6
отзвук,6
съобщението,6
умре,6
програмата,6
синовете,6
дежурните,6
предвидено,6
дълбок,6
министерства,6
денонощно,6
родила,6
успяхме,6
еднополовите,6
издание,6
война,6
увеличава,6
пловдивският,6
двегодишната,6
споделяла,6
спорт,6
илия,6
инга,6
районните,6
незаконен,6
разпространява,6
кошмар,6
масата,6
норвегия,6
методи,6
синините,6
проверките,6
университетската,6
оток,6
адриан,6
каракачанов,6
гледна,6
дама,6
върховният,6
конфликта,6
подлежат,6
пода,6
скопие,6
новия,6
обръщат,6
създаде,6
биват,6
кръстанова,6
центърът,6
съкратеното,6
оттук,6
нататък,6
подготвя,6
видяло,6
извадила,6
свържем,6
чужда,6
мобилните,6
камелия,6
дълги,6
пътища,6
овча,6
нападнали,6
отидохме,6
надяват,6
симеон,6
персонал,6
братовчед,6
обичаше,6
грубо,6
страдат,6
извикан,6
месечно,6
кръгла,6
реакции,6
отиват,6
нос,6
блъснал,6
реакцията,6
държеше,6
пристигналият,6
андонова,6
следващото,6
съвместно,6
последвала,6
поредното,6
възмущава,6
сдружение,6
трудна,6
бузова,6
обединени,6
протестът,6
побоища,6
образователни,6
църквата,6
моля,6
смяна,6
папилома,6
владислав,6
диабет,6
дните,6
действала,6
скенер,6
багаж,6
съученичката,6
измъкне,6
градовете,6
похитителят,6
повдигнаха,6
еоод,6
собствено,6
мюсюлманин,6
делата,6
одит,6
защитени,6
разпространение,6
сестрите,6
ангажимент,6
намерих,6
жестокия,6
предумишлено,6
присъстват,6
стадото,6
русинова,6
порожанов,6
лекарско,6
стадо,6
обиск,6
познавал,6
прикриване,6
вътрешни,6
сферата,6
моли,6
наблюдават,6
отворено,6
родителят,6
даден,6
изследванията,6
облечен,6
гугушев,6
играят,6
ученикът,6
наложената,6
споделила,6
статут,6
страдание,6
инфекция,6
синьо,6
раковски,6
здравословно,6
бебетата,6
апартаментът,6
маратонки,6
шамари,6
спокоен,6
армията,6
свински,6
настояха,6
епидемия,6
сняг,6
симптоми,6
вела,6
транспортирано,6
открадната,6
завърши,6
растат,6
светът,6
тормози,6
известни,6
крадци,6
сметката,6
съгласна,6
ужасно,6
самоубива,6
контузия,6
брака,6
акта,6
говореше,6
варненският,6
роли,6
съпрузите,6
различните,6
здравният,6
живеело,6
сергей,6
предложенията,6
цветанка,6
потвърждават,6
координатор,6
протестират,6
мексико,6
госпожа,6
разкриха,6
взлом,6
скандалите,6
савов,6
нападнаха,6
планински,6
арогантно,6
предявено,6
интервюто,6
многопрофилната,6
отпадъци,6
дочева,6
медикамент,6
стъпка,6
обикновена,6
намерим,6
пълномощно,6
пострадаха,6
отнето,6
рашидов,6
павлина,6
пребити,6
предприетите,6
сливенската,6
искаш,6
пресслужбата,6
продължило,6
тела,6
студентски,6
стрелба,6
сандански,6
четене,6
изпълнителна,6
осигури,6
претендира,6
ражда,6
получих,6
специален,6
попада,6
политици,6
срещаме,6
истински,6
парламентът,6
бургаския,6
оказват,6
престъпното,6
военнослужещи,6
варненския,6
стабилизирано,6
намаляване,6
издъхнала,6
столични,6
близката,6
силите,6
живков,6
отнет,6
пречи,6
дай,6
последици,6
огромно,6
драма,6
наказва,6
насочено,6
отказали,6
служебен,6
кабинет,6
заем,6
икономическа,6
мълчат,6
атаката,6
спасени,6
информира,6
псс,6
подозира,6
станат,6
донор,6
политиката,6
символи,6
матката,6
навътре,6
водещата,6
заснет,6
внасяне,6
чужди,6
клипът,6
демерджиев,6
мариян,6
заключена,6
важен,6
труд,6
ескалира,6
вируса,6
гореща,6
горе,6
получихме,6
оценки,6
инициативата,6
оставят,6
брюксел,6
отпуск,6
имаха,6
българки,6
външната,6
онова,6
яде,6
валентина,6
погребана,6
животоспасяващи,6
западна,6
нормален,6
профилактика,6
поредният,6
бележка,6
издаване,6
пътува,6
ползва,6
флорида,6
чета,6
имахме,6
изгаряне,6
награда,6
бременност,6
прехраната,6
давам,6
енчев,6
наяве,6
конфликти,6
потърсил,6
направило,6
михаела,6
михайлова,6
международният,6
ангажирани,6
покойния,6
бабите,6
бургазлиев,6
държана,6
здравкова,6
справедлива,6
елиминиране,6
написала,6
паника,6
станка,6
изнесе,6
атв,6
ивета,6
спокойствие,6
махалата,6
медии,6
каменар,5
информираност,5
мобилни,5
можа,5
проституират,5
митов,5
вик,5
наумова,5
дарения,5
могло,5
въздържа,5
бокс,5
тротоара,5
бекирска,5
постановил,5
обещание,5
подаръци,5
съгласила,5
съпричастни,5
сигнализираха,5
детайли,5
замесени,5
здравков,5
награди,5
укри,5
проститутка,5
антоанета,5
бъдете,5
стоянка,5
аргументи,5
пръстен,5
пловдивската,5
предяви,5
асеновград,5
четвърто,5
близкия,5
укривал,5
довел,5
бизнесмена,5
констатирани,5
появата,5
самоков,5
слагат,5
тунела,5
подписали,5
рибчева,5
белозем,5
взаимодействие,5
съден,5
харманли,5
оня,5
помогнали,5
явор,5
лелята,5
задължение,5
чакаха,5
несебър,5
самоотбрана,5
берковица,5
светлозар,5
свидетелства,5
начева,5
укривателство,5
пазарджишкото,5
доктори,5
отправили,5
белезници,5
социалният,5
тайна,5
допуснем,5
айтос,5
носела,5
стопанисва,5
установят,5
върбанова,5
евентуална,5
горанка,5
преместена,5
ребрата,5
продължително,5
евстатиев,5
щяла,5
убеди,5
донорството,5
доктор,5
кредити,5
прекратено,5
любенова,5
решихме,5
наранена,5
послание,5
водещи,5
дългогодишен,5
нещото,5
доза,5
неверни,5
срещите,5
ракът,5
юрисконсулт,5
спомените,5
рампа,5
шосе,5
осъждане,5
разрешително,5
стотинки,5
госпожата,5
разпитана,5
величков,5
html,5
отстранени,5
пазара,5
панов,5
законите,5
кореспондент,5
кандидат,5
променят,5
знаме,5
русенски,5
осигурени,5
застрелял,5
бенатова,5
поотделно,5
техния,5
очаквала,5
столица,5
посети,5
бензиностанция,5
падане,5
парализа,5
bulgaria,5
датата,5
участник,5
прекрасен,5
потресени,5
сметището,5
договори,5
трайков,5
фараонов,5
миролюба,5
пререкание,5
анонимност,5
марсилия,5
съучастници,5
изготвена,5
прешлен,5
изкоп,5
силва,5
потърпевша,5
пристигна,5
предоставят,5
пешеходната,5
дарик,5
англия,5
котоошу,5
възползва,5
хоспитализирана,5
забелязан,5
имунизация,5
доган,5
добромир,5
склонявани,5
фабрика,5
внезапно,5
иванчева,5
сливенското,5
предишния,5
жителка,5
пробата,5
разследван,5
видимите,5
платени,5
крепост,5
долния,5
изслушване,5
научих,5
съобщят,5
кафяви,5
разказала,5
психични,5
тонове,5
недка,5
равнопоставеността,5
живущите,5
гъби,5
неведнъж,5
хвана,5
отгледала,5
оплакал,5
габриел,5
стол,5
вестник,5
корана,5
райко,5
планирано,5
сезирана,5
откраднал,5
целият,5
съучастие,5
одобрение,5
дух,5
бягство,5
излежал,5
благодари,5
марка,5
бориславова,5
решиха,5
преминали,5
бизнеса,5
знаеш,5
двойно,5
съболезнования,5
благой,5
изразиха,5
придвижва,5
местан,5
дирекцията,5
девойки,5
официален,5
задължава,5
здрава,5
имаш,5
йоанна,5
получиш,5
справедлив,5
керка,5
отбор,5
дарят,5
класиране,5
антова,5
свада,5
филип,5
международно,5
следенето,5
катастрофи,5
напускане,5
въвежда,5
въздух,5
собствена,5
съкратено,5
разчита,5
гражданска,5
новина,5
прокурорският,5
далиа,5
строеж,5
обърнал,5
осъществява,5
оказало,5
хаджидимово,5
алексов,5
националният,5
подрастващите,5
вдигна,5
преместено,5
асансьор,5
обекта,5
щяхме,5
антонова,5
заявяват,5
дознание,5
собствениците,5
бута,5
социалния,5
схватката,5
спречкването,5
автомобилите,5
безработна,5
сърце,5
снима,5
вашето,5
артерия,5
преследването,5
обадиха,5
специална,5
предложението,5
цветомир,5
станимир,5
ужасяваща,5
андрю,5
признаване,5
платформата,5
опашки,5
преписки,5
пусне,5
минувач,5
хваща,5
рени,5
махамид,5
мир,5
подведен,5
настъпи,5
праща,5
живееше,5
лилия,5
енке,5
население,5
интересуват,5
отнася,5
доходи,5
трансплантации,5
проявява,5
неправилна,5
дойда,5
мисълта,5
нося,5
възстановяването,5
контейнер,5
твърдеше,5
нямала,5
иисус,5
окончателното,5
цацаров,5
причинените,5
помолила,5
коридор,5
условие,5
възмути,5
пребиха,5
гърлото,5
медарова,5
заповядал,5
обувките,5
излизала,5
отоци,5
отложи,5
нотариус,5
изградена,5
изпълни,5
изхвърлила,5
горите,5
ежедневно,5
последна,5
укрил,5
издадената,5
проведено,5
пряка,5
обстановка,5
йотова,5
гурбет,5
легнал,5
работните,5
главите,5
счита,5
император,5
патриаршия,5
ножче,5
макетно,5
огледите,5
продължиха,5
яснота,5
гробищния,5
възстанови,5
фелдшер,5
приел,5
годишните,5
цоков,5
планират,5
количката,5
глупости,5
отправя,5
остър,5
крум,5
маска,5
лист,5
казусът,5
експертизата,5
чакаме,5
скрил,5
собственото,5
газ,5
оставки,5
осветление,5
нахлули,5
насочил,5
скри,5
искър,5
гладна,5
полицейската,5
йончева,5
https,5
кокинов,5
съгласието,5
излизам,5
средната,5
изгоря,5
бареков,5
плоча,5
стартира,5
инвалид,5
пейка,5
трайкова,5
разпознат,5
държавен,5
момченце,5
видите,5
търсил,5
радосвета,5
християнски,5
подложена,5
спасяват,5
жестока,5
побоите,5
пенсионната,5
костинброд,5
сзо,5
списание,5
лунгара,5
падането,5
опозицията,5
отрекоха,5
административен,5
службите,5
ало,5
позволяват,5
севда,5
богданов,5
око,5
осъдени,5
искали,5
научила,5
бюджета,5
брегов,5
ценко,5
панова,5
записът,5
ценни,5
адекватен,5
спряла,5
срещнахме,5
чочо,5
изразява,5
заплашване,5
студентки,5
свалят,5
околната,5
изведе,5
проектът,5
прати,5
нападна,5
ценков,5
смятаме,5
секс,5
превишена,5
мислят,5
психичното,5
пръста,5
доскоро,5
удряна,5
обажда,5
насилствено,5
следовател,5
габи,5
отклонения,5
столично,5
президентството,5
подписа,5
набира,5
iban,5
почна,5
дърпа,5
беглеж,5
митаров,5
поеме,5
проговори,5
калин,5
петте,5
мечтае,5
блокадата,5
хасанова,5
чез,5
извикала,5
престоя,5
бъдещето,5
същи,5
спокойна,5
демонстрантите,5
ценности,5
използване,5
отнели,5
автогарата,5
светослав,5
бахар,5
щях,5
общи,5
насилвана,5
констатира,5
разведе,5
максимални,5
поискали,5
помогнал,5
добрата,5
кашлица,5
думата,5
прозорец,5
театъра,5
травмата,5
гостувала,5
известните,5
днешен,5
солун,5
опитвал,5
отзад,5
пълен,5
призната,5
събитие,5
предсрочно,5
ботевград,5
насочи,5
неосъждан,5
проява,5
извършат,5
слабо,5
зрение,5
интернешънъл,5
драмата,5
галъп,5
качена,5
плевенско,5
конституционния,5
желева,5
извънредното,5
купон,5
невярно,5
пробите,5
гълъбово,5
заговаря,5
гугушева,5
поела,5
сирийски,5
ударих,5
университета,5
отнесе,5
роми,5
посетил,5
квартали,5
врати,5
кръста,5
недоволството,5
общинска,5
подполк,5
подготовка,5
ген,5
помоли,5
възмущение,5
следствените,5
измамата,5
воден,5
игнатиево,5
разследващ,5
граф,5
изготвен,5
прости,5
пожелала,5
случаен,5
цигара,5
повторна,5
ловешкия,5
фермата,5
публичното,5
уредба,5
цинизъм,5
ферма,5
полет,5
учението,5
канна,5
доказателство,5
загубата,5
следобедните,5
болезнено,5
нараняване,5
стреляно,5
пространствена,5
външни,5
родителски,5
собствен,5
дръндарова,5
светлина,5
избегне,5
осъществено,5
помагал,5
негативни,5
маринков,5
капка,5
функции,5
избира,5
запазват,5
тунджай,5
присъствали,5
пристигането,5
лошото,5
душата,5
скрит,5
състезание,5
кооперацията,5
разтърси,5
основа,5
преминала,5
стрелец,5
признаха,5
координационен,5
снаха,5
покрив,5
полковник,5
болката,5
дружба,5
изрично,5
лишил,5
благодарност,5
апелативна,5
възпитателка,5
действието,5
хематолог,5
данъци,5
бебета,5
банкови,5
купел,5
викали,5
темелков,5
продължили,5
контрера,5
бездействие,5
вмро,5
паспорта,5
дялове,5
контузни,5
граждански,5
туристи,5
положението,5
рзи,5
приморско,5
сярна,5
спалнята,5
идвала,5
уведоми,5
водолази,5
студент,5
говорил,5
танева,5
нпо,5
сделката,5
хирургия,5
платформа,5
душене,5
сигурен,5
почит,5
бургаска,5
върнах,5
строго,5
тероризма,5
светофар,5
румънски,5
осъденият,5
карти,5
онзи,5
изпълнението,5
стените,5
нахлува,5
увери,5
засилено,5
днешния,5
страници,5
внимателно,5
подсъдими,5
усъмнили,5
инспекция,5
здравната,5
продаде,5
обикновен,5
внука,5
каса,5
грижел,5
здравните,5
количества,5
плода,5
влошаване,5
гледала,5
намушкал,5
палежа,5
грижела,5
аптеки,5
заканата,5
грижила,5
съпричастността,5
запалил,5
съдебният,5
публикувани,5
централна,5
гара,5
приложени,5
претърсване,5
критериите,5
сумер,5
монтанското,5
бонева,5
извършвал,5
новият,5
експертизите,5
българин,5
колева,5
замесен,5
правосъдният,5
понесат,5
кротък,5
кратък,5
оставиха,5
регистрира,5
преписка,5
молим,5
специалист,5
раницата,5
подлагана,5
току,5
проведен,5
драганова,5
заработи,5
потвърдено,5
отвътре,5
агресивното,5
изготвяне,5
индикации,5
социалното,5
благодаря,5
световната,5
гони,5
свещи,5
телефонните,5
цялостен,5
австралия,5
защитено,5
приела,5
предупреждение,5
правни,5
регистър,5
изключен,5
употребявал,5
пощата,5
нашия,5
предприемат,5
завършил,5
нередности,5
симеонова,5
стореното,5
родния,5
нахлу,5
напомня,5
насилствена,5
нагласата,5
успяло,5
очила,5
съхраняват,5
изделия,5
днешният,5
служебният,5
спокойни,5
спасов,5
огледи,5
дотогава,5
подало,5
осъзнае,5
установило,5
заслужава,5
предприели,5
намалява,5
благовеста,5
психиката,5
катуница,5
откраднати,5
плаче,5
огън,5
неизвестни,5
изпратили,5
оправят,5
военни,5
литература,5
дискусия,5
съжителствал,5
проучването,5
обжалват,5
прекарали,5
огънят,5
броени,5
пресконференция,5
отчете,5
върнати,5
изолация,5
осъдиха,5
дребни,5
показваме,5
международни,5
представила,5
битовата,5
омбудсманът,5
реалната,5
далеч,5
заплащането,5
ритал,5
vii,5
свързват,5
ивана,5
склад,5
шокиращ,5
аспарух,5
купуване,5
стоки,5
точната,5
отговорят,5
арестува,5
червено,5
методий,5
цената,5
сблъсъка,5
помогнала,5
прегледано,5
варненското,5
отправени,5
последвало,5
линейки,5
местни,5
обясня,5
дейностите,5
чувала,5
уважено,5
знаехте,5
пръст,5
постепенно,5
ваксинация,5
избягало,5
гонка,5
отбелязват,5
движил,5
нанесе,5
самосезира,5
якето,5
напоследък,5
контактна,5
предизвикан,5
използвали,5
интимни,5
правени,5
религия,5
пето,5
кладенец,5
изчезват,5
военно,5
гаража,5
организиран,5
убежище,5
транспортирани,5
сигурна,5
организираха,5
задната,5
бременните,5
желае,5
окажат,5
еранухи,5
сбиването,5
блуза,5
илков,5
сигурността,5
станция,5
простреля,5
посегателствата,5
дазд,5
водеща,5
брега,5
отведени,5
приобщени,5
забелязва,5
последвали,5
основателен,5
спасител,5
държавно,5
благово,5
асен,5
остров,5
усмивка,5
лекарствата,5
показал,5
спешни,5
разкри,5
пропуските,5
медикамента,5
прекъснато,5
обърнах,5
часова,5
отведен,5
изпратила,5
марта,5
дясна,5
напускат,5
телефоните,5
мъчения,5
внесени,5
отворен,5
марчева,4
нараняването,4
изискани,4
съмненията,4
петрич,4
малолетна,4
трудностите,4
направиш,4
изплува,4
разберете,4
личността,4
тормозил,4
повторен,4
модели,4
скрита,4
уведомен,4
пребива,4
явява,4
икономическо,4
продължителен,4
бижута,4
откраднатите,4
намериха,4
бързия,4
слиза,4
булеварда,4
физическото,4
спокойствието,4
демонстрацията,4
обяснявам,4
красота,4
врачанското,4
бъркачево,4
демократична,4
фатално,4
изключено,4
нивите,4
толерира,4
подчинена,4
подпише,4
използвана,4
политическо,4
звънна,4
неофициално,4
путин,4
дадено,4
босна,4
москва,4
дрогиран,4
производители,4
преценено,4
оряхово,4
херцеговина,4
градината,4
странно,4
осъдения,4
багажник,4
планинската,4
бога,4
обличам,4
вързана,4
подробностите,4
близко,4
усъмнила,4
сексуалният,4
доказана,4
миризма,4
посочено,4
изтърпяване,4
наложеното,4
организираната,4
продължим,4
стигнали,4
безсилие,4
лекарската,4
пеша,4
месечна,4
разпознава,4
изнасилено,4
третото,4
новороденото,4
вуйчо,4
американски,4
увереност,4
свободни,4
легла,4
хоспитализация,4
палеж,4
ситуации,4
репродуктивни,4
задачата,4
дадени,4
собствеността,4
изтърпява,4
изменение,4
усетила,4
шишкова,4
домашни,4
ловна,4
кражбата,4
холандия,4
заснето,4
мигрантите,4
отдолу,4
желязо,4
коритото,4
гръдния,4
осъждано,4
трафикантите,4
оставени,4
религиозни,4
предали,4
предходно,4
ходжа,4
вип,4
гери,4
предизвиква,4
засяга,4
семейната,4
апаратура,4
швеция,4
студено,4
трагичния,4
медицинския,4
тийнейджърите,4
барикадира,4
съзнавал,4
линията,4
марангозова,4
руптурата,4
пистолетът,4
затруднения,4
присъствал,4
формата,4
леката,4
консултация,4
габровска,4
умъртвена,4
ела,4
алеко,4
припаднала,4
денислав,4
спортната,4
лампи,4
стадий,4
кредит,4
рака,4
инициативи,4
тръби,4
активни,4
мечета,4
зрителите,4
wwf,4
макаров,4
затворено,4
изпълнител,4
потвърдил,4
посочил,4
соня,4
оплакване,4
изхвърли,4
преценили,4
освободени,4
пациент,4
изгуби,4
обща,4
мъката,4
гледка,4
дебати,4
правеше,4
колега,4
логично,4
съчетана,4
превозното,4
шефа,4
съдят,4
боклуците,4
опасното,4
жалбите,4
регламент,4
крайници,4
русенското,4
питаме,4
райна,4
щръклево,4
светлин,4
отрекъл,4
нервна,4
добрите,4
ограничаване,4
академия,4
предизвикаха,4
празничните,4
финала,4
допуснати,4
дирекции,4
координация,4
общини,4
събере,4
директива,4
пуснаха,4
загиналите,4
ниска,4
изграждането,4
срокът,4
възпитател,4
разпита,4
зонта,4
речи,4
заловена,4
пета,4
черноморец,4
прескочи,4
долно,4
синята,4
блокирано,4
употребявала,4
обидни,4
умират,4
кандидатурата,4
непрекъсната,4
обвиняват,4
носел,4
двустранна,4
нарани,4
управителят,4
лоши,4
задържал,4
извадени,4
секцио,4
пусната,4
припомниха,4
смекчаващи,4
повдигнатото,4
изхвърля,4
запознаване,4
обвиняема,4
механизми,4
магии,4
машина,4
доверяват,4
прочете,4
заплашват,4
задълженията,4
балчик,4
дъщеричката,4
освободител,4
квалификация,4
информационна,4
бавно,4
контузии,4
ковчег,4
въпросния,4
оценка,4
традиции,4
привържениците,4
отглеждат,4
татко,4
сложен,4
накара,4
въздействие,4
откъсне,4
идея,4
държавния,4
силните,4
животи,4
единичен,4
докъде,4
дълга,4
разбираш,4
късния,4
кървавата,4
хуманитарна,4
прободно,4
разговаряме,4
златни,4
накити,4
учителя,4
предишна,4
сигнализирала,4
уведомили,4
материални,4
посегнала,4
шуменската,4
удушаване,4
предоставя,4
цецка,4
дарение,4
избутва,4
спъва,4
лампа,4
профил,4
независима,4
уволнение,4
сачма,4
любимия,4
достойнството,4
златна,4
пречки,4
изявления,4
бистра,4
бягството,4
сцената,4
употребили,4
акушер,4
тълпа,4
зачестилите,4
демонстрации,4
желев,4
възстановява,4
пожарна,4
затворила,4
хоспитализирани,4
смъртност,4
пребивал,4
унгария,4
изясняването,4
компетентната,4
гено,4
контингент,4
заразяване,4
събира,4
лондон,4
прибирали,4
полов,4
констатирано,4
манипулации,4
разходи,4
парламентарната,4
напомни,4
отхвърлят,4
твърд,4
връщането,4
затворени,4
постъпвали,4
разгледа,4
отговорните,4
служебни,4
балони,4
небето,4
крайният,4
богдан,4
огнестрелни,4
генова,4
ръба,4
кучета,4
развръзка,4
врачанско,4
заведено,4
бедните,4
градската,4
калканджиева,4
блъскане,4
оцелее,4
усеща,4
пернишката,4
крадецът,4
сяда,4
теньо,4
редовни,4
включат,4
дикова,4
жилищна,4
влас,4
заявява,4
застават,4
взриви,4
пребитото,4
повярвам,4
обърнете,4
полага,4
керанова,4
получените,4
арестът,4
удължен,4
богати,4
ограда,4
илона,4
посегна,4
уплашена,4
нападки,4
обещал,4
племенник,4
убивани,4
дълг,4
извършвани,4
кубрат,4
преподаватели,4
общинската,4
смисъла,4
възниква,4
изглеждат,4
чолаков,4
работела,4
осъдителна,4
отзовал,4
гребния,4
споделил,4
отмъщение,4
беда,4
управления,4
свърза,4
споделял,4
казвал,4
съобщили,4
разкриването,4
златен,4
грозят,4
осъществяването,4
димов,4
обитавали,4
сочения,4
семерджиева,4
неправителствените,4
забравяме,4
данъчни,4
яйца,4
цик,4
златарева,4
изстрелът,4
кръговото,4
болничното,4
разговаряли,4
таксиметровият,4
нелеп,4
убийца,4
очаквал,4
плевенската,4
банишора,4
полицейският,4
съответната,4
бургаската,4
казвате,4
детско,4
прецедент,4
изводът,4
кръгово,4
нанасят,4
настъпване,4
ясна,4
прободена,4
оцелели,4
привлечена,4
взривове,4
меган,4
светомира,4
пътна,4
телесната,4
здрави,4
вход,4
паркинга,4
парче,4
представена,4
подбедрица,4
монахинките,4
казус,4
зачестяват,4
скобелево,4
непълнолетният,4
родината,4
използват,4
дихателна,4
родителските,4
буса,4
нощната,4
череп,4
срещнал,4
хеликоптер,4
посегателства,4
посолство,4
лекия,4
отправял,4
динкови,4
джоба,4
психиатрични,4
избягали,4
приблизително,4
показали,4
удрят,4
оправя,4
поколение,4
газова,4
зимата,4
разбиране,4
огъня,4
обвинените,4
допустимото,4
бар,4
изпълнявал,4
доведена,4
обиски,4
клиники,4
променена,4
фотограф,4
шаркова,4
терапия,4
пили,4
смелостта,4
бяхте,4
разменили,4
установихме,4
масите,4
наблизо,4
балабанов,4
внесат,4
приложение,4
откакто,4
изходът,4
късен,4
изоставила,4
нотариуса,4
родната,4
открие,4
ганчо,4
зверски,4
сираци,4
обясняваха,4
международна,4
сборище,4
подадох,4
увериха,4
обединява,4
чаушеску,4
мизерия,4
кънев,4
агресивни,4
кунчев,4
обединиха,4
обявил,4
рождения,4
издала,4
червена,4
носенето,4
разказали,4
найден,4
рисковете,4
признали,4
чете,4
нямал,4
отговорен,4
бихте,4
посъветвали,4
апел,4
барселона,4
черна,4
пернишкото,4
мечка,4
спасен,4
изчака,4
виктор,4
охранители,4
кадиев,4
издаден,4
ранените,4
белгия,4
сгс,4
успокоителни,4
висши,4
алармира,4
фалшиви,4
столетницата,4
доказват,4
хубавото,4
карлово,4
цонка,4
кутията,4
буква,4
владимира,4
подписвала,4
оправда,4
бездействието,4
пускам,4
психическият,4
противообществените,4
излезем,4
златина,4
гранични,4
трудов,4
психиатърът,4
значението,4
предизвикал,4
строителството,4
почувствах,4
заподозрени,4
учебното,4
дотук,4
недостойно,4
тина,4
тормозели,4
увеличаване,4
синод,4
мирчев,4
сравнително,4
тъмна,4
антимафиотите,4
заканвал,4
кети,4
предния,4
решенията,4
захариева,4
християнка,4
пирин,4
модела,4
разбираме,4
избора,4
дилов,4
ковачева,4
юлия,4
христа,4
горни,4
ранна,4
църкви,4
грешки,4
шанса,4
американския,4
намирал,4
криминалната,4
заседания,4
продавача,4
собствените,4
обидите,4
александрина,4
иначе,4
популярност,4
белите,4
клинтън,4
мандат,4
ходим,4
заблуждение,4
андреа,4
даваме,4
основни,4
респект,4
притеснявам,4
пони,4
полък,4
класическа,4
подпомогне,4
каузата,4
митев,4
йордана,4
намирали,4
потвърдили,4
необходима,4
престъпността,4
свалили,4
джипът,4
цитира,4
рахила,4
съдържащи,4
контактен,4
разговарял,4
обход,4
нахвърлила,4
дъска,4
плувен,4
шофиране,4
дани,4
стражица,4
политическото,4
марков,4
лекарка,4
седмо,4
преподавател,4
жестоки,4
насилил,4
неизбежна,4
ръжево,4
пролетта,4
приключило,4
трайчо,4
орлинов,4
транспортиран,4
самозащита,4
касабов,4
уницеф,4
предвиденото,4
физическата,4
счупили,4
виждате,4
побойник,4
наредба,4
цска,4
съгласи,4
сексуалните,4
пребиваване,4
вързани,4
скандалния,4
спала,4
рода,4
бутан,4
брусарци,4
буковец,4
ромския,4
ндк,4
съученички,4
заразяването,4
бургазлийката,4
внимателни,4
бъчварова,4
смъртна,4
славейков,4
финансово,4
нетрезво,4
причинила,4
ранния,4
строителен,4
рекламната,4
таксито,4
хранителен,4
болниците,4
ресторант,4
шамара,4
дискриминацията,4
земетресението,4
печка,4
бранимира,4
анкетирани,4
лиз,4
случил,4
закуска,4
райчо,4
областна,4
патрули,4
справедливи,4
здравеопазване,4
вярващи,4
мюсюлмани,4
дадена,4
гринговците,4
терор,4
загубих,4
евелин,4
стефани,4
регионалната,4
павликени,4
застанат,4
тачева,4
хвали,4
есента,4
централния,4
трън,4
сменя,4
запад,4
отглеждането,4
извеждане,4
изтича,4
чувствал,4
листа,4
световно,4
площад,4
подходяща,4
лъчезар,4
връстничка,4
счупила,4
матева,4
превенцията,4
бизнесът,4
принуждавани,4
структури,4
девойките,4
полезна,4
омраза,4
очаквам,4
професорът,4
исляма,4
бити,4
дългове,4
хиляда,4
влезем,4
казваме,4
задържаната,4
трагичният,4
фактура,4
вързал,4
правосъден,4
багажника,4
публични,4
разследвания,4
илияна,4
футболист,4
предостави,4
невъзможност,4
сърдечен,4
текстови,4
самопризнанията,4
назначаване,4
лозан,4
развиват,4
тютюнопушенето,4
пределите,4
разликата,4
единствен,4
отказвала,4
отключило,4
луда,4
превърнат,4
балканите,4
дойдох,4
биология,4
одобри,4
поемат,4
русенската,4
заключени,4
кожата,4
спора,4
състоя,4
скорчев,4
балкона,4
договора,4
преврат,4
психиатричната,4
търговски,4
голи,4
козметика,4
облечени,4
чисти,4
мариета,4
славянка,4
безспорно,4
пенсионер,4
инфраструктура,4
служителят,4
бърз,4
възникване,4
звезда,4
зачитане,4
изпита,4
червеи,4
отчел,4
дъщеричка,4
кабинетите,4
рашкова,4
получавали,4
дадоха,4
търсили,4
влошени,4
умъртвила,4
тръгват,4
реални,4
сключила,4
нападат,4
бюро,4
тир,4
щял,4
нападнато,4
смет,4
достъпът,4
кирилов,4
правната,4
върнало,4
патрони,4
върбица,4
докарана,4
бчк,4
разказът,4
спасиха,4
дяков,4
държане,4
карнобат,4
проявявал,4
счупвания,4
кафе,4
хематологично,4
анонимността,4
докога,4
преминал,4
задейства,4
учебната,4
раница,4
ученика,4
терзийска,4
чухме,4
гробищата,4
сватбата,4
първична,4
разделили,4
фолксваген,4
голф,4
ненавършени,4
балван,4
реакциите,4
коментарите,4
ваксините,4
брадавици,4
веско,4
работите,4
пътуването,4
кажеш,4
ечемишка,4
собственици,4
управляван,4
назначен,4
предоставени,4
цена,4
заключил,4
наталия,4
налични,4
лозенец,4
решена,4
баретата,4
веригата,4
бай,4
запис,4
продукти,4
застанаха,4
последствията,4
десен,4
водача,4
викаше,4
серечи,4
боен,4
акушеро,4
повярва,4
обеща,4
криминален,4
синдел,4
трявна,4
дизайн,4
разбирам,4
работничка,4
професионално,4
отменена,4
безспорни,4
детенцето,4
оператори,4
тила,4
института,4
санитарка,4
действително,4
грешката,4
приказка,4
разноски,4
изкарва,4
хюсеин,4
опитвала,4
измени,4
издавал,4
осмокласничката,4
определение,4
отивам,4
материално,4
убийците,4
заключенията,4
конкретните,4
задържи,4
ужаса,4
адриана,4
върши,4
стола,4
стоял,4
подлага,4
побойничката,4
складовете,4
протокол,4
товарен,4
разпитват,4
наркозависим,4
търсете,4
викайте,4
мрежата,4
трагедия,4
положените,4
минал,4
хранене,4
евтаназията,4
бончев,4
странджа,4
ива,4
устната,4
строгост,4
познато,4
свидетелските,4
прекрати,4
фалита,4
любослава,4
дружества,4
мислене,4
малолетните,4
капитал,4
съставен,4
планира,4
професор,4
ботунец,4
покушение,4
крясъци,4
сантиметра,4
оръжията,4
спрян,4
здравни,4
милиарда,4
жанета,4
стигат,4
съобщенията,4
конгреса,4
намерите,4
наричат,4
америка,4
теза,4
фалшива,4
стрелбище,4
кръвотечение,4
отношението,4
целите,4
народа,4
критики,4
гледаме,4
нападатели,4
външно,4
господа,4
шум,4
взимали,4
комплекса,4
изводите,4
слава,4
максимална,4
вървят,4
пловдивския,4
шуманова,4
досъдебните,4
верни,4
избират,4
отдели,4
оперативни,4
силния,4
живко,4
караме,4
бъдеш,4
сфера,4
брандийска,4
разрешава,4
сестричката,4
тениски,4
янко,4
съмнителни,4
механизма,4
страхове,4
традицията,4
изразяват,4
термин,4
роля,4
стоят,4
интимна,4
аргументите,4
ратификация,4
представляват,4
виж,4
райони,4
преживения,4
ардино,4
разпознала,4
хванал,4
разменят,4
притеснена,4
безжизнено,4
пешеходци,4
спасителите,4
преминава,4
стелияна,4
наше,4
директно,4
попитахме,4
патрулка,4
притеснения,4
неподчинение,4
нашият,4
ниви,4
домове,4
попадат,4
настроения,4
дойдат,4
питам,4
събралите,4
дол,4
влачил,4
адекватни,4
моментът,4
застана,4
забавяне,4
похищението,4
съдени,4
заложник,4
шока,4
правен,4
лошия,4
спрели,4
шофира,4
посрещат,4
средни,4
отвод,4
димитрия,4
пазарджишката,4
лев,4
следователи,4
отнета,4
нарушителите,4
клеър,4
прякора,4
стамболийски,4
подсъдимата,4
косово,4
репортажи,4
бътън,4
вълчев,4
местния,4
продавачка,4
образувала,4
язов,4
драгнева,4
ивелина,4
твърдо,4
попаднали,4
свършат,4
билки,4
сотир,4
създаден,4
съответното,4
психиатрично,4
вътрешния,4
гласи,4
можела,4
проверили,4
украинка,4
емо,4
преместването,4
паралелно,4
изписана,4
прегазено,4
лаконични,4
сянка,4
подробно,4
широк,4
намали,4
създаването,4
частите,4
обира,4
водещите,4
дървена,4
наново,4
прием,4
външният,4
хартия,4
свързала,4
задача,4
намерението,4
верига,4
изготвени,4
получило,4
обърнат,4
попречи,4
внесен,4
помисли,4
пътуват,4
видима,4
дъската,4
позволи,4
заключения,4
консултиране,4
изтезания,4
разглежда,4
единствения,4
конституционен,4
ползвала,4
декларации,4
интубирана,4
командир,4
лена,4
белези,4
имотите,4
море,4
генерал,4
следвало,4
люпчо,4
заплахата,4
изпълнява,4
униформа,4
сълза,4
стъпки,4
търновската,4
дойнов,4
народния,4
отправена,4
произшествие,4
авиобаза,4
джеки,4
наследник,4
собственичка,4
пилот,4
самолет,4
подписала,4
прикрие,4
плаж,4
влязло,4
сложила,4
враждебна,4
убиват,4
разпознае,4
провеждането,4
великотърновския,4
навърши,4
изпълнен,4
ползване,4
страдала,4
твоят,4
идеи,4
турнира,4
граничните,4
изпълнени,4
предотвратят,4
отговорността,4
русев,4
монасите,4
бъдещите,4
трябват,4
гласовете,4
идентифицират,4
нарушава,4
прибрах,4
хвостяне,4
военния,4
веринян,4
достоен,4
последиците,4
прехвърли,4
колегата,4
правосъдния,4
банков,4
пожарникарите,4
ревнив,4
заслужават,4
дежурят,4
президентът,4
пряко,4
поставен,4
гарантирана,4
кольо,4
помещения,4
подслон,4
тони,4
баби,4
седалка,4
въоръжени,4
насока,4
ходили,4
сключили,4
вътрешен,4
обезобразена,4
прокуратури,4
работеше,4
зелен,4
самостоятелно,4
легнали,4
бдение,4
ресурс,4
сезон,4
глория,4
въжета,4
океана,4
предварителни,4
безпричинно,4
шествия,4
клуба,4
линии,4
останало,4
теми,4
сачми,4
произшествия,4
протоколи,4
заключи,4
списъка,4
опитах,4
пилотска,4
някоя,4
посъветва,4
честият,4
работещи,4
светата,4
нап,4
сираков,4
раздяла,4
търпят,4
обучения,4
пилотът,4
вма,4
носът,4
защитеното,4
ужасите,4
организма,4
проявил,4
форума,4
ескалация,4
авторството,4
битова,4
ръководителите,4
задържат,4
ввс,4
невинен,4
поет,4
насочила,4
майчинство,4
военният,4
осъзнавал,4
спорните,4
посветена,4
представени,4
описание,4
повишаване,4
укрият,4
причинили,4
дънки,4
насилвано,4
обучението,4
напуснало,4
кауза,4
пукната,4
подкрепи,4
наглите,4
тервел,4
предложил,4
ползват,4
събитията,4
метростанция,4
философия,4
черепа,4
множеството,4
издръжката,4
интервенция,4
нивото,4
статистически,4
разхожда,4
подписани,4
марихуана,4
пътувала,4
отидем,4
извадят,4
примера,4
прорезни,4
радвам,4
четем,4
цвете,4
божанков,4
приемни,4
използвал,4
тавана,4
порезна,4
възможен,4
доживот,3
бактерия,3
педагогическият,3
щат,3
обсъди,3
ограбиха,3
кабели,3
договорът,3
безобразие,3
повярват,3
отдадена,3
прилича,3
придвижване,3
заявление,3
съставяне,3
разпознал,3
дихателните,3
изкарват,3
изкарат,3
оправим,3
мащехата,3
женския,3
приберем,3
виковете,3
софийското,3
канада,3
вашата,3
анита,3
изказа,3
иззеха,3
примитивно,3
искрени,3
гараж,3
норми,3
професионалната,3
гневът,3
отвлеченото,3
останалото,3
дробове,3
папиломен,3
получаването,3
козметичния,3
щяха,3
краси,3
прецениха,3
намаление,3
фотографията,3
насилвани,3
страницата,3
скочи,3
чуват,3
клошар,3
nra,3
слухове,3
лъжат,3
оцеляване,3
горещия,3
георг,3
купил,3
решени,3
адреси,3
прекарва,3
отнела,3
електричество,3
изоставен,3
теглене,3
отсъди,3
управителката,3
бизнесдамата,3
фанка,3
поставиха,3
туризъм,3
физическият,3
нападне,3
руската,3
грози,3
истинското,3
намерихме,3
викала,3
крил,3
кръстев,3
задържаното,3
неподвижна,3
заплашени,3
отрядът,3
ограбвал,3
слънчеви,3
дамските,3
описанието,3
медик,3
притежаван,3
отстранете,3
подготвени,3
плащам,3
осветлението,3
направено,3
предпоставка,3
рамбо,3
бронхопневмония,3
притежавано,3
уведомил,3
дето,3
човешко,3
обещания,3
обучени,3
опасността,3
досег,3
безработен,3
осъдят,3
кабинети,3
безопасни,3
натравяне,3
модел,3
чупи,3
последвалото,3
екимджиев,3
търговци,3
разбирате,3
усещането,3
повикал,3
мъртви,3
сводничество,3
страшен,3
реже,3
славко,3
преждевременно,3
посочена,3
киркович,3
балабанова,3
димитринка,3
влизам,3
предишните,3
проследят,3
търсеха,3
гледаше,3
акцент,3
дрегер,3
оплака,3
спрем,3
неутрализиране,3
стълб,3
настоявал,3
навършени,3
ранена,3
nadroparin,3
заекване,3
дискусията,3
мъчителни,3
ембака,3
напуснали,3
набързо,3
уговорената,3
наблюдаващите,3
пристигнаха,3
задължителна,3
разговарям,3
културата,3
казахме,3
нагло,3
златан,3
помислила,3
украйна,3
въздушно,3
местят,3
кабелите,3
отговарял,3
познатия,3
съвкупност,3
милиони,3
костадинова,3
лекарствените,3
хиалуронова,3
уважил,3
пробва,3
устните,3
рамото,3
позволено,3
летището,3
появили,3
колектив,3
полета,3
огнестрелните,3
настаняването,3
anti,3
етажа,3
наранени,3
установените,3
създала,3
injection,3
демонстрация,3
хвърля,3
шкаф,3
имунизацията,3
намиращ,3
дунгаров,3
стигнем,3
inn,3
мангъров,3
for,3
спирката,3
влиянието,3
шосето,3
забравя,3
сделка,3
ръководители,3
проповеди,3
fraxiparine,3
братче,3
даваха,3
автобуса,3
маски,3
solution,3
обадила,3
паднаха,3
дунгарова,3
проявила,3
разни,3
катерина,3
човешкия,3
болезнените,3
юлиан,3
адвокатката,3
обобщи,3
маричков,3
отразява,3
християнин,3
дебат,3
изпраща,3
призовавам,3
юридически,3
конкретния,3
видни,3
джамията,3
внушения,3
любомира,3
киров,3
лавина,3
прекарала,3
отведе,3
нужните,3
намираща,3
секретарят,3
разрешено,3
финансовата,3
изхода,3
шефове,3
напреднала,3
мюфтийството,3
намесват,3
срамно,3
провинения,3
тенев,3
спасена,3
покойната,3
отговарям,3
изречение,3
белослатинското,3
братчета,3
мюсюлманите,3
оплаквала,3
краят,3
оставяйки,3
щото,3
дъбово,3
ниско,3
бетоновозът,3
контактите,3
пенка,3
крадците,3
музика,3
хапчета,3
природата,3
специализирано,3
рибарските,3
проститутки,3
възбуди,3
позова,3
самотно,3
прегледани,3
предположи,3
вербално,3
тийнейджърки,3
присъствало,3
включена,3
източна,3
морския,3
мъдрост,3
неприятна,3
огледалото,3
малтретираната,3
пояснява,3
произнасянето,3
германската,3
божията,3
биеха,3
извежда,3
разбраха,3
жеков,3
заложници,3
затваря,3
бургазлията,3
джалева,3
осми,3
севлиево,3
ставала,3
международната,3
градинка,3
празнични,3
малтретира,3
виновникът,3
цивилни,3
кокичетата,3
дилова,3
изхарчил,3
пеят,3
синджир,3
обезщетението,3
направихме,3
лош,3
сирак,3
давали,3
пребие,3
днешните,3
наш,3
ненков,3
инжекции,3
властта,3
причинява,3
челен,3
осъждаме,3
лазарова,3
възлови,3
възрастния,3
маги,3
заминат,3
противоречия,3
пресконференцията,3
проучвания,3
обстоятелство,3
медийното,3
завежда,3
боклуци,3
загинала,3
привличането,3
нежелана,3
летят,3
гняв,3
лекарски,3
чакаш,3
търсели,3
надбавки,3
разпоредено,3
законодателите,3
покрайнините,3
доказуем,3
квотата,3
грижил,3
изготви,3
богата,3
еля,3
обредни,3
религиозна,3
закарал,3
възприемат,3
песни,3
заслуженото,3
официалната,3
пернишкия,3
качество,3
избити,3
герев,3
нямаш,3
родното,3
диплома,3
отнети,3
караянчева,3
засичали,3
прилага,3
сводници,3
търпях,3
сложа,3
готвят,3
лекувано,3
градинката,3
цялостната,3
съвещание,3
криминалният,3
изготвят,3
отличен,3
сигнализирал,3
намерения,3
намушква,3
зависимости,3
падат,3
подкрепен,3
пещерите,3
хотелът,3
платили,3
възникнала,3
пребивавали,3
страст,3
изложбата,3
изслуша,3
излизането,3
обитавана,3
провел,3
написани,3
доклади,3
плащане,3
асансьора,3
гюров,3
коренно,3
срещне,3
редно,3
почетоха,3
направените,3
горната,3
паркиран,3
завинаги,3
битови,3
киро,3
нуждата,3
въвеждането,3
предавани,3
масови,3
регионалното,3
кюмюрджиев,3
повежда,3
обедини,3
мълчи,3
симова,3
изчисляват,3
медоу,3
изпращани,3
психологически,3
предавана,3
приключване,3
обстойни,3
изложени,3
свършват,3
крещят,3
триград,3
издирван,3
колан,3
възползвал,3
тийнейджър,3
писателката,3
доходите,3
показаха,3
крис,3
лихварство,3
ловец,3
лихвари,3
гавра,3
диагнозата,3
възмездие,3
документация,3
отрязал,3
повдигнат,3
натъртвания,3
отряда,3
мишената,3
работен,3
развитието,3
злоупотреба,3
изолацията,3
стъкло,3
капана,3
попадне,3
палатка,3
вълната,3
празнува,3
важат,3
телефонната,3
съпричастен,3
допълнителна,3
малтретирани,3
стоп,3
преживяват,3
тикток,3
патриарх,3
прекратен,3
оставено,3
присъстваше,3
работели,3
неволен,3
клиентите,3
крадат,3
засегнати,3
животното,3
участвалите,3
редки,3
станалото,3
ограничават,3
процеси,3
евтимий,3
факултет,3
педофила,3
купим,3
лишен,3
документна,3
успее,3
тезата,3
сътрудник,3
развитие,3
безкрайно,3
констатирал,3
високите,3
обичал,3
претекст,3
налагал,3
смешно,3
написали,3
плановете,3
садизъм,3
нисък,3
нормални,3
започната,3
злополучната,3
велинград,3
празни,3
кол,3
изпаднали,3
бедрото,3
засилва,3
университетска,3
доброволците,3
истинска,3
покана,3
геров,3
расоков,3
пуши,3
аспект,3
смятали,3
науката,3
пребития,3
свързал,3
спасява,3
нужната,3
интерпол,3
търговско,3
едро,3
репортер,3
съседно,3
залавянето,3
издирвания,3
контакта,3
медикет,3
повишена,3
пощенската,3
наследниците,3
издебнал,3
осъждания,3
свекървата,3
прераснала,3
лекуван,3
срив,3
прокурорско,3
водеше,3
пашов,3
дискотека,3
психотерапевтът,3
сливенско,3
многократни,3
приятелките,3
нарека,3
отнемани,3
синдром,3
болничен,3
докторът,3
жизненоважни,3
петорна,3
добавки,3
съществуването,3
музей,3
фалшивата,3
мъченици,3
строежа,3
светите,3
свойството,3
погрижи,3
почернените,3
домакинство,3
тогавашния,3
страха,3
двайсет,3
издирваното,3
изписва,3
дере,3
реалния,3
ананиев,3
салон,3
консервативни,3
мисъл,3
спят,3
гинекологичното,3
чепеларе,3
разбита,3
дафовски,3
толерантност,3
гражданския,3
мехмед,3
употребявали,3
страданията,3
императорът,3
назначаването,3
успокои,3
кпконпи,3
бъдещата,3
трудности,3
нахлул,3
нечовешките,3
отдих,3
сключване,3
простреляно,3
вървяла,3
пес,3
дерето,3
тройната,3
гарантират,3
животоспасяваща,3
пътеки,3
външен,3
предотвратяване,3
биел,3
придвижи,3
ужасните,3
крещеше,3
донякъде,3
изненада,3
шляпашки,3
сириец,3
свекърва,3
господин,3
десетокласникът,3
самосезирали,3
ресторанта,3
дано,3
потресена,3
хаджигенов,3
подадения,3
трудова,3
казвали,3
чернодробна,3
вуйчото,3
дългите,3
общественици,3
марияна,3
битата,3
препоръка,3
отивайки,3
реформа,3
протича,3
избегнат,3
покупки,3
позорно,3
тати,3
посегнат,3
димо,3
потърсило,3
белезите,3
реве,3
издържа,3
десетокласник,3
обосновават,3
поискан,3
избухнаха,3
бизнесменът,3
подложен,3
дпа,3
арестувана,3
крадец,3
изнасилени,3
отхвърлила,3
припада,3
белязаните,3
подкуп,3
полагала,3
зоната,3
непосредствено,3
спецполицаите,3
рекорден,3
отворена,3
саморазправят,3
рехабилитация,3
претърпява,3
палки,3
консул,3
откраднатата,3
тиха,3
обвързана,3
изтегли,3
толстой,3
кнсб,3
еленово,3
изпълнил,3
намирало,3
съдържанието,3
публикуван,3
казваха,3
благоевградското,3
запита,3
членовете,3
татуировки,3
метода,3
разпространени,3
гинеколози,3
разигра,3
онкологично,3
сапунджиев,3
огнестрелна,3
скитнически,3
проявена,3
съгласил,3
оставили,3
застраховка,3
носим,3
контрола,3
еврото,3
срока,3
работиха,3
вербална,3
орландовци,3
извършвали,3
кучетата,3
въведена,3
съседство,3
упражнил,3
отиваме,3
агресивния,3
негативните,3
посещавала,3
защитна,3
издирваният,3
темите,3
инвалидна,3
смирненски,3
престоят,3
годинка,3
оправдават,3
следим,3
погребална,3
нотев,3
травматичен,3
провериха,3
работлив,3
организаторът,3
служителка,3
получена,3
трафопост,3
марбея,3
засече,3
разследвани,3
уволнен,3
хавала,3
гурково,3
насочена,3
отгоре,3
педиатри,3
съоръжението,3
числа,3
седемте,3
следващият,3
контактува,3
претърпяла,3
тълкуване,3
ранил,3
водели,3
възпитателни,3
областните,3
зависима,3
реагираха,3
вражда,3
емоционален,3
морската,3
подготви,3
овладяно,3
телесните,3
престой,3
стралджа,3
шофьорите,3
журналистика,3
задачи,3
крепи,3
банев,3
осъждана,3
досиетата,3
наемат,3
трудни,3
начела,3
незаконни,3
нейков,3
возят,3
съобразяваме,3
слуховете,3
отряд,3
бояджиу,3
преведена,3
налагат,3
намаляват,3
предпази,3
частните,3
джаксън,3
психика,3
пандора,3
психолого,3
окървавена,3
сдружението,3
възпламеняване,3
малтретирана,3
дивеча,3
микаела,3
брендо,3
деветия,3
ножът,3
дарителска,3
преобръща,3
днешното,3
приели,3
организациите,3
тръба,3
радост,3
невиждана,3
оправдава,3
клипчета,3
еднополови,3
тридневен,3
концентрация,3
услугата,3
мохамед,3
особен,3
потвърдени,3
ходих,3
едногодишното,3
полша,3
битото,3
невена,3
кюхова,3
виновно,3
добавят,3
операторът,3
грама,3
алексей,3
гладни,3
потребители,3
милосърдието,3
тригодишното,3
осъдените,3
функция,3
златка,3
стаменов,3
цачева,3
соколова,3
максималното,3
вежди,3
боравене,3
вълчинов,3
чобанова,3
завой,3
писал,3
протезата,3
изпратеният,3
родилката,3
образувана,3
касационната,3
пенков,3
челюстта,3
плащат,3
изтекъл,3
алфа,3
детство,3
затворили,3
желаят,3
възстановена,3
изпълнено,3
държиш,3
грешките,3
radio,3
хубави,3
природа,3
дивата,3
актриса,3
тошев,3
арктурус,3
женева,3
погребение,3
бащи,3
осигурим,3
мечетата,3
избягва,3
кураж,3
самостоятелна,3
натрупаните,3
килограми,3
лято,3
обявява,3
крещи,3
катунци,3
санкция,3
местоживеене,3
култура,3
омбудсмана,3
математика,3
кешишев,3
неприятен,3
допусна,3
физическия,3
иззели,3
псуваше,3
дневния,3
бито,3
престъпници,3
кралство,3
борисова,3
освобождаването,3
твоя,3
обединеното,3
арестувала,3
симеоновград,3
хванат,3
предполагаемия,3
списъци,3
графичен,3
панагюрище,3
търпи,3
запалят,3
настъпването,3
междучасие,3
каузи,3
законопроект,3
предварителна,3
реалността,3
здравословен,3
гьорчевска,3
стачка,3
признание,3
препоръчват,3
утилизация,3
шахмата,3
еурозак,3
cecb,3
нейнова,3
стационарен,3
страхувам,3
онкологични,3
пребори,3
архиепископия,3
рекет,3
основава,3
авиационната,3
образуваните,3
освидетелствана,3
деляна,3
отказът,3
човешкият,3
казино,3
отправяни,3
изненадани,3
страхували,3
предишната,3
черньово,3
общувала,3
двойка,3
приказката,3
достатъчна,3
осъществил,3
преговори,3
мислите,3
умбалсм,3
сметките,3
съвпадат,3
планирана,3
убеден,3
способен,3
парцел,3
изпишат,3
откъснат,3
потъна,3
чиновници,3
кондева,3
мащабите,3
убило,3
северозапада,3
полетът,3
описано,3
учебна,3
земеделието,3
срама,3
нещастен,3
вертекс,3
таксата,3
институт,3
изненадан,3
рибар,3
отслабване,3
поискано,3
разследващия,3
обра,3
повторно,3
информираха,3
военните,3
златолист,3
телевизионно,3
бригада,3
батко,3
истинските,3
видевски,3
вдовица,3
божикова,3
филипова,3
бъбреци,3
портфейл,3
дружество,3
дължат,3
поредните,3
убиха,3
вещото,3
истинският,3
дяловете,3
клон,3
научават,3
радиана,3
откаже,3
честата,3
побойникът,3
повикан,3
съдийката,3
способна,3
кръга,3
пълното,3
руши,3
уляна,3
създадена,3
нашумя,3
седна,3
достигнали,3
крайпътно,3
пътувало,3
заловят,3
многопрофилна,3
пастир,3
съкратена,3
играя,3
преценил,3
държавните,3
бракоразводното,3
разпитвана,3
троян,3
отпечатъци,3
освидетелстван,3
заеме,3
помагаме,3
велина,3
добрия,3
мнозина,3
дневник,3
ваксинирани,3
изстрелите,3
изземване,3
куршумите,3
отпадъците,3
кризисният,3
споменава,3
доктора,3
психотерапевт,3
кръвните,3
дежурният,3
наум,3
специалност,3
род,3
нарязано,3
базата,3
спасяване,3
кестенява,3
съблякла,3
тотално,3
усмивката,3
чуждо,3
луксозни,3
нюргюл,3
връстници,3
гунев,3
православни,3
дребен,3
светия,3
футбол,3
джобовете,3
откраднали,3
оповестено,3
подписката,3
скорошна,3
възстановят,3
шах,3
дина,3
мустафов,3
спрете,3
безнаказано,3
създателите,3
пуснати,3
въртят,3
всякакъв,3
свързахме,3
богословът,3
гражданското,3
беседи,3
нейова,3
хочкин,3
приближил,3
дежури,3
получавала,3
известния,3
помагало,3
неврохирург,3
вписан,3
балиста,3
дания,3
скрие,3
събирането,3
срещнем,3
щастието,3
клетки,3
подполковник,3
обкръжение,3
осъжда,3
уврежданията,3
искахме,3
дадем,3
решен,3
партиите,3
повлияе,3
набил,3
прилошало,3
разговаряла,3
нелова,3
депутата,3
теменно,3
евентуални,3
филма,3
застава,3
имиджа,3
границите,3
благотворителност,3
човешкото,3
продължението,3
прибрали,3
относително,3
удряше,3
неделчо,3
гръдната,3
карала,3
отдела,3
говорихме,3
проследяване,3
психологична,3
извикани,3
атаки,3
припадна,3
поправки,3
възпитание,3
предсмъртно,3
цгм,3
бит,3
световна,3
годинки,3
оправдан,3
коремна,3
свидетелката,3
имунитет,3
дошло,3
поделението,3
настъпило,3
летателната,3
съседна,3
справките,3
прекратила,3
пламъците,3
съдебномедицинската,3
военнослужещ,3
коментирам,3
приятелски,3
дежурния,3
крайник,3
метален,3
чарли,3
сводник,3
ходеше,3
обижда,3
оповести,3
сваляме,3
възглавница,3
седми,3
държат,3
оарил,3
подсъдимите,3
равноправие,3
артерии,3
изоставя,3
рецидивистът,3
съща,3
гледах,3
кръвни,3
задушница,3
носене,3
отвлякъл,3
бурята,3
освободено,3
дона,3
пампорово,3
водачи,3
отначало,3
роман,3
ножица,3
селим,3
тиксо,3
любовна,3
терена,3
нормализиране,3
транспортира,3
разпространените,3
гледал,3
течението,3
хванало,3
извини,3
предприемане,3
стабилизира,3
легнала,3
изчакал,3
радко,3
батут,3
ганева,3
изключва,3
постъпките,3
спазват,3
гечев,3
тъкмо,3
търговския,3
мартеници,3
изпълнителният,3
разказало,3
околовръстното,3
разкрият,3
навършва,3
слабия,3
готви,3
спортна,3
ключица,3
солидарност,3
банковата,3
обществената,3
кюркчиев,3
плажа,3
информиран,3
областен,3
неправомерно,3
крушаре,3
спътничка,3
опиати,3
отварят,3
подпис,3
обаждат,3
коцев,3
дамата,3
сфери,3
пожелали,3
сезян,3
отстраняване,3
свита,3
изписани,3
ганка,3
дами,3
предстоят,3
вчерашното,3
турски,3
калъм,3
почива,3
covid,3
ралева,3
гинеколог,3
удушен,3
изключване,3
доверието,3
регулира,3
робинсън,3
спрях,3
натиска,3
дърпал,3
разказана,3
съоръженията,3
животозастрашаващо,3
поисках,3
имунизациите,3
проследява,3
проведеното,3
хелзинкски,3
пена,3
започнах,3
внуци,3
върнато,3
можах,3
свидетелят,3
задължението,3
евродепутат,3
данъчната,3
материала,3
бедствието,3
беседа,3
опазим,3
конструкция,3
детенце,3
изключването,3
треньорът,3
разрешителното,3
начален,3
протеза,3
гарабед,3
развила,3
нуждаещи,3
освидетелстване,3
намесва,3
аварийните,3
фотография,3
театър,3
епидемията,3
обяснението,3
гледали,3
доход,3
удушил,3
застрашени,3
демократичните,3
притесняваме,3
ваньо,3
слави,3
бандити,3
изпод,3
почерк,3
опише,3
възникват,3
нейнски,3
издържи,3
стотинка,3
писмена,3
ема,3
спорът,3
емисия,3
енергетиката,3
патрона,3
запазиха,3
турист,3
прабаба,3
обадят,3
горещите,3
чистото,3
пътеката,3
ухапвания,3
разкъсване,3
пловдивска,3
признавам,3
диабетици,3
кадър,3
продуктите,3
лесна,3
възмутена,3
изгради,3
помолил,3
шофьорска,3
павлов,3
станкова,3
водено,3
спешните,3
звена,3
индикация,3
доволен,3
скъпа,3
измишльотини,3
бриз,3
предлаганите,3
историите,3
тегло,3
представите,3
застрашава,3
равнището,3
велино,3
демокрацията,3
репродукция,3
пътен,3
записана,3
делът,3
здравословното,3
погрижат,3
катастрофира,3
асистирана,3
тошков,3
единствените,3
компетентност,3
изпит,3
разложение,3
шуменското,3
уязвими,3
пушки,3
чомарова,3
мануела,3
изгубих,3
русенецът,3
журналистката,3
опитвали,3
паула,3
чат,3
унижават,3
почиват,3
ударили,3
викаме,3
кръглата,3
насочили,3
виола,3
осъждат,3
белица,3
оказали,3
тоалетната,3
билет,3
възстановяване,3
потребителите,3
подобрение,3
реализира,3
почивните,3
чужд,3
упойващи,3
неприемливо,3
създават,3
свидетелстват,3
режисьорът,3
удряно,3
попово,3
погледнах,3
академията,3
няколкостотин,3
обвинител,3
методика,3
нанесения,3
въвеждат,3
измие,3
достояние,3
изведено,3
куриерска,3
подготвят,3
нападателка,3
реч,3
домашните,3
охранителите,3
благодарна,3
стока,3
признаят,3
калайджийска,3
мартениците,3
кметски,3
клиент,3
разиграл,3
испански,3
майко,3
хване,3
берачи,3
сръбски,3
сръбският,3
пуснала,3
разбирала,3
нередно,3
документиране,3
милушева,3
сръбска,3
ндсв,3
намушкан,3
поверието,3
обаждането,3
шикова,3
санкциониран,3
политикът,3
дневната,3
следващ,3
произхода,3
правителствената,3
филмът,3
разрешени,3
кесарево,3
същността,3
внасят,3
специализираните,3
категория,3
преместване,3
факултета,3
потърпевшият,3
отворил,3
цвят,3
влагалището,3
личи,3
транспорта,3
затвори,3
изтърпяно,3
цветница,3
иззет,3
зелени,3
вършат,3
пълнене,3
писането,3
янев,3
контактно,3
възникнало,3
дежурството,3
скалите,3
неизвестно,3
пътното,3
нарязал,3
смела,3
фелдшерът,3
работили,3
доказа,3
отрицателни,3
возила,3
цекина,3
заключва,3
изплащат,3
полово,3
вещ,3
постройка,3
обезщетенията,3
седи,3
видове,3
общинското,3
изграден,3
падне,3
възкресение,3
затвориха,3
прегазена,3
хванали,3
лаборатория,3
преслав,3
купя,3
метрото,3
качихме,3
стигнахме,3
пожелаха,3
генади,3
запознава,3
виена,3
австрия,3
бюрото,3
организатори,3
родствена,3
лява,3
гол,3
професионален,3
безпомощна,3
фамилия,3
камено,3
гумите,3
днешната,3
дневно,3
протестна,3
намалена,3
отвлече,3
нахлуват,3
влошило,3
учиш,3
открихме,3
сали,3
novoseven,3
умствена,3
илиан,3
изостаналост,3
изкараха,3
въпросното,3
дамски,3
съответния,3
спасено,3
познавате,3
полицайка,3
намеренията,3
мениджърка,3
мегаталант,3
разделя,3
приходи,3
нарушенията,3
шафике,3
непозната,3
кметският,3
подбудителство,3
борила,3
изправя,3
осигурил,3
отправяне,3
контролира,3
достъпа,3
партнърс,3
квадрата,3
хладнокръвно,3
лигъл,3
умъртвено,3
съседен,3
заливане,3
записали,3
пресичат,3
разбиха,3
засегнато,3
моден,3
движат,3
тестът,3
дълбока,3
отчети,3
застрелян,3
подозират,3
изработена,3
отправят,3
разреши,3
давала,3
широка,3
обитава,3
осъдителни,3
овце,3
страница,3
медийни,3
животно,3
премиер,3
заплашвала,3
клубове,3
неадекватни,3
искало,3
предполагам,3
уикенда,3
върти,3
високо,3
придобива,3
горски,3
интереса,3
рухва,3
любим,3
майкъл,3
чиста,3
отрази,3
чума,3
реализирани,3
всекидневно,3
квартири,3
оплаква,3
сключен,3
апартаменти,3
спасителната,3
портмоне,3
заключвал,3
носиш,3
източниците,3
доволна,3
виновността,3
видно,3
последвалите,3
юнакова,3
съпруги,3
разпространиха,3
возили,3
общопрактикуващите,3
церебрална,3
времена,3
приоритет,3
руен,3
многото,3
вчерашния,3
духовен,3
разби,3
студенти,3
набирали,3
каснаково,3
информирах,3
използвайки,3
малтретирал,3
торса,3
отвличал,3
спекулативно,3
гуми,3
извадено,3
розелина,3
стандарт,3
принадлежност,3
бойно,3
алексиева,3
посетили,3
помолен,3
проповедникът,3
ключови,3
прибирал,3
вангелова,3
травмирана,3
ladyzone,3
впечатления,3
предупреди,3
пристъпи,3
пътници,3
оперативен,3
ранг,3
военнослужещите,3
обезопасен,3
срамува,3
пациентки,3
канят,3
дати,3
зинка,3
влияние,3
отлага,3
асако,3
възстановяват,3
основна,3
болно,3
произшествието,3
планина,3
помогнеш,3
достатъчни,3
завързана,3
здравна,3
смелост,3
честотата,3
топ,3
реалните,3
изпълнителен,3
съзнателно,3
калинка,3
предвиден,3
офиса,3
следял,3
инкриминиране,3
уведомление,3
наказателното,3
жандармерия,3
внася,3
информационната,3
забременеят,3
ефективни,3
удуши,3
наоколо,3
тунел,3
нарече,3
предложения,3
изписан,3
строи,3
потребител,3
претърпял,3
мислил,3
мелиса,3
язовир,3
процесуална,3
извадиха,3
отнеме,3
разпитва,3
газови,3
арда,3
общия,3
увредено,3
бала,3
натъкнали,3
новородени,3
дървото,3
изключват,3
хилядите,3
настроение,3
трибуна,3
управляващата,3
казваш,3
абсурдно,3
вътрешната,3
обл,3
документацията,3
книжката,3
картите,3
зададе,3
успяха,3
министерският,3
гаври,3
ходиш,3
плаши,3
махна,3
цонева,3
сопот,3
християни,3
влизането,3
стадиона,3
ефир,3
играе,3
яйчниковия,3
инсулт,3
резерв,3
ислямска,3
провинцията,3
събра,3
подадените,3
опитаха,3
проявили,3
катеричка,3
забрадките,3
нямах,3
религията,3
настояваме,3
обеци,3
пиротехника,3
разваля,3
считаме,3
писмени,3
здравословни,3
основния,3
дисциплинарно,3
питейно,3
техническата,3
капан,3
харчат,3
кости,3
появил,3
ушите,3
пожарът,3
потърпевшото,3
интересно,3
реаниматор,3
пенсии,3
пуснал,3
изпадна,3
сливенския,3
закупуването,3
поставил,3
фигури,3
таза,3
аптеките,3
нанесло,3
страхотно,3
вечеря,3
ата,3
справя,3
умъртвяване,3
снемат,3
наркозависими,3
заека,3
пренебрегната,3
ръководителка,3
културно,3
нарушавана,3
навреме,3
ритат,3
възрастовата,3
справедливостта,3
престъпно,3
душена,3
ямболската,3
мирен,3
потеглили,3
марадона,3
разяснява,3
уиски,3
днеска,3
свободата,3
метър,3
указателни,3
зима,3
табели,3
сетих,3
хранителни,3
компенсация,3
упрекват,3
нападнатата,3
предприемачи,3
предвидени,3
бремен,3
преживяното,3
внесла,3
допуснато,3
обитателите,3
готов,3
директен,3
късо,3
мислим,3
канабис,3
тормозен,3
гробно,3
горичка,3
героиня,3
събка,3
действащата,3
поставянето,3
полезен,3
прикована,3
вкара,3
пътувал,3
изваден,3
започвам,3
тихомир,3
затруднява,3
мол,3
пислар,3
дамян,3
изменения,3
груев,3
предполагаме,3
започнати,3
стрелча,3
носеха,3
фактори,3
берген,3
бременно,3
обясненията,3
елхово,3
обиждала,3
психическа,3
стоилов,3
защитен,3
ваканцията,3
отмъсти,3
биологичната,3
крачолов,3
собствени,3
извели,3
последни,3
чифлик,3
актьорът,3
инстаграм,3
улична,3
мала,3
слатина,3
празникът,3
учим,3
изправени,3
насочват,3
димитрийка,3
дадох,3
дълъг,3
опазване,3
настанили,3
срещаният,3
периметъра,3
обучен,3
проведат,3
светица,3
покажа,3
адресна,3
същ,3
съзнанието,3
свали,3
баланс,3
експертът,3
нарушена,3
съседните,3
указанието,3
ниски,3
директорите,3
нанасяйки,3
красиви,3
стратегии,3
разстроен,3
апелативните,3
пенсионерката,3
хероин,3
допуска,3
извънреден,3
неясни,3
черпи,3
общите,3
стряскаща,3
тона,3
молдова,3
създал,3
лесово,3
разкъсан,3
приеха,3
сълзи,3
помагач,3
инспектората,3
случайност,3
куфарът,3
прогнози,3
домакиня,3
вряза,3
левия,3
осигуряват,3
изпитание,3
вносителката,3
обитаван,3
храсти,3
прибират,3
влязох,3
безуспешно,3
виждаш,3
русинов,3
вън,3
подписва,3
гледано,3
шумкова,3
връщала,3
мирка,3
мустафа,3
ставали,3
равнопоставеност,3
закъсняла,3
смело,3
населено,3
единни,3
купих,3
зрители,3
кристин,3
единични,3
рила,3
украинска,3
симптомите,3
набиране,3
кошмарът,3
ранената,3
сини,3
живеещата,3
провеждане,3
бургаските,3
въвеждане,3
закупи,3
криминализиране,3
писмен,3
старицата,3
обител,3
партньорите,3
дързост,3
безвъзмездно,3
причинител,3
лили,3
саморазправи,3
доброто,3
модерно,3
великотърновското,3
деянов,3
отключил,3
постави,3
разплака,3
пиротехнически,3
приемна,3
врачани,3
злоупотребявала,3
намушкало,3
калибър,3
допълнителен,3
енчо,3
специалните,3
тежи,3
взаимно,3
трансплантираните,3
признала,3
ненавършило,3
мои,3
наказателен,3
проданова,3
родени,3
маската,3
разработка,3
черния,3
днешна,3
близостта,3
урология,3
правите,3
оплакала,3
стария,3
предупреждения,3
синя,3
тренира,3
пияна,3
джебел,3
мишена,3
отмъкнал,3
научат,3
казанлъшкото,3
болнични,3
разчистване,3
расим,3
маршрут,3
ялчън,3
прекарал,3
общежитието,3
нарушени,3
чаша,3
пребили,3
заплашили,3
илко,3
езиковата,3
настъпилата,3
стратегията,3
жал,3
нужна,3
трагичен,3
гетов,3
едновременно,3
крещяла,3
двойна,3
съчувствие,3
алеята,3
невинни,3
юлияна,3
подпалил,3
привързан,3
потребности,3
начална,3
проявеният,3
езици,3
запалка,3
поискало,3
пребивана,3
заспал,3
нямате,3
записва,3
тръгнало,3
маневра,3
съвест,3
дискусии,3
хаджииванова,3
запознават,3
ставаме,3
покрива,3
изпращали,3
справиш,3
докрай,3
изключи,3
увеличаването,3
управлява,3
сценарий,3
половата,3
кофите,3
докторите,3
хорото,3
отопление,3
разделим,3
прекъсва,3
белослава,3
научили,3
спечелените,3
причакал,3
съдби,3
станах,3
изплащането,3
правило,3
ляво,3
разположено,3
легално,3
вписва,3
трудноподвижна,3
късните,3
раздялата,3
обиколи,3
старозагорско,3
бъбрек,3
авария,3
хаджи,3
срокове,3
светльо,3
пътният,3
самуил,3
луковит,3
вълев,3
отивали,3
зелена,3
подобри,3
подвижна,3
непрестанно,3
успехи,3
петка,3
живи,3
ежедневие,3
възлага,3
убитият,3
годност,3
лети,3
рибка,3
камъни,3
отключила,3
бягала,3
огледало,3
гледане,3
sms,3
ритната,3
проявата,3
министри,3
съдействат,3
препоръките,3
днешно,3
тестове,3
регистрират,3
тарс,3
сайт,3
прекара,3
нальот,3
епилепсия,3
любчо,3
сириецът,3
изследва,2
видеа,2
разсъблечена,2
сведението,2
посочила,2
стигма,2
научни,2
желаещите,2
определиха,2
педофилия,2
новодиагностицирани,2
отворят,2
следвана,2
осиновена,2
открадне,2
предизвикателства,2
скок,2
противоправно,2
последваха,2
възпитан,2
фрапиращ,2
твърдял,2
развратни,2
допуснали,2
викаха,2
лоша,2
устройства,2
обиколиха,2
предупреждава,2
стояха,2
усилие,2
познайници,2
говедарци,2
биполярно,2
трудово,2
твърдение,2
мнения,2
трудност,2
селския,2
парашкевов,2
убийцата,2
референдум,2
разпространен,2
проявите,2
мюмюш,2
славов,2
тъща,2
безопасно,2
кула,2
изградено,2
цирк,2
следене,2
кръвната,2
изискат,2
отглеждане,2
тениските,2
обуха,2
утрешния,2
пресрещната,2
нареждане,2
френска,2
страдащата,2
съпроводено,2
владиславово,2
православната,2
стотина,2
деветдесета,2
блоковете,2
затварят,2
невяна,2
стоеше,2
виждаше,2
гъстата,2
крайново,2
изскочих,2
авторитети,2
ресен,2
родителство,2
очевидец,2
допусната,2
занимаваме,2
гневни,2
аргументът,2
тайланд,2
възпротиви,2
културни,2
нагласи,2
даряват,2
произвела,2
застрашават,2
очакванията,2
предмишница,2
грижим,2
удариха,2
уреждане,2
коментарът,2
подсказва,2
дадохте,2
отделена,2
изгубила,2
бандата,2
ненка,2
посрещаха,2
поптолева,2
фактическа,2
разболява,2
моргата,2
седял,2
радиус,2
компетентности,2
регистрирано,2
четвъртия,2
подчинение,2
храните,2
откривани,2
прегръдка,2
генджев,2
рада,2
гешева,2
кипър,2
проверяваха,2
възприели,2
тайната,2
пръчки,2
събирани,2
чупене,2
кризата,2
предоставяне,2
изследваните,2
моми,2
провокира,2
босилеград,2
информационния,2
отхвърля,2
възкресението,2
sofija,2
карло,2
пререканията,2
босилеградско,2
законосъобразно,2
неправителствената,2
намирам,2
равновесие,2
взело,2
аспекти,2
тийнейджърът,2
самоотвод,2
изхвърлил,2
говорителката,2
захвърлила,2
евробарометър,2
траур,2
козите,2
наложителна,2
кухина,2
рязък,2
заключили,2
ратифицирали,2
личностно,2
уморя,2
зверско,2
работливи,2
отправяла,2
заседанията,2
сексуалното,2
инструменти,2
призовани,2
наобиколили,2
спазени,2
поликлиника,2
покъртителни,2
изгониха,2
посрещна,2
упорито,2
съизвършители,2
погрешен,2
диагностицират,2
максуда,2
разведат,2
видинската,2
дкц,2
блокирана,2
гущеров,2
загриженост,2
недостроена,2
помагам,2
разделението,2
гавраилово,2
снимани,2
родом,2
тормозената,2
фокусът,2
евтанизирано,2
вербалните,2
жито,2
превърнала,2
прераснали,2
форуми,2
сегашната,2
забранена,2
пререкания,2
кози,2
получаваме,2
предотврати,2
неволно,2
реша,2
ливадите,2
тишина,2
красно,2
сунгарска,2
отмени,2
обхождат,2
подкрепяла,2
седнало,2
смеят,2
превръщат,2
доскорошната,2
поръчителят,2
закъснял,2
разбирания,2
неясна,2
барикадата,2
погрижиха,2
разпитвани,2
имотът,2
социалистическата,2
шокова,2
комплексна,2
младежко,2
прецизират,2
прибраха,2
наследствената,2
изненадана,2
извънредно,2
студеното,2
регистъра,2
припадък,2
обективността,2
помагаща,2
поща,2
объркана,2
врачанската,2
обширно,2
менингит,2
причинено,2
побягнал,2
десетилетия,2
драготинци,2
джени,2
повтарям,2
пенсионери,2
завлякъл,2
унизена,2
тормозено,2
заслужаваме,2
риташе,2
избра,2
спътничката,2
килограма,2
назаболели,2
техническо,2
стреса,2
трюфели,2
ликвидиран,2
длъжни,2
законотворците,2
осъществяване,2
училищен,2
запише,2
запалителна,2
избираш,2
защитите,2
коридорите,2
ненормалник,2
птп,2
уплашен,2
дойчев,2
притекли,2
подготвяме,2
изградили,2
острига,2
американска,2
съвещанието,2
сцени,2
събудил,2
издават,2
отключени,2
станцията,2
получавало,2
нарушител,2
предупредена,2
продължаваше,2
правех,2
унсс,2
бягат,2
невредима,2
тестван,2
развръзката,2
недкова,2
моментите,2
барети,2
участваха,2
пенсионна,2
мащабна,2
ядеше,2
лекота,2
свободното,2
справям,2
димитриево,2
каменов,2
филтър,2
брезен,2
заключват,2
обявяват,2
ставал,2
неглижирано,2
въоръжат,2
пеш,2
променили,2
решим,2
нулева,2
гробището,2
позволила,2
осинови,2
носил,2
чуваше,2
ексдепутатът,2
мазе,2
пристъп,2
отвсякъде,2
спасят,2
донесъл,2
купиш,2
обезобразеното,2
психоложката,2
избрани,2
приемала,2
инструктаж,2
ударът,2
прочетено,2
попадна,2
плачеш,2
компенсират,2
провокирана,2
следното,2
филия,2
апарата,2
седмия,2
естествен,2
паркирани,2
карало,2
дотам,2
смятате,2
победоносец,2
недоволните,2
докладът,2
включено,2
служителя,2
фалшиво,2
факто,2
назаем,2
солидарността,2
мъченица,2
двугодишното,2
ходил,2
старозагорския,2
именниците,2
помита,2
упълномощения,2
несигурност,2
императора,2
работещо,2
его,2
андреева,2
позволение,2
консумация,2
задаваме,2
придружен,2
въздържане,2
обяснило,2
мъдростта,2
незнайно,2
хвърляше,2
добричко,2
божи,2
преките,2
шега,2
одраскване,2
невероятна,2
оплакват,2
селфи,2
костадинка,2
краснодар,2
пука,2
кооперативния,2
обещала,2
абитуриентка,2
последват,2
изнасяла,2
обръщение,2
класацията,2
нахвърлил,2
изведат,2
психическите,2
усещане,2
харесвам,2
интервал,2
седне,2
борово,2
подкрепим,2
службата,2
открадна,2
действителност,2
следвали,2
срещнах,2
стори,2
възмутени,2
договорили,2
мрак,2
експлоатирани,2
борили,2
беглецът,2
пее,2
споменатите,2
реагирам,2
попълни,2
неопасно,2
нормата,2
ваксинираните,2
гецово,2
присъединиха,2
бозвелийско,2
специфични,2
люксембург,2
препречва,2
банкова,2
шофиран,2
емоциите,2
промениха,2
продължавам,2
уведомява,2
визирам,2
акцентира,2
дечицата,2
забравени,2
станишева,2
приемаме,2
кръстовища,2
клиентът,2
задължителни,2
прокопиев,2
интересни,2
точни,2
започване,2
здрав,2
обмисля,2
преспите,2
култури,2
противоречиви,2
засили,2
явяване,2
разкъсвания,2
удобно,2
явила,2
психическия,2
раковица,2
срутването,2
маджаре,2
зздн,2
прибра,2
хематология,2
пътечка,2
разминахме,2
извинение,2
божа,2
изпращала,2
кръстословици,2
благотворителна,2
предотвратени,2
резервни,2
кратка,2
химия,2
сиво,2
инспекции,2
раковите,2
ангажименти,2
взаимодействието,2
раково,2
травматизирани,2
редукция,2
държала,2
изнасилените,2
разпоредби,2
упражнявала,2
спря,2
проститутките,2
информирана,2
трансфузионна,2
аварията,2
необходимостта,2
ръкавици,2
бащина,2
забелязвам,2
настъпили,2
изясним,2
комплексен,2
високоефективни,2
допусне,2
завистта,2
завъртя,2
конкретната,2
плакати,2
омразата,2
фаредин,2
собственият,2
приключила,2
шоколадчета,2
конструкцията,2
уговарят,2
вървим,2
паркиране,2
ускоряват,2
езикова,2
дадените,2
бежанци,2
отдалече,2
пътуващи,2
довърши,2
занесе,2
непознатият,2
филтъра,2
ббц,2
разположена,2
извадих,2
учуди,2
финансирането,2
съществено,2
порицание,2
бояджиев,2
инспекцията,2
пречат,2
избягалият,2
прилошава,2
затворникът,2
учебния,2
харча,2
весело,2
подкрепление,2
неадекватен,2
изградим,2
стигнал,2
кварталният,2
участнички,2
вафли,2
рамо,2
алтернатива,2
икономическите,2
квота,2
европейските,2
съседските,2
линкълн,2
ласина,2
интересна,2
опожарен,2
възпитанието,2
танев,2
простата,2
данъчните,2
гражданските,2
присъдени,2
мургаш,2
излизах,2
интересен,2
надявах,2
претърпяха,2
конфликтни,2
бясна,2
кръводарители,2
анализира,2
последвалата,2
обръщала,2
мислела,2
шотландия,2
минималния,2
ски,2
смъртоносните,2
връщам,2
гледани,2
важните,2
лозен,2
престъпника,2
страшното,2
допуснала,2
разбият,2
байер,2
застрелям,2
административно,2
изказаха,2
атаките,2
фантасмагории,2
изписване,2
проследил,2
приходната,2
играчки,2
масовите,2
епископ,2
прекалено,2
трафопостът,2
байрактаров,2
етичната,2
биологична,2
отличниците,2
навиците,2
радостно,2
изпратения,2
фронт,2
патриотичния,2
пленарната,2
хуба,2
доколко,2
текстът,2
доразследване,2
приехме,2
измамена,2
слухът,2
превърнаха,2
санкционирани,2
изчакваха,2
кутрово,2
оставаме,2
повтаря,2
страничен,2
шокиращи,2
напускала,2
екшънът,2
благодарим,2
решително,2
жизнените,2
пациентките,2
боянски,2
трансплантирани,2
допуснаха,2
вродена,2
екстремно,2
изпитвала,2
изостави,2
отчаяна,2
консултативния,2
принудили,2
паниката,2
рангелов,2
пълнолетие,2
постоянни,2
сложил,2
ръководна,2
войници,2
салим,2
получавам,2
кастрева,2
точните,2
колабирало,2
заплашителен,2
преподавателите,2
преценя,2
двегодишно,2
ходехме,2
нарича,2
загадка,2
строителна,2
защитена,2
следена,2
изследвани,2
разпечатки,2
възможностите,2
притеснен,2
следователят,2
балев,2
обърнали,2
студ,2
умряла,2
черепна,2
лампата,2
труповете,2
възпитаник,2
набит,2
информирали,2
осмокласника,2
вазов,2
класна,2
съгласен,2
психическата,2
учебни,2
осмия,2
единствена,2
плувни,2
метропол,2
състезателите,2
мойте,2
умряха,2
вачева,2
вписани,2
реклама,2
катрин,2
отговорите,2
посрещнати,2
веси,2
изпитат,2
горещи,2
притежавани,2
жизнени,2
писмата,2
огромни,2
хранила,2
склонност,2
обирал,2
ракитово,2
финансиран,2
напреднал,2
пропадането,2
килер,2
разделял,2
пребила,2
омагьосан,2
излезеш,2
излъгал,2
участ,2
повикали,2
писма,2
намален,2
шулева,2
месо,2
набезите,2
импулсивен,2
идентичността,2
делят,2
ромските,2
плевнелиев,2
фургон,2
салич,2
ендрев,2
оплождане,2
семинар,2
лъвов,2
заложат,2
начинаещи,2
следобедна,2
сенсей,2
взимане,2
чашата,2
тийнейджърките,2
гаджето,2
покажете,2
ромео,2
чинтулов,2
земи,2
пансиона,2
купуването,2
кюлев,2
влизаш,2
малформации,2
нестандартна,2
затруднен,2
придобити,2
неосъзнаване,2
характеризира,2
териториите,2
клиента,2
разпознаваме,2
изиска,2
френската,2
злоупотребявал,2
желаещи,2
избил,2
стресирана,2
връзван,2
изискване,2
медийна,2
трифон,2
записването,2
видинския,2
велин,2
карембьо,2
тригодишно,2
велинов,2
сърдита,2
диего,2
порасналите,2
хармония,2
подбор,2
спасим,2
уча,2
заведоха,2
живей,2
труден,2
похитена,2
биячи,2
слънцето,2
поели,2
лошите,2
точките,2
часовата,2
шопов,2
почетен,2
улесниш,2
сервитьор,2
подписват,2
излъгани,2
видяха,2
чешма,2
стигаме,2
югославия,2
госпожо,2
публикуват,2
назначи,2
обсебен,2
гей,2
епизод,2
уникален,2
грета,2
догодина,2
сълзите,2
дарители,2
предоставен,2
такева,2
изкарал,2
състезанието,2
наполовина,2
луд,2
връзките,2
отправиха,2
смели,2
покушения,2
дует,2
обичаи,2
величкова,2
протокола,2
княжево,2
противопоставят,2
срути,2
пътуване,2
занимавам,2
запазва,2
представим,2
пресичали,2
вписано,2
силвестър,2
слязъл,2
хубав,2
лишени,2
решило,2
потърсено,2
кореспондентите,2
патоанатоми,2
съпротивлява,2
помагаше,2
посоката,2
плевенското,2
прогони,2
треньорите,2
символизира,2
критикува,2
фондът,2
предишен,2
бойчев,2
редовните,2
битува,2
уважаван,2
отблизо,2
чистачка,2
класните,2
яворов,2
едногодишна,2
тъжната,2
взетите,2
пушачите,2
хронични,2
едрият,2
лишава,2
откара,2
гимназистите,2
псувал,2
постигнали,2
задигат,2
възрастно,2
пенсиите,2
обгорено,2
издигнат,2
освидетелствано,2
психиатрите,2
изнудвана,2
авторитет,2
съвместна,2
личало,2
узунов,2
етнически,2
въпросник,2
територии,2
любимата,2
причаква,2
мнима,2
прострелни,2
женско,2
тревожна,2
оплаквал,2
оздравим,2
листата,2
изтичали,2
прегърна,2
западен,2
странен,2
държали,2
типа,2
жизнено,2
упражнения,2
разчленено,2
накараме,2
потърпевш,2
художника,2
твърдя,2
забърка,2
постига,2
възстановим,2
започнем,2
отключи,2
тодорина,2
рискови,2
асенов,2
причиняването,2
голо,2
тумор,2
споделиха,2
изритано,2
наела,2
изхвърлят,2
безплатни,2
самоубия,2
нападнатото,2
падаше,2
нит,2
разпространена,2
добива,2
недоносено,2
разтърве,2
палеца,2
идентификация,2
преки,2
търсен,2
клиентка,2
ядосал,2
медико,2
палмър,2
мара,2
познайник,2
хемус,2
цариградско,2
икономическата,2
зачатие,2
влечаха,2
уволнени,2
одобрените,2
офис,2
имами,2
дост,2
заявителски,2
лютви,2
работодателите,2
возели,2
чудно,2
необходимост,2
разведена,2
велики,2
занимавате,2
омъжи,2
хич,2
хоспитализираните,2
предложих,2
инфекции,2
фамилията,2
ирен,2
злати,2
евентуален,2
организирал,2
минимума,2
върнахме,2
френски,2
компаньонка,2
нощните,2
основания,2
ангажират,2
отделени,2
разчисти,2
акцентът,2
калифорния,2
изходите,2
естественото,2
харалан,2
неправителствена,2
свободна,2
разпоредба,2
влизала,2
баха,2
уговорка,2
ротарианци,2
караше,2
дагоново,2
мащабната,2
ислям,2
радикален,2
доволни,2
разбирали,2
знамето,2
пиперков,2
дъбница,2
бойци,2
обучено,2
стамен,2
невежеството,2
закрие,2
точният,2
разпределя,2
богоугодно,2
гърмен,2
транспортната,2
платено,2
основана,2
гарантиране,2
бурките,2
пропаганда,2
джамиите,2
заявката,2
хесус,2
преместени,2
нощният,2
бележки,2
заляти,2
тетрадки,2
ахмедов,2
подбудителя,2
лидерите,2
покровителка,2
разбила,2
пазарджишко,2
рцз,2
шехризаде,2
влачено,2
настанил,2
забелязват,2
борса,2
зеленчукова,2
партньорка,2
гърди,2
перманганат,2
керменова,2
калиев,2
примесена,2
енимехмедов,2
хроника,2
залят,2
прикритието,2
тетрадка,2
движеща,2
изгарянията,2
отпътувала,2
мислели,2
зетят,2
отсъствието,2
синдикален,2
отсъствало,2
изтеглила,2
станева,2
светлана,2
гебрева,2
татуировка,2
мартинова,2
сключеното,2
красят,2
върбови,2
стоя,2
имен,2
празника,2
командно,2
опасния,2
дана,2
улучил,2
мечтите,2
празен,2
херардо,2
минчев,2
шестия,2
джобът,2
отрицателен,2
женен,2
шуменска,2
клонки,2
емоционалното,2
разпознаване,2
отсечка,2
езичници,2
безсилен,2
качват,2
родственици,2
хилката,2
усещат,2
удушено,2
топчето,2
ястия,2
убежденията,2
раздава,2
мъртвите,2
дарява,2
стопанката,2
откъсването,2
контролно,2
икономическото,2
мистериозния,2
часовете,2
безпрецедентни,2
пространства,2
простира,2
динев,2
гиздева,2
ивица,2
разбил,2
събужда,2
категоричната,2
повлече,2
комбинация,2
охранявана,2
недоумява,2
паспортът,2
изваждане,2
питали,2
пуснах,2
унгарското,2
изкарани,2
предполагала,2
сърчаджиева,2
детството,2
подзащитна,2
смазва,2
чернева,2
изкачи,2
възпитаничка,2
високият,2
гизел,2
шокираща,2
съкратената,2
възпитателят,2
излежи,2
ари,2
андон,2
незаконосъобразно,2
подаряваме,2
призован,2
интерната,2
съставени,2
наивно,2
пребия,2
звяр,2
приключено,2
близнаков,2
паднах,2
наби,2
златко,2
приключването,2
злоупотребяват,2
търпимост,2
проявяваме,2
уронва,2
супер,2
пищи,2
служебните,2
заплаши,2
екстрадиция,2
бияч,2
облаги,2
шокът,2
безучастно,2
басейна,2
гето,2
предизвикало,2
сърдечно,2
биячите,2
минус,2
тясна,2
съжалявал,2
нает,2
ториното,2
женена,2
учила,2
срамуват,2
обичаят,2
разрешението,2
унгарски,2
балкански,2
изпълняват,2
махали,2
изискват,2
инсценирала,2
марица,2
гребната,2
вдигната,2
поредни,2
невнимание,2
землището,2
претърпели,2
отровени,2
фокусира,2
сирачета,2
почивката,2
трансджендър,2
значителна,2
родственик,2
пере,2
правнуци,2
свекъра,2
хъс,2
бетонна,2
обещава,2
определили,2
фанор,2
първокласничката,2
притеснителен,2
аудитория,2
отцепи,2
сумистът,2
гюзелев,2
заведена,2
махлянов,2
годеницата,2
мотор,2
каролев,2
орден,2
агресорът,2
подобните,2
мото,2
сумото,2
йонко,2
йокозуна,2
оцелеят,2
логопеда,2
подарявал,2
евтимова,2
лодки,2
сачанска,2
туристите,2
изградил,2
клинична,2
свидетелка,2
избухлив,2
надута,2
мъгла,2
тоалетна,2
петракиев,2
внучетата,2
лъчезарно,2
осъществена,2
разпитала,2
местоположението,2
дупка,2
пресата,2
изнасилва,2
златев,2
живяхме,2
изпитах,2
щастливо,2
абитуриенти,2
пръстена,2
спонтанно,2
рухналата,2
пренс,2
порт,2
заключваме,2
балове,2
развалините,2
чакам,2
продължа,2
забравят,2
джейк,2
фучеджиев,2
лекуваше,2
обходи,2
разболя,2
антов,2
абсурдна,2
отричал,2
мълчала,2
петричкото,2
дефиниция,2
колежка,2
натривки,2
купувач,2
разменени,2
признаването,2
духовни,2
митрополит,2
разстреляна,2
строгия,2
мустрак,2
приключва,2
милен,2
стопанисване,2
лук,2
посетители,2
вещо,2
минчева,2
бюлетин,2
поръчител,2
изнервена,2
обиждат,2
изхвърлен,2
бнт,2
девин,2
мобилност,2
намиращи,2
снимайте,2
издирвано,2
закуски,2
лагера,2
безобидно,2
спазва,2
разделено,2
откровени,2
павилион,2
очилата,2
къро,2
решено,2
цануйкова,2
продължителни,2
съвети,2
ивайлова,2
ищцата,2
родителска,2
множествена,2
ограбили,2
гаврили,2
променил,2
доверява,2
делчева,2
топка,2
художествена,2
събера,2
клетката,2
тъщата,2
исканата,2
замина,2
повярвала,2
огрев,2
оператор,2
диалог,2
протестиращи,2
обхваща,2
изразим,2
изготвил,2
замесените,2
канона,2
разкриване,2
институционално,2
ликвидира,2
прибрахме,2
изложена,2
преодолени,2
охридската,2
богослови,2
вноска,2
квалификации,2
обезобразено,2
непълнолетието,2
контрольорите,2
хвърлили,2
въоръжения,2
шесто,2
пристигнат,2
дъглас,2
психологическата,2
фани,2
кооперативна,2
направите,2
актьора,2
лампите,2
страхотни,2
унижение,2
молят,2
давид,2
художник,2
дима,2
панче,2
автогара,2
закрито,2
придружител,2
ритана,2
разстроена,2
редовна,2
възниквали,2
озовава,2
обвиняваният,2
пейката,2
твърдица,2
преживея,2
приживе,2
литка,2
актьорска,2
помнят,2
настоящото,2
свършва,2
превърнало,2
апаратурата,2
осъществявал,2
забрави,2
въздейства,2
обществените,2
обаждал,2
натфиз,2
вашингтон,2
челебийска,2
вашите,2
идваме,2
класове,2
горните,2
уют,2
блудствал,2
местният,2
изявление,2
хулигани,2
прекрасна,2
общинския,2
огорчена,2
дясното,2
изкуства,2
доближил,2
пресцентърът,2
народен,2
захапа,2
зоопарка,2
жежовски,2
челебийски,2
диагностика,2
класически,2
изживее,2
кача,2
красиво,2
пристигат,2
гьорчевски,2
ползван,2
издирен,2
запаля,2
свързали,2
позволя,2
чуколов,2
чудех,2
публичност,2
разкрием,2
автентичността,2
трудното,2
променила,2
глобален,2
опровергаха,2
работодател,2
изрод,2
следят,2
седяла,2
шесторно,2
южен,2
имащи,2
разкажат,2
причинен,2
жестоката,2
неуточнена,2
вентилация,2
опасните,2
предприятие,2
възникналия,2
подготвена,2
кошински,2
прозвучи,2
николаева,2
луково,2
будна,2
разправя,2
рецидивиста,2
премъдрост,2
строим,2
рим,2
аргументира,2
благочестивата,2
шокиращото,2
преодолее,2
бюрокрация,2
вицепремиера,2
укриването,2
христовата,2
текста,2
страшни,2
пойразова,2
придобие,2
вилата,2
прилагат,2
уведомлението,2
подходящото,2
трафопоста,2
одеяло,2
пелети,2
любимци,2
сложно,2
притеснително,2
дреха,2
телефонното,2
издърпана,2
взимала,2
абсолютна,2
депозирани,2
тонев,2
подчиняват,2
умреш,2
малцинство,2
умираш,2
отчетени,2
клевети,2
методическите,2
безумно,2
офшорка,2
карахме,2
слязох,2
следете,2
мушкам,2
мачокова,2
свикна,2
роза,2
звъннах,2
посегнах,2
evn,2
издърпал,2
гладува,2
постъпват,2
пациентът,2
куп,2
използван,2
жандармерията,2
реализация,2
нетрадиционни,2
допускал,2
елзас,2
равен,2
променян,2
оод,2
мощите,2
безхаберието,2
гкпп,2
цветеслава,2
прекратят,2
гълъбова,2
арестували,2
погребе,2
давещи,2
правомощия,2
кораб,2
търпение,2
механик,2
довечера,2
възпитават,2
тренировки,2
условната,2
щастливи,2
призиви,2
изкуствена,2
загубените,2
благоевградско,2
повдигането,2
позиции,2
поставено,2
пометено,2
извода,2
шандаков,2
инж,2
уличеният,2
сложило,2
таван,2
пешеходните,2
прогнозата,2
порочен,2
iii,2
непреклонни,2
тревожат,2
подезична,2
позволило,2
граничен,2
антиох,2
наместникът,2
ползваме,2
издали,2
завръщането,2
добродетели,2
детегледачите,2
васислав,2
потенциални,2
омбудсман,2
отверка,2
пловдивските,2
провокиран,2
нахранено,2
обидил,2
заживява,2
педофилите,2
превърнал,2
ратифицират,2
козлодуй,2
оставяне,2
стихва,2
нощна,2
дамла,2
прибрало,2
присъстващи,2
лопата,2
явяват,2
горанов,2
доведат,2
дебело,2
общности,2
черво,2
равенството,2
срещано,2
противоречат,2
всякаква,2
николае,2
изпитвал,2
даваше,2
упражнявано,2
разпознаят,2
оттегли,2
съседни,2
говориха,2
минат,2
провела,2
отсъствал,2
разположение,2
започналата,2
приключат,2
настоявала,2
американското,2
убили,2
формално,2
преместят,2
гайков,2
интелигентно,2
патологичната,2
шествията,2
описа,2
гергова,2
употребила,2
отнасят,2
заслужили,2
феминизмът,2
десния,2
поправителния,2
лов,2
надмощие,2
поел,2
увеличат,2
мечките,2
abc,2
претърсени,2
разрушила,2
накажат,2
занимавали,2
смолянската,2
оставен,2
огромната,2
чорбанов,2
чупят,2
пиша,2
разговорите,2
гласува,2
начини,2
уговорката,2
заведа,2
канала,2
системни,2
ходове,2
сириеца,2
прекараха,2
оттеглят,2
радмила,2
главчев,2
погълнала,2
изразяваше,2
взимам,2
общуваме,2
настояването,2
вярваше,2
идентифицирането,2
класният,2
еднолично,2
тениска,2
температурите,2
отивате,2
претърсват,2
интервюта,2
затруднявал,2
скъпата,2
кажете,2
живеещи,2
отвърна,2
намираме,2
успеят,2
спим,2
шуменско,2
кос,2
рдвр,2
рали,2
влатко,2
чувах,2
автентична,2
сайтове,2
изкуството,2
разградското,2
украинката,2
дишли,2
ганчев,2
изгони,2
белнейски,2
мед,2
събирал,2
прикрият,2
преграда,2
споменавала,2
нарушители,2
преде,2
забрадката,2
разправа,2
обсъждат,2
ограничителните,2
дъното,2
устройство,2
трагичната,2
измъкнат,2
вест,2
износа,2
завръзката,2
потърсени,2
деветте,2
компоненти,2
липсвали,2
подозрения,2
иззета,2
изминалото,2
идентифицирана,2
прякор,2
осъжданият,2
ангажираност,2
бъбрека,2
кабинетът,2
кварталния,2
корупцията,2
британска,2
подстрекавани,2
догановци,2
супермаркет,2
строителство,2
нрава,2
подаряват,2
критик,2
часовника,2
подмамвани,2
стабилизирани,2
стопанство,2
слушал,2
биеше,2
туркофил,2
политик,2
ефект,2
статистиките,2
яростно,2
нападателките,2
ромите,2
туристка,2
прогнозира,2
заплашвано,2
отказало,2
анализаторът,2
спецслужбите,2
овцете,2
шапка,2
площадката,2
облаците,2
джамия,2
засилен,2
учебниците,2
докладват,2
погасил,2
футболния,2
автономия,2
нишката,2
принуждават,2
заплашен,2
глобата,2
касиерката,2
дечица,2
книга,2
етажи,2
шахтата,2
излизайки,2
написал,2
охранява,2
бездейства,2
помогнаха,2
песента,2
наргиле,2
парламентарно,2
занимавал,2
ресурсен,2
заболяванията,2
познавах,2
разгледана,2
панайотова,2
внушение,2
помолих,2
изнася,2
компютъра,2
стихотворение,2
манев,2
магазини,2
палката,2
минахме,2
родил,2
куража,2
скарване,2
поправка,2
неадекватна,2
допълнение,2
хематолози,2
гръм,2
моментално,2
влизал,2
взехме,2
митинг,2
карагьозов,2
арестуват,2
чужденец,2
денков,2
безсилни,2
намушкване,2
родопския,2
ръководят,2
шипка,2
туберкулоза,2
нереална,2
преговорния,2
показно,2
търпението,2
вила,2
наложила,2
идвам,2
корените,2
доведения,2
чувстваш,2
превърне,2
пътни,2
кротки,2
регистрирам,2
непълнолетна,2
bic,2
белград,2
титуляр,2
мисленето,2
неглижират,2
конституира,2
психиатричното,2
обсъдят,2
изработването,2
пенева,2
мечти,2
висшето,2
механизмът,2
боре,2
ефективното,2
русенския,2
пуста,2
велибор,2
охранителни,2
стъклата,2
ислямските,2
паралелна,2
елитни,2
лекуват,2
картата,2
спорове,2
локума,2
луксозен,2
давал,2
алуан,2
излъчването,2
мюсюлманските,2
самоубиеш,2
дипломатите,2
изслушан,2
употребена,2
върнем,2
гарантираме,2
функциониране,2
обирджията,2
реагираме,2
ромска,2
случила,2
хулиган,2
излезете,2
вулгарни,2
измъкват,2
богатите,2
проектозаконът,2
изкуство,2
констатациите,2
функционира,2
банкноти,2
окървавени,2
колекционер,2
селските,2
организирани,2
лик,2
столичанка,2
консулството,2
външното,2
обирджия,2
повдигане,2
световен,2
апостола,2
блъскал,2
механджийска,2
прешлени,2
касаещи,2
изготвянето,2
търговията,2
одраскана,2
общува,2
уши,2
внучето,2
изоставено,2
тича,2
правилника,2
разпознали,2
извиня,2
грижата,2
камара,2
слаби,2
струма,2
грешно,2
писала,2
хем,2
лика,2
африка,2
скайп,2
паспортното,2
мъките,2
ходенето,2
добричкото,2
бурни,2
твоята,2
грешен,2
чачев,2
лятната,2
чувствала,2
траянка,2
чин,2
заеми,2
работехме,2
възникването,2
управлявания,2
злоумишлено,2
портфейлът,2
близкият,2
видеонаблюдението,2
несправедливост,2
явна,2
засегнат,2
изглеждам,2
описани,2
нехайството,2
кокаляне,2
въже,2
разплете,2
работната,2
пречила,2
матрос,2
пристигалите,2
улики,2
оцелял,2
довереника,2
настоявам,2
проследили,2
престрелката,2
предизвикали,2
италианските,2
гражданки,2
имунизационните,2
скромно,2
леграно,2
уголемяване,2
виновният,2
федерация,2
съседско,2
гадже,2
овъгляване,2
разкрие,2
насилствен,2
уважените,2
отварял,2
пробождания,2
ръководни,2
скубал,2
мнимият,2
погледа,2
акцизни,2
достойнство,2
описала,2
робство,2
скача,2
тота,2
гарги,2
слагала,2
обслужва,2
класен,2
парацетамол,2
безработни,2
вляза,2
предупредени,2
спецпрокуратурата,2
хващат,2
моторни,2
съответни,2
позволим,2
помогни,2
геориева,2
европрокурора,2
обезобразила,2
пневмоторакс,2
изгорялата,2
разпределение,2
записан,2
електрически,2
запален,2
газово,2
предизвикателство,2
казало,2
нощем,2
изпълнителната,2
микробус,2
спринцовката,2
случат,2
седнала,2
бежанците,2
убиваш,2
изнесени,2
димчево,2
бургаското,2
земеделските,2
беля,2
донесе,2
ловно,2
внесоха,2
заседава,2
грешни,2
изнесена,2
одежди,2
меко,2
направихте,2
царят,2
богатство,2
разчитат,2
локва,2
констатираха,2
унизително,2
нечовешко,2
скенера,2
отоците,2
царя,2
дортмунд,2
зная,2
летален,2
отравяне,2
минавали,2
внезапен,2
отглеждала,2
декара,2
давност,2
интеграция,2
насреща,2
ориентира,2
работниците,2
мускул,2
пуснали,2
татуировките,2
комисии,2
сърдечния,2
заловени,2
превишил,2
нормативната,2
убеждения,2
ударени,2
обадих,2
протичането,2
мениджъри,2
неофициални,2
щитовидния,2
преносители,2
водело,2
тъкани,2
гумата,2
меките,2
травматична,2
разделихме,2
преследвани,2
вапцаров,2
даването,2
бежанец,2
пръстеновидния,2
марфа,2
протече,2
посоки,2
крием,2
гледаш,2
предадат,2
ограничава,2
неизяснени,2
исхемични,2
противник,2
медицинското,2
вицепрезидентът,2
хрущял,2
издаването,2
вицепрезидента,2
резолюция,2
ненасилствен,2
омъжена,2
призвание,2
лихви,2
пижама,2
викнахме,2
претенции,2
заявят,2
изминалите,2
ескалират,2
задушава,2
пудрия,2
съгласих,2
предявява,2
наречения,2
породен,2
луиза,2
паричната,2
напредва,2
отчаян,2
обаждам,2
копитото,2
помагали,2
допуснат,2
насам,2
раздаване,2
комплексни,2
фактора,2
страхът,2
оперативната,2
апелира,2
велика,2
метла,2
дулото,2
постройки,2
мъглижкото,2
обирджиите,2
тръгнах,2
вярваме,2
разблъсках,2
ясла,2
мис,2
махне,2
слушалки,2
виждало,2
потърсите,2
военновъздушните,2
засилена,2
студена,2
карате,2
почине,2
секта,2
арена,2
клипове,2
сбиха,2
ескалирал,2
разходката,2
спасителен,2
навреди,2
провинение,2
клиповете,2
възмутен,2
нейн,2
обезпокоени,2
малтретиране,2
летял,2
видеоклип,2
повърхностни,2
издирваха,2
христиана,2
божия,2
молитва,2
заличат,2
вино,2
деветгодишно,2
минимална,2
излизаше,2
досиета,2
белово,2
поясниха,2
нелегалния,2
чаршаф,2
поискаш,2
подалата,2
компетентен,2
медицинският,2
изтезание,2
познаваме,2
инсценирало,2
пръскачката,2
блокират,2
спецсъда,2
телеграма,2
душил,2
предотвратено,2
самоубийството,2
изчакват,2
доведоха,2
подавало,2
хазна,2
коментирана,2
многобройните,2
охранителните,2
съжителството,2
посочен,2
заровил,2
изх,2
срещнаха,2
наркотиците,2
повишаването,2
прът,2
ревизия,2
кристал,2
излежава,2
слуша,2
изпило,2
таванско,2
проверявани,2
внуците,2
хоризонтално,2
педиатрично,2
лейтенант,2
следени,2
наказателни,2
вълканов,2
любовник,2
лекостепенна,2
съпроводени,2
окосмента,2
предприел,2
кръвнина,2
наречената,2
дървен,2
безжизнените,2
будно,2
калчев,2
тревожни,2
съселяните,2
кротко,2
китката,2
издирваните,2
тригодишната,2
жана,2
брутални,2
виновник,2
наводнението,2
хола,2
проникнал,2
престъпникът,2
бутнал,2
изразяваме,2
тенева,2
гардероба,2
флоров,2
денонощна,2
отмине,2
осмеляват,2
държейки,2
половинка,2
заварих,2
потопа,2
считам,2
височината,2
уверява,2
служебното,2
чората,2
защитават,2
полски,2
тръмбеш,2
гори,2
мелето,2
стихията,2
преназначен,2
ресурси,2
гласът,2
метопролол,2
викнал,2
донорите,2
питане,2
чакащи,2
разтърсено,2
гяуров,2
гледката,2
пристройката,2
започналото,2
засегнали,2
летящо,2
пристройка,2
мозъкът,2
общинско,2
възпитаници,2
непосилна,2
докладвано,2
инспекторатът,2
изпере,2
връщали,2
седмокласник,2
статута,2
площ,2
прасе,2
доживотно,2
отвръща,2
апелирам,2
сват,2
колеж,2
анчев,2
генерален,2
описаните,2
финансовият,2
бедрена,2
окаяно,2
атентата,2
подтикнал,2
свещ,2
нанчев,2
отнетата,2
пияни,2
лихтенщайн,2
спортното,2
разпоредил,2
насрочено,2
шофьорката,2
начев,2
джони,2
ортопедия,2
мине,2
заклал,2
намалено,2
бюджети,2
раднево,2
блъснала,2
кьосева,2
маджуров,2
шофьорка,2
заложил,2
честванията,2
санкционирана,2
обесен,2
необходимото,2
загинало,2
придружаващи,2
крещял,2
заменено,2
парламентарни,2
емине,2
банско,2
ужасяващо,2
рутинна,2
упоритостта,2
злато,2
исперих,2
съвместни,2
повлияят,2
пожелавам,2
подписаха,2
дървени,2
спусъка,2
обвиниха,2
яве,2
законовата,2
млрд,2
отговорих,2
мексиканската,2
символично,2
ръководила,2
първоинстанционния,2
отървали,2
зверското,2
запалване,2
подписи,2
ивайловград,2
неистински,2
занапред,2
минаваше,2
генчева,2
паскова,2
ръкописно,2
осмелила,2
пробождане,2
драганица,2
елка,2
упражняване,2
преустановили,2
bird,2
спортен,2
тайни,2
отмъстителност,2
забележат,2
споразумението,2
сезал,2
доказване,2
посещавало,2
контузно,2
работно,2
разписани,2
изготвено,2
bguncr,2
имуществени,2
осъществяват,2
заминават,2
претърпени,2
прекратил,2
стоновете,2
икономическия,2
монтанско,2
публична,2
копие,2
предполагат,2
разпознават,2
критични,2
афп,2
издирваната,2
забременява,2
предаване,2
източник,2
помисляла,2
автобусна,2
намесил,2
пожари,2
ставам,2
преборих,2
заколи,2
яница,2
проведоха,2
обиколка,2
безредици,2
архивите,2
раждат,2
юридическо,2
масов,2
оборот,2
недвижими,2
покупко,2
мъжка,2
закупен,2
проверяван,2
държавният,2
пиар,2
привличане,2
извършителка,2
тленните,2
потърпевшия,2
несъвместими,2
ревностна,2
посланието,2
дружбата,2
предшестван,2
проверя,2
смрад,2
неочакван,2
загубило,2
продуцент,2
пое,2
отразяването,2
доказал,2
неплатен,2
криела,2
лайфстайл,2
мече,2
единици,2
неуспешен,2
възложено,2
повереника,2
дисциплинарна,2
регистри,2
израснала,2
спонтанна,2
изграждане,2
grazia,2
group,2
анета,2
петно,2
световния,2
лигава,2
обективната,2
следствено,2
процедурите,2
справки,2
афганистан,2
бусаров,2
мъжко,2
действат,2
бъди,2
закрита,2
гърдата,2
активната,2
сгрешена,2
покажеш,2
мосв,2
лапи,2
конкурс,2
гориво,2
федербал,2
законодателните,2
пожаро,2
провокиращ,2
лекарство,2
притеснявали,2
пакет,2
ратифицирането,2
лаконично,2
символите,2
масово,2
охраняван,2
козметични,2
ключовете,2
неподходящото,2
нагласите,2
кокалчето,2
недоумяват,2
манчев,2
журналистът,2
липси,2
уред,2
тате,2
вадил,2
брифинга,2
лъчезарна,2
гарантиращи,2
вълнуват,2
семейните,2
уикендите,2
бивак,2
янтра,2
ведомство,2
преследват,2
размина,2
разстройства,2
дебитна,2
битки,2
издържат,2
капака,2
белянова,2
деветокласничката,2
издирвана,2
равносметката,2
вдига,2
хвърлила,2
сблъсъци,2
иззето,2
шестокласничката,2
културните,2
сотирова,2
часовото,2
змвр,2
спасова,2
антибиотици,2
възнамеряват,2
злокачествено,2
желания,2
повдигнал,2
учителят,2
духовете,2
признанията,2
сценаристът,2
оставил,2
травматология,2
звъннаха,2
гачева,2
документалистите,2
обещаха,2
боклука,2
струпат,2
заплашиха,2
премахнато,2
сметище,2
затисната,2
инспекторат,2
отпред,2
разясни,2
лимфом,2
филиповци,2
турска,2
дупнишкото,2
воденичарски,2
кила,2
претърсването,2
закъснели,2
математическата,2
скулптурата,2
качило,2
цистерна,2
княжеската,2
нормативни,2
украинската,2
обадило,2
челото,2
викът,2
изплашени,2
оперирана,2
обезопасителна,2
константинов,2
den,2
униформен,2
училищния,2
труднодостъпна,2
бабичка,2
двойки,2
възнамерява,2
родителя,2
съветската,2
стамболов,2
разследвана,2
говорела,2
химиотерапия,2
раждания,2
стволови,2
младежкото,2
сунгурларе,2
шиен,2
нидерландия,2
предходни,2
русенският,2
прободен,2
проявено,2
повредена,2
изява,2
код,2
появила,2
долен,2
сатовчанското,2
изстрелял,2
играта,2
дишането,2
бостанджиев,2
портал,2
съблюдава,2
препоръки,2
терапевт,2
праг,2
отишло,2
андонов,2
телиш,2
повикване,2
дози,2
патерица,2
смъртните,2
общините,2
настанените,2
върхът,2
мутафчийски,2
разгледан,2
издърпва,2
изразявам,2
придружена,2
познавайки,2
изолирани,2
уцелил,2
заявка,2
председателите,2
пластмасов,2
пледира,2
свиква,2
координационният,2
ядосан,2
включили,2
русенката,2
направление,2
сините,2
прехвърля,2
борда,2
покупката,2
рисков,2
имунната,2
залегнали,2
кармен,2
интензивност,2
надскочили,2
атакува,2
коронавирусът,2
чуете,2
нареждат,2
окръжни,2
заключената,2
ефективен,2
информирани,2
посочената,2
зали,2
кратки,2
желю,2
наречем,2
популяризират,2
точки,2
апелативни,2
протичане,2
унижения,2
здравен,2
печката,2
болят,2
спра,2
заговори,2
показахме,2
кашлицата,2
снега,2
сложиха,2
кашлям,2
празничния,2
каменна,2
вирусът,2
велкова,2
лечебните,2
подиграват,2
фамилии,2
справката,2
музея,2
добринка,2
свика,2
грозден,2
малашевска,2
транспортирането,2
връстнички,2
назидание,2
меджнун,2
охранителната,2
селската,2
охранявал,2
филми,2
пазели,2
посинена,2
пиел,2
екшън,2
раковска,2
възпитатели,2
навлязъл,2
договорка,2
анти,2
ритали,2
портала,2
интервенцията,2
интервенции,2
декларирал,2
завеждащ,2
свършил,2
съдови,2
превоз,2
левица,2
рисково,2
морал,2
пресслужба,2
съпружеските,2
жоро,2
антоний,2
английски,2
патриоти,2
продукцията,2
дсб,2
спестявания,2
филмов,2
извикахме,2
кадруване,2
алексиев,2
дияна,2
връхлетяла,2
регионалните,2
марии,2
вражди,2
пбзн,2
българките,2
пътните,2
спартан,2
нощни,2
деян,2
блокирани,2
нелегалната,2
съюзът,2
суфражетки,2
дъжд,2
независимост,2
крайната,2
електричеството,2
гагарин,2
забранил,2
конституция,2
юрий,2
водим,2
троши,2
румънци,2
въведат,2
брезник,2
предложиха,2
отлъчени,2
нейкова,2
журналистически,2
кацаров,2
гарантирано,2
предстоящия,2
ранната,2
засегнатите,2
простотии,2
нарушават,2
пускат,2
предложени,2
сара,2
актриси,2
ямболското,2
питаш,2
денев,2
видяхте,2
извикам,2
грозев,2
избягам,2
синина,2
закарана,2
недялско,2
алпиниста,2
научава,2
заявявам,2
поляна,2
осуети,2
касиерка,2
смелата,2
преминаващи,2
дължимата,2
погълнал,2
англичанин,2
ковачевци,2
застраховките,2
обещават,2
бонка,2
проявената,2
благоев,2
репортажа,2
гневи,2
желязко,2
страшната,2
прескачат,2
навънка,2
невредими,2
психичен,2
отхвърлиха,2
въглероден,2
нервите,2
оксид,2
колона,2
рилци,2
отдалечено,2
вагон,2
ванев,2
дизайнер,2
публикация,2
кошовете,2
хирургично,2
прорезна,2
независещи,2
чувам,2
параноидна,2
отреагират,2
кварталите,2
засича,2
осъзнавайки,2
авиоинженер,2
уличните,2
американско,2
транспортна,2
чинев,2
държанието,2
облякох,2
употребява,2
парички,2
кутии,2
отпускане,2
халка,2
положително,2
авторитета,2
апашите,2
повторил,2
данаилова,2
приказки,2
осигурява,2
прехвърлена,2
внуче,2
внучета,2
обърната,2
дивиденти,2
учебници,2
написаното,2
еднократната,2
гилзи,2
венец,2
пътнотранспортни,2
традиционните,2
редактор,2
груби,2
парламентарните,2
левицата,2
запитване,2
морска,2
четат,2
бутилките,2
злобни,2
включени,2
истерични,2
изключена,2
казвах,2
съжителствали,2
устойчивост,2
плана,2
сутрешните,2
партидата,2
постове,2
левият,2
шоу,2
посоченото,2
признак,2
пернишко,2
швейцарския,2
сити,2
сроковете,2
режисьор,2
аделина,2
консултирана,2
стрелбите,2
бенковски,2
падала,2
магазините,2
хипотермия,2
увито,2
панчо,2
румънците,2
депозиран,2
осмокласничка,2
коляното,2
образователното,2
развил,2
ракетата,2
разхвърляни,2
тъжно,2
скала,2
любовни,2
докара,2
вчерашната,2
предпоследната,2
влаковете,2
видеокамери,2
проституирала,2
незаконния,2
притежавания,2
витанов,2
профилирана,2
изяснени,2
декларира,2
фотоапарат,2
пътно,2
желязка,2
възпрепятства,2
опериран,2
настанявани,2
звъня,2
класния,2
прегърнала,2
училищното,2
оперирано,2
словакия,2
откриване,2
петия,2
генерално,2
тригодишният,2
настоящата,2
наказана,2
разрушаването,2
вдигнах,2
созопол,2
престижа,2
инжектирал,2
диабетик,2
тъмен,2
дало,2
раненото,2
морални,2
стамов,2
раната,2
честта,2
спял,2
наръгва,2
прочетох,2
иранския,2
конвой,2
културен,2
учели,2
откровено,2
лежала,2
специализираният,2
инструкции,2
похитената,2
поръчка,2
бюджетите,2
вменяем,2
цанкова,2
съдба,2
николаево,2
останките,2
закарано,2
изхранва,2
моделът,2
оцелея,2
положат,2
изпаднах,2
ядоса,2
карафезов,2
отделя,2
облеклото,2
приемното,2
говориш,2
кръвен,2
проваля,2
предпочитат,2
хотели,2
осигурена,2
венциславова,2
терористки,2
хали,2
юлианова,2
север,2
предварителния,2
лукс,2
биларев,2
обличат,2
унижавала,2
двуседмичен,2
причакана,2
смъртния,2
качествено,2
забрадена,2
тегли,2
намеря,2
опитвам,2
влоши,2
скрито,2
чели,2
религиозните,2
пристигайки,2
снимали,2
нощен,2
използвала,2
изненадах,2
тригодишния,2
срещала,2
унищожил,2
готвела,2
предприето,2
пламъци,2
янка,2
бъзън,2
качим,2
навечерието,2
алцхаймер,2
русенско,2
изразила,2
пловдивски,2
откритието,2
радомирското,2
преминаващите,2
неясно,2
крият,2
хрътките,2
хладно,2
кордона,2
настояваха,2
лагер,2
самопрострелял,2
задължени,2
размахал,2
цеца,2
стъклена,2
непристойни,2
приспаднато,2
найденов,2
нанесоха,2
румънското,2
майките,2
купят,2
полетяха,2
домати,2
първоначалният,2
районите,2
йоана,2
съжителства,2
дария,2
мнозинството,2
захари,2
уточняване,2
кремиковци,2
оцеляла,2
загиват,2
ушко,2
импровизиран,2
помолиха,2
унижава,2
пътната,2
задния,2
участъка,2
събуди,2
брата,2
преосмисли,2
хаос,2
ценност,2
санитари,2
равни,2
иранската,2
платното,2
притеснявах,2
призове,2
идваха,2
изчезне,2
нетърпимост,2
дементно,2
лаконичен,2
косите,2
разчитам,2
възникна,2
туй,2
европейското,2
присъедини,2
храстите,2
уточнение,2
равенство,2
елате,2
ресорният,2
централен,2
гайданжиев,2
набирани,2
мисии,2
огнян,2
адаптация,2
оставаше,2
съответствие,2
поведенчески,2
тропа,2
младена,2
заровено,2
утежняващи,2
благоева,2
допълвайки,2
лицева,2
протестиране,2
толерантни,2
заколя,2
уверяват,2
синджира,2
смятал,2
рамка,2
проверяващите,2
бдителни,2
полагал,2
смяната,2
осъзнала,2
богато,2
повишено,2
отсреща,2
посещавали,2
английският,2
непознатата,2
делта,2
гард,2
обещанията,2
площада,2
вярвайки,2
предлагащи,2
енина,2
колоните,2
разрушена,2
йочколовски,2
помещението,2
калашника,2
контролни,2
притежавана,2
пешо,2
измъчва,2
изяснят,2
племенникът,2
разрушен,2
униформеният,2
акушерката,2
притесненията,2
осиновяване,2
изчезналите,2
съгласете,2
мълчах,2
разкайва,2
чуем,2
пазари,2
плуване,2
родилка,2
брезнишкото,2
посещения,2
работещите,2
докажат,2
присъстващите,2
стойности,2
варненската,2
корени,2
представяла,2
дълбоки,2
хванала,2
китките,2
сформирана,2
македонизмът,2
очакваше,2
балон,2
училищната,2
измамниците,2
отглеждано,2
осиновено,2
аневризма,2
ангели,2
строя,2
ползвам,2
черните,2
разваляне,2
предлагаща,2
старта,2
мечтаех,2
измъчват,2
произвол,2
двегодишното,2
представителите,2
източването,2
шокира,2
отсрочка,2
свести,2
отвели,2
намиращия,2
станчев,2
сатър,2
санитар,2
разнася,2
прикрито,2
ценка,2
намерило,2
раздвижи,2
славяново,2
почнат,2
мърда,2
прошка,2
регламентирано,2
хванах,2
любимото,2
жилищните,2
засечен,2
машини,2
ощетени,2
притеснение,2
отърсят,2
помислят,2
подпален,2
безразборна,2
навременната,2
ранила,2
ежегодно,2
балистичната,2
изтърпял,2
двадесет,2
пускаш,2
крилата,2
имамът,2
наличната,2
задължавал,2
алтернативна,2
съдилищата,2
местоработата,2
топалска,2
застрахователите,2
изплащане,2
янчев,2
рикошет,2
планините,2
духа,2
вълков,2
мироносици,2
зачестили,2
буен,2
стоим,2
транспортно,2
взривила,2
паник,2
явил,2
живеещ,2
наказвано,2
директна,2
ася,2
преправена,2
туристическа,2
въз,2
степента,2
стереотипите,2
лекувана,2
вайбър,2
скриват,2
косъм,2
заемат,2
вкарат,2
вятър,2
новогодишно,2
прехвърлени,2
рози,2
дясно,2
наранявала,2
обслужвала,2
кавга,2
финансовите,2
покривка,2
притисната,2
финансова,2
оттегля,2
нормативна,2
международните,2
бурка,2
кабината,2
трогна,2
наложили,2
подкрепил,2
усетят,2
земеделие,2
притекла,2
прах,2
ключовото,2
отделни,2
заводи,2
мнозинство,2
показвали,2
душа,2
затруднение,2
произвеждат,2
казиното,2
стоманената,2
поръчал,2
осъществи,2
обработени,2
принципна,2
дончо,2
машината,2
аяров,2
третият,2
комисиите,2
смъртоносен,2
сбор,2
пру,2
обектите,2
отпътува,2
видеата,2
чист,2
попаднал,2
връхлита,2
покупка,2
насрещно,2
съвременния,2
смъртността,2
таксиметров,2
детективите,2
долни,2
писъци,2
жечко,2
обекти,2
трудовата,2
невръстното,2
агенции,2
принудени,2
предприятието,2
дадеш,2
предупреждаваше,2
правилник,2
драгичево,2
образуването,2
сговор,2
своеобразна,2
пандемия,2
приемане,2
наказвани,2
ребро,2
свадата,2
криминалното,2
стависки,2
агресор,2
разтървава,2
мръсни,2
максим,2
избягаха,2
изходна,2
жеста,2
съоръжение,2
етичния,2
притежателя,2
валя,2
балкан,2
ценино,2
представителят,2
застрашен,2
изявяват,2
предизвикала,2
проявило,2
спряно,2
горсова,2
братовчедка,2
урок,2
ванилия,2
ваксини,2
прибягват,2
закупят,2
протестното,2
локорско,2
привлича,2
транспортирал,2
крясъците,2
позитивна,2
наръгана,2
спешният,2
цсмп,2
търсихме,2
живите,2
преминаващ,2
привикани,2
посочените,2
продажбите,2
безуспешни,2
считано,2
иал,2
ставийски,2
нечисти,2
ядосала,2
финанси,2
благоевградската,2
размяна,2
лавчева,2
осведомеността,2
назначават,2
панкреаса,2
междуличностни,2
предполагаемият,2
следобедната,2
занималня,2
касата,2
мъртвото,2
диагностицирана,2
разглобяване,2
оправдателна,2
десетокласничката,2
възел,2
пътния,2
безобразно,2
минавам,2
вот,2
подлеза,2
колички,2
григоров,2
отговорил,2
организирано,2
страхотен,2
мислила,2
политравма,2
залавят,2
униформения,2
отпреди,2
терем,2
влачене,2
поука,2
тийнейджърска,2
шокиращо,2
излязло,2
предприе,2
изненадващи,2
мое,2
складове,2
опиша,2
работело,2
монети,2
давани,2
кротка,2
синдиката,2
карлос,2
следователка,2
новобранци,2
аногенитални,2
сключил,2
асфалта,2
прозорци,2
затворническа,2
освидетелствани,2
изброените,2
етажна,2
авариралия,2
кожни,2
стълба,2
канавка,2
работничката,2
провокация,2
излязох,2
християна,2
рубриката,2
съмнявам,2
разкъсно,2
пенсиониране,2
направеното,2
пневматичен,2
някак,2
усамотили,2
отмъщението,2
печелят,2
трансфер,2
северния,2
здравноосигурителна,2
отсъствията,2
заснемат,2
електронните,2
тренировка,2
едноличен,2
вляво,2
педалът,2
асеново,2
отскубне,2
уплашил,2
намалели,2
евродепутатът,2
правел,2
висшия,2
еднакви,2
чапанов,2
табло,2
електрическото,2
забранени,2
предприела,2
изпреварване,2
поведе,2
каруца,2
спецоперация,2
технологии,2
погазване,2
спортни,2
мини,2
ваксината,2
сив,2
обезвреждане,2
религии,2
твърдим,2
младия,2
миджур,2
изборни,2
ада,2
придържаше,2
разбиват,2
крещейки,2
алкохолната,2
неочаквана,2
памперси,2
граници,2
пожелание,2
получавал,2
цех,2
булка,2
точна,2
близначки,2
радват,2
дрога,2
излъжа,2
стартират,2
подценили,2
влак,2
придобивка,2
org,2
умишлени,2
вдигнати,2
великотърновско,2
контрабандата,2
обясняваме,2
наказват,2
местопроизшествия,2
настоящи,2
оставяно,2
търсила,2
кръгове,2
истерия,2
фитнес,2
отивала,2
съгласиха,2
фатални,2
напитки,2
медийната,2
недоверие,2
изтъкнаха,2
практики,2
факторите,2
разпространи,2
защитниците,2
начините,2
съотношението,2
авторите,2
предадена,2
ценностната,2
безотговорност,2
накаже,2
моторист,2
длъжностни,2
орешарски,2
детелина,2
започнатото,2
позволявал,2
криминализира,2
женени,2
анонимна,2
подаването,2
яма,2
правомощията,2
sos,2
вдигнаха,2
заменят,2
квалификацията,2
приравнява,2
изпратят,2
тийнейджърка,2
дефинират,2
предишното,2
аргумент,2
послания,2
заподозре,2
откарал,2
обективно,2
водоем,2
разбирането,2
цветанова,2
споделено,2
стратегия,2
грипна,2
електронни,2
правителствения,2
разписано,2
неуспешни,2
фалшификация,2
юбилейно,2
петото,2
съветват,2
маркова,2
лекарските,2
подслушване,2
приложи,2
способността,2
биологични,2
възпрепятствал,2
заведени,2
доброволните,2
пенсионни,2
фондове,2
предприятия,2
успехът,2
предполагал,2
пренесъл,2
доживотните,2
хепарините,2
отделна,2
иса,2
лекарството,2
околностите,2
селена,2
рецепта,2
тютюневи,2
кани,2
подпишат,2
вдъхновяващи,2
медикаментите,2
бандерол,2
приемем,2
задушаването,2
месечната,2
похвали,2
строгата,2
разрешил,2
частта,2
амфетамин,2
връчени,2
даденото,2
оправдаха,2
продажбата,2
прекарани,2
шамарите,2
изключения,2
аптека,2
физическите,2
пресцентър,2
разраства,2
пик,2
издържали,2
обиждаха,2
нападенията,2
вкарана,2
живееха,2
спад,2
стереотипи,2
самосезираха,2
противно,2
силната,2
поканиха,2
захарницата,2
обяснени,2
обадите,2
безпомощни,2
перфектната,2
феята,2
пижамата,2
соченият,2
уверили,2
нужен,2
посмъртно,2
сдобие,2
полагаха,2
авторката,2
връчи,2
разработката,2
размера,2
бележи,2
скандалната,2
абдикирала,2
седмокласничка,2
полина,2
безпомощната,2
пенчо,2
безучастни,2
вещоманка,2
санкцията,2
свикването,2
евтимов,2
евтим,2
насилена,2
професионална,2
влага,2
проституира,2
видеоклипа,2
жилищни,2
райкова,2
затварянето,2
консултативни,2
неустановена,2
постоянния,2
строежът,2
видян,2
предпочита,2
популярен,2
проблемна,2
русчева,2
момиченцата,2
разгледано,2
купувате,2
разрез,2
отвъд,2
качества,2
берлин,2
противен,2
магистралата,2
клексан,2
управлявал,2
опазването,2
вдъхне,2
уверят,2
несериозно,2
търсещи,2
евксиноград,2
прерасна,2
приоритетно,2
подигравка,2
нападнатите,2
делова,2
рекордна,2
отражение,2
обичах,2
каспичан,2
гостите,2
варненско,2
джансер,2
регистрирала,2
сприхав,2
предпоставки,2
съдебномедицинското,2
изнесат,2
удряха,2
аварийно,2
забавление,2
усложненията,2
борко,2
преминат,2
тревожно,2
задушила,2
разследващи,2
указано,2
фалшифицирал,2
женствеността,2
очаквали,2
популяризиране,2
устна,2
артерията,2
изяснили,2
инициира,2
ограничителната,2
развода,2
масивен,2
издъхнали,2
несъстоятелна,2
откраднат,2
предложат,2
отнемането,2
емоционални,2
книжки,2
мантинелата,2
отбелязваме,2
палатката,2
инвитро,2
тротоар,2
провокирало,2
логото,2
пожарникарят,2
закарахме,2
афектиран,2
хвърлянето,2
фигура,2
високопарни,2
професионални,2
титли,2
образувания,2
грабежът,2
папиломни,2
репутацията,2
рязкото,2
лесен,2
хумор,2
преминавала,2
бобов,2
изпускане,2
законната,2
контролирано,2
петолъчката,2
честните,2
констатират,2
обеците,2
отвореното,2
впечатли,2
отворени,2
оборва,2
преместен,2
плащали,2
хаджиев,2
завързали,2
дланите,2
слепоочието,2
бъгито,2
събирала,2
суходолска,2
изпълнители,2
беглеца,2
почистване,2
автопатрул,2
пунктове,2
ножове,2
необитаеми,2
държано,2
бараки,2
изградени,2
осветителните,2
манол,2
идвали,2
покачва,2
оправиха,2
попаднало,2
куриозен,2
първанова,2
лежа,2
входовете,2
обидно,2
глезен,2
яли,2
увреден,2
ориз,2
въпросният,2
мюсюлманско,2
зверства,2
предупредили,2
спецполицай,2
списък,2
случка,2
защитничка,2
страдащите,2
мониториране,2
преборят,2
разпределителна,2
калоянов,2
посвещава,2
реанимационни,2
смисълът,2
анестезиология,2
телефонно,2
прибирам,2
помагала,2
влизаше,2
разкритията,2
поставям,2
емоция,2
обективен,2
катафалки,2
окончателните,2
защитя,2
цялостна,2
пилотни,2
разговаряха,2
триъгълник,2
предотвратима,2
славка,2
околните,2
деа,2
плод,2
усещаше,2
дебне,2
постигане,2
отпусна,2
емоционалните,2
каменоделец,2
прочетете,2
заменките,2
склада,2
спомена,2
прехода,2
платен,2
събудила,2
висящи,2
шаник,2
отвежда,2
достига,2
вземаха,2
прекрасно,2
емоцията,2
книгите,2
владлен,2
роднинска,2
терористи,2
светозар,2
напр,2
варират,2
рядка,2
разхождат,2
неуредени,2
условни,2
стабилна,2
касиер,2
мюсюлмански,2
преценяват,2
родено,2
говорителя,2
непрекъснат,2
отвлечената,2
шия,2
разкъсна,2
ануса,2
драстично,2
сакалиева,2
експертни,2
алиби,2
тодорка,2
газовия,2
колена,2
облекло,2
включен,2
обявената,2
облекчение,2
плача,2
пениса,2
вагината,2
събрахме,2
имайки,2
репродуктивно,2
свикнала,2
сблъсква,2
потвърдила,2
торбичка,2
богу,2
гасене,2
тромбоцитопенична,2
българо,2
намалят,2
водени,2
училищни,2
предписания,2
причиняват,2
имунна,2
разпознаването,2
безлюдна,2
слушат,2
аптраим,2
заведат,2
шумът,2
пурпура,2
постъпването,2
изпитателния,2
дефицитът,2
ваксина,2
ботевградско,2
вторичен,2
звънял,2
водила,2
засъхнала,2
скандален,2
хематологичния,2
запазена,2
извадя,2
уплашени,2
вземала,2
построен,2
арнаудова,2
молитвите,2
соколов,2
психиатрията,2
разходките,2
арабски,2
връзвана,2
омерзително,2
нелепи,2
кулева,2
скандализира,2
заварил,2
нападал,2
обидена,2
главните,2
подписалите,2
компетентни,2
положителните,2
позволил,2
милева,2
ветово,2
добринова,2
проследяването,2
аслани,2
можахме,2
сим,2
родоразрешение,2
необратимо,2
чуково,2
ускорена,2
папа,2
изгражда,2
донесоха,2
излишни,2
витае,2
барикадирал,2
националистическа,2
витални,2
секциото,2
търсени,2
седнахме,2
събран,2
андреев,2
звънеше,2
приселци,2
гаврите,2
ариан,2
вярващ,2
административна,2
специалистът,2
педагогическия,2
срещнали,2
чест,2
застраховани,2
проговорили,2
тръгвам,2
въздържаха,2
абдоминално,2
изключителен,2
посетят,2
изкарвал,2
белослав,2
нечовешкото,2
ваклин,2
констатацията,2
командоса,2
фризьорски,2
придвижил,2
храброст,2
вярна,2
съседното,2
биячът,2
правете,2
светицата,2
излязохме,2
хранителния,1
юристът,1
себеизрази,1
трус,1
заподозряно,1
забила,1
сбирките,1
работническите,1
изндуване,1
постижението,1
депозира,1
великомъченик,1
осъществен,1
отпускат,1
значителен,1
гласуваха,1
колесници,1
мишки,1
наранил,1
хартията,1
присвоява,1
бездействията,1
снабдявала,1
записал,1
недоказано,1
конфискувани,1
евангелия,1
пощадило,1
анцуг,1
обвинителният,1
папките,1
апликации,1
отговорихме,1
багера,1
украсата,1
съучастничката,1
притеснявала,1
познах,1
отрезвител,1
безразличнието,1
велинградския,1
развалини,1
гола,1
личности,1
наръгат,1
облекли,1
обраната,1
минималната,1
наранен,1
селекция,1
колегия,1
ходила,1
посттравматичен,1
добросъвестността,1
адвокатската,1
епицентъра,1
корупция,1
призовка,1
сключването,1
отървава,1
брачното,1
уведомявана,1
драскотина,1
надеждността,1
чакалица,1
страдам,1
блудствали,1
дружелюбна,1
унищожителния,1
неконсумирания,1
труса,1
символична,1
апашът,1
напива,1
slav,1
бащите,1
таксува,1
мексиканския,1
драгалевци,1
поправките,1
ощетена,1
смеем,1
подозрението,1
заплатят,1
регистратор,1
даи,1
милионното,1
треньора,1
търновското,1
нбу,1
задгранични,1
хаити,1
безотговорен,1
кандадатът,1
регламентираха,1
представяща,1
отвратително,1
късни,1
изнасилвал,1
спонсориране,1
козарев,1
русe,1
одобрението,1
пролет,1
кина,1
граничната,1
безработно,1
сергия,1
кандидатът,1
разделяли,1
съдебномедицински,1
уволненият,1
вратчиката,1
издаваше,1
нелегално,1
допускали,1
кандидатстват,1
насилваното,1
безпроблемно,1
отблъсква,1
незабелязано,1
щастливите,1
сключени,1
прозрачна,1
оцветен,1
чужденците,1
унижаване,1
action,1
бутона,1
дрегерът,1
натисне,1
xvii,1
подигравки,1
разочаровани,1
опълченска,1
свестяват,1
предварителен,1
очернят,1
несправедливостите,1
съосновател,1
погребалните,1
венчило,1
съблякъл,1
навършили,1
юлиян,1
принудителното,1
кредитира,1
кунева,1
меглена,1
застреляли,1
пуловера,1
абсурден,1
дарени,1
чужденецът,1
нечувана,1
обърнало,1
навършила,1
налагането,1
изумена,1
продавачката,1
оборота,1
иxix,1
предизвикване,1
свържеим,1
засилване,1
епоха,1
специализиран,1
разчитаме,1
tova,1
божидарка,1
залък,1
нападениeто,1
югозападен,1
помощите,1
историческия,1
катинар,1
похарчено,1
отец,1
атакувана,1
изпращаше,1
подземния,1
поискани,1
запалени,1
румънецът,1
правно,1
плащаме,1
четиригодишна,1
първоналната,1
наподобява,1
застраховки,1
престъпиха,1
извеждани,1
лъгана,1
неофит,1
консултантска,1
мислещите,1
заела,1
мравката,1
маниер,1
поява,1
затънало,1
назначил,1
гладуваме,1
екотакса,1
ревнувала,1
избухлива,1
варненска,1
увеличен,1
въведе,1
покрие,1
капиталът,1
манастирът,1
издател,1
повръща,1
развлечение,1
ница,1
доброволния,1
дотолкова,1
проституцията,1
браво,1
пенсионират,1
мургав,1
предизборните,1
контролна,1
уплътня,1
талантлив,1
изплета,1
подгоних,1
прогнозират,1
терлички,1
актюери,1
обитател,1
видеоматериала,1
варени,1
дизел,1
фахри,1
отседнали,1
двигателя,1
задава,1
донкихотовско,1
теофил,1
срочните,1
отговора,1
познали,1
отведат,1
пенсиониралите,1
менюто,1
регистрите,1
панталони,1
допускан,1
изплуват,1
далечната,1
стадии,1
споре,1
картофи,1
допускам,1
предписали,1
rota,1
безуспешен,1
бягствата,1
популярни,1
находките,1
себеизразяване,1
грозно,1
изнудвачите,1
хаитяни,1
изкупи,1
уведомим,1
поднесох,1
арифова,1
йога,1
аналогична,1
изпадналата,1
готвел,1
тепсия,1
ядосва,1
багерчето,1
археологически,1
изплаща,1
грузия,1
останалата,1
римската,1
данъчно,1
звучи,1
обсебване,1
алтими,1
встъпва,1
бездомниците,1
стотиците,1
тодора,1
регион,1
вълкова,1
арестувахме,1
бронзови,1
прекратяване,1
византийска,1
тревожела,1
хайтов,1
коренят,1
столичанката,1
желязкова,1
събудили,1
изходящи,1
ексследователката,1
твърдишкия,1
мечтала,1
регистирано,1
отсъстваше,1
предизвикаме,1
нападките,1
хафизе,1
напикава,1
сламка,1
радостта,1
режат,1
заключвано,1
затиснат,1
вършеха,1
товари,1
ротари,1
багер,1
прогресираш,1
плен,1
капитала,1
опушено,1
контейнера,1
извървяла,1
управлявани,1
брали,1
бански,1
шипки,1
разговарях,1
таджикистан,1
борени,1
pанния,1
застрахователната,1
житейски,1
строй,1
банкя,1
саморъчно,1
облечената,1
откраднаха,1
свежа,1
изплатила,1
палатки,1
страняхме,1
предприеха,1
ахчийска,1
удавник,1
разговяряхме,1
обезвреди,1
разгневи,1
съпроводен,1
щабове,1
нечии,1
измамничката,1
излекувани,1
държите,1
фидосова,1
предложена,1
съчинени,1
идейката,1
арестуваме,1
химичен,1
регистраторка,1
земен,1
разпра,1
говорело,1
монополистът,1
разбрана,1
очевидна,1
централното,1
душено,1
опака,1
подкрепям,1
автомагистрала,1
сборища,1
демокрация,1
партийно,1
новосформирано,1
пипнаха,1
влог,1
седесари,1
прониза,1
дойдем,1
авери,1
излъчен,1
запориране,1
маркучи,1
ауди,1
координиран,1
отчетено,1
недъзи,1
магистралните,1
засекли,1
бразувано,1
гласят,1
изпробван,1
глупав,1
капралова,1
германска,1
ритано,1
бейнан,1
спортиста,1
нищета,1
домоуправител,1
същo,1
застрахователя,1
отсъжда,1
предназначен,1
енергодружеството,1
заредени,1
тероризирана,1
разградската,1
лъжел,1
изгонени,1
честото,1
споменаване,1
тичането,1
застахователната,1
неистина,1
корпус,1
управляват,1
лавинна,1
разстояния,1
енерегодружество,1
довиждане,1
положителни,1
дискомфорт,1
почтени,1
изключвате,1
създавало,1
търговец,1
капризнича,1
сорта,1
буковлък,1
махиаела,1
тепетата,1
еничарски,1
стоките,1
застрахователят,1
обсебена,1
таекуондо,1
тройното,1
еврокомисар,1
жилищно,1
студеница,1
запява,1
избрал,1
мафията,1
изгубиха,1
начислявал,1
репатрирани,1
изпреварили,1
злостните,1
закриването,1
фиш,1
желеви,1
постановено,1
харесваме,1
лелки,1
преливаха,1
обсъдена,1
постигнат,1
закупени,1
противоуставно,1
гергьовден,1
некоректен,1
могъщия,1
изготвяла,1
ничие,1
извеждано,1
измазана,1
договорите,1
двуетажна,1
стойките,1
неблагоприятни,1
изпълнила,1
енп,1
прогонва,1
продадоха,1
мануел,1
малокалибрено,1
сесктор,1
храмовия,1
пистата,1
коректен,1
спестят,1
аерогара,1
идеала,1
бояджии,1
управлявала,1
консумативите,1
товарния,1
малчев,1
навлязла,1
пребивавала,1
настаняват,1
канчета,1
лентата,1
румънска,1
парламентарен,1
спечелила,1
нощно,1
олицетвори,1
номинация,1
крупната,1
предложената,1
междублокови,1
франкфурт,1
нашенската,1
возилата,1
ненужна,1
неизвестният,1
партида,1
марковска,1
подкрепили,1
непредставена,1
румънеца,1
бариерата,1
вали,1
купила,1
скобелев,1
партиди,1
витиня,1
аргумента,1
пребивавал,1
посетител,1
жозе,1
излъгала,1
платежоспособна,1
фолк,1
кандидатура,1
занимавало,1
конкретният,1
изглеждало,1
гласно,1
стерилитета,1
низкия,1
месечие,1
пипнем,1
дарените,1
подражава,1
индийка,1
голата,1
разговяря,1
статукво,1
бончеви,1
братово,1
паспорти,1
плащате,1
лалев,1
сещам,1
майстори,1
тълпата,1
отсекат,1
нушков,1
таим,1
наказаните,1
футболистът,1
екипировка,1
ботуши,1
отличничка,1
неприключило,1
изявите,1
излита,1
отвлекат,1
управляваща,1
откога,1
бончева,1
светила,1
извеждат,1
философията,1
неврокопската,1
стекоха,1
налегнаха,1
искът,1
каменското,1
тебе,1
подразни,1
похарчена,1
насаме,1
възрастово,1
забременее,1
мълчалив,1
топола,1
повалила,1
барозу,1
обере,1
монтиране,1
ръководен,1
недостатъци,1
петгодишна,1
полева,1
читател,1
недоволствал,1
възхищавам,1
опълчим,1
преценяване,1
дрегера,1
лекции,1
написан,1
раждаме,1
срочни,1
корумпирано,1
сливам,1
пишело,1
синалоа,1
разбирателство,1
депозити,1
психоклиника,1
недоволни,1
призивите,1
унищожава,1
кубатура,1
антените,1
возилото,1
автомобилна,1
шереметова,1
суха,1
обезводнено,1
вдигането,1
съобразяват,1
администраторите,1
закъсвам,1
разноските,1
двудневни,1
претоварването,1
редици,1
ескалатора,1
партийните,1
регистрациите,1
тренировките,1
временен,1
подлезите,1
мухльо,1
монополиста,1
невъзможни,1
глезенна,1
равняват,1
пристигнахме,1
подценяване,1
стичат,1
опустошителното,1
земетресение,1
военномедицинската,1
личностите,1
минималните,1
премеждието,1
отминал,1
навлякоха,1
операциите,1
монаси,1
пропадналия,1
румънец,1
зафир,1
настанявано,1
точен,1
пресичайки,1
мин,1
падналия,1
предпочело,1
годинитe,1
военномедецинска,1
изнудва,1
триатлона,1
износват,1
тамошните,1
опитам,1
залятата,1
медал,1
приетите,1
формулира,1
ползватели,1
потърсиха,1
годинишно,1
опиши,1
използваем,1
залято,1
смях,1
залее,1
триатлон,1
постигнала,1
секцията,1
сен,1
спортът,1
плешката,1
красна,1
скарахме,1
kатрин,1
бидоните,1
оказаната,1
жерар,1
преминавайки,1
избухвам,1
наркокартел,1
къпал,1
притихне,1
камиони,1
атакуват,1
посрещам,1
пешеходците,1
залети,1
гълтала,1
медалите,1
запор,1
общинари,1
семйствто,1
колежа,1
харесваш,1
колоездене,1
подлезът,1
бягане,1
гълта,1
славови,1
евтино,1
мераклиите,1
митрополия,1
покорност,1
гордеят,1
чалин,1
невинността,1
прекъснати,1
следвайки,1
продадени,1
скоростно,1
типченица,1
отслабнала,1
позвънил,1
позвъня,1
притесни,1
мумифицирано,1
договорката,1
люти,1
научихме,1
тотю,1
фотографии,1
поставян,1
диети,1
петра,1
амбициозен,1
божурски,1
изравняването,1
борбен,1
релси,1
претенциите,1
подразнило,1
извеждането,1
постъпиха,1
общителен,1
заловеният,1
дочо,1
небе,1
лъчезарната,1
оказала,1
любовника,1
заплата,1
приписано,1
дочеви,1
респиратор,1
домашният,1
сънуват,1
продължителността,1
страшния,1
съобразяване,1
инфекционист,1
правителствата,1
подчертават,1
проучат,1
съобщило,1
повишават,1
изписала,1
горнооряховската,1
вирусно,1
ръкописен,1
хладнокръвна,1
изпаднахме,1
компетенциите,1
нелепа,1
всевъзможни,1
кървавото,1
изравни,1
диворастящи,1
сблъскала,1
учудващо,1
шийната,1
топлофикационното,1
разбираха,1
официалното,1
влияе,1
споразумяват,1
удостоверението,1
подновяването,1
непрестанни,1
изискуеми,1
пламенов,1
вноската,1
изповядва,1
вадят,1
лекували,1
правния,1
неотговорно,1
малтретиран,1
горанова,1
морален,1
обесена,1
ранено,1
заливането,1
арендатора,1
заляха,1
травматично,1
разкъсни,1
изтичането,1
pro,1
обявяне,1
присвоените,1
учудва,1
утайки,1
разрешителните,1
принципал,1
наплатанова,1
изглеждала,1
елитната,1
физика,1
ключицата,1
удовлетвори,1
учудване,1
енергийният,1
съфинансира,1
кожа,1
висящ,1
бохум,1
мъжa,1
интимните,1
напълнее,1
наета,1
лопатката,1
ипотекира,1
титулувало,1
докаран,1
погреба,1
жалбоподател,1
преклонна,1
отбива,1
обитавала,1
турския,1
заплетения,1
накарали,1
чашка,1
въвели,1
внушават,1
висшите,1
пребиваше,1
русенска,1
купуваш,1
повдига,1
болното,1
листвани,1
посетила,1
борсата,1
средният,1
брожение,1
надделее,1
дели,1
ходжата,1
разумът,1
коледен,1
напълнях,1
електронно,1
яшар,1
образец,1
пъпки,1
поверява,1
пенсионерите,1
яденето,1
старала,1
шапки,1
споменато,1
мели,1
влиятелен,1
откажи,1
масовата,1
кантарът,1
лобното,1
забелязало,1
шамаросвала,1
изпреварващата,1
споровете,1
пътничка,1
верските,1
ударената,1
тодорови,1
управлявано,1
движила,1
емиграция,1
ябълки,1
еврорегламентът,1
казвало,1
изпреварвала,1
умрял,1
обитавало,1
готвя,1
отсъства,1
двуетажната,1
изпреварващият,1
кърпи,1
филийка,1
отдалечавал,1
мистериозни,1
маневрата,1
сладкото,1
ускоряването,1
емилова,1
развя,1
опазят,1
изнемощяло,1
героят,1
гласуван,1
ефективността,1
пулсът,1
кръвното,1
обслужването,1
хладнокръвен,1
съветници,1
децентрализацията,1
менингиално,1
общинските,1
дразнене,1
халифат,1
невръстни,1
конфедерацията,1
германския,1
почерпили,1
бледо,1
туника,1
продължителност,1
заплетен,1
инфекциозно,1
пъстри,1
търговищката,1
посочило,1
германското,1
радикална,1
хвалят,1
възмутено,1
ущърб,1
подобряването,1
докажа,1
доказала,1
съкращения,1
предоставено,1
исмаилов,1
финансите,1
внушава,1
изкажат,1
кандидатстването,1
кондиция,1
университетите,1
специалности,1
ходело,1
антидемократична,1
сезонен,1
подготвения,1
обратният,1
лишавани,1
поръчки,1
понижи,1
джипито,1
пуснало,1
прекрасни,1
идеология,1
законопроектът,1
лъскавите,1
владетеля,1
рекетирана,1
сода,1
подбедрици,1
основанията,1
мощанец,1
митова,1
бистраците,1
изплуването,1
закачило,1
постоянните,1
заблуди,1
камериерката,1
разгорещил,1
истерията,1
отмина,1
плитчина,1
ръкав,1
собственоръчно,1
изправността,1
водоема,1
междуособица,1
родовата,1
избухнала,1
разлага,1
чистота,1
лулева,1
развъртяха,1
откритото,1
благоевградският,1
програмите,1
считат,1
тома,1
бараж,1
обезопасени,1
паркове,1
кирова,1
чиновническа,1
анонимни,1
приберат,1
сменени,1
враждебно,1
баненски,1
катастрофирал,1
желанията,1
обаждали,1
чакащите,1
кланове,1
йонна,1
отказвам,1
воюващите,1
обратната,1
градоначалникът,1
класирането,1
трафопостове,1
хладнокръвността,1
кърджалийската,1
стамболово,1
дразни,1
щерка,1
спечелена,1
нередност,1
поканим,1
подменени,1
компенсираме,1
разклати,1
хвърчащ,1
достъпни,1
римския,1
изчитане,1
ксерокопието,1
счели,1
валог,1
печатите,1
подправи,1
тарчев,1
помогнало,1
лагери,1
заповядва,1
донася,1
фалшифицираните,1
декана,1
изповядват,1
фалшификата,1
наученото,1
изпитната,1
бурхард,1
специалността,1
художествената,1
съденето,1
възпитаниците,1
отглеждало,1
благоразумен,1
петрунова,1
имитациите,1
отписана,1
задочно,1
парковата,1
отлично,1
озова,1
продаден,1
учителките,1
риболов,1
хълм,1
печатът,1
кметската,1
почести,1
манастирска,1
престижният,1
берлински,1
икономика,1
подправен,1
дипломата,1
немски,1
занемарената,1
изумени,1
професори,1
приключеното,1
изваждането,1
мъченически,1
гергинова,1
некомпетентността,1
изимитирани,1
стокойствието,1
високото,1
сходен,1
слизахме,1
легализиран,1
собствености,1
разкриват,1
неврокопския,1
сага,1
шестотин,1
домакинята,1
спасявам,1
намерете,1
сервиз,1
трап,1
откраднала,1
намиращата,1
съхраняване,1
идете,1
рентгенови,1
всякак,1
наблюдавани,1
квадратни,1
лекуващ,1
попълва,1
простреляла,1
гостенката,1
плешка,1
декар,1
прегрешение,1
присвоявайки,1
законов,1
белязани,1
нотариален,1
лигла,1
противошокова,1
дупката,1
астърджиев,1
обвинената,1
плочки,1
старините,1
множествени,1
каустик,1
проксималната,1
прекъсван,1
фаланга,1
болезненост,1
предложила,1
харесвали,1
обжалаване,1
колджиева,1
подробни,1
харесвал,1
нахвърля,1
стъжни,1
неточните,1
извадените,1
преподписват,1
обяснявал,1
изхарчили,1
откраднатото,1
канили,1
пренебрегнатите,1
впише,1
поканя,1
пропуснала,1
поканите,1
лозарево,1
некомпетентност,1
разиграват,1
бузата,1
натривките,1
магладена,1
енчева,1
отцепва,1
автосервиза,1
спазъм,1
прехвърлят,1
шийния,1
мелин,1
обърнаха,1
изнасилиха,1
почувствала,1
неврохирургията,1
извикайте,1
автосервиз,1
тичешком,1
издебва,1
счупването,1
девето,1
разследваният,1
донев,1
изтърпявали,1
налетял,1
залепен,1
отдалечени,1
рогов,1
разложката,1
съоръжения,1
изтръпвам,1
помисля,1
легне,1
прекратени,1
инхалация,1
поети,1
привлякло,1
амбулаторна,1
болките,1
аналгин,1
преписките,1
преврълано,1
заел,1
заблуждавала,1
възглавницата,1
тончев,1
седалгин,1
прецезиране,1
похитители,1
свиленградското,1
оставения,1
неврохирургът,1
метеше,1
самичка,1
хвърлям,1
ексшефът,1
лъсва,1
анестезиолог,1
дреболии,1
арестант,1
вливания,1
сироп,1
мирисал,1
капки,1
заведен,1
облекла,1
комшии,1
ларингит,1
импровизираното,1
миланов,1
милан,1
черва,1
антидепресанти,1
тънките,1
екстрадирани,1
пренебрегване,1
съфинансиран,1
пристигнало,1
джунейт,1
ефекти,1
управлявана,1
евротрансплант,1
тромбоза,1
извънредна,1
австралийската,1
реанимационните,1
пълните,1
паркови,1
попълнила,1
обмисляно,1
огромните,1
анестезиолози,1
шевове,1
хирурзи,1
можаха,1
случки,1
тарашели,1
славата,1
грехота,1
употребят,1
публичността,1
оперирал,1
обещавали,1
благородния,1
трудния,1
сервитьорки,1
бардаци,1
подбирани,1
неграмотни,1
рискуват,1
сдобиват,1
препирани,1
безкръвни,1
легализирани,1
почивен,1
гинеколозите,1
болнична,1
браковете,1
анонимните,1
лекарствено,1
предпазни,1
заслужавал,1
сбогуваха,1
обмяна,1
извращения,1
отнемали,1
максимален,1
кротост,1
анестезиологично,1
разумно,1
тромбозата,1
скорошен,1
зашиване,1
днск,1
изборът,1
удовлетворили,1
пренебрегван,1
апендицитът,1
подценяван,1
радиоразпръсквателна,1
гръцките,1
бедни,1
донорът,1
зашита,1
микробиологични,1
единадесетокласничката,1
възложителя,1
бетон,1
химични,1
уличената,1
изневяра,1
меси,1
ръкопашен,1
достави,1
пъдари,1
дебнем,1
месиш,1
летовници,1
нежелания,1
ужасените,1
цеков,1
отвърнах,1
цекова,1
стандартен,1
готвени,1
аномалия,1
масркираните,1
трансплантационни,1
лаптопа,1
пряката,1
некачествено,1
налягане,1
спели,1
мицикулева,1
произтичащите,1
подадено,1
инициативният,1
преляло,1
честването,1
стиснем,1
непредвидено,1
черният,1
освобождението,1
зашит,1
кръвоносният,1
австриец,1
присаден,1
разшиване,1
австрийски,1
бедно,1
александровската,1
страстите,1
трупани,1
трансплантиран,1
хонго,1
зарадва,1
апандисит,1
завърнало,1
кувьоза,1
излезте,1
подписвахме,1
разтоварване,1
хайрие,1
оставянето,1
зелиха,1
кардиограми,1
изкарахме,1
разширени,1
василена,1
зеници,1
раздаваха,1
изнасяха,1
погледнаха,1
раждаха,1
кардинални,1
работиш,1
признака,1
говорила,1
моктори,1
недооценили,1
венозен,1
транспортиране,1
ставаха,1
бакир,1
странната,1
продан,1
зениците,1
бутне,1
контрира,1
подадем,1
изтрила,1
обструктивен,1
мащабното,1
мъжката,1
рандева,1
станимирова,1
приютът,1
инсценира,1
юношество,1
пантелеймон,1
проследи,1
настаним,1
искрен,1
изплащани,1
цените,1
игумен,1
съмняват,1
преживяли,1
завършат,1
искове,1
казанджиева,1
лечения,1
постигна,1
предупрежда,1
противоречията,1
взаимните,1
добия,1
издръжки,1
наркобарон,1
търсите,1
наблюдавана,1
калкас,1
националните,1
военнослужеща,1
разговаряхме,1
кадрова,1
химн,1
датират,1
омаловажаването,1
полагали,1
планетата,1
прокуратурите,1
качили,1
гинекологията,1
изтеглили,1
банда,1
сплашване,1
памела,1
съкращаване,1
немедицинско,1
опитният,1
премахнат,1
гусман,1
албански,1
изчезване,1
колебание,1
германец,1
живецът,1
разговаряш,1
хирургическо,1
светофара,1
постигнатото,1
bтv,1
разхождаха,1
мислили,1
райчинов,1
обилен,1
създавал,1
крила,1
сляпа,1
кошарица,1
чиро,1
плодът,1
заминала,1
василина,1
разстроени,1
наряза,1
върховната,1
обругаване,1
хоакин,1
касационна,1
работния,1
нишата,1
гимназистката,1
пропътува,1
нарязва,1
парчетата,1
избегнаха,1
чапо,1
аборта,1
пилоните,1
динов,1
джуни,1
пораснало,1
свалих,1
пораснат,1
далак,1
споменати,1
петричката,1
механджийски,1
приютяват,1
заживяват,1
рибник,1
сержантите,1
работеща,1
проблемно,1
разклона,1
мотивиран,1
прекия,1
приетият,1
бедро,1
граховски,1
присъд,1
закрива,1
върнаха,1
възпитаничките,1
оздравее,1
трачева,1
столичните,1
кюри,1
звезди,1
пръстови,1
наемът,1
поучава,1
мечтаела,1
анонимно,1
неполучената,1
възприемам,1
броня,1
зарязаната,1
евгениева,1
разкъса,1
героизъм,1
отстъпил,1
десетокласничка,1
катедра,1
намушкани,1
фолксвагена,1
зачакал,1
познатият,1
хвърлях,1
спирам,1
автономния,1
мечтаехме,1
склонява,1
хрърляше,1
мюсюлманската,1
леида,1
назряло,1
лишавания,1
упълномощеният,1
испанският,1
писов,1
капитан,1
сбивания,1
фландрия,1
установената,1
забранав,1
мечката,1
варненка,1
диета,1
продадена,1
предложено,1
кипи,1
вени,1
дописки,1
еврейските,1
бедстват,1
украсиха,1
кръстовете,1
течала,1
засегна,1
потискат,1
континент,1
лимфните,1
остатъка,1
демяница,1
бунят,1
рисувани,1
картини,1
мистерията,1
стативи,1
вирусен,1
проверен,1
наблюдаваните,1
мокрото,1
доростела,1
скромна,1
строят,1
издължи,1
поколебали,1
глобявани,1
занесли,1
изгубената,1
маркетинг,1
дебра,1
сената,1
одобрен,1
забулени,1
дипломирането,1
забулват,1
цитираната,1
топлината,1
мистериозна,1
компетенция,1
тодорва,1
мотивирал,1
лоза,1
нарушителките,1
прерязани,1
френския,1
долната,1
централи,1
лакрос,1
искрата,1
цънцаров,1
парламентарна,1
сан,1
саркози,1
възли,1
смолянско,1
препродаде,1
изрита,1
намазва,1
страшна,1
проблемни,1
контролния,1
терзиева,1
крайпътна,1
неподвижно,1
забива,1
говорола,1
джунеид,1
почват,1
оживените,1
движещ,1
конкуренция,1
разнообразие,1
загубва,1
ножчето,1
правилни,1
невджин,1
поценяван,1
разкаял,1
нелегалното,1
съвпадение,1
предпазния,1
движа,1
храня,1
опустошено,1
предимство,1
забранен,1
пропуска,1
предприема,1
разплакал,1
врязъл,1
изхарчило,1
нужди,1
погледите,1
разочаровало,1
скъса,1
скуба,1
адресат,1
спука,1
корпорация,1
привличаше,1
посветен,1
спряха,1
почиващи,1
фигуративно,1
трепереше,1
загинат,1
групичка,1
дан,1
сирените,1
бетоновоза,1
прерязва,1
засилило,1
разтървали,1
опира,1
бетоновоз,1
отворът,1
убеждава,1
сирени,1
ловът,1
изправено,1
изразих,1
настървеното,1
селскостопански,1
благоевградски,1
апендицит,1
кошери,1
мигохосян,1
кръвотечението,1
гимназии,1
ученичките,1
дефект,1
мистериозното,1
партньорът,1
видеоконферентна,1
деветокласничка,1
блъскаше,1
прехапан,1
уговореното,1
дузина,1
спечелил,1
местото,1
телевизионна,1
настигнала,1
деформирана,1
мигач,1
автора,1
подгонила,1
скъсало,1
изслушването,1
отмъщава,1
изтрия,1
страянева,1
показателен,1
съвземе,1
емоционалната,1
никак,1
свидетелки,1
мичев,1
инструментът,1
зрялост,1
хищник,1
кафявата,1
ябълката,1
ловците,1
асоциациите,1
екологични,1
раздора,1
интелигентност,1
хирурзите,1
строполи,1
безкръвната,1
екоминистерството,1
изстена,1
тресе,1
денонощието,1
фотокапани,1
провокирано,1
качиха,1
спрейове,1
аргументираме,1
доставени,1
поли,1
тъмното,1
внезапната,1
съобщени,1
бъдещото,1
белязвани,1
завърнат,1
познаят,1
разпадането,1
нематериално,1
инсталации,1
взимани,1
носии,1
шевици,1
епизоди,1
ваксинират,1
антитела,1
завеждаш,1
хърватските,1
инфекциозната,1
предепидемична,1
наименование,1
дневна,1
излекуваме,1
пазим,1
новородените,1
заразени,1
недоносени,1
предпазят,1
медикът,1
задушат,1
еничари,1
татуирането,1
пролетно,1
правели,1
османската,1
империя,1
белязват,1
челата,1
предпазвали,1
изнасилвания,1
отвличания,1
вярвали,1
донесат,1
благоденствие,1
саможертвата,1
лели,1
братовчедки,1
християнство,1
мюсюлманство,1
османските,1
отблъскващи,1
владетел,1
спасявало,1
пепел,1
огнището,1
мляко,1
игла,1
пронизвали,1
правейки,1
коклюшът,1
капков,1
заразността,1
въвело,1
чакащ,1
пролетната,1
бойлерът,1
гръмнал,1
вечността,1
ослепее,1
слушалката,1
лещи,1
подаръчета,1
липа,1
закога,1
задам,1
озаглавено,1
прощално,1
въздушен,1
веждата,1
стиснал,1
куриери,1
гъсто,1
позволиш,1
стреляш,1
дистанция,1
познатата,1
въздушното,1
летящата,1
заблудило,1
бъкстон,1
здравите,1
коректно,1
отстраним,1
консултираме,1
изключим,1
поставяме,1
епидемичен,1
карантиниране,1
ваксинира,1
заразна,1
бактериална,1
магарешка,1
заразеното,1
руменова,1
разбрано,1
бои,1
тътрене,1
претърпях,1
ухо,1
вписвания,1
секретност,1
разследваше,1
давана,1
бавят,1
наказателната,1
преминаване,1
тошко,1
католички,1
отстояват,1
последвате,1
усложнение,1
обрасла,1
премръзнали,1
туристки,1
престояли,1
лутайки,1
връхни,1
позовава,1
акушерска,1
патология,1
руптура,1
ескалирала,1
тъканите,1
предшествана,1
татуиране,1
отлепяне,1
плацентата,1
израждане,1
цезарово,1
кавгата,1
сечение,1
бунгало,1
заболеваемост,1
чешки,1
слепоочни,1
страдания,1
осъзнава,1
локализирани,1
масиран,1
предприетия,1
тактически,1
затрудни,1
разкажа,1
напряга,1
спомняла,1
точност,1
възстанових,1
изслушани,1
многостепенна,1
изхвърлило,1
изхвърлено,1
буна,1
бедстващи,1
трънско,1
регионалният,1
издирвателните,1
трънското,1
драговски,1
зъба,1
милчо,1
милчов,1
телесно,1
райдовски,1
присъединили,1
етапното,1
граничното,1
замъгляване,1
първоинстационната,1
касационно,1
елинпелинското,1
дружинка,1
риосв,1
мигновено,1
спасяването,1
спасителните,1
подбрано,1
местообитание,1
естествени,1
изключителни,1
тридесеткилограмово,1
маркирани,1
gps,1
нашийници,1
подходящите,1
укрепнат,1
включило,1
друмев,1
пресрещнало,1
довеждането,1
канев,1
заканването,1
възбудило,1
оказан,1
документалната,1
традиционното,1
крушовица,1
хранилка,1
привеждане,1
мечето,1
чехът,1
хотелската,1
замахнала,1
порезно,1
чех,1
причинило,1
пререканието,1
помирили,1
обитаваното,1
тилна,1
слепоочна,1
сърдечносъдовата,1
дихателната,1
системи,1
химическа,1
фотоснимки,1
доказателствени,1
осиротели,1
природозащитната,1
уловени,1
обгрижени,1
спасителният,1
природен,1
улавянето,1
петмесечно,1
общоопасните,1
самосъзнание,1
къмпинга,1
прилагали,1
ухото,1
шпиони,1
наричаме,1
пречеше,1
ценов,1
следния,1
прехранва,1
императорския,1
съкилийник,1
тревните,1
площи,1
гребеж,1
усърдно,1
временна,1
покръстили,1
осъзнали,1
координирал,1
пренасяне,1
заравяне,1
кръщението,1
лопати,1
мотика,1
слуги,1
съдействали,1
закова,1
присъстващия,1
запомня,1
нагъл,1
завистлив,1
култ,1
мъченическа,1
пих,1
съзнавала,1
прибирах,1
излезна,1
обещали,1
убеждавана,1
нападнах,1
изтърпяни,1
проклет,1
християнката,1
излезнах,1
обожествената,1
племеницата,1
мъчи,1
зевс,1
зими,1
спиш,1
юпитер,1
контролирам,1
съкилийниците,1
излежавали,1
подавал,1
менил,1
отмъстителен,1
раздала,1
отпътували,1
криводол,1
санкционираните,1
гонението,1
интимната,1
вибрио,1
вулнификус,1
развие,1
лин,1
кърмачката,1
сепсис,1
убедила,1
женитба,1
наричани,1
знатен,1
бактерии,1
изучава,1
посвети,1
човекоядци,1
описан,1
литературата,1
белгийски,1
микробиологичната,1
християнки,1
тампа,1
бей,1
къмпинг,1
силистар,1
добавена,1
нараснали,1
касаещо,1
адекватната,1
скъпите,1
внесеното,1
надлежно,1
заменила,1
причастил,1
кръстил,1
уверяваха,1
равноправието,1
мащаба,1
докладван,1
оплакали,1
докладване,1
уебстраница,1
неформални,1
сжв,1
отбранителната,1
беседвал,1
епископът,1
стреми,1
ипа,1
кръстена,1
служителки,1
подобрят,1
християните,1
взетата,1
обилната,1
искано,1
курсове,1
настъпил,1
обявихме,1
брифингът,1
постараем,1
отбелязан,1
великотърновска,1
кампании,1
рокади,1
течеше,1
ластарджиев,1
разпитван,1
джейхан,1
ибрямов,1
развой,1
кремове,1
приземния,1
рокадите,1
изтеклия,1
митева,1
бидон,1
гърляница,1
джалев,1
незначително,1
количесто,1
приковаха,1
чудовищните,1
рязането,1
снемане,1
обиколен,1
подам,1
инсталация,1
кулата,1
хвойна,1
столче,1
въздушни,1
кичур,1
самовъзпитание,1
ползването,1
пистолети,1
стреляне,1
следвани,1
съдбите,1
вековна,1
равна,1
толерирането,1
нора,1
подкрепящи,1
нахлуха,1
нетолерантно,1
римски,1
стадион,1
фемицид,1
родово,1
урилска,1
приятелина,1
слабичка,1
изоставената,1
пледираме,1
правдоподобно,1
изолиран,1
кухненска,1
удовлетворени,1
рязане,1
нарязана,1
безнаказаност,1
спирачките,1
изпреварил,1
безучастна,1
макетния,1
позволени,1
обезобразяват,1
същества,1
станем,1
координати,1
редуваха,1
нарязаната,1
споделена,1
debora,1
акалиев,1
братаница,1
mihailowa,1
седемгодишната,1
deboramihailowa,1
осъдили,1
мазила,1
отсъдили,1
преоблича,1
смея,1
садистично,1
предвидена,1
разпорежда,1
контролират,1
рекордни,1
шнур,1
манипулацията,1
прераснат,1
изявила,1
изказала,1
отстоявала,1
вярвайте,1
успявахте,1
вашия,1
удушаването,1
примка,1
благородна,1
макева,1
душенето,1
параноята,1
ревностния,1
затягане,1
даваща,1
криминалистичният,1
обезобразената,1
издирвал,1
връщано,1
изготвяли,1
пристигане,1
възстановила,1
трясък,1
успях,1
дочакват,1
ищците,1
отключиха,1
сметнете,1
лихвите,1
изпълнили,1
предхождан,1
осветително,1
пит,1
ограничавал,1
бракоразводно,1
разпитваха,1
довеждане,1
отнасяне,1
хасковска,1
кралския,1
кингстън,1
отдалечен,1
стоункот,1
пътнато,1
уловила,1
изабел,1
наемане,1
маккарол,1
корозията,1
газове,1
вредни,1
корозия,1
определената,1
локация,1
зададения,1
оборудван,1
превозването,1
каналджийство,1
пространството,1
превозвали,1
спътникът,1
анализирани,1
срема,1
моллова,1
проследяващо,1
наеха,1
купиха,1
присъденото,1
пуснатият,1
интерпретира,1
окачване,1
монтирана,1
подновяване,1
антикорозионната,1
насрещната,1
поднови,1
активна,1
спирачката,1
залепнал,1
metro,1
отпадане,1
недопускане,1
образователната,1
изначално,1
предявяват,1
билo,1
пребиванo,1
закъснях,1
сърца,1
биещи,1
усмивки,1
радостите,1
лъч,1
опора,1
твърдяло,1
проводство,1
кориците,1
извадило,1
съдъбната,1
контрираха,1
повлие,1
проболо,1
оказания,1
търпеливо,1
аплодисменти,1
посрещнато,1
преквалификация,1
квалифицирано,1
крик,1
образователна,1
костя,1
козас,1
хоспитализиран,1
разпитали,1
отстраняването,1
сезира,1
въвеждали,1
газта,1
електронния,1
толерирани,1
вписвали,1
въвеждани,1
регулярно,1
отделните,1
отсъствали,1
текущи,1
извиняване,1
пораждат,1
тежите,1
заявя,1
автентичност,1
вписването,1
задължителната,1
училищна,1
неморално,1
разбирал,1
трябвала,1
манастирище,1
полезни,1
вечерното,1
преглеждат,1
управленски,1
лидерски,1
патрулен,1
умения,1
модератор,1
панела,1
живка,1
попатанасова,1
media,1
вълнуваща,1
музикални,1
извънредните,1
изпълнения,1
скечове,1
сценични,1
натъкнал,1
способност,1
вероятен,1
първомай,1
пропуснат,1
благотворителни,1
emprove,1
обръщайки,1
редвижда,1
интелект,1
изкуствен,1
популярна,1
панел,1
надгражда,1
разказвал,1
излязал,1
насърчаване,1
признавани,1
постиженията,1
културната,1
дейци,1
предприемчивост,1
вечерната,1
обучителни,1
анатомия,1
кедър,1
мотивацията,1
мотивираме,1
съчетаване,1
предприемачество,1
образа,1
съвременната,1
обучителните,1
модули,1
столипиново,1
изложение,1
кулминацията,1
дискусионен,1
изхождайки,1
сентенция,1
топлеща,1
диво,1
изтъркани,1
корици,1
докосна,1
издателството,1
книжарниците,1
замисляла,1
действам,1
инвестира,1
начинанието,1
сантимент,1
потребност,1
подменен,1
палитра,1
боичките,1
пазете,1
рисувам,1
очарователната,1
написах,1
действителността,1
притежавам,1
входно,1
безизходница,1
засичат,1
разложкото,1
нелегални,1
хюз,1
предполагахме,1
предай,1
читалнята,1
ежедневен,1
бизнесите,1
еталон,1
гласови,1
качествена,1
многократните,1
интегрира,1
желаещ,1
картички,1
месинджър,1
щанда,1
брестовене,1
мобилното,1
слезката,1
обожава,1
плещите,1
старае,1
упражняван,1
карбинци,1
преместила,1
вдъхва,1
обич,1
паркирали,1
полял,1
книжния,1
безуспешна,1
цироза,1
първоначалното,1
социопатия,1
постановленията,1
предявени,1
отзовали,1
провокираха,1
подвеждаща,1
подвеждащите,1
законните,1
преценката,1
дирите,1
лалов,1
респектирани,1
личностово,1
изчислена,1
асцит,1
развита,1
удържат,1
непровокирана,1
психичната,1
прибягва,1
бабаитите,1
подсъдима,1
разбие,1
кеото,1
притекъл,1
нарушване,1
мимика,1
привлякъл,1
дееца,1
недовършено,1
правилната,1
кръстосвам,1
сгъва,1
терапии,1
онкохематологично,1
неотлъчно,1
химичната,1
токсико,1
патериците,1
емилиянова,1
eur,1
bgn,1
unicredit,1
bulbank,1
треньорка,1
неумишлено,1
доброволни,1
преквалификацията,1
хухла,1
преквалифицира,1
преобърнала,1
лупингите,1
нанасяна,1
клокотница,1
натам,1
принуди,1
шофьорският,1
гушата,1
нарушената,1
приятелско,1
постановяването,1
алтернативи,1
приближа,1
пряк,1
държаха,1
висящо,1
болеше,1
пазех,1
заварва,1
характеристични,1
pomogne,1
majka,1
запечатват,1
dete,1
движили,1
превишената,1
zasne,1
демонстративно,1
klip,1
domashno,1
nasilie,1
babata,1
kachi,1
socialnite,1
mrezhi,1
мениджър,1
шкафче,1
изненадва,1
нощното,1
подарявам,1
натопвай,1
хирург,1
безскрупулно,1
дръзко,1
емилиян,1
светлините,1
разразил,1
действаща,1
измъчвана,1
катетър,1
стопове,1
дренаж,1
операционна,1
оперирали,1
жестове,1
ужасява,1
водка,1
изскача,1
обхвата,1
подаря,1
предавай,1
скупчват,1
строшил,1
пълзейки,1
качвам,1
копче,1
бързай,1
изказва,1
уличка,1
недалеч,1
неизяснено,1
залавяне,1
отцепка,1
съучастничество,1
обсадиха,1
денкови,1
живеех,1
пенсионирах,1
егн,1
сменял,1
стойка,1
манерс,1
божанова,1
треторазреден,1
почнал,1
заблудена,1
космоса,1
питате,1
барселонагейт,1
прекратиха,1
отстраниха,1
златните,1
зарича,1
постъпване,1
информирало,1
всячески,1
спестяванията,1
простихме,1
организмът,1
следващи,1
загубим,1
съпътстващо,1
усложнява,1
искащ,1
успеем,1
признателност,1
подкрепите,1
дарителската,1
алианц,1
банк,1
bgbuin,1
buinbgsf,1
получател,1
любомирова,1
отменено,1
включете,1
базар,1
помете,1
арестa,1
убеждават,1
патологоанатомична,1
незабавните,1
предотвратиха,1
спаска,1
насърчават,1
започвал,1
ракитника,1
мачете,1
въззивна,1
хриси,1
остеосарком,1
химиотерапии,1
костта,1
метастази,1
ампутацията,1
крайника,1
божиите,1
тинето,1
пседерски,1
загубиш,1
дарителите,1
консервативно,1
следваме,1
звуци,1
протезния,1
включвам,1
донеса,1
разлея,1
усъвършенстване,1
свито,1
прегазеното,1
успокоят,1
успокоявал,1
засне,1
братчето,1
търсило,1
отричали,1
заснеме,1
получавайки,1
самосезират,1
учащо,1
знанието,1
разсолкова,1
образуване,1
крумов,1
осма,1
равнопоставени,1
незабравените,1
определените,1
отсядала,1
депозирането,1
променяла,1
успявал,1
преустанови,1
изнесъл,1
хостел,1
тръгвала,1
свалена,1
отвел,1
стискал,1
наранява,1
шезлонга,1
кракът,1
mestata,1
заложените,1
добринов,1
дпб,1
документална,1
обхват,1
спиране,1
ekip,1
proveri,1
kapaciteta,1
psihiatrichnite,1
мотимите,1
kliniki,1
калитиново,1
much,1
zapalneni,1
курортния,1
болния,1
буйства,1
вървяха,1
разминавайки,1
пъб,1
преследвала,1
електрошок,1
фъни,1
минавала,1
психиатри,1
мултимедийна,1
пиявици,1
разбива,1
тишината,1
живяло,1
цнст,1
рекламна,1
принуждавано,1
прътове,1
нанесеното,1
прецизни,1
наръгах,1
извърших,1
психотично,1
зов,1
дезориентирана,1
гошишния,1
документален,1
психичноболните,1
специализирала,1
интервюират,1
кампанийни,1
писане,1
хроники,1
rozi,1
piyavici,1
преписват,1
story,1
етнос,1
победи,1
последователите,1
спал,1
постоянната,1
междуинституционалния,1
лабиринт,1
последователи,1
инфлуенсър,1
препратени,1
изчерпали,1
светкавично,1
експертното,1
смачка,1
баница,1
трайково,1
кухненската,1
нашумелият,1
причинявани,1
шуменец,1
гендов,1
находящо,1
тартор,1
шестимата,1
съжителката,1
сменят,1
одобрил,1
постигнато,1
приспадне,1
одобреното,1
лутането,1
научно,1
изскочила,1
активните,1
агресиралата,1
нач,1
пармакова,1
тейзър,1
обезвредили,1
доставят,1
агресирала,1
нзок,1
сключат,1
неотложни,1
парадоксално,1
целодневна,1
епилептични,1
безплатната,1
раковото,1
ваксинираме,1
кризите,1
подпалва,1
хигиена,1
николва,1
прогресират,1
шансът,1
вирусологът,1
ядрото,1
репликация,1
горнооряховското,1
юмер,1
базиран,1
забелязах,1
ангажираме,1
променило,1
минаване,1
спахиево,1
заби,1
подписки,1
изоставените,1
павилиони,1
махам,1
изпращайте,1
отидете,1
занесохме,1
измерили,1
better,1
падания,1
поглеждани,1
сцепен,1
геодезисти,1
подобрим,1
подменят,1
изпратихте,1
осветителни,1
пращаха,1
осветеност,1
алтимир,1
изяснило,1
едните,1
пътеките,1
сираково,1
задна,1
действителен,1
стремеж,1
ефективност,1
осъществената,1
законодателната,1
планинска,1
селимица,1
концепция,1
ураганния,1
снеговалежите,1
възпрепятствали,1
достигнат,1
креативната,1
експедитивна,1
разчистен,1
достигат,1
отнело,1
свалени,1
шейни,1
усложнило,1
увлекателно,1
обещанието,1
разказани,1
освети,1
www,1
изпълняващия,1
функцията,1
дискриминационни,1
регионални,1
фокусират,1
наследствените,1
постановена,1
прецизирането,1
директивата,1
отделно,1
интосикирано,1
таблетки,1
незадоволително,1
стомашна,1
промивка,1
противовъзпалителните,1
хипотезата,1
плакат,1
ужасяващата,1
мода,1
прекомерен,1
неконтролираният,1
лекувани,1
измислица,1
отравяния,1
енергийни,1
документалните,1
превъплъщава,1
вейп,1
пушкарова,1
двучасов,1
уведомят,1
нбпп,1
неприключени,1
уведомяват,1
новопостъпили,1
повишената,1
седемдневен,1
разследванията,1
закараме,1
административни,1
обобщени,1
триседмичен,1
обобщената,1
скрием,1
подписана,1
царевец,1
повиквания,1
завишаване,1
перничанката,1
съответствието,1
поканените,1
сигнализирана,1
академичната,1
словесен,1
сектори,1
харти,1
конвенции,1
преподписахме,1
обектът,1
незрящата,1
обезобразяване,1
посоча,1
аптекар,1
случили,1
нещастия,1
празнота,1
скандирания,1
задоволява,1
отчасти,1
отвориха,1
чудят,1
удовлетворява,1
дарителка,1
толерирана,1
язо,1
глобите,1
горния,1
предвидили,1
екология,1
ветеринарни,1
обединение,1
обединена,1
мускули,1
обилна,1
хирургични,1
киберпрестъпност,1
сезираме,1
дарението,1
кракра,1
пернишки,1
анито,1
упражнили,1
учебно,1
социалдемократическия,1
разговарят,1
шестокласничка,1
осмокласнички,1
седмичник,1
унижиха,1
публикацията,1
полиграфия,1
велес,1
навърша,1
вложени,1
уплашихме,1
можехме,1
остарее,1
лакоми,1
алчни,1
можеха,1
дарителката,1
алдин,1
сигурни,1
дребните,1
дивотино,1
закупим,1
хазартно,1
анализирана,1
заплащали,1
мъчение,1
изненадало,1
челибашка,1
хипермаркет,1
продавач,1
банкомат,1
годен,1
гледан,1
русенка,1
бившите,1
доблест,1
изискванията,1
инкриминираното,1
неотложните,1
неизпълнявайки,1
посочване,1
субективната,1
самонаранявайки,1
позволена,1
самонадеяност,1
бездействала,1
поддръжка,1
нелепият,1
вдовеца,1
дочакаха,1
починаха,1
гонила,1
костите,1
платформи,1
последващи,1
разплащанията,1
проложения,1
тъмната,1
разпространявани,1
продавали,1
откажел,1
харесвала,1
канали,1
протичало,1
кибрепрестъпност,1
противодействия,1
прочело,1
установяването,1
злепоставяла,1
свалило,1
гадно,1
гръбначни,1
изпиране,1
отричало,1
обвинил,1
оставане,1
сговаряне,1
продължавано,1
сдружаване,1
заснемали,1
наложиха,1
осветен,1
нарушавали,1
врачанския,1
инициатори,1
определяни,1
тарифите,1
наети,1
натискът,1
атрактивен,1
постановки,1
недвижим,1
некадърен,1
напускам,1
отбутнах,1
издължават,1
посягаше,1
бягаше,1
отскача,1
хотелска,1
гримьорните,1
налагани,1
поставяли,1
държането,1
входирал,1
стойността,1
малчева,1
приближила,1
разяснили,1
удрян,1
изпила,1
придружи,1
предоставянето,1
заспивам,1
спя,1
подлагал,1
стоях,1
станчева,1
веществено,1
заживял,1
уверявал,1
грамада,1
ритник,1
снагата,1
бившето,1
слепи,1
баир,1
незряща,1
бункер,1
водел,1
използваните,1
посещавал,1
извършителката,1
поддържала,1
самопризнание,1
празнувало,1
наемани,1
обитаваните,1
обещаване,1
златанови,1
сдсм,1
измервания,1
хижаря,1
състояния,1
синоптиците,1
бухово,1
нанеслият,1
пасков,1
почуствах,1
павлинка,1
вътева,1
установеното,1
антибългарска,1
френското,1
отглеждан,1
абитуриентския,1
бал,1
навършват,1
националист,1
проруски,1
позиционира,1
запалиха,1
изминават,1
минаваме,1
стъпките,1
тъмница,1
облекчен,1
станциите,1
македонските,1
метеоролози,1
изложил,1
набрали,1
реализирана,1
определил,1
синоптичната,1
мотивирано,1
съвкупили,1
обжалвания,1
обявили,1
кръстевска,1
йосифовска,1
влязал,1
жаклина,1
гнусни,1
неразкрит,1
вътречерепни,1
усложнят,1
стефановски,1
сформира,1
разумното,1
наранено,1
съзъбие,1
окосмената,1
нимх,1
наблюдения,1
неспособна,1
частност,1
сериозността,1
подува,1
линчуват,1
изострили,1
мебелист,1
mъж,1
допреди,1
бреница,1
кнежа,1
грижили,1
надзирател,1
пенсионирането,1
борован,1
онкозаболяване,1
неотложност,1
издаваните,1
пренася,1
заявления,1
тончева,1
токсичен,1
комуникирам,1
обезценяването,1
полугодие,1
поморийско,1
тъст,1
синхрон,1
психилогическата,1
старозагорец,1
задължавани,1
сменил,1
изнесоха,1
старозагорецът,1
шуменските,1
задно,1
сак,1
транспортиращо,1
надлежния,1
отделят,1
предлог,1
квартални,1
пенсионерски,1
кметове,1
използващи,1
сценариите,1
дървения,1
черноконево,1
гигинци,1
обърнем,1
ставаща,1
каварна,1
представяли,1
комунални,1
шуменският,1
задуши,1
айдън,1
осъщественото,1
чувайки,1
постановиха,1
предоставян,1
лахана,1
натоварил,1
отникъде,1
заплашителни,1
исковете,1
неоснователни,1
недоказани,1
утрин,1
предистория,1
махай,1
застрашена,1
гонеше,1
лежиш,1
предполагаше,1
изписаха,1
изясня,1
клеветите,1
успявам,1
борбения,1
предам,1
искрена,1
оставяйте,1
манипулирани,1
потроши,1
дванадесет,1
появилите,1
декларирала,1
айсберга,1
петчленният,1
привлякла,1
заровят,1
допрял,1
разминават,1
халосни,1
засипали,1
строителни,1
гунчев,1
очна,1
ставка,1
сблъска,1
мръсна,1
доростол,1
малинова,1
натоварили,1
опасната,1
нарушавал,1
заровили,1
разминавания,1
удължиха,1
разминаването,1
лъсне,1
състояло,1
съпоставят,1
кондофрей,1
размахвайки,1
барикадирани,1
успокоя,1
стационарния,1
заснела,1
приетата,1
благовонни,1
засилила,1
закарали,1
алкохоличка,1
отвърнало,1
душен,1
хроничната,1
алкохолна,1
възкръснал,1
съчетание,1
миро,1
масла,1
наричала,1
съсипя,1
съпричастие,1
обичая,1
замахнал,1
помажат,1
изколя,1
изтърпявал,1
наложените,1
поводите,1
проявяваната,1
магдалина,1
систематичните,1
пресрещнал,1
спасителя,1
тревожността,1
следродилна,1
тревожност,1
радостната,1
мехури,1
хирурга,1
шуплев,1
хирургична,1
азия,1
югоизточна,1
обработка,1
микробиологична,1
причинителя,1
объркаш,1
характерно,1
антибиограма,1
киликия,1
антибиотично,1
знатни,1
диоклетиан,1
христовото,1
хирургичното,1
вестителки,1
избиване,1
зъб,1
белева,1
апостолите,1
протестирано,1
постановяване,1
отблъснала,1
дрехата,1
напомнила,1
кореспонденция,1
повреждане,1
странично,1
лозница,1
изразходвана,1
електроенергия,1
подтиквайки,1
честваме,1
активизирало,1
конкуренти,1
провеждаща,1
залежна,1
шофирали,1
исхемия,1
демонстрирали,1
включвала,1
калашниците,1
групировка,1
исхемията,1
акспертиза,1
среди,1
криминалните,1
потрошено,1
функционираше,1
прокруатурата,1
поздравява,1
процесуални,1
тънка,1
никодим,1
заваля,1
запушил,1
столетниците,1
ломско,1
ариматея,1
йосиф,1
важният,1
библията,1
лъжеш,1
крадеш,1
източната,1
родопите,1
дева,1
саломия,1
изкълчен,1
запазени,1
евангелията,1
ураганен,1
облачно,1
мъгливо,1
градуса,1
надморска,1
снежна,1
последователки,1
киликийски,1
дебелина,1
осъзнавало,1
кръвонасядане,1
грубите,1
заделени,1
севданова,1
помагахме,1
хосписи,1
стъпалата,1
катаракта,1
незаконните,1
заплашвани,1
гонени,1
перде,1
прогресивно,1
влошили,1
тормозят,1
смееш,1
хапнем,1
неделчева,1
бачо,1
изненадаме,1
чудихме,1
коледно,1
цвяткова,1
мръсотия,1
зарадват,1
връзват,1
коледни,1
прекарах,1
елхата,1
даяна,1
забелязахме,1
празници,1
коледните,1
токсичния,1
подозрително,1
поемайки,1
прехвърлили,1
сделки,1
разпоредителни,1
злоупотребено,1
парализира,1
управителите,1
препълват,1
препълване,1
хосписа,1
заработвали,1
невинаги,1
бутанът,1
изразходва,1
контролните,1
автомобилни,1
прегледал,1
газстанции,1
случите,1
накрайници,1
нерегламентирано,1
газколонки,1
петрини,1
съжителствала,1
избягаме,1
горещина,1
заобикалящите,1
заработил,1
повярвали,1
обезпечаване,1
търговските,1
съсредоточаване,1
непримирими,1
пръсти,1
спасила,1
сградите,1
запечатаха,1
обещаните,1
нспздн,1
активизъм,1
активисти,1
координирани,1
спазване,1
изведоха,1
етични,1
прилаган,1
недохранване,1
професии,1
престижни,1
отпуснати,1
обявените,1
интервюирани,1
критикуват,1
наблюдател,1
филии,1
ангажирано,1
приз,1
извършителките,1
обедните,1
дошлият,1
нападателки,1
абланица,1
болнцата,1
очното,1
гной,1
ударен,1
ушити,1
жадна,1
изкарвала,1
интересували,1
заповядайте,1
старчески,1
удостоверяват,1
мошеници,1
доверили,1
скрий,1
подлъгах,1
ампутация,1
обединим,1
петата,1
повиши,1
плащал,1
отделяне,1
бутана,1
оказването,1
носната,1
брезница,1
триводици,1
осиновителка,1
съчетан,1
прокарване,1
обращение,1
автоматични,1
разклатеното,1
дефибрилатора,1
сложени,1
популярните,1
разклащане,1
волейболни,1
столове,1
волейболната,1
дефрибрилатори,1
вдъхновява,1
опровергана,1
дефибрилаторът,1
сърдечният,1
играех,1
мач,1
захапвания,1
дефибрилатори,1
сирни,1
фсмп,1
клатушкат,1
пиринско,1
щяхте,1
заслужаваше,1
довеа,1
победител,1
прощава,1
победен,1
губещи,1
неизбежните,1
сексолог,1
двойков,1
блъснат,1
медиатора,1
фамилния,1
накажем,1
гаврят,1
ценно,1
мащабни,1
събудят,1
републиката,1
правораздаването,1
предшествани,1
радомирци,1
нареченият,1
почернени,1
непослушна,1
обединяват,1
позоваване,1
непълно,1
газовите,1
причинената,1
принудят,1
запълнен,1
бистрица,1
дошлите,1
температурата,1
изтичане,1
прехвърлящо,1
топлина,1
печки,1
созополската,1
слънчева,1
пълнят,1
прераснало,1
бензиностанции,1
майстор,1
мейл,1
дейли,1
британското,1
уредби,1
отекна,1
генерирала,1
уреди,1
предназначени,1
непроветриво,1
осиновената,1
капацитета,1
предходните,1
уредите,1
убеждение,1
феновете,1
залите,1
формирано,1
волейболист,1
спортистка,1
апарати,1
почивни,1
игнорирани,1
разтегателна,1
оттеглили,1
охлузно,1
свищов,1
непознато,1
идентично,1
довода,1
найлонова,1
торба,1
намиращите,1
перничанин,1
противоправното,1
мещица,1
стефаново,1
годишеният,1
котакова,1
миналогодишната,1
препратка,1
логическа,1
арогантен,1
сертов,1
дългогодишна,1
предоставяли,1
офисът,1
настигнат,1
притичат,1
отсрещната,1
навява,1
среден,1
наръгам,1
риза,1
евентуалният,1
уязви,1
детонацията,1
лечева,1
наблюдаваме,1
намаля,1
показни,1
бизнесклуб,1
хазарта,1
управа,1
академик,1
плиска,1
споменаваше,1
черноморските,1
солници,1
подбрани,1
изпълнителното,1
аграрното,1
научна,1
взривното,1
ударната,1
стени,1
разрушени,1
тераси,1
алуминиевата,1
дограма,1
срутила,1
предполагаемата,1
статия,1
печата,1
джандара,1
грамадите,1
брацигово,1
аналогия,1
директро,1
кандидатката,1
сакскобургготски,1
укрит,1
купените,1
ликвидацията,1
предавали,1
енергетика,1
икономист,1
кандидатите,1
сдружения,1
медиен,1
бела,1
връщана,1
гергененова,1
досегашните,1
окончателни,1
доведени,1
подбудител,1
защитници,1
извършило,1
чудовище,1
преосмисля,1
попчев,1
рестартирано,1
прлисъдите,1
безмълвни,1
изтощава,1
продължаващото,1
справедливия,1
дръндаров,1
запознае,1
писмените,1
неявяване,1
прочетена,1
лежат,1
чуха,1
затиснала,1
опашката,1
повтарят,1
рсбоп,1
амбициите,1
обзор,1
подминаха,1
усукал,1
инвестиции,1
притиснал,1
туризма,1
недвижимите,1
крупни,1
изпълнителния,1
ницова,1
простреляното,1
вероятният,1
пакетчета,1
прахообразно,1
вещество,1
купувал,1
загрявал,1
задлъжнялост,1
засякъл,1
блажев,1
влюбени,1
еднопосочни,1
проникващо,1
неосветена,1
изследвала,1
концесионер,1
видът,1
христев,1
обтегнати,1
паветата,1
обмислял,1
съобразявам,1
наште,1
кърмачета,1
заболели,1
вестници,1
преведем,1
твоите,1
купили,1
народът,1
охрани,1
бодигардове,1
кърмачетата,1
сплашен,1
легендарни,1
играчи,1
известният,1
анализите,1
аржентински,1
предпазва,1
репортери,1
буенос,1
гестационна,1
айрес,1
наказа,1
футболиста,1
крив,1
погледне,1
крива,1
жалка,1
кумир,1
пускал,1
юмруците,1
селта,1
имунизирани,1
тим,1
мондиал,1
носител,1
призовете,1
обувка,1
модерния,1
ляв,1
предизвикването,1
гафовете,1
утихна,1
укрити,1
заменка,1
уефа,1
фоторепортер,1
псувня,1
смяташ,1
злобната,1
погледнеш,1
физиономиите,1
предаванията,1
трениране,1
парично,1
френският,1
шанова,1
стопанска,1
обхвана,1
нелепо,1
велинова,1
затиснато,1
размерът,1
квалифицира,1
срутените,1
козирки,1
козирка,1
стипендиант,1
звъняхме,1
отломките,1
разчистени,1
паун,1
срутената,1
алабин,1
индиго,1
провериш,1
срутване,1
разбудени,1
оглушителен,1
бомбата,1
заложена,1
целели,1
стоматоложка,1
заградената,1
мадрид,1
заблуждавана,1
папарак,1
скленарикова,1
манекенката,1
женим,1
лас,1
вегас,1
записване,1
регистрираното,1
узаконяваме,1
семинара,1
документиран,1
изискуемите,1
целева,1
двегодишна,1
oще,1
чувставата,1
избрала,1
спонсор,1
техната,1
митаровот,1
промит,1
раждаемост,1
заблуждавали,1
наклонностите,1
инспектора,1
котката,1
привързана,1
любимец,1
теменужка,1
code,1
ubbsbgsfxxx,1
обб,1
структурирани,1
фокуса,1
сигнализирахме,1
рая,1
назарян,1
преговарят,1
предприело,1
партийни,1
пхг,1
преговорните,1
повлияна,1
вторите,1
комуникационна,1
изчакаш,1
изпитанието,1
белобрадова,1
рискован,1
опитаме,1
изслушаме,1
итн,1
музикален,1
разстроено,1
патрулната,1
swift,1
bgubbs,1
дариха,1
филиала,1
обърканата,1
потърсим,1
седнах,1
влошаваше,1
ставаше,1
останахме,1
местя,1
изправям,1
хаматологът,1
запушване,1
кръвоносни,1
инвалидната,1
съдове,1
левкимия,1
радостен,1
колективна,1
стилиян,1
чакалнята,1
преборим,1
срещан,1
обслужвал,1
гените,1
активирал,1
помолена,1
искани,1
привкус,1
отстъпват,1
дойдехме,1
унищожен,1
споменаха,1
кривини,1
оживена,1
причакват,1
предстоеше,1
хрумна,1
правилните,1
модерна,1
съвътлъка,1
видеозапис,1
локвата,1
минавайки,1
зоопарк,1
намеци,1
ухапване,1
изживяват,1
захапката,1
наблюдавал,1
благовест,1
отхапано,1
проблемното,1
придружители,1
посетителите,1
обезопасено,1
закаран,1
измамите,1
разяснил,1
калъфчето,1
кошче,1
обикалях,1
нощи,1
умиление,1
вълнение,1
вълнението,1
занася,1
кабелна,1
откликнали,1
тръгвайки,1
козунак,1
дайте,1
разплаках,1
представих,1
светлата,1
призвани,1
европейският,1
единодушното,1
забраните,1
защитила,1
формулирани,1
тълкувани,1
ефектите,1
показател,1
разпръснат,1
мнимия,1
речта,1
хиперактивна,1
кортикостероиди,1
проституиране,1
асистентът,1
заминавали,1
действахме,1
подвижността,1
сътрудници,1
контролирали,1
рапър,1
окръжното,1
княгиня,1
рапъра,1
идолите,1
съдружници,1
звукозаписната,1
енд,1
рекърдс,1
видеоклипът,1
доминиканската,1
научил,1
съвместният,1
албум,1
комбина,1
рапърите,1
певицата,1
флорин,1
некоректното,1
григорова,1
сериозните,1
предметът,1
каналът,1
китанов,1
простихте,1
простих,1
ръждак,1
садистичен,1
влзе,1
едномесечни,1
общественоопасен,1
едномесечния,1
драстичния,1
кресна,1
тревожен,1
наклеветената,1
изчезналия,1
деветокласничките,1
притиснали,1
пърлили,1
дишам,1
отчетът,1
дознателка,1
елин,1
пелин,1
бенкова,1
лещова,1
буюклиева,1
прекратяват,1
кокалчетата,1
тромбоцитите,1
любяна,1
чистила,1
носила,1
достъпност,1
осигуряването,1
изменението,1
отмяната,1
въззивния,1
възложила,1
сигнализирани,1
устройвал,1
отказите,1
осъждането,1
неделчев,1
няколкократно,1
доближавал,1
мраморна,1
светъл,1
вложи,1
влагаше,1
логопед,1
вкараш,1
мебелите,1
изпълнителят,1
кристо,1
коронавирус,1
роса,1
столетница,1
аспирация,1
изви,1
доближавана,1
патрулът,1
докладването,1
сформирани,1
периметърът,1
специфика,1
подсказваше,1
млеканов,1
окръжнатажната,1
първоналачни,1
конкретизирала,1
чатове,1
разпитаните,1
изчете,1
sim,1
занесъл,1
възползват,1
устройството,1
отключат,1
дърпана,1
дамяница,1
изнервило,1
скара,1
борихме,1
достъпността,1
футболният,1
фоторепортерът,1
изритал,1
мухоморка,1
мусака,1
салати,1
озеки,1
пожизнен,1
полу,1
финка,1
ванова,1
линево,1
съставяла,1
избиратели,1
izbori,1
токсикологията,1
седмият,1
кюстендилското,1
критичен,1
отравянето,1
изгарянето,1
жилищния,1
серафимова,1
янкулова,1
картър,1
серафимов,1
златомир,1
тераса,1
затисна,1
глушник,1
върховете,1
стигнеш,1
станеш,1
строгите,1
китното,1
кюстендилско,1
съжителстват,1
странното,1
хоби,1
складира,1
далечни,1
контейнери,1
солиден,1
довлече,1
мексикански,1
разбереш,1
изхвърления,1
болкук,1
седемгодишният,1
сърф,1
барбара,1
натоварената,1
получа,1
горд,1
япония,1
сумистите,1
ценят,1
забележителности,1
роуд,1
ремонтни,1
иззетите,1
постарал,1
кооператори,1
налива,1
тубите,1
пералнята,1
надка,1
интернат,1
коджакафалията,1
писмено,1
ресорния,1
баклава,1
златарица,1
пиянство,1
мий,1
гледало,1
къра,1
шубите,1
градчето,1
турчин,1
скъсали,1
панцъркова,1
цанко,1
гласни,1
чата,1
дожаля,1
сходно,1
препратена,1
забранили,1
настрои,1
принадлежи,1
домоуправителят,1
участвало,1
тезите,1
събуден,1
касапин,1
изверг,1
компетентния,1
гранитна,1
забравим,1
състудент,1
взривената,1
австралийските,1
покривната,1
бензиностанцията,1
дограмите,1
изкъртени,1
бутилката,1
насилственото,1
барманът,1
тръбите,1
преустроено,1
туби,1
готвене,1
чистене,1
къпане,1
безценица,1
донесен,1
ангажираха,1
съборил,1
отстъпила,1
хубост,1
знание,1
смятана,1
учещите,1
библиотекарите,1
писарите,1
писател,1
кръстили,1
бойното,1
оръдие,1
катюша,1
омъжила,1
бунтарския,1
приоритети,1
пропусне,1
благова,1
сакъзов,1
сако,1
каре,1
боти,1
обадете,1
пикапа,1
направеният,1
грипния,1
мима,1
папазова,1
омъжва,1
бързала,1
нетипично,1
изучавала,1
филипов,1
помагачество,1
заркова,1
киселината,1
поверията,1
неомъжените,1
християнската,1
именния,1
поетеса,1
момчилов,1
демонстрира,1
житието,1
спорило,1
влиятелни,1
царицата,1
американците,1
безстрашна,1
изобличителка,1
езичеството,1
чела,1
умно,1
заповядали,1
коловете,1
обезглавили,1
поетесата,1
резултатен,1
вирусна,1
тежкопротичащи,1
отсъствам,1
отсъствие,1
работих,1
замразила,1
витрото,1
сърфистите,1
доплащаш,1
анкетираните,1
желани,1
уволнението,1
годиназасега,1
бюджетът,1
бюджетния,1
излишък,1
планирани,1
планираното,1
разгледала,1
методите,1
сбъдне,1
прозрачност,1
успеваемост,1
асистираните,1
стерилитет,1
сканират,1
клиниките,1
майчиното,1
стимулация,1
работодатели,1
увеличил,1
охлузил,1
действали,1
видинчанин,1
изоставеното,1
биография,1
изразена,1
застойна,1
циеноза,1
иктер,1
справихме,1
снежаната,1
издирят,1
съгласили,1
отгледат,1
подпомагана,1
уведомила,1
сигнално,1
миткова,1
рефлекси,1
надава,1
вписана,1
документно,1
истинската,1
оздравително,1
хвалело,1
произвело,1
блутут,1
бельо,1
лаптоп,1
предполагаемите,1
сливенският,1
калайджиева,1
законовият,1
симов,1
пръчка,1
животоспасителни,1
сливенските,1
минерални,1
недко,1
бани,1
обитателки,1
настойчиво,1
шефката,1
тялонякои,1
заделят,1
мизерстват,1
ровят,1
плащана,1
разлепени,1
софрониево,1
счетоводителя,1
издължени,1
платена,1
изтощено,1
свинекомплекса,1
яким,1
гринговци,1
заслужи,1
замисъл,1
престъпен,1
подготвили,1
търновомомичетата,1
осуетено,1
удряли,1
джебчийство,1
отнемеш,1
изразя,1
регламентирана,1
двудневна,1
длъжностно,1
яла,1
хранително,1
жълт,1
москвич,1
усвояването,1
нахвърлили,1
ядат,1
гърчила,1
трифазен,1
повръщат,1
златоград,1
плъзва,1
кабаджов,1
копринка,1
отровил,1
груево,1
излизало,1
житен,1
навик,1
загрижени,1
анкетата,1
нарастване,1
пушачки,1
вливане,1
координаторът,1
маша,1
гаврилова,1
противоепидемични,1
белодробни,1
ендокринната,1
временни,1
ранения,1
повикала,1
въведени,1
ваксиниране,1
камата,1
вечеряли,1
фоторепротерът,1
недостигната,1
тръгване,1
селекционер,1
ядосало,1
догонил,1
журналиста,1
епидемичното,1
стряска,1
исперихската,1
пасивното,1
драскотини,1
качването,1
конят,1
подплашил,1
каруцата,1
изключителната,1
отнасящи,1
фалшивият,1
предоставила,1
гнезда,1
попълнили,1
стандартизиран,1
сравним,1
представително,1
епизодични,1
заблуда,1
епизодичните,1
въвлечена,1
разделените,1
разведените,1
несемейните,1
пропушили,1
пушачески,1
въздържат,1
цигарите,1
елза,1
конфеденциалност,1
съхраним,1
привилегията,1
четиригодишен,1
заставяни,1
изработеното,1
проституиращите,1
обжалвани,1
преработвал,1
оказване,1
посолството,1
допълвали,1
форумът,1
превенционните,1
тръста,1
масларова,1
смятайте,1
унижила,1
подадената,1
другаде,1
завели,1
десетгодишната,1
състезавало,1
подкрепяща,1
плувна,1
плувци,1
водното,1
младежки,1
придобиването,1
възползваха,1
дъски,1
предявена,1
назначено,1
упоен,1
побере,1
сбогуват,1
връстник,1
партиен,1
подготвяните,1
приетия,1
разширят,1
татковци,1
пребиват,1
белята,1
оправданието,1
дразнели,1
проявят,1
обременено,1
възпроизвежда,1
предприемайки,1
съществуващия,1
подпомагат,1
четиригодишната,1
оневинили,1
сблъскват,1
цачков,1
оневинен,1
тренират,1
кашиков,1
лъскави,1
земетръс,1
укрепили,1
вънов,1
строителната,1
предлагали,1
осигурят,1
отскубнал,1
трайни,1
кубратово,1
зъбите,1
деветгодишният,1
прекарвал,1
подкожни,1
притеснявана,1
отпуска,1
възпитателката,1
дежурна,1
сложиш,1
хапне,1
издевателстват,1
малчуган,1
мариела,1
винпрома,1
директорка,1
самостоятелни,1
нежелани,1
паянтова,1
техническия,1
състезател,1
калкан,1
обвиняваната,1
панаьотова,1
колежки,1
медали,1
хариета,1
гарибян,1
закрит,1
обърнала,1
бургаски,1
рухна,1
севдалина,1
кунчева,1
спяла,1
триметров,1
лумбални,1
хемодинамика,1
стабилни,1
славейко,1
изкопа,1
укрепена,1
конструктивно,1
предоставил,1
укрепване,1
минкова,1
участъци,1
горен,1
септемврийското,1
учил,1
приличаше,1
месят,1
пресни,1
питки,1
стажа,1
раздават,1
грозде,1
плодове,1
тържествено,1
верка,1
любомил,1
софка,1
намушкала,1
набучени,1
празнуват,1
пирони,1
намушкаха,1
пръсна,1
караджова,1
хукват,1
циничен,1
вулгарно,1
велева,1
игрището,1
вдигнал,1
спорно,1
приоритетите,1
възлюбени,1
изживяла,1
кончината,1
изтезанията,1
превъплъщения,1
древни,1
съвременни,1
философии,1
чества,1
преданието,1
благочестива,1
носели,1
възпитавала,1
фикрет,1
скривали,1
изповядвали,1
юксел,1
спирачен,1
застанали,1
изпреварва,1
изумили,1
тържество,1
фикретова,1
принесат,1
тансу,1
богинята,1
артемида,1
изтезават,1
необикновена,1
обсъдени,1
акад,1
изпълняващият,1
клипчетата,1
варианта,1
прикрили,1
нацяло,1
шампиона,1
пенев,1
изпълнителския,1
заявихме,1
немарливо,1
показващ,1
неприемливи,1
проявим,1
безкомпромисност,1
прокуратураварна,1
еднакъв,1
компилацията,1
заровим,1
обгорен,1
системна,1
проучванията,1
литва,1
малта,1
португалия,1
анкетите,1
подрастващи,1
европейско,1
изключвам,1
изказването,1
функциите,1
гигантските,1
професионалното,1
вътрешното,1
уволнена,1
приключили,1
оттегляне,1
господина,1
гилза,1
тих,1
яки,1
мотоциклети,1
весел,1
сговорчив,1
изговори,1
поддържали,1
комуникирал,1
подготвяше,1
преместим,1
подготвяла,1
лишаван,1
пранги,1
пишеше,1
недей,1
стоиш,1
твоето,1
гигиантските,1
любо,1
добродетелите,1
тренирам,1
застреляния,1
иларионов,1
мести,1
петревене,1
санитарен,1
връчен,1
ресурса,1
заплащат,1
прищявката,1
иновативен,1
уважена,1
отхвърлена,1
раменете,1
призив,1
отдава,1
лятнатта,1
богданова,1
патолога,1
прострелна,1
награждават,1
спектър,1
пресякъл,1
гайдаров,1
инструкция,1
служебно,1
криминалистът,1
марковски,1
маргарит,1
издал,1
седмично,1
общопрактикуващ,1
спаринг,1
заканите,1
отправено,1
срп,1
претърсваха,1
плътно,1
есен,1
наподобяващ,1
потресаващи,1
входира,1
покрито,1
диаметър,1
лъгали,1
посреща,1
управителя,1
охлузването,1
въртяла,1
облекчи,1
сезирала,1
подставено,1
настани,1
местенце,1
натисна,1
попълнение,1
палова,1
измъкнали,1
спазвайки,1
дърпане,1
опитвайки,1
взeмало,1
суичери,1
зоологическата,1
преговаряхме,1
спортист,1
изневерява,1
прощавала,1
ексклузивното,1
преброи,1
преброя,1
донесох,1
напи,1
неприлично,1
откликнала,1
призовкар,1
дърпаше,1
прецених,1
обясняваше,1
предателка,1
разказваше,1
целуне,1
гръмне,1
претърсят,1
годшното,1
таков,1
сузан,1
дърпало,1
стискане,1
навъдиха,1
стена,1
забележете,1
куфари,1
единен,1
процедира,1
кирка,1
отрекат,1
заплашвам,1
мъжкият,1
отложено,1
запознанството,1
никълъс,1
поговорят,1
плесници,1
коленца,1
териториално,1
замахва,1
цинизми,1
млъквам,1
роднинските,1
молейки,1
наблюдаваха,1
гюрсе,1
снимаха,1
умите,1
разбиранията,1
съгласяват,1
уебсайта,1
стресна,1
погребаната,1
поддават,1
импулсивни,1
нелоялна,1
разплитат,1
казънлък,1
изгубена,1
сходство,1
събори,1
отзоваха,1
чувствах,1
травмирахме,1
вбесявало,1
helpguide,1
потрети,1
прощавах,1
червеното,1
съвпадения,1
махнат,1
седях,1
страхуваме,1
принуждаване,1
подбирал,1
запознанство,1
превръщал,1
странни,1
сключва,1
бащиното,1
козметичната,1
нарушен,1
иде,1
граничния,1
калотина,1
подкаст,1
добросъседство,1
оборим,1
запазването,1
езика,1
развали,1
субекта,1
запънат,1
гинекологът,1
статусите,1
недялани,1
славяните,1
погледнат,1
погребат,1
татари,1
подведени,1
разпространители,1
луксозна,1
козметичен,1
обяснено,1
впечатлена,1
подписах,1
публикувал,1
доставял,1
погребвам,1
следваща,1
шокиран,1
свързa,1
зловеща,1
същевременно,1
пийнат,1
разполагащи,1
дикреция,1
разходят,1
дойдеш,1
следеше,1
маршрута,1
обикаляше,1
неузнаваемост,1
успеха,1
гинекология,1
абсурд,1
прерязвал,1
шокиращия,1
сутрешния,1
целодневното,1
гранд,1
милениум,1
тазгодишното,1
формат,1
признатия,1
изнудваше,1
междучасието,1
несъгласие,1
запозна,1
принуждавал,1
разровен,1
припаднах,1
връзване,1
вериги,1
обобщава,1
вечно,1
заплаща,1
сурови,1
владислава,1
тричкова,1
футболната,1
централа,1
събориха,1
цитираме,1
уведомявани,1
превишаване,1
разминаванията,1
казуси,1
спортният,1
тонков,1
ректор,1
вечни,1
войнежа,1
запазим,1
поръчано,1
транзит,1
нормите,1
tajland,1
радиева,1
самоубийствени,1
съзнава,1
уважаваната,1
пгче,1
гривна,1
мвнр,1
попечителството,1
изчезнал,1
престои,1
обем,1
бащинството,1
претендирал,1
разградско,1
райнино,1
компенсира,1
оспорва,1
оправдания,1
почтеност,1
чувствителност,1
заместващата,1
приложена,1
заместваща,1
кръвосъсирването,1
хирургически,1
учредителите,1
konsul,1
хематома,1
bivsh,1
davia,1
алианс,1
фразата,1
спомената,1
обърнахме,1
партньорски,1
публикувахме,1
анкета,1
отбелязали,1
осмиващи,1
иронизиращи,1
отпуснали,1
светкаш,1
потребителка,1
стоматолога,1
фейсбука,1
законен,1
биологичните,1
валидно,1
несторов,1
zhestokoto,1
ubijstvo,1
mazh,1
zadarzhanata,1
tashta,1
животозастрашаващия,1
клинични,1
полевият,1
смирение,1
отбрана,1
декларативност,1
положили,1
хипократова,1
клетва,1
умря,1
одитният,1
лъсна,1
разочарованието,1
стоящ,1
тежест,1
симеоновец,1
самоделна,1
гълъбарник,1
трудолюбива,1
симеоновица,1
петчленен,1
изготвили,1
протестирана,1
факелно,1
гинекологични,1
наслов,1
изсветляване,1
шофираният,1
джип,1
покаяние,1
евентуалните,1
препоръчали,1
неподготвения,1
критичното,1
противопоказна,1
лекуващия,1
хематологични,1
противопоказания,1
неврохихург,1
престанаха,1
преценен,1
детския,1
шурлиева,1
попречило,1
повика,1
лекуващият,1
консултиращи,1
одита,1
мултидисциплинарен,1
преглеждали,1
консултациите,1
заместят,1
елементарни,1
сополи,1
приписват,1
известени,1
овладеят,1
специализантът,1
спорта,1
хубавите,1
варвара,1
отговарях,1
невиждано,1
ролки,1
закопая,1
найлони,1
победил,1
радваме,1
изядат,1
докарат,1
желаем,1
повредата,1
употребяваше,1
телеграм,1
изневерявала,1
пребивава,1
насинена,1
надупчена,1
шило,1
суботинов,1
разчлененото,1
товара,1
манова,1
магистрати,1
разчленил,1
манева,1
криптовалута,1
иречеково,1
токати,1
злоба,1
адската,1
дупчил,1
товарът,1
трафикът,1
няколкодневни,1
претоварен,1
тихия,1
провеждащата,1
бич,1
зрелищен,1
ограбил,1
бабх,1
сключено,1
логодаж,1
лисичково,1
вдигал,1
овиняемият,1
шенгенската,1
вещно,1
прибираше,1
кузев,1
микаелка,1
неусетно,1
прекъсваше,1
черноочене,1
безобидната,1
сухата,1
наследствено,1
далакът,1
излишен,1
скрински,1
движения,1
изключваше,1
довери,1
жечка,1
мирена,1
познанството,1
гуглева,1
инсп,1
увеличим,1
таргетирано,1
латентно,1
оглавява,1
новосъздаденото,1
гднп,1
стряскащо,1
колебае,1
апелът,1
депозирана,1
депозират,1
сформирали,1
надяваме,1
координира,1
посуда,1
илчева,1
възлов,1
потресаваща,1
насърчат,1
занимавайте,1
финалната,1
разпоредена,1
манипулират,1
визирания,1
апаратна,1
посочат,1
екстубирана,1
шести,1
явявали,1
пастор,1
невменяемост,1
ескортирана,1
поискам,1
непосилно,1
токов,1
влошила,1
бъбречна,1
хемодиализата,1
мобилна,1
сухожилията,1
качваме,1
карапетков,1
транспортираме,1
излизаме,1
снемем,1
придвижването,1
пресичала,1
рускиня,1
разполагал,1
заобикалят,1
скандално,1
недопустимост,1
сигла,1
понасят,1
превантивно,1
отчетност,1
осъдителната,1
съществуваше,1
съпредседателят,1
чудовищният,1
зверството,1
противопоставим,1
криворазбран,1
влекач,1
национализъм,1
старозагорци,1
обжалвал,1
отменил,1
развилите,1
нарязани,1
сънната,1
порезните,1
обръснал,1
машинка,1
констатираните,1
взетото,1
отчетността,1
засилят,1
формации,1
елитното,1
преведе,1
паунда,1
притеснената,1
спестените,1
посредник,1
апелират,1
получаваната,1
ползвана,1
евентуалната,1
подбира,1
кейптаун,1
глупави,1
южна,1
юар,1
константия,1
компетентността,1
важи,1
безсилието,1
организирам,1
кака,1
разтреперя,1
венкова,1
заставаме,1
караиванов,1
липите,1
окачествена,1
антиправителствените,1
определения,1
хероиновата,1
опиат,1
съгласява,1
фентанил,1
наркотрафика,1
митници,1
смъртоносни,1
избул,1
войвода,1
пътничката,1
габана,1
дискотеката,1
свалено,1
показало,1
приятелятят,1
одобрявала,1
таила,1
дължина,1
острието,1
назначите,1
съдебнопсихиатрични,1
психологични,1
домашния,1
претенция,1
средец,1
муле,1
дозата,1
нил,1
нерегламентиран,1
фента,1
твърдиш,1
юрисконсултът,1
ѝобясни,1
пръскано,1
сълзотворен,1
екстри,1
цвети,1
бидейки,1
тежал,1
невероятен,1
разказвали,1
колене,1
полугола,1
разпределен,1
гали,1
видеоклипове,1
довлачени,1
хвърляш,1
павета,1
урина,1
изкарваш,1
ненапита,1
изграждат,1
кодекса,1
смъртоносния,1
блокираха,1
растителност,1
включила,1
дъжда,1
помолило,1
булеварди,1
изпълниха,1
отброявайки,1
шевовете,1
малтретираното,1
спомагат,1
застрашителни,1
мащаби,1
окупираха,1
издевателствата,1
бруталността,1
обоснованото,1
претърсили,1
любвеобилен,1
съвкупната,1
преценени,1
цялост,1
следваше,1
гьонева,1
докладчик,1
заразказване,1
картинката,1
прибера,1
заваря,1
партер,1
преразглеждане,1
мирния,1
присъединят,1
бишва,1
вдовецът,1
застанала,1
плачат,1
беззаконието,1
безнаказаността,1
неработещата,1
сплашвани,1
ортахан,1
твърдейки,1
записвани,1
понижава,1
данаилов,1
избягъл,1
балдево,1
занимание,1
остригана,1
насинено,1
казвайки,1
щърбева,1
видинчанка,1
остригал,1
прорезните,1
ревове,1
кучешки,1
вой,1
отключена,1
нахълтал,1
строга,1
аутизъм,1
макетният,1
обръсната,1
разрезите,1
сложност,1
медицината,1
освидетелстват,1
злодей,1
коева,1
разпоредбите,1
емануил,1
сигнализирано,1
субсидия,1
разформироване,1
петгодишен,1
паралелката,1
възложен,1
есекс,1
нарушението,1
предвидят,1
комплексната,1
моралните,1
формализъм,1
проучен,1
детайл,1
претърстванията,1
изискана,1
дичо,1
склероза,1
обилно,1
канева,1
чудото,1
разпространихте,1
посолствата,1
копенхаген,1
никозия,1
изпращате,1
електронната,1
email,1
protected,1
придружено,1
изпадане,1
упражненото,1
убивам,1
закача,1
говорел,1
проведох,1
проведохме,1
невръстния,1
заявих,1
предявяване,1
влошена,1
съответства,1
окендън,1
саут,1
постигането,1
малчугана,1
идентифицираните,1
чешеме,1
сетят,1
изнасилвани,1
невменяема,1
психотични,1
напрайха,1
маймуна,1
неразбирането,1
осъзнахте,1
незабелязани,1
извинихте,1
прощаваме,1
казаното,1
подадете,1
извинението,1
последвано,1
общуването,1
контекста,1
обяснете,1
контекст,1
впрочем,1
безнаказан,1
повярвайте,1
ята,1
ужасяващите,1
простили,1
събудиха,1
сексистко,1
истерии,1
цинично,1
хипотезите,1
горно,1
съкрушителен,1
лий,1
уйно,1
трекляно,1
неуспешно,1
рибарци,1
тресавище,1
саманта,1
чорбанова,1
оневини,1
разширяване,1
привикнали,1
нехайство,1
измества,1
наболелите,1
вкоренени,1
регресивни,1
гръмогласно,1
помислихме,1
дебата,1
знаейки,1
микрофоните,1
изрече,1
нарекли,1
зависеха,1
спасилите,1
дебатите,1
неразделен,1
разширява,1
закрилата,1
демони,1
завишава,1
завишават,1
санкциите,1
воювала,1
свръх,1
локации,1
добрият,1
застреляно,1
църна,1
маца,1
обнародване,1
свидетелствал,1
вписвам,1
споменала,1
законовите,1
спасение,1
свръхдоза,1
вербален,1
търновград,1
доверете,1
подслоним,1
разгорещиха,1
прекъснаха,1
оставките,1
длъжници,1
заглуши,1
съмняваме,1
споделяте,1
убеденост,1
изричате,1
представлявате,1
изпадало,1
nikola,1
minchev,1
dobre,1
изтощена,1
che,1
vezhdi,1
rashidov,1
izvinil,1
следвал,1
takiva,1
izkazvanija,1
nepriemlivi,1
подайте,1
измиете,1
върнете,1
базираното,1
призоваваме,1
продължите,1
сплашвала,1
отнякъде,1
изложението,1
търкаля,1
съобщихме,1
конвоирани,1
пижами,1
занесем,1
срине,1
подкрепено,1
посредникът,1
дюлгеров,1
строителния,1
потърсен,1
дразнят,1
новодомците,1
изкъртен,1
звънец,1
етажната,1
следобедни,1
съставомерните,1
красимирова,1
телосложение,1
клин,1
имитация,1
кожено,1
търсената,1
открои,1
бузува,1
калкута,1
мисионерки,1
провъзгласява,1
посъветвах,1
анеза,1
еуфория,1
дребна,1
излъчваше,1
католик,1
основе,1
забравено,1
годишнината,1
рождение,1
гроб,1
плочата,1
молив,1
франциск,1
исус,1
нобелова,1
проповядва,1
католическата,1
албанец,1
пречка,1
чудна,1
извинявайте,1
солидарна,1
йоан,1
блажена,1
несъбрани,1
заловиха,1
правилна,1
следователя,1
витали,1
варадинов,1
гена,1
старозагорският,1
размахване,1
съображенията,1
заканвала,1
палежи,1
деветима,1
ръководената,1
поръчение,1
таксиметрови,1
търковски,1
ръкoводител,1
собственички,1
погребални,1
отчитали,1
капачки,1
спреш,1
плащаш,1
съжаляваш,1
гизнаят,1
събраната,1
възлязла,1
дължиш,1
монтаж,1
климентова,1
калояна,1
жасмина,1
ползвали,1
примамка,1
пазач,1
изтръгнати,1
подзащитният,1
алинея,1
удовлетворение,1
постановената,1
подзащитен,1
поддържано,1
видинска,1
карани,1
евгени,1
магия,1
подпалват,1
вменяване,1
микрообщността,1
трафикантът,1
полека,1
стяга,1
примката,1
кожухарова,1
отвлека,1
джанаваров,1
мирът,1
онеправданите,1
ордена,1
основателка,1
разрешават,1
предприета,1
психопат,1
самосъхранение,1
детeто,1
длъжник,1
затворят,1
барабани,1
задействат,1
сменило,1
отхвърлян,1
връстниците,1
зави,1
къртев,1
поработи,1
евелина,1
лавчийска,1
предова,1
зародиш,1
нелгин,1
стреляйки,1
преправен,1
административният,1
свинска,1
опашка,1
донорство,1
подложат,1
луната,1
полемики,1
преминало,1
постановеният,1
склонна,1
свирепост,1
игнорирайки,1
възприел,1
изпадането,1
съобщаването,1
казазанлъшко,1
представял,1
споразумял,1
подозрителни,1
луноход,1
дарили,1
донорски,1
инциират,1
законодатеслвото,1
улеснят,1
чуеш,1
първородния,1
пробужда,1
присаждане,1
матка,1
човечеството,1
наркозависима,1
извършвала,1
бухалките,1
разделен,1
излежавал,1
елешница,1
превозните,1
любовен,1
фризьор,1
преследваше,1
болкиран,1
психопрофил,1
хеликоптери,1
облитат,1
позвънят,1
палав,1
имуществен,1
крадеше,1
поразии,1
телевизори,1
микровълнови,1
обучават,1
ориза,1
шепата,1
ближния,1
обичате,1
обръщайте,1
обръщате,1
напакостяване,1
вдовци,1
наранявали,1
връчвана,1
пренасянето,1
развили,1
хеморагичен,1
подстригана,1
градините,1
хипотези,1
пробвал,1
tеренът,1
горист,1
развалили,1
разследваща,1
константинова,1
трапоклово,1
журито,1
излъчени,1
сочени,1
лидери,1
проникна,1
рецедив,1
притежавала,1
простреляните,1
предиобед,1
оперират,1
простреляният,1
затварям,1
почвам,1
обезобразя,1
оттегляла,1
уредът,1
метамфетамин,1
владението,1
обусловило,1
пневмонии,1
грипен,1
грипната,1
присъединяват,1
типичните,1
изпоразболяло,1
педиатър,1
пулмолози,1
инкубатор,1
вируси,1
противовирусен,1
eдин,1
борбено,1
образоваха,1
старт,1
събеседникът,1
обичали,1
зимните,1
спортове,1
сноубордът,1
хобитата,1
тестването,1
бхк,1
изкореним,1
осъдителните,1
бракът,1
проблемен,1
оттегляни,1
повишава,1
финалните,1
строгото,1
домшното,1
измениха,1
принудата,1
ubita,1
базира,1
правозащитниците,1
невидими,1
ревността,1
смекчаващо,1
десета,1
интерактивна,1
показани,1
препратки,1
медийно,1
анализи,1
спомага,1
допринасят,1
премахване,1
сближило,1
смятах,1
бълария,1
брестник,1
усетих,1
дръпна,1
разпарчатосани,1
хвърлени,1
ръжев,1
рецепционист,1
хаотично,1
съобразителността,1
патрула,1
милтенов,1
златена,1
злоупотребява,1
почеркът,1
украинският,1
ремарке,1
завил,1
идващата,1
участничка,1
пенсионера,1
клошарски,1
приюти,1
пенсионерът,1
отвърже,1
мисиите,1
ограбени,1
егоистична,1
упражняващият,1
противници,1
излекува,1
склонността,1
заличила,1
изрична,1
игов,1
морална,1
утежняващ,1
месечното,1
позоваха,1
заложиха,1
одобряваха,1
управляващи,1
злобна,1
спорен,1
легитимира,1
гласовити,1
ултраконсервативни,1
заложи,1
предотвратяването,1
дебатът,1
българина,1
изпитвам,1
възпитахме,1
възпитаме,1
новоприетите,1
небивалици,1
мастийо,1
вaрна,1
захвърлена,1
съпричинителите,1
злополучния,1
изземе,1
рипчева,1
приключен,1
облагодетелствали,1
правораздаване,1
почернената,1
престанете,1
лъскате,1
некадърни,1
съпричастно,1
домоуправителя,1
дианабад,1
замеси,1
секретарката,1
брани,1
скалпа,1
едричкото,1
информирано,1
похватите,1
общността,1
сложното,1
научим,1
плочките,1
потегля,1
спорят,1
стопанисваща,1
долна,1
плащанията,1
принуден,1
заставен,1
охранявани,1
предприемача,1
плавно,1
покачвала,1
отказвал,1
отправяли,1
изнудван,1
опожаряване,1
заснели,1
рекетирането,1
набелязаните,1
конфискация,1
имуществото,1
страстта,1
аярова,1
пронизал,1
готвила,1
намушканата,1
отдалечил,1
аярови,1
управляваме,1
преден,1
специалиста,1
сбъдвам,1
прескочила,1
безпомощност,1
oчаква,1
отключената,1
пребиеш,1
упражнявана,1
въззивната,1
съобрази,1
сметна,1
отскубнат,1
подведена,1
отвърне,1
заклевам,1
злоупотребяваше,1
носове,1
бий,1
мазохизъм,1
приемаше,1
нервира,1
потърся,1
кошмара,1
съобщавала,1
подобрили,1
хюсние,1
святото,1
прескачала,1
показващо,1
помакова,1
разпратено,1
агресивната,1
момичe,1
дружат,1
изтече,1
разпратен,1
тренирала,1
суъченички,1
порицавана,1
пгт,1
семов,1
пасивните,1
чути,1
наблюдаващи,1
отървала,1
неравенството,1
извървяха,1
пълноценното,1
образования,1
мълчете,1
говорете,1
крещете,1
денонощни,1
реагиране,1
законосъобразна,1
наранили,1
прага,1
отрупаха,1
отхвърлил,1
триста,1
обиските,1
преместили,1
обискирана,1
отвдене,1
брътовчеди,1
разполагало,1
претърсен,1
бащината,1
прерязано,1
гърло,1
неконфликтно,1
проникване,1
милано,1
кипърска,1
издания,1
кориере,1
сера,1
джорно,1
патрулиращи,1
преструвайки,1
пробвала,1
обирджийката,1
отворила,1
обжалването,1
тромавостта,1
манипулируемост,1
съдействаме,1
овладеем,1
джипова,1
протвообществените,1
представляващи,1
дървесен,1
контрабандни,1
подправени,1
превозни,1
закриваме,1
гуджеров,1
местно,1
регистратурата,1
интелектуалния,1
развикал,1
махат,1
гръдно,1
коремната,1
хемоторакс,1
военномедицинска,1
придоби,1
разказваха,1
логичен,1
завършек,1
упражнявания,1
ципа,1
чао,1
селцето,1
ожулва,1
издебвал,1
отмъквал,1
ескалирали,1
разчетат,1
рентгена,1
прешлена,1
гръбначния,1
извивам,1
червей,1
свличам,1
обработва,1
земеделски,1
джиповете,1
рапицата,1
биволи,1
пасища,1
разпределяли,1
дивидент,1
оплюе,1
тачев,1
прекършени,1
залез,1
слънце,1
осветени,1
оранжево,1
министески,1
проверете,1
педофил,1
десетилетие,1
блъснати,1
назначените,1
изскочили,1
минавах,1
изскочиха,1
процеп,1
сетофара,1
природоматематическата,1
бързали,1
изпуснат,1
качарова,1
негативен,1
безрезервно,1
отказано,1
мотивира,1
настоящият,1
плесник,1
осигуровки,1
подавайте,1
тъмните,1
наставления,1
куца,1
смиленски,1
избрало,1
разрасне,1
престават,1
издължил,1
палхутев,1
ежедневна,1
статистики,1
ситуациите,1
михайлина,1
абрашева,1
свободната,1
неизвестността,1
курорт,1
продължаващите,1
дребно,1
манекенка,1
входна,1
манов,1
тачо,1
живееща,1
признания,1
влизали,1
бакърите,1
такъми,1
чифт,1
галоши,1
ограби,1
скрина,1
задигнал,1
зимнина,1
създали,1
тревожните,1
нанасянае,1
кюркчийска,1
дсп,1
еда,1
видоезаписa,1
изнудвала,1
непростимо,1
облъчена,1
влюбена,1
залепена,1
религиозно,1
набожна,1
изнесли,1
джиесема,1
рибен,1
орехи,1
изчезнат,1
телбизов,1
дир,1
прескочил,1
евтима,1
терешкова,1
здравец,1
есперанто,1
момина,1
водопад,1
избата,1
бакъра,1
навеса,1
разкрил,1
трупове,1
отбележа,1
необразовани,1
неходещи,1
инсценирал,1
прясно,1
разровена,1
плат,1
предположили,1
увита,1
землянка,1
мълчаливо,1
чуди,1
възпоменанието,1
институтът,1
предсрочното,1
предградие,1
застрелва,1
наркотика,1
хероина,1
скъпи,1
почнало,1
драска,1
гаврил,1
идващи,1
отстранява,1
принадлежности,1
доброволец,1
преровил,1
бенев,1
дворовете,1
бидони,1
брадви,1
мотики,1
малцина,1
докосне,1
помагаш,1
слушалка,1
незрящият,1
сетива,1
правилото,1
чуждата,1
обезценена,1
омаловажена,1
бум,1
заканва,1
косева,1
изслушват,1
ужасих,1
кървави,1
обезобразени,1
натоварен,1
аналогичен,1
избраха,1
сложена,1
закъснение,1
криси,1
прерасне,1
ямболско,1
платежни,1
нареждания,1
доказващи,1
престъпнта,1
глоджево,1
оперирани,1
прелятото,1
извършваха,1
деветокласници,1
разпрата,1
посегателствотo,1
пострадалoто,1
изнасилят,1
обикаля,1
димчо,1
прекомерно,1
затруднена,1
налагало,1
превежда,1
негован,1
подсказвало,1
постолет,1
обида,1
разприте,1
политизират,1
паисий,1
напишат,1
преподавателят,1
счупи,1
почнала,1
метнала,1
мокри,1
бием,1
кондов,1
рязка,1
превишила,1
наложа,1
хилендарски,1
вчерашните,1
образователният,1
премахнати,1
затрупаха,1
сметосъбираща,1
гондола,1
непочистено,1
зарази,1
плъхове,1
рови,1
аксаково,1
разговаряше,1
отрицанелно,1
ухапало,1
кучето,1
крайморския,1
патрулна,1
стажувала,1
клаудия,1
шейнбаум,1
арести,1
несъответствия,1
проговориха,1
отгледали,1
солидно,1
герасим,1
ковачев,1
погребалната,1
предполагаеми,1
получавани,1
разправии,1
наказателният,1
антикорупционната,1
публикувано,1
касаят,1
гражданскоправния,1
заемащо,1
свързаност,1
убеждавала,1
настоявали,1
прибирало,1
ненавършили,1
потересена,1
преодолеят,1
дащеря,1
чикаго,1
българчета,1
осиновени,1
съединените,1
щати,1
предполагаем,1
департамента,1
щата,1
мисури,1
изразили,1
травматичния,1
седемнайсет,1
нататъшната,1
демонстрациите,1
оплакаха,1
лозунга,1
изнасилват,1
франс,1
прес,1
унищожили,1
повредиха,1
напръскани,1
телевизионен,1
закъснелите,1
разбуни,1
тебешир,1
насрочени,1
прекараме,1
приятната,1
трио,1
напипа,1
поднесе,1
интригуващ,1
свеж,1
номинацията,1
ото,1
престижния,1
гласуване,1
победителките,1
категории,1
дизайнери,1
отличието,1
оставите,1
утвърден,1
нюзрума,1
репортажите,1
тематика,1
разказаните,1
кътчета,1
отпечатък,1
трогват,1
актуалното,1
сутрините,1
удавника,1
въдичарят,1
закъса,1
kуцева,1
завършилите,1
кухи,1
популистки,1
фрази,1
адресира,1
продиктувани,1
всеобхватен,1
корем,1
изнасят,1
носилки,1
ники,1
асеневци,1
успяваме,1
наблюдавам,1
властови,1
потъпкват,1
неудволетвореност,1
невротични,1
безпаричието,1
безперспективния,1
личностни,1
ревнуват,1
дебнат,1
журналистиката,1
обичана,1
успешна,1
осъждаща,1
извинила,1
противопоставяме,1
отрицателно,1
градено,1
неуморен,1
неспирни,1
лежащ,1
разгара,1
разглеждат,1
бременното,1
председателката,1
присъединил,1
главичка,1
срязана,1
гума,1
побърза,1
малангозова,1
пирамиди,1
забелязвали,1
коси,1
документни,1
мъртвата,1
водела,1
оплаквали,1
скубе,1
телефонния,1
звездите,1
посланик,1
шоубизнес,1
подарява,1
екран,1
гледания,1
сутрешен,1
уикенд,1
значими,1
посланици,1
доброволческа,1
изчистим,1
ментори,1
невидим,1
стоева,1
прегледай,1
лечима,1
кандидати,1
бежански,1
преобразувано,1
внезапна,1
играли,1
извикано,1
сандвичи,1
канцеларията,1
станимира,1
букурещ,1
разтърсена,1
урони,1
забравете,1
притесняваш,1
овладее,1
дължим,1
автомат,1
съсредоточени,1
откачалките,1
самолетите,1
лудите,1
губернатора,1
подкрепяте,1
харесвате,1
седяли,1
осезаеми,1
разсъждава,1
срещал,1
разсъждавахме,1
губернаторът,1
страхотна,1
въоръжаваме,1
проектозакона,1
шериф,1
автомата,1
избие,1
бази,1
преминем,1
поток,1
мисловния,1
застрелят,1
откриете,1
подкрепила,1
стотен,1
ваше,1
рухнали,1
събрахте,1
отидохте,1
казахте,1
примирите,1
покой,1
оправите,1
почувствахте,1
лъв,1
отговорът,1
израсналият,1
лонг,1
айлънд,1
бойкотът,1
американската,1
правилен,1
слушайте,1
боря,1
качите,1
чувствате,1
летищата,1
пaк,1
прегазвани,1
средновековни,1
терористът,1
погледнете,1
изказванията,1
бонус,1
съдействал,1
свързвана,1
резюмето,1
траншове,1
приятелския,1
прекарваш,1
споделяш,1
засилили,1
неуспелият,1
активи,1
мислеше,1
непрекъснати,1
доноси,1
изкова,1
мантра,1
банки,1
дружествата,1
конкурси,1
обвиняван,1
неспособен,1
атлантическия,1
съиздател,1
рекетира,1
разочарован,1
ютуб,1
закрия,1
отвертка,1
отървем,1
меричлѐри,1
пресъздало,1
споменаваме,1
разрешила,1
директорския,1
истерично,1
разбираше,1
маркер,1
нецензурна,1
матеевски,1
пространно,1
грабва,1
викайки,1
съдена,1
указа,1
дребното,1
преекспониран,1
скубала,1
инспекторите,1
наказано,1
цензура,1
представлявала,1
озарителна,1
селфитата,1
царица,1
стъпи,1
реките,1
навлизат,1
пожелават,1
реколта,1
раззеленилото,1
рождената,1
удушила,1
чорап,1
емигрира,1
професията,1
немска,1
преобърне,1
сесил,1
учудих,1
бардак,1
македонец,1
сутеньор,1
нуждите,1
войниците,1
журналистка,1
сексробини,1
порочния,1
подем,1
възпитателно,1
хайки,1
лазарките,1
честита,1
лазарки,1
женене,1
въздържание,1
провъзгласен,1
китион,1
празнична,1
литургия,1
мъченик,1
измъчван,1
народна,1
лазарица,1
ознаменува,1
превръщането,1
невестински,1
пели,1
костюми,1
закичени,1
венци,1
китки,1
възхваляват,1
ергени,1
невести,1
овчари,1
говедари,1
коняри,1
домакините,1
възпитателното,1
перспективи,1
сифилис,1
благословия,1
доналд,1
писна,1
застреляни,1
мигна,1
всесилната,1
оръжейна,1
йорк,1
таймс,1
могъща,1
политическата,1
невъзможна,1
официални,1
невръстен,1
шапката,1
влиятелното,1
лоби,1
разделяща,1
неудобна,1
приемете,1
брандън,1
невероятно,1
хлапе,1
осиновен,1
озаряваше,1
паркланд,1
американец,1
ужасни,1
дебненето,1
теологическия,1
възстановихме,1
морала,1
съня,1
кошмари,1
храненето,1
успееш,1
посветила,1
кариерата,1
обмисляните,1
настоящ,1
вадила,1
средностатистически,1
дипломати,1
подобряване,1
препоръ,1
ката,1
нетолериране,1
чуваме,1
убеждаването,1
транссексуални,1
джема,1
грозданова,1
наето,1
виенската,1
краха,1
интересът,1
стоманобетон,1
златанов,1
красавиците,1
избрали,1
значка,1
бляскава,1
рокля,1
мавров,1
откритият,1
ключов,1
репортера,1
лудо,1
влюбен,1
тормозел,1
напивал,1
заканваше,1
изминавал,1
ходел,1
стенограмата,1
обсъждането,1
достъпен,1
последователните,1
безплодни,1
убедят,1
националистите,1
заместници,1
оправна,1
мотивирана,1
клише,1
железни,1
строили,1
проверим,1
клеветеше,1
набеждава,1
заемът,1
правихте,1
снимахте,1
лежали,1
силовите,1
безредиците,1
самоубийства,1
нерви,1
озовали,1
понесеш,1
непоносимото,1
влезеш,1
изречението,1
свикваш,1
реплика,1
свикнеш,1
служтелка,1
призванието,1
конете,1
шяинкова,1
развращава,1
мощно,1
лансирани,1
недялкова,1
панели,1
разясняват,1
променяни,1
разчупване,1
предположим,1
караниколов,1
нено,1
московски,1
забележката,1
изчистят,1
интерпретация,1
притискане,1
впечатлен,1
омотаване,1
скоч,1
съкратен,1
стеснен,1
криминалистика,1
криминология,1
осъществили,1
броди,1
сериен,1
овдовелите,1
благото,1
допускането,1
провело,1
коментатори,1
малцинствата,1
мегафон,1
служеха,1
жълти,1
наблюдатели,1
съзряха,1
сюжет,1
странния,1
безпрецедентното,1
приемана,1
термини,1
възможните,1
визира,1
съответстват,1
забранената,1
омо,1
илинден,1
изрежда,1
тъжители,1
логика,1
позовал,1
ратифицира,1
поправя,1
предложим,1
резерви,1
внесохме,1
отводнителен,1
теория,1
одобрили,1
близначетата,1
недохранени,1
диагностицирани,1
прекъснала,1
превеждала,1
нервен,1
престанала,1
прибегне,1
похарчи,1
оповестена,1
безумни,1
интерпретации,1
разгневиха,1
следствията,1
изкривения,1
толерираме,1
изкривената,1
акцентирането,1
фиксирането,1
хипотетични,1
загърбва,1
функционирането,1
османския,1
султан,1
мащабният,1
неглижирането,1
тригодишните,1
оказвала,1
техномаркет,1
конспирацията,1
подчинен,1
незаслужено,1
нечия,1
цитирам,1
организирала,1
разпарчетосаха,1
активите,1
контролирани,1
виваком,1
рубин,1
поверени,1
прекалявала,1
слабички,1
контактуват,1
зимно,1
пращала,1
ходели,1
говорене,1
откъслечни,1
изречения,1
ходиха,1
бягаха,1
играеха,1
заложени,1
отсъстват,1
спорния,1
превъзходство,1
ролите,1
обединените,1
повдигната,1
патриотите,1
възприета,1
симпатизантите,1
партийната,1
контраст,1
подчиненост,1
личат,1
малцинствени,1
склонните,1
подчинява,1
актове,1
анализиран,1
решаван,1
сондаж,1
панелна,1
надеждност,1
сондажът,1
променим,1
юристите,1
проектите,1
управители,1
колебаят,1
еднозначни,1
превод,1
състоятелен,1
общества,1
хилядолетията,1
съветът,1
пленума,1
раздадена,1
чута,1
възприема,1
градусов,1
конюнктурни,1
дългосрочно,1
стряскащи,1
равноправна,1
мненията,1
обвинено,1
бездомник,1
пращаме,1
пускаме,1
побойници,1
родилителите,1
служа,1
беден,1
въодушевени,1
експресно,1
биологичният,1
ръкописи,1
гостоприемство,1
екситър,1
прелива,1
влезнахме,1
лодката,1
черноморски,1
турбините,1
изпусната,1
сезай,1
изтезава,1
хемоглобин,1
литра,1
оцеляването,1
ехографските,1
увредени,1
притеснило,1
полицята,1
спях,1
позная,1
нанасянето,1
ежедневното,1
дрогиране,1
лишена,1
заключвана,1
изтезаване,1
добричката,1
хемодинамично,1
прилети,1
отнесла,1
гласа,1
покачило,1
батерията,1
осъзная,1
сипе,1
тъпче,1
влачи,1
мишница,1
нощувала,1
участващата,1
симпатични,1
граничещ,1
проституиращи,1
хвърлял,1
предупреждавал,1
студен,1
гръдна,1
хижите,1
безбог,1
мальовица,1
рилските,1
езера,1
инкриминира,1
внасяме,1
наказване,1
хасковски,1
маджарово,1
сака,1
байчев,1
проявеното,1
разказават,1
стопаните,1
ветеринарите,1
протегнах,1
козевъдните,1
асоциации,1
карантината,1
животновъдите,1
взимана,1
кошарата,1
нарекоха,1
земеделския,1
подариха,1
икона,1
богородица,1
контрапротестите,1
настроили,1
избито,1
евтаназия,1
отложена,1
запазено,1
запазят,1
карантина,1
оцеляло,1
умъртвяването,1
чумна,1
водно,1
пасищно,1
допир,1
изпълняваха,1
дрогирано,1
отведено,1
дрогирана,1
загасяне,1
лакти,1
загробени,1
еватаназирани,1
стада,1
отцепено,1
ранни,1
зори,1
защитаваха,1
болярово,1
опасяваха,1
ветеринарните,1
дерменджева,1
представяйки,1
регистрацията,1
завършиха,1
чумата,1
евронюз,1
фиорентино,1
огнища,1
земеделският,1
хвърчат,1
обръщам,1
часът,1
разпилял,1
вземам,1
намразила,1
съблякох,1
валеше,1
дрешки,1
динева,1
снимана,1
одраскала,1
клевета,1
шумове,1
шума,1
изчакали,1
среднощния,1
железопътна,1
трасето,1
натъква,1
поповското,1
глогинка,1
западно,1
твърдата,1
чакълеста,1
настилка,1
управляващото,1
враждебност,1
склоняват,1
качулките,1
якетата,1
микробуса,1
момченцата,1
застигната,1
неразбиране,1
размерите,1
безполезен,1
преодоляване,1
куклата,1
провокацията,1
предизвикват,1
апатичното,1
профилите,1
материалното,1
доставчици,1
придружава,1
изброи,1
хрониката,1
борисовата,1
чеци,1
станев,1
изблиците,1
курило,1
северин,1
красимиров,1
хигиената,1
бодра,1
зачитани,1
неоправдана,1
преследвано,1
зарадвах,1
кпп,1
разполагат,1
можели,1
бурна,1
пиковия,1
задръстването,1
километрично,1
релсите,1
неудобни,1
стръмни,1
караулката,1
обичайна,1
металик,1
различното,1
заснета,1
притекло,1
отбиват,1
влязлата,1
засилената,1
пързаляше,1
отворих,1
пищеше,1
простят,1
покрита,1
регистрационен,1
разделила,1
убивана,1
подскача,1
отдадат,1
чудотворец,1
александов,1
отвлича,1
богров,1
берон,1
вървели,1
почетат,1
забил,1
заприказвал,1
надгробен,1
развален,1
ядене,1
надясно,1
бягайте,1
рекат,1
наканят,1
трясъка,1
разпищя,1
тесните,1
вълчо,1
съжаляваме,1
жалва,1
бързаше,1
засечени,1
робов,1
редута,1
пострдалите,1
обявят,1
шерпите,1
реалисти,1
паркомясто,1
вътова,1
пазела,1
разтовари,1
избутал,1
потеглил,1
боздуган,1
пречерняха,1
бръмнаха,1
верно,1
искрено,1
облагодетелстване,1
единодушно,1
изчисления,1
вносителите,1
отпусне,1
социалистите,1
оттеглиха,1
оживено,1
фаталните,1
наръгвания,1
умъртвили,1
студеничко,1
обичаш,1
снеговете,1
параклис,1
залитнала,1
търновалийски,1
клиентката,1
привикването,1
трезва,1
връстница,1
гаранцията,1
осемхилядника,1
шиша,1
пангма,1
хималаите,1
перущица,1
птичките,1
закрилница,1
свободен,1
пожелаеш,1
поемаш,1
отговорности,1
явленията,1
лягаме,1
плач,1
тръгвало,1
цъфтяло,1
чуруликали,1
ищци,1
обезщетения,1
утвърди,1
блъскат,1
отмениха,1
празненствата,1
припадъци,1
обвинили,1
пейки,1
придържаха,1
пръскаха,1
угасна,1
припаднало,1
заварваме,1
повикани,1
църковния,1
тихомира,1
вълнуващите,1
евангелски,1
сюжети,1
витания,1
йерусалим,1
евангелието,1
спасителят,1
земите,1
месията,1
възкресява,1
покойника,1
скромни,1
нои,1
указание,1
териториална,1
унифициран,1
своевременна,1
прокурорските,1
формуляр,1
съдържащ,1
съобразно,1
деецът,1
съдържа,1
своевременното,1
нпк,1
уведомяване,1
ежемесечни,1
разкритата,1
координационни,1
началниците,1
указанията,1
структурите,1
депутатски,1
автоматизирана,1
прилагането,1
координиращ,1
целево,1
превантивни,1
укривана,1
преднамерено,1
шеста,1
идентифициран,1
дворец,1
редуцирането,1
потенциал,1
съвременният,1
съвременните,1
обвинявана,1
измествайки,1
репродукцията,1
здравата,1
пързалка,1
аквапарк,1
равда,1
пързалката,1
условието,1
спускане,1
изискването,1
похарчили,1
посочили,1
фактури,1
осигурявали,1
осигурителен,1
домакинствата,1
избягалия,1
заключвала,1
летница,1
дрямка,1
предпоставките,1
отчетат,1
репродуктивен,1
незнание,1
охлузни,1
осемгодишната,1
насърчи,1
изследват,1
репродуктивният,1
желан,1
завършило,1
преживях,1
яйцеклетките,1
стандартните,1
месечни,1
направете,1
редуцирания,1
амх,1
аха,1
завърших,1
осигурено,1
притискат,1
съществуваш,1
седнат,1
рекъл,1
вкарва,1
извървиш,1
страховете,1
почнах,1
изтървах,1
плик,1
синината,1
василево,1
търсач,1
съгласувани,1
едновременни,1
съвместните,1
извикаха,1
маже,1
шоколад,1
купуват,1
наднормено,1
оправдаваме,1
питани,1
гъба,1
тормозени,1
употребяваме,1
подложила,1
изживяха,1
норвежкото,1
преводачът,1
анюта,1
качева,1
средщу,1
годишена,1
западния,1
смядово,1
ценната,1
лозарска,1
заговорил,1
авантюра,1
непознатия,1
следови,1
поспи,1
надвиснал,1
повел,1
попитал,1
изтървала,1
машинката,1
наведе,1
обхождал,1
затворника,1
бране,1
подминал,1
спънала,1
слънчогледите,1
будят,1
захвърли,1
тревата,1
спасил,1
отърси,1
зрелищна,1
свлякло,1
сезона,1
герова,1
притеснила,1
аборигени,1
аспарухова,1
снежина,1
мишева,1
администратор,1
иновативно,1
изберат,1
инсулинова,1
помпа,1
последвалия,1
торби,1
залагат,1
носили,1
ежедневни,1
рекламни,1
потушаване,1
обменя,1
валута,1
нормативните,1
независими,1
подходящо,1
насърчила,1
преразгледа,1
приведе,1
съгласува,1
запознаем,1
коментираме,1
изкарано,1
встрани,1
предпочитаме,1
пулс,1
режисьорите,1
копаров,1
спиров,1
тричленен,1
дългогодишната,1
високорискови,1
суицидни,1
недопустима,1
обучава,1
боядисваме,1
движим,1
музикалната,1
скрия,1
people,1
maha,1
ирански,1
знамена,1
палеха,1
махса,1
амини,1
нравствената,1
мирно,1
травмира,1
инжектира,1
предприемем,1
принципен,1
неотложен,1
анатолий,1
приведено,1
дисквалифициран,1
наградите,1
оскар,1
диалозите,1
изполвания,1
необходим,1
автентичния,1
киноакадемията,1
мери,1
песните,1
надписи,1
излъчат,1
киногилдията,1
достойнствата,1
гениален,1
никарагуа,1
конспирация,1
статулов,1
кинокритик,1
асторация,1
готовността,1
свикване,1
кметовете,1
опу,1
върховните,1
осиновеното,1
проследявали,1
вяло,1
насрочен,1
протестен,1
оръжейницата,1
тътен,1
изхвърчало,1
шансовете,1
обезопасят,1
технологичните,1
квотите,1
секционна,1
рик,1
куриозни,1
осиновила,1
протичат,1
избирателната,1
активност,1
активността,1
извънпроцесуални,1
мозъчната,1
хапала,1
осиновяването,1
снема,1
зъбна,1
отливка,1
фотографът,1
актрисите,1
подозираме,1
буковска,1
придвижвала,1
обичала,1
обитаеми,1
отседнал,1
чукат,1
гостът,1
точното,1
изложи,1
дачев,1
активен,1
дмитриева,1
отказан,1
протестирах,1
лентичка,1
цветовете,1
мълча,1
политическите,1
хитлеристка,1
вродено,1
генетично,1
муковисцидоза,1
скъпоструващи,1
рускини,1
разпространяване,1
порнографски,1
загънат,1
гърбът,1
каналджийте,1
сведен,1
поглъщане,1
неотложния,1
изчакат,1
дишаше,1
посиня,1
свършили,1
ортопедична,1
тръпнене,1
паздеров,1
кръгът,1
разпитваните,1
познатите,1
припомням,1
алибито,1
изразил,1
постоянният,1
увреди,1
превозва,1
качих,1
светят,1
теглил,1
внимава,1
график,1
дисциплинарни,1
съвкупление,1
напускал,1
кладенеца,1
логистично,1
събуе,1
опрян,1
секундите,1
поглежда,1
четворно,1
прибягвал,1
трезвен,1
участвам,1
откриването,1
обявя,1
разведен,1
жаблинков,1
ивановден,1
грижеха,1
играеше,1
подвиква,1
болярино,1
алеите,1
посрещнат,1
тъжни,1
смазани,1
инициатор,1
дончева,1
любими,1
портмантото,1
кошмарния,1
опитваха,1
квалифицирани,1
възстановиш,1
измъкнеш,1
ключово,1
всякакво,1
никоя,1
длъжна,1
лалчева,1
висококвалифицирана,1
упражняващ,1
партньорските,1
емоционалният,1
оневинява,1
сготвила,1
скорости,1
чадър,1
нереално,1
запазваме,1
предупреждаваме,1
сторят,1
обезпокоителни,1
разстроят,1
получите,1
ограничения,1
реагираше,1
падналите,1
нормализира,1
връхлетялата,1
посещавани,1
скулпторът,1
възпитаните,1
бутаме,1
войник,1
шмайзера,1
посвещават,1
злополука,1
цеховете,1
представляваща,1
капсул,1
възпламенител,1
изделието,1
ограничено,1
пръстите,1
кореспондента,1
железничарския,1
видеокамерите,1
свива,1
уплаших,1
минаващи,1
дадената,1
късева,1
свалихме,1
снимахме,1
разпространихме,1
творбата,1
монументът,1
изп,1
посягала,1
обучител,1
престанали,1
родителка,1
заличена,1
приемен,1
упражнила,1
дръжка,1
точилка,1
дави,1
навлезна,1
пубертета,1
наказвала,1
отпадне,1
виждах,1
извинения,1
зачестиха,1
търсих,1
влошават,1
втренчено,1
онаследен,1
предупредят,1
защитни,1
папка,1
минусите,1
укорс,1
плюе,1
изплашил,1
позвънява,1
опази,1
разполагали,1
подробен,1
присъжда,1
изплати,1
lex,1
кафене,1
предшестващи,1
желаел,1
разведа,1
изтекло,1
квалифициран,1
възвърне,1
препоръчва,1
довеждат,1
основават,1
частично,1
оправдаване,1
прессъобщението,1
подчертаван,1
призовавали,1
навременни,1
достоверните,1
анализират,1
нарушила,1
спасителни,1
изборния,1
грабежите,1
гласуваме,1
сериозната,1
намалила,1
нивата,1
вота,1
цифрите,1
юлските,1
априлските,1
коронавирусната,1
налаганите,1
разкриваемостта,1
домовите,1
оградното,1
борило,1
спиртни,1
разпространението,1
наркотичните,1
иззело,1
кокаин,1
синтетични,1
нарколаборатории,1
хвърлен,1
негативна,1
направления,1
колешева,1
приемния,1
буря,1
родили,1
пекарната,1
употребен,1
годно,1
пазача,1
злоупотребявали,1
честите,1
удареното,1
вербални,1
решаване,1
заснетия,1
члена,1
уронване,1
неспазване,1
дисциплината,1
хуманитарната,1
забравяйте,1
видеозаписи,1
павлин,1
скутаре,1
малтретират,1
сарафово,1
жилищната,1
обитавания,1
англичанинът,1
щателен,1
отговоря,1
пекарна,1
частната,1
вятъра,1
яхти,1
отнесени,1
ветроходец,1
спасителния,1
катер,1
позициониран,1
яхта,1
бедстващия,1
рибари,1
засякла,1
пориви,1
електрозахранване,1
ланге,1
самосерира,1
извършвано,1
осъществиха,1
никое,1
професионалистите,1
арестуваха,1
ключ,1
подозирали,1
войнеговци,1
швейцарски,1
удо,1
йовчо,1
няголова,1
пастрокът,1
източени,1
повдигнатите,1
съучастника,1
михов,1
хакерска,1
източена,1
изтеглени,1
обява,1
линка,1
линк,1
доверя,1
верифицират,1
кръщенето,1
плуват,1
майчинството,1
самотната,1
повереното,1
проверявана,1
търнавска,1
регионална,1
шамарче,1
точилки,1
казми,1
вили,1
приемните,1
оневиняват,1
разхладят,1
урониха,1
нападала,1
постигани,1
служила,1
съвестта,1
излезне,1
сърбате,1
попарата,1
видяли,1
шофьорската,1
изкарана,1
измислили,1
защитавала,1
прекарвало,1
летния,1
батак,1
чешнигирово,1
летували,1
поразходят,1
обратния,1
доспат,1
носело,1
повърхността,1
понтон,1
колектор,1
извадена,1
обработвано,1
студени,1
специфичната,1
променливото,1
конецът,1
ханът,1
разкъсал,1
конеца,1
балканска,1
характерния,1
полуостров,1
мърцишор,1
закичват,1
западните,1
покрайнини,1
наричана,1
мартинка,1
преспа,1
албания,1
моняк,1
обредно,1
културния,1
митологичен,1
великденският,1
заек,1
старица,1
настроенията,1
навъсено,1
дърветата,1
стрела,1
вражеска,1
пронизан,1
хан,1
очевидецът,1
продал,1
христиан,1
намесено,1
обичаната,1
връзваме,1
любопитни,1
легендата,1
поверия,1
популярната,1
прабългарите,1
гълъби,1
гълъбът,1
победа,1
онгъла,1
конец,1
гълъбите,1
връвчицата,1
оцветила,1
поверие,1
заминал,1
хуните,1
завзели,1
гълъб,1
цъфтят,1
еквивалентът,1
изтръпване,1
ядосаме,1
церемонията,1
поднесоха,1
яника,1
велик,1
чуден,1
рецитира,1
възпоменателен,1
поклонение,1
карловци,1
дара,1
отличена,1
есета,1
стихотворения,1
посветени,1
революционер,1
боевете,1
героите,1
почитат,1
драгаганов,1
преглъща,1
униженията,1
безпричинната,1
уважение,1
тон,1
съхрани,1
тържествата,1
държавници,1
поднасянето,1
конци,1
мразовито,1
изтупва,1
кожуха,1
изследователи,1
нишка,1
орисниците,1
предат,1
земеделската,1
цикъл,1
бяло,1
червените,1
кичат,1
проследени,1
берекет,1
казан,1
варене,1
ракия,1
доживотни,1
заблуждавал,1
годеч,1
напиват,1
викано,1
отваряли,1
отдаването,1
убихме,1
повтаряше,1
състезавали,1
успоредно,1
ядно,1
умишлен,1
представената,1
епикриза,1
изчисти,1
уговаря,1
ходела,1
откриваме,1
манастир,1
седят,1
чистят,1
бунтар,1
галев,1
питайте,1
познавала,1
попитана,1
каймакчийска,1
сутрунта,1
изхвърчала,1
събрана,1
изострени,1
пристъпил,1
багажникът,1
полиуретанова,1
пяна,1
изстрелян,1
патрон,1
гилзата,1
набелязани,1
предпочиташ,1
годишнита,1
затрие,1
неустановен,1
калцуни,1
електрошокова,1
заплаша,1
криминалния,1
вменил,1
рестрикции,1
дондуков,1
очакваните,1
гоказателства,1
институционални,1
организационни,1
реинтеграция,1
приеманата,1
министерствата,1
койт,1
потвърпевш,1
правораздавателна,1
срещали,1
зачислен,1
представените,1
предложили,1
хвърлят,1
шепи,1
пропускателен,1
резоне,1
произведенията,1
актуален,1
произведение,1
изборната,1
продаването,1
предотвратена,1
укривала,1
завардиха,1
подчинил,1
последван,1
възрожденци,1
четиритомния,1
изборна,1
вересии,1
увеличаващите,1
базирано,1
феминистки,1
мобилизации,1
неравнопоставеност,1
достойния,1
раса,1
етническа,1
народност,1
каталог,1
изкуствовед,1
изсипват,1
квалифицираните,1
камъкът,1
разцепва,1
агресира,1
мололетни,1
отговорно,1
пазене,1
галерия,1
краснър,1
продадат,1
ценна,1
предпочел,1
зоя,1
цветове,1
подписът,1
диктатор,1
мирча,1
операн,1
галерията,1
оборище,1
световноизвестни,1
творби,1
арт,1
творба,1
фалшификат,1
злепоставя,1
обожавах,1
вярвах,1
появило,1
фиксираме,1
фраксипарина,1
недостиг,1
заместители,1
фиксират,1
търговците,1
публикуваме,1
редакторска,1
разрешенията,1
възстановени,1
clexane,1
доставка,1
троица,1
glasnews,1
стъклената,1
витрина,1
съобразява,1
изтичах,1
заобиколих,1
дръпнах,1
изляза,1
ступор,1
налагаше,1
очевидката,1
катерушки,1
препарат,1
фраксипарин,1
тога,1
заместващ,1
слизал,1
тромава,1
tялото,1
замаскирана,1
септична,1
имитираща,1
нискомолекулни,1
хепарини,1
наличен,1
минимални,1
алтернативно,1
изписват,1
гостува,1
бременности,1
спонтанен,1
тромбофилия,1
опаковка,1
хепариновите,1
отиваш,1
броиш,1
луканова,1
ангиология,1
кардиологична,1
меджедиев,1
игрите,1
подгони,1
откраднало,1
завали,1
звуков,1
чужденци,1
баталовата,1
колиба,1
подножието,1
мечи,1
чал,1
нападали,1
предположенията,1
планинските,1
подхлъзнала,1
снегът,1
установявахме,1
затрупал,1
младежкия,1
юмручни,1
патрулки,1
гърч,1
повръщане,1
отпадналост,1
отпращат,1
отпаднало,1
ледено,1
посиняло,1
светлинен,1
изобретателни,1
играчката,1
мигрантския,1
всява,1
суматоха,1
параван,1
вдовици,1
тръстиково,1
аврен,1
антонов,1
безкомпромисна,1
подлагани,1
прокуроратура,1
превозвани,1
помещенията,1
каналджиите,1
стигала,1
сийка,1
хавалар,1
преведено,1
брокер,1
сумите,1
петцифрени,1
тарифата,1
порядъка,1
трафикират,1
изпълнят,1
съощение,1
идващ,1
различията,1
текстовото,1
парфюм,1
запалими,1
столичниия,1
английската,1
гео,1
милев,1
инцентът,1
реанимационен,1
нси,1
обхванати,1
местоживеенето,1
встъпването,1
утвърждаването,1
потоците,1
напускащите,1
завръщащите,1
краткосрочните,1
емигранти,1
прекъсване,1
улови,1
зрелищния,1
породиха,1
амебата,1
предницата,1
изтеглим,1
комуто,1
завърнал,1
провадийското,1
яйце,1
дешка,1
погледнем,1
търпяхте,1
надделявал,1
психолога,1
опитваше,1
разрешим,1
депозирах,1
разказвайки,1
мазано,1
размазано,1
стъпкал,1
идеализъм,1
калта,1
заявявал,1
следователно,1
откликна,1
прецизно,1
обмислено,1
подготвено,1
притежават,1
позитивен,1
ведър,1
нагласа,1
останем,1
махнем,1
освободим,1
оставихме,1
преговаряли,1
боксове,1
буйствал,1
играл,1
пластмасови,1
топчета,1
метални,1
пълнител,1
тиражира,1
капси,1
слязохме,1
съхранение,1
притеснили,1
демонстрирал,1
обемистите,1
оценявахме,1
оказвали,1
пневматично,1
варненчик,1
ветеринарна,1
кафяв,1
пуловер,1
мистериозен,1
текстово,1
преговаряне,1
седели,1
еднопосочната,1
маневрира,1
правеха,1
маневри,1
премести,1
патрулките,1
опитващите,1
блъснаха,1
барикадираха,1
нямаха,1
осъзнаваха,1
спътницата,1
чудомир,1
тествани,1
зарежда,1
тенчо,1
включа,1
прехвърча,1
прелетя,1
сива,1
гонеха,1
гонката,1
предупредиха,1
пистолетите,1
бягащите,1
дискретно,1
светлината,1
динамика,1
публикувало,1
учили,1
единния,1
информационен,1
прескочат,1
психологическия,1
инфектирани,1
лиляна,1
церовене,1
елечето,1
яхиново,1
агресират,1
окуражавани,1
снимащи,1
непристойно,1
сбилите,1
разговаряно,1
чуят,1
гонят,1
котките,1
гларусите,1
шегували,1
оправдавам,1
търсел,1
французова,1
мотото,1
избягват,1
изчисленията,1
отделения,1
интензивни,1
подминава,1
усети,1
изконни,1
адекватност,1
стартираш,1
гледате,1
редовния,1
инфекцията,1
чехия,1
мощна,1
разболяват,1
боледуват,1
кислород,1
теста,1
гадна,1
притесняваше,1
кислородът,1
поемам,1
лекуваме,1
желателно,1
удържи,1
коронавируса,1
ремдесивир,1
изследвал,1
новозаразените,1
росина,1
историкът,1
накарал,1
странна,1
градец,1
белодробен,1
отток,1
венецуела,1
психотропни,1
узаконени,1
сложна,1
материя,1
светая,1
светих,1
параграф,1
формулировката,1
консултирал,1
формулировка,1
родът,1
бъдещият,1
десница,1
консерватизма,1
неолиберализма,1
югозападната,1
зоран,1
заев,1
напише,1
гневно,1
доктрина,1
стигайки,1
изминала,1
складово,1
принципи,1
представителките,1
бюлетини,1
омъжените,1
историците,1
русенки,1
дръзнали,1
упражнят,1
конституционното,1
равното,1
еднакво,1
еднаква,1
символизиращи,1
бухалки,1
скока,1
дрен,1
дойдохме,1
посинено,1
пакетче,1
семки,1
складови,1
месокомбинат,1
пребият,1
вкарали,1
хале,1
балоните,1
демонстрантки,1
импровизирано,1
опечалени,1
пилотите,1
достатъчен,1
стрелби,1
многодетна,1
ведомствено,1
министeрството,1
изгонят,1
осигуряване,1
изхвърлили,1
алисия,1
бояджиева,1
ведомствения,1
хуманни,1
забавят,1
плащала,1
опростена,1
почивно,1
генерира,1
паникьосат,1
банковото,1
отшумят,1
банковия,1
ризата,1
скъсана,1
куцаше,1
щаба,1
рапорта,1
медийния,1
накъсан,1
ставрев,1
криле,1
експлозия,1
ена,1
авиоексперта,1
снет,1
отхвърлени,1
осколки,1
изстрелването,1
скалния,1
необитаема,1
темида,1
палачинката,1
затворническия,1
приемал,1
свързах,1
терапията,1
роксанка,1
обиграно,1
недовършен,1
ваша,1
протекция,1
нещастния,1
твърдяхте,1
боец,1
импулсивно,1
докарахме,1
планът,1
патаклама,1
представяте,1
неудобните,1
подводниците,1
опозиция,1
разгромът,1
оправдаван,1
партийния,1
молел,1
задкулисно,1
послушах,1
заподозряна,1
допринася,1
димитровградското,1
навестявала,1
килим,1
затрупано,1
попадал,1
полезрението,1
предварителното,1
двустранно,1
съдимост,1
извисяват,1
еверард,1
допринасяше,1
капон,1
безумие,1
силистренско,1
сашо,1
самоковското,1
арестуваното,1
опечалените,1
чичото,1
метро,1
бориха,1
летище,1
машинистът,1
обръщането,1
прострелва,1
словашка,1
излез,1
тригодишен,1
грижели,1
мистерия,1
отишлите,1
наемател,1
лежало,1
посещението,1
бегло,1
оперираха,1
навремето,1
спри,1
нфсб,1
някогашния,1
новакович,1
стояло,1
вярваш,1
чудиш,1
външния,1
загрубяха,1
вменяват,1
осъзнах,1
вдъхновение,1
научите,1
намереният,1
находката,1
копаница,1
шокирани,1
зловещата,1
находка,1
кичури,1
разпилени,1
изровен,1
произхождат,1
тъжим,1
стойнева,1
сребърните,1
обици,1
намерените,1
животозастрашаващи,1
челно,1
психологическите,1
survivors,1
ментор,1
набирането,1
определеното,1
скубат,1
възпитанички,1
разруши,1
данева,1
гръмнала,1
газовата,1
гаси,1
пожарни,1
осъществявала,1
осигурявани,1
щатски,1
израза,1
британски,1
лири,1
ръководителя,1
годишноти,1
сюли,1
наръгано,1
фатална,1
казалъшкото,1
наръга,1
доведеният,1
присхиатрична,1
мобилизацията,1
започнете,1
центровете,1
двумилионен,1
звънци,1
тъпани,1
звучаха,1
спящите,1
обградиха,1
полята,1
провокатори,1
изявлението,1
блокадите,1
мирни,1
блокиране,1
магистрали,1
избирателна,1
протестираш,1
разум,1
малцинството,1
предсрочни,1
крайните,1
изплеснали,1
строево,1
множествено,1
видеозаписа,1
разтреперих,1
латева,1
словесни,1
окупация,1
мобилизирането,1
митрофанова,1
лицевия,1
излежали,1
бранимир,1
самсонова,1
добе,1
излезлите,1
огранизации,1
опорочени,1
заети,1
затворническата,1
гладен,1
прекъсне,1
палатковия,1
порочният,1
небходимо,1
лишеният,1
небоходимата,1
подсигурен,1
екзистенциалния,1
рестартира,1
затворите,1
сдоби,1
провокациите,1
държало,1
уговорили,1
дърпат,1
съюзник,1
развикала,1
марчев,1
чакал,1
двигател,1
ченалов,1
насилени,1
измъчвани,1
упоява,1
връзва,1
проговроят,1
празнично,1
изменено,1
уликите,1
доказали,1
отсрещния,1
уцелва,1
помрачава,1
веселба,1
буйстваше,1
цонко,1
цонков,1
говориме,1
произвеждане,1
хулиганско,1
съдя,1
танцува,1
успокоявам,1
разтревожени,1
задружно,1
tой,1
средните,1
консултативен,1
покачване,1
хрониките,1
утеха,1
локдаунът,1
терора,1
спасението,1
репортеритe,1
разкаяние,1
личностното,1
секунда,1
порязали,1
кошмарите,1
белязан,1
упреци,1
справедливата,1
финал,1
психичните,1
искреното,1
промъкнат,1
безшумно,1
постройката,1
съхранява,1
преобразувани,1
танцуват,1
раздвижва,1
късмета,1
поздравили,1
слизат,1
свлича,1
изиграем,1
прибираме,1
забавена,1
наранила,1
сбогува,1
трогателни,1
късметлийка,1
проблясват,1
пазителка,1
новогодишното,1
любяща,1
несъмнено,1
рядката,1
сбогуваме,1
позволен,1
емоционалния,1
ограбят,1
самосезирала,1
настигнали,1
дърпали,1
съборена,1
гаражите,1
тържества,1
трудноподвижната,1
огнестрелното,1
посочения,1
междуребрие,1
лицевата,1
празненство,1
следственият,1
повторят,1
траекторията,1
произведен,1
срина,1
строполяса,1
отрязано,1
куршумът,1
пиратки,1
терзийски,1
раздвижването,1
мъничко,1
допише,1
оптимизира,1
регулацията,1
опасяват,1
посттравматична,1
срещана,1
играела,1
запечатал,1
минимален,1
отсега,1
сторили,1
отказваш,1
ключовите,1
намирането,1
противоположните,1
състезания,1
шахмат,1
завоюва,1
панамериканските,1
университетски,1
игри,1
реагираш,1
нургюл,1
салимова,1
шампионка,1
турнир,1
титла,1
гросмайстор,1
забравям,1
турнири,1
състезанията,1
оптимизмът,1
мотивация,1
търсиш,1
всекидневни,1
шахът,1
сравня,1
продължаването,1
егидата,1
мандата,1
съболезнованията,1
изхвърлени,1
поделили,1
профилът,1
бракониерски,1
подразнил,1
спукали,1
объркало,1
еранохи,1
користен,1
общата,1
предмета,1
бедрос,1
изчистване,1
бедо,1
поставихме,1
стигнаха,1
чегъртането,1
достойни,1
изострянето,1
решаването,1
консенсус,1
решителни,1
организираме,1
ускори,1
красив,1
обърка,1
диалогът,1
зло,1
гражданската,1
изчистени,1
сливница,1
фаталният,1
заснети,1
чърква,1
рязали,1
ламарини,1
смазана,1
мако,1
спас,1
джигитите,1
почерненото,1
дисоктека,1
тръгнат,1
потеглят,1
неделния,1
мерцедесът,1
преследвачите,1
закачал,1
студентът,1
заключен,1
досев,1
бягаме,1
ударихме,1
сертификат,1
идеите,1
разкритикува,1
халюциногенни,1
ябланово,1
селимински,1
божурище,1
оклузия,1
стеноза,1
церебрални,1
причинно,1
психоактивни,1
екстази,1
амфетамини,1
метаамфетамини,1
тежкият,1
пребиваващ,1
позвънила,1
нестабилна,1
ремисия,1
осъзнавала,1
използваното,1
самоделно,1
мемиш,1
предстоял,1
работодателя,1
гарда,1
заровени,1
разчленили,1
определял,1
отвеждат,1
скрити,1
проследих,1
станков,1
ловци,1
ожесточение,1
дивана,1
алпинистът,1
смелите,1
покорил,1
короната,1
свързвам,1
слушали,1
стръкче,1
пролетен,1
кокичета,1
объркване,1
дея,1
съкращава,1
интересувала,1
случващо,1
ментални,1
табу,1
менталното,1
забравила,1
разсърдил,1
боянския,1
служителката,1
торбата,1
разминава,1
разработва,1
незаконното,1
процесния,1
противопожарни,1
обгазено,1
претърпи,1
кръводаряване,1
дрон,1
землище,1
паркирания,1
навела,1
инстинктивно,1
заработят,1
маскираният,1
окажем,1
епидемичната,1
затворим,1
проучваме,1
сос,1
терапевтичната,1
насочване,1
въоръженият,1
пощенския,1
платят,1
насочен,1
броила,1
взимал,1
арапя,1
петица,1
гоцеделчевско,1
серафима,1
пиело,1
антибиотик,1
претърсено,1
облечено,1
усъмнихме,1
нанякъде,1
просене,1
бройка,1
челната,1
съкрушени,1
мадолев,1
сарко,1
саркисян,1
следили,1
ангажиментите,1
изморена,1
безпокои,1
подред,1
причакали,1
аптеката,1
обозначителни,1
бракониерство,1
предполагаемо,1
слязла,1
пещери,1
плъзна,1
екстремните,1
преживявания,1
измисля,1
писта,1
ходихме,1
снизен,1
пропада,1
наклон,1
камъка,1
вървях,1
изхлузих,1
изплашила,1
пометена,1
ококорени,1
смя,1
годишият,1
ябълчево,1
гърменско,1
премазано,1
блатска,1
неразпознаваема,1
попитам,1
допитване,1
сейхнан,1
учеше,1
занимаваше,1
спортуваше,1
наземно,1
команда,1
снижение,1
увеличи,1
поставената,1
ракети,1
позволявала,1
парашутна,1
пилоти,1
нальотът,1
недостатъчен,1
възходяща,1
дългата,1
нуцова,1
присъствена,1
контактът,1
усилено,1
изучаване,1
практическа,1
удавеното,1
китен,1
неохраняем,1
неохраняемата,1
атлиман,1
повлечени,1
течение,1
докладва,1
известие,1
сработи,1
зрителна,1
полетите,1
неправилното,1
поразяването,1
проконтролира,1
авиохоризонта,1
разчитането,1
хоризонта,1
тоесто,1
приведен,1
пространствената,1
дезориентация,1
илюзия,1
пространствено,1
хоризонтален,1
неправилната,1
наземната,1
насочването,1
динамиката,1
сближение,1
недостатъчни,1
прихватът,1
ръководителят,1
органът,1
служебна,1
издирвателната,1
янаки,1
доживотният,1
неврологичният,1
ендоваскуларен,1
реаномобил,1
немислимо,1
дечо,1
дечев,1
реаниматори,1
танова,1
реанимобил,1
закара,1
поета,1
клепачите,1
екстубират,1
аневризмата,1
апарат,1
изгледите,1
пловдивчанка,1
ръководния,1
изтребител,1
учение,1
шабла,1
авиоинцидента,1
разбиването,1
изтребителя,1
съпътстваща,1
третирана,1
референтния,1
заменен,1
гардове,1
тридесет,1
поправят,1
важността,1
чувствителни,1
заявленията,1
компенсации,1
позор,1
извратеност,1
архив,1
свлечени,1
сниман,1
ипон,1
оперира,1
форум,1
заговориха,1
предупредителните,1
подписвани,1
хеморагия,1
руптурирала,1
подобрени,1
неврологични,1
неврохирургична,1
рискове,1
наема,1
особеностите,1
съпътстващите,1
преживя,1
авиационното,1
каролина,1
таен,1
ашвил,1
кентъки,1
губене,1
калинов,1
жестовия,1
знакът,1
жестов,1
разпознаваем,1
палецът,1
хващаш,1
жестът,1
измислен,1
затваряме,1
аме,1
заметено,1
килима,1
паунди,1
тарашенето,1
поръчково,1
отзовалите,1
конвоиран,1
дунавския,1
автостоп,1
съобщителни,1
предоставящи,1
видеотехнически,1
изостриха,1
затворил,1
нонев,1
отбелязване,1
оранжев,1
сложим,1
светлан,1
посланиците,1
оранжевият,1
посланията,1
очакването,1
съкрушителни,1
създавайки,1
експерименти,1
написаха,1
unite,1
прекратяването,1
водена,1
генералния,1
мащаб,1
отбелязването,1
изнасили,1
скъсал,1
психопатия,1
изземвания,1
целенасочено,1
каравелов,1
захванаха,1
визуален,1
командира,1
пожелах,1
смел,1
разчетени,1
руския,1
производител,1
военното,1
термина,1
психо,1
физичните,1
особености,1
ориентир,1
сътрудничество,1
ускорения,1
самолетът,1
пространственото,1
авиационни,1
въздухоплавателни,1
формулирано,1
прякото,1
предварителната,1
четвъртото,1
физиологично,1
допринесли,1
трилиона,1
зони,1
нетревзо,1
реалният,1
спящото,1
вълева,1
благодарят,1
оказано,1
сайтът,1
международното,1
британските,1
вирджински,1
острови,1
поръчана,1
швейцарска,1
позовават,1
мвф,1
комплект,1
компаниите,1
наличностите,1
парамов,1
изтекат,1
разузнаването,1
заобикаляне,1
укриване,1
книжни,1
тероризъм,1
контрабанда,1
хаджипанайотова,1
призивът,1
диагностициран,1
развълнувано,1
петро,1
демонстрирайки,1
ожесточеност,1
попречила,1
съзнавали,1
отхвърлено,1
фамилна,1
обремененост,1
стоене,1
ъгъла,1
клякания,1
давление,1
непослушанието,1
диша,1
реанимира,1
умъртвява,1
косвен,1
намесила,1
възпитава,1
защитничката,1
преценките,1
съжаляват,1
изнасилвачът,1
кърджалийското,1
калоянци,1
запазената,1
ярко,1
приложено,1
приемливо,1
развиваме,1
изграждаме,1
разработки,1
указало,1
заявител,1
експлоатира,1
началници,1
безкомпромисни,1
съизмеримост,1
подслушвали,1
измерваме,1
прессулжбата,1
прекомерното,1
борисовпоследното,1
изказване,1
разяснения,1
провеждано,1
подслушването,1
обособи,1
паралелната,1
структура,1
шпионаж,1
осакати,1
силовото,1
сандева,1
затишие,1
знаковото,1
пикът,1
москов,1
правозащитници,1
разкритикуваха,1
фелдшерка,1
пенова,1
забранила,1
оскубала,1
изподрала,1
бианка,1
налагала,1
санитарката,1
спасявали,1
чувстваме,1
технологичен,1
западната,1
кинка,1
взривът,1
драганов,1
загиналият,1
затрупан,1
евакуирани,1
господинов,1
муниции,1
влизаме,1
ранов,1
повредили,1
заплашвали,1
обиждали,1
нерядко,1
отлагали,1
настъпва,1
отрезвяване,1
градинарова,1
упътва,1
звънне,1
разплакан,1
разтреперен,1
забранявано,1
вълнуващо,1
преоткрива,1
ефремова,1
рдг,1
ключа,1
пречим,1
душекос,1
гърка,1
производствена,1
превозен,1
констативния,1
извършваща,1
превоза,1
подхвърлила,1
купето,1
използваме,1
пипат,1
атакуваме,1
реваншизъм,1
милиционер,1
казвай,1
докосвайте,1
пипайте,1
изпитал,1
заминах,1
боровец,1
борове,1
катерички,1
окачествя,1
петимата,1
оправдани,1
отляво,1
отдясно,1
следователите,1
умееше,1
прикачат,1
мафиоти,1
гърмят,1
крушата,1
дюлата,1
поутихна,1
звучащо,1
позитано,1
подадоха,1
слизаме,1
стреляли,1
травмирам,1
станахме,1
катерица,1
връщате,1
ваш,1
усещах,1
предпазя,1
имахте,1
посвенят,1
страхлив,1
събудихме,1
провиснала,1
борчета,1
приготвя,1
домофонът,1
закуската,1
обичайния,1
омлет,1
поискате,1
закусваме,1
успея,1
любимите,1
момини,1
люляк,1
тогавашната,1
енерджи,1
номенклатура,1
жан,1
виденов,1
максималният,1
мъждука,1
фенерче,1
слагам,1
хабя,1
палим,1
пестим,1
ключовия,1
стандартите,1
разузнавателни,1
магистратът,1
разписал,1
ревниво,1
приятен,1
възложих,1
банички,1
туба,1
бензин,1
поканен,1
недоумението,1
кадровия,1
създаденото,1
възстановено,1
задоволството,1
съставено,1
светлинка,1
сърдя,1
зърнена,1
пратиха,1
банките,1
маскарят,1
хранехте,1
канеха,1
участваме,1
отказах,1
сърцат,1
разрови,1
съдействам,1
догадки,1
докараха,1
покрият,1
тюхкаш,1
онемели,1
пророни,1
критиките,1
изнасянето,1
външнотърговски,1
раздаването,1
наречените,1
куфарчета,1
татарчев,1
депутатският,1
присвоил,1
напуснаха,1
отидоха,1
моментни,1
арестувнаният,1
вряла,1
кристияна,1
заляла,1
нагълтала,1
задигнали,1
осъдено,1
гилдия,1
паркира,1
цицина,1
запалва,1
заден,1
душевно,1
изпадали,1
оглеждане,1
неприкосновен,1
отхвърленото,1
заявките,1
изоставяне,1
проработила,1
изпуснати,1
объркват,1
неразрушима,1
стрелки,1
заобичах,1
разревах,1
заляло,1
носеща,1
овъгленото,1
преснимат,1
акбар,1
автомати,1
плашат,1
леем,1
меджитът,1
преотстъпила,1
градеж,1
храм,1
четял,1
слушаме,1
квото,1
асеновградчани,1
бедността,1
четяли,1
полициаите,1
корани,1
пораснал,1
квартарла,1
арестувания,1
меджита,1
овъглено,1
самозапалила,1
одмв,1
скъсано,1
гушна,1
отхвърлянето,1
провинциалните,1
терапевти,1
бръкнала,1
бельото,1
семинарията,1
терасите,1
снахата,1
отворили,1
заместникът,1
коларова,1
симоенова,1
установих,1
служилото,1
гинекологичният,1
борислава,1
старото,1
звъняли,1
анамария,1
непосилни,1
изпитания,1
посрещаме,1
изпитала,1
надвие,1
отрих,1
напипах,1
топченце,1
латинова,1
реформи,1
селца,1
запалим,1
градчета,1
имидж,1
приказват,1
вилма,1
полюса,1
начертан,1
пламна,1
учителският,1
запалителните,1
секти,1
обезпокоена,1
кметствата,1
припознае,1
знайните,1
незнайни,1
безверието,1
отчаянието,1
призована,1
мажоритарен,1
офшорната,1
екстрадиционно,1
изпрал,1
оплакването,1
щателна,1
байрама,1
проповедите,1
мобилната,1
снабдявал,1
търговската,1
взривеният,1
взривовете,1
разрушил,1
барутния,1
оборудване,1
ненадеждни,1
заземителни,1
оръжейния,1
работещ,1
разтърсват,1
снаряди,1
берета,1
трейдинг,1
взривяват,1
ловнидол,1
снаряда,1
химически,1
радиоактивни,1
обгазяване,1
взривни,1
чупрене,1
продукция,1
съхранявани,1
гранати,1
включителсно,1
създадената,1
ганев,1
осветителен,1
измерване,1
атмосферния,1
ситуирана,1
превишения,1
праговите,1
контролираните,1
околна,1
замервания,1
запбезопасност,1
внедрявали,1
изделие,1
факел,1
милчев,1
бранша,1
седалището,1
външнотърговска,1
преработен,1
обработен,1
представителство,1
посредничество,1
чуждестранни,1
подчинени,1
разрешителен,1
снабдяване,1
челопечене,1
чепинци,1
експлозиите,1
озаряват,1
хиперактивността,1
рухвам,1
празнувала,1
черти,1
глави,1
съжалението,1
тялага,1
коства,1
извънземно,1
поглъщат,1
разведряваше,1
уникална,1
скръбта,1
изпочупили,1
улични,1
вандализма,1
приблизителна,1
добавиха,1
пълнолетното,1
арестувано,1
пасе,1
правоуправление,1
талон,1
използваше,1
навестява,1
потопя,1
въоръжените,1
критерии,1
хасковските,1
александрово,1
константиново,1
любеново,1
родопи,1
поляново,1
брягово,1
разразява,1
привечер,1
иваново,1
довежда,1
трицифрени,1
ангажирана,1
притежаване,1
натрупване,1
обвиня,1
простя,1
християнския,1
лечебна,1
пустотата,1
деля,1
делнични,1
натоварено,1
поддържам,1
луканови,1
губяможе,1
поговорихме,1
раздадени,1
субективна,1
утежняващо,1
убиеш,1
хващан,1
изхождат,1
презумпцията,1
марихуаната,1
навлезе,1
субективизъм,1
чуйте,1
прободните,1
заградителни,1
своеобразен,1
катун,1
разположен,1
железопътните,1
насилено,1
интубирано,1
оплаче,1
тоз,1
правова,1
враненската,1
зверсто,1
прегазения,1
осмисля,1
реванш,1
извървели,1
прегази,1
маймуни,1
опандизят,1
крещях,1
извикали,1
прибяга,1
ритне,1
пазиха,1
стафа,1
отблъснали,1
озверелите,1
струи,1
ледена,1
подарят,1
културиста,1
надалеч,1
обичта,1
умрем,1
продиктувано,1
кери,1
скрили,1
пият,1
зловещите,1
анаболите,1
стероидите,1
ума,1
популяризира,1
доставката,1
напуснахте,1
замислям,1
правено,1
мехмедов,1
търговищко,1
отнасяше,1
оплаквало,1
сашка,1
забележки,1
възпитавам,1
всичка,1
запушва,1
ръчичките,1
креватчето,1
касова,1
оспорвало,1
таксиметровата,1
разплитането,1
уволни,1
kогато,1
регистрационния,1
препоръча,1
общинският,1
проводниците,1
монтираните,1
паркът,1
предпочитаното,1
правнучката,1
призовките,1
тури,1
смесващ,1
продават,1
убедил,1
обединят,1
осъзнават,1
предпазим,1
носени,1
четиригодишният,1
прегазен,1
сапунуджиев,1
социалисти,1
архангелск,1
петербург,1
дряново,1
филолог,1
науките,1
бан,1
климент,1
охридски,1
четиригодишното,1
придружавам,1
назначат,1
маринела,1
обградим,1
бакърджиев,1
догоних,1
внуших,1
тополи,1
произнася,1
избледнява,1
приготвяхме,1
сън,1
гръмна,1
викахме,1
жестокият,1
огнените,1
уплашила,1
приличах,1
приличам,1
замислила,1
изпитанията,1
трябваха,1
консумативи,1
издръжка,1
пластични,1
благотворително,1
пластична,1
лайпциг,1
мислиш,1
починеш,1
избледняват,1
отчаяние,1
влади,1
сватба,1
огнения,1
споменът,1
пламва,1
закачало,1
комисарят,1
завлечен,1
девинска,1
изваждат,1
язовира,1
миладинови,1
сливенска,1
набия,1
замествала,1
подготвителната,1
отрекла,1
настанила,1
накъсо,1
ивайловградското,1
попско,1
енергична,1
изкъртва,1
редуват,1
бандит,1
петият,1
шестият,1
уста,1
помните,1
изпепеляващ,1
познавахме,1
заживеят,1
напреди,1
забавачките,1
скочил,1
давещите,1
лицемерно,1
взимай,1
оправяй,1
частното,1
партньорство,1
юркаме,1
евтина,1
достъпна,1
конкурент,1
нагала,1
кораба,1
изпее,1
команди,1
проучват,1
подпомогната,1
донов,1
неоткриваем,1
възмездието,1
шампион,1
културизъм,1
разтърсващите,1
килия,1
вадим,1
вахта,1
празнували,1
бруталните,1
ловешка,1
притичва,1
спътниците,1
сватбарите,1
догонват,1
включването,1
патрулния,1
одишен,1
асеновградчанин,1
насред,1
прибегнал,1
намесили,1
пристанище,1
спасили,1
отличените,1
кораби,1
рдгп,1
безупречно,1
професионалните,1
гпу,1
провеждащия,1
фестивал,1
рибата,1
рибаря,1
алеи,1
инвестирани,1
задигнала,1
умора,1
неминуемо,1
порасне,1
психопатология,1
потиснато,1
половинката,1
интелектуално,1
слугинята,1
господарят,1
израснали,1
прекарам,1
четеше,1
размажа,1
удрям,1
обидното,1
прегърне,1
торозова,1
насетне,1
преглътне,1
изплъзне,1
престраши,1
правилното,1
променяме,1
областният,1
потвърждение,1
хеликоптера,1
агресори,1
отгледани,1
агресорите,1
извънбрачната,1
непрестанната,1
прочети,1
чуй,1
вникни,1
dms,1
animus,1
дарителски,1
трошеше,1
замерваше,1
посягане,1
ескалираха,1
поставих,1
заслужавам,1
поставяла,1
мирисът,1
заменял,1
мириса,1
парфюми,1
прекрачвал,1
новородената,1
срещнала,1
упрек,1
демонстрираха,1
прося,1
хеликоптерите,1
зекие,1
препълнена,1
биографичен,1
несправедливо,1
обезопасяване,1
заплетена,1
коренището,1
търновец,1
великотърновската,1
приключил,1
работният,1
вести,1
мобилният,1
великотърновци,1
герасимова,1
вписват,1
митичния,1
деянова,1
живеете,1
безоблачно,1
летяла,1
раздрусана,1
внучки,1
потискам,1
посрещате,1
купена,1
изпитахте,1
жалко,1
великотърновският,1
каменарци,1
приеми,1
бедстващото,1
токът,1
възстановен,1
откъснати,1
кърджалийско,1
енергото,1
скъсаните,1
електропроводи,1
закъсалия,1
извозят,1
верижната,1
поход,1
изтъква,1
натрупалия,1
потичат,1
приповдигнато,1
червени,1
прасковени,1
похода,1
изпитаха,1
крачки,1
спринта,1
цани,1
жалвал,1
уморена,1
избере,1
картон,1
вечеряте,1
произвеждам,1
доя,1
занасям,1
млякото,1
закусвам,1
прекалявам,1
свърша,1
комшийте,1
извлекли,1
чистачките,1
полицайте,1
глобили,1
огледала,1
построила,1
заключвам,1
заключа,1
счупят,1
въдух,1
трудиш,1
доживееш,1
трудим,1
индивидуална,1
описана,1
публикувана,1
интрига,1
сеното,1
коситба,1
вършим,1
буркан,1
разкопаното,1
парчотии,1
жици,1
държах,1
крадлива,1
знаяла,1
пипам,1
трудолюбиви,1
васко,1
левове,1
припечели,1
развалена,1
югова,1
кабел,1
подпалена,1
бездомна,1
свидели,1
несломим,1
обезлюдяващото,1
кон,1
кокошки,1
геран,1
канализация,1
кофи,1
вечерен,1
школото,1
металната,1
мъртвия,1
железник,1
узнаем,1
състои,1
насоките,1
родителския,1
канализиране,1
чакърова,1
стаен,1
идния,1
изпратената,1
килера,1
берачите,1
обкръжението,1
излетя,1
здравнонеосигурени,1
препитавали,1
дивия,1
чесън,1
килограм,1
попитате,1
спирачки,1
еркан,1
касимов,1
наследил,1
общообразователно,1
файсбук,1
преувеличен,1
ихтиман,1
градът,1
поликлиниката,1
стъпила,1
останах,1
шофьорското,1
наказван,1
ганчева,1
окачествени,1
дознателите,1
разполагам,1
пътнотранспортно,1
подкупи,1
изтрита,1
разминавал,1
унищожаване,1
прикован,1
столичанин,1
вдигане,1
избухнало,1
пребитите,1
софиянец,1
весели,1
доскорошното,1
заплашената,1
коварната,1
обясних,1
синусите,1
бакалов,1
германците,1
скъпо,1
любченце,1
редиците,1
ония,1
служил,1
предано,1
ратувал,1
германски,1
агент,1
обичай,1
смъртната,1
въвличането,1
турското,1
бледнее,1
прокиснала,1
гробове,1
изселват,1
своге,1
пратя,1
изселени,1
изгнание,1
комунистическия,1
застрелват,1
упор,1
дезертира,1
гробовете,1
изкопават,1
царския,1
членка,1
кежева,1
дядовци,1
първолаци,1
надвишава,1
кая,1
сгромолясва,1
бкп,1
награждаван,1
ордени,1
основателите,1
симфоничен,1
улучиха,1
оркестър,1
офицери,1
разжалван,1
лампазите,1
смъкнати,1
пагоните,1
вкараха,1
погледна,1
разстрел,1
стреляха,1
нарочно,1
пантев,1
поуки,1
пробола,1
годищната,1
съпътстващи,1
самоубилия,1
барутни,1
йогийски,1
съмнява,1
фигурира,1
заровен,1
закопана,1
цоновски,1
проверено,1
личното,1
фантазия,1
глупост,1
галеви,1
обслужи,1
интересите,1
планирал,1
изяснена,1
наподобяват,1
връзвано,1
телени,1
простор,1
запознал,1
химичният,1
занимаха,1
охранявали,1
смущаващи,1
витаят,1
ботево,1
калитин,1
езерово,1
изкъртила,1
дограмата,1
покъщнината,1
потушен,1
противопожарен,1
огнеборци,1
областното,1
указателната,1
табела,1
керемиди,1
прикрива,1
вървяхме,1
закарам,1
шегува,1
продължихме,1
тъмного,1
млъкват,1
лансира,1
крими,1
детектора,1
лъжата,1
планирали,1
подобаващо,1
критерий,1
подоходният,1
оригинална,1
изцапвайки,1
униформите,1
уверил,1
неправомерни,1
ръководено,1
бузовград,1
безжизнена,1
отзовалият,1
обстоен,1
доказателствен,1
тършуване,1
обърнати,1
чекмеджета,1
разхвърлени,1
навежда,1
скромен,1
раздумка,1
съседки,1
изпитват,1
опасявал,1
спокойните,1
янушев,1
превърна,1
писали,1
кадъра,1
прегърнаха,1
намазаха,1
студентките,1
безработната,1
пирон,1
якимово,1
черта,1
жигосването,1
парело,1
подозирала,1
вкупом,1
стопли,1
пирона,1
налагано,1
маркуч,1
страхувала,1
часовия,1
пергел,1
татуирал,1
букви,1
боледуване,1
демократично,1
ръкопляскания,1
ранобудните,1
скандира,1
пуснете,1
спазвайте,1
прекрачването,1
обектива,1
депутатските,1
репетирал,1
безплатните,1
ексминистъра,1
видокамери,1
озаглавен,1
постъпвал,1
дрангов,1
малокалибрена,1
повърхностно,1
първолаче,1
зрител,1
сарая,1
първолак,1
кандидатствали,1
колие,1
първокласниците,1
отрязали,1
бъркаме,1
топло,1
разчитал,1
еднократна,1
облече,1
първолачето,1
кажи,1
деде,1
обуща,1
подаръкът,1
часовник,1
чувствата,1
ненадейно,1
предизвикани,1
пазеше,1
насълзени,1
студентските,1
портретни,1
балтаджиева,1
поясняват,1
играело,1
привикал,1
изтичала,1
денчо,1
медика,1
ключалка,1
разбера,1
престанат,1
фелдшера,1
битовия,1
връбница,1
ексшефа,1
гюргена,1
грабителите,1
вечра,1
разбит,1
разбитата,1
работено,1
вероятната,1
стремят,1
поднесъл,1
тютюна,1
тютюневите,1
транс,1
гласувал,1
премахва,1
лобистки,1
внасяше,1
произтича,1
шерба,1
стопанисването,1
дивечовъден,1
етрополе,1
частният,1
облага,1
търгуват,1
законодателна,1
цигарени,1
рязан,1
тютюн,1
облагодетелстват,1
дистрибутор,1
димтиров,1
покани,1
възнаграждението,1
btvnews,1
лова,1
осквернената,1
случайна,1
последователни,1
максимов,1
съчинил,1
смущаващо,1
откази,1
фалшификацията,1
изфабрикуван,1
мездренско,1
поруганата,1
ограбен,1
поема,1
юнгарева,1
сломена,1
василиса,1
мъка,1
oткрива,1
венчалната,1
ботушите,1
заслужено,1
халката,1
сватбения,1
сантименталната,1
подозирам,1
окрадат,1
сантиментална,1
транквиланти,1
билитис,1
обути,1
загърбвайки,1
типичен,1
биволъ,1
приватизатор,1
макаронената,1
сердика,1
кранево,1
пласт,1
вписванията,1
имотно,1
овчаров,1
злоупотреби,1
размахваше,1
зулуми,1
разграничиха,1
внедриха,1
арх,1
павлета,1
набор,1
пеловски,1
визирайки,1
осемпроцентно,1
гордее,1
вола,1
теле,1
стил,1
нагледаха,1
привличат,1
засягащи,1
изнасилванията,1
сексуалния,1
булевардите,1
двадесетина,1
чифтове,1
четвърт,1
партийна,1
функционерка,1
загърби,1
тридневното,1
инициативен,1
електроенергията,1
проста,1
ерп,1
присъединява,1
несъществуващата,1
митинги,1
преписва,1
заслуги,1
оглави,1
подложи,1
лустрация,1
другиден,1
сринат,1
текстовата,1
запознат,1
драстичните,1
боляла,1
инстанциите,1
веселка,1
дамянова,1
боси,1
хелзинския,1
даване,1
oтвлечената,1
щастрива,1
oколо,1
неофициалнни,1
платеният,1
влизаха,1
излизаха,1
тото,1
банева,1
кокаиновите,1
крале,1
екстрадира,1
питаха,1
недоброжелатели,1
подигравките,1
наивността,1
крада,1
извиках,1
оставим,1
отглеждани,1
минах,1
стеропор,1
трансплантирания,1
оспорени,1
отбелязано,1
обаждайте,1
недоумение,1
буди,1
боп,1
бъбречни,1
реципиенти,1
консултант,1
рисковия,1
отхвърляне,1
диуреза,1
хол,1
символичен,1
помощният,1
линейките,1
лентички,1
надпис,1
протестираме,1
абитуриентските,1
алкохолни,1
натравяния,1
самонастанила,1
кухня,1
върнатите,1
благодарила,1
коректор,1
продала,1
палански,1
застене,1
дългият,1
съществени,1
окрупнена,1
заменена,1
стопирането,1
осуетило,1
участваше,1
скъп,1
занесох,1
продавачи,1
формулярите,1
земеделска,1
попълват,1
админстративен,1
доказан,1
очевидните,1
проверите,1
заверявам,1
снетите,1
майче,1
сведение,1
разпитът,1
заверени,1
фалшифицирани,1
доблестната,1
колони,1
постъпка,1
грамота,1
бреговец,1
северозападното,1
заверил,1
скалъпен,1
менте,1
достоверен,1
назначава,1
съмнителен,1
подписвай,1
наподобени,1
манипулирали,1
карирани,1
местнияъ,1
графолог,1
примирява,1
авторитетните,1
графологът,1
безспорен,1
създадени,1
сравнява,1
експерта,1
фалшифицирали,1
жигоса,1
хладното,1
курса,1
обеззаразени,1
непочистени,1
дерета,1
изсечени,1
приливна,1
цунами,1
приземието,1
отървават,1
приземната,1
тинята,1
спуска,1
парапета,1
отговорностите,1
управлявали,1
строшена,1
коректни,1
честни,1
шопова,1
руините,1
намерената,1
умряло,1
бедственото,1
разчистването,1
опасне,1
кал,1
отпадни,1
изсечената,1
застроеното,1
отнесена,1
обама,1
подадохме,1
ампули,1
етикетиране,1
ревах,1
прибирай,1
фалира,1
представям,1
ликвидират,1
дертови,1
аферата,1
виржиния,1
многотомникът,1
основи,1
траяла,1
ревизията,1
намекна,1
наплатени,1
електронното,1
mediapool,1
фиска,1
гордо,1
пълния,1
направената,1
преизчислените,1
дезинфекция,1
почистването,1
разгорещила,1
охраняват,1
биете,1
прекалил,1
последващ,1
недялка,1
закачили,1
закачко,1
междучасията,1
астма,1
кризи,1
безразличието,1
вбесява,1
подавам,1
опазваме,1
напускало,1
намирано,1
изчезвали,1
ранно,1
оповестяване,1
отвлечени,1
телевизии,1
радиа,1
полетяло,1
моста,1
външноградската,1
джейда,1
удавила,1
рибарския,1
подходящ,1
пробвах,1
мародерство,1
разбитите,1
опашките,1
злоупотребите,1
пунктовете,1
заявената,1
страшимиров,1
обикалящи,1
неизлечима,1
съвпада,1
полагам,1
пращал,1
ганкина,1
дирил,1
идваш,1
вземеш,1
спирала,1
несъстоялата,1
положи,1
обясниш,1
административната,1
стоянчо,1
заканват,1
интересувал,1
връщаме,1
граничи,1
кожната,1
бърдаров,1
дългогодишния,1
приписала,1
юридическа,1
приписвам,1
благинов,1
виногради,1
спецчастите,1
бляха,1
укрили,1
вторични,1
суровини,1
изследваше,1
наредил,1
слязат,1
запалили,1
залитал,1
криел,1
насочва,1
слеза,1
запазих,1
хладнокръвие,1
осъзнавах,1
мислих,1
сплаши,1
първокурсничката,1
спестени,1
приют,1
momche,1
злополуката,1
завръща,1
оздравяване,1
развълнувала,1
банкадарителска,1
ивова,1
гачеваbic,1
cecbbgsfв,1
изгорена,1
волтова,1
дъга,1
самоснимането,1
даряване,1
moeto,1
боримечково,1
подновено,1
щателно,1
моторна,1
резачка,1
спецполицаят,1
луди,1
разстреляни,1
http,1
article,1
obshtestvo,1
прогърмял,1
минът,1
таблото,1
метод,1
защитим,1
удоволствие,1
ръководите,1
дейстивя,1
обезвредяването,1
филъри,1
инжектирани,1
красотата,1
луксозната,1
устни,1
популярния,1
хиалуроновата,1
некомпетентните,1
висококачествената,1
потресаващ,1
подути,1
касов,1
бон,1
инжектирано,1
лицензът,1
лечебни,1
импланти,1
студия,1
разпечатана,1
крия,1
погазвани,1
пробие,1
третиране,1
трахеята,1
винетката,1
отслужил,1
наборната,1
старшина,1
школник,1
кадрови,1
петгодишният,1
отзивчив,1
невзетите,1
щадящо,1
изготвило,1
казуса,1
тактика,1
незастрашаващо,1
щяло,1
пощади,1
безболезнен,1
тренирани,1
безкръвен,1
лабилен,1
планирането,1
запазване,1
непрофесионалното,1
напраиха,1
неприятната,1
разнасяща,1
обуват,1
конституирана,1
законова,1
соломон,1
паси,1
противоположно,1
обнадеждил,1
недоразумение,1
правнучка,1
хванати,1
предадено,1
кувьози,1
хубчев,1
забременяването,1
момиченца,1
краище,1
украинец,1
фиестата,1
григорий,1
колабирал,1
осигурен,1
римска,1
шестгодишната,1
угрижена,1
горяха,1
мерцедес,1
устно,1
вигенин,1
кристиан,1
изричното,1
атрактивното,1
водещият,1
карамфили,1
поздравим,1
извоюваното,1
замислят,1
хуманитарни,1
алармираха,1
наказуемо,1
наказуема,1
проведа,1
войнов,1
консулската,1
степенуването,1
повторимост,1
ратификацията,1
задължи,1
подчинението,1
опитваща,1
любител,1
порно,1
финална,1
английско,1
крайното,1
тойота,1
потушили,1
пожаротехническа,1
двустранната,1
сапарева,1
ритаха,1
скубаха,1
елитна,1
благоевградска,1
нелепата,1
рентгенова,1
докторката,1
второкласничката,1
отпускът,1
планиран,1
сливица,1
боеве,1
конференция,1
прегърнало,1
привикан,1
зряла,1
посъветван,1
защитника,1
пловдивчанин,1
шампионът,1
джудо,1
ландос,1
битово,1
югозапада,1
женските,1
сметната,1
измия,1
несъответствие,1
подпалената,1
военноморската,1
кочериновското,1
стоб,1
кръчма,1
почука,1
набелязала,1
смачкам,1
заставам,1
чешмата,1
зафирова,1
смотани,1
очен,1
периферното,1
заплашваха,1
трендафил,1
празна,1
теди,1
избухнали,1
студентите,1
избухват,1
зафирков,1
възпитана,1
ексцентричната,1
кадафи,1
изминали,1
муамар,1
кавги,1
налита,1
наръгал,1
тъпи,1
великов,1
издирена,1
пожелае,1
сполетя,1
старо,1
ударило,1
владение,1
продиктуван,1
показното,1
баретите,1
лепенките,1
махнати,1
процесуалния,1
обжалваме,1
патроните,1
разбити,1
мъчихме,1
непригодно,1
обитаване,1
дърводелец,1
частно,1
деспина,1
априлов,1
набавят,1
карания,1
запечатано,1
петгодишната,1
напил,1
затворило,1
разпитваме,1
стресираме,1
калчеви,1
докъм,1
трясъци,1
събаряне,1
гръмнало,1
беха,1
мъчиха,1
посиняла,1
отгледа,1
парадирал,1
навръх,1
предписание,1
натовари,1
разказите,1
прегледаните,1
проследим,1
цветелин,1
попадали,1
принудителна,1
психична,1
командос,1
ислямската,1
свещени,1
покривало,1
изкушаваме,1
жителките,1
зюмран,1
забулването,1
ученето,1
компира,1
слова,1
убивали,1
слово,1
търсиха,1
последваме,1
бере,1
заблудила,1
скрила,1
пренощува,1
викнат,1
подкрепления,1
доведеното,1
граничарско,1
бръшлян,1
либийската,1
триполи,1
гоинид,1
възгледи,1
запомнен,1
пазарджишкия,1
пожертвал,1
възпитал,1
треперейки,1
безмълвна,1
мечтаел,1
изповед,1
пазарджишки,1
проповядване,1
верска,1
духовници,1
проповедническата,1
хиджаб,1
радикални,1
бради,1
пророка,1
единодушни,1
затворници,1
пияници,1
жабари,1
наркомани,1
аллаха,1
брадите,1
хиджаба,1
криели,1
докладвали,1
довод,1
снимков,1
обявите,1
прорези,1
изплаши,1
побегнал,1
изпуснал,1
нерегистриран,1
екол,1
обявеното,1
кирпиева,1
преспало,1
сбъдна,1
димова,1
бригадата,1
караджов,1
стояли,1
попитат,1
потекоха,1
списанията,1
боже,1
майтап,1
тръгвай,1
радости,1
летните,1
упражнявахме,1
епизода,1
краища,1
плетена,1
стресне,1
uncr,1
финалите,1
ритника,1
съвзема,1
съжалил,1
бадънков,1
начално,1
музикант,1
кръвонасяданията,1
рецивидиста,1
отличени,1
танчева,1
избрахме,1
световното,1
bgstsa,1
подготвяхме,1
трудихме,1
сбъдва,1
бирмингам,1
заминаването,1
покриха,1
билетите,1
транспортните,1
самостоятелен,1
играч,1
банковите,1
усетило,1
барманка,1
мокреш,1
сервитьорка,1
рахал,1
нарушихме,1
престанахме,1
престана,1
загубихме,1
инструмент,1
начинание,1
женската,1
провокираме,1
сензитивността,1
колелото,1
мъжките,1
женското,1
проличава,1
нещастливост,1
неяснотата,1
отдръпнат,1
моделите,1
зададат,1
пали,1
хадижииванова,1
унисекс,1
хибрид,1
съчетава,1
ловеца,1
башар,1
комуникационни,1
наречен,1
чистотата,1
категроична,1
поканят,1
коагто,1
враново,1
райме,1
непокътната,1
аксиния,1
шанков,1
уведомявала,1
ползвало,1
уличения,1
подредбата,1
продуцентът,1
продуцентите,1
епизодът,1
прикове,1
подходът,1
райно,1
последователен,1
стриктен,1
различават,1
порядките,1
възвеличава,1
гейовете,1
синджирче,1
наняся,1
закътаното,1
пресича,1
ругатни,1
плювни,1
плюели,1
преминавали,1
извикат,1
замълчават,1
скришно,1
свери,1
далече,1
насажда,1
изсипва,1
религиите,1
щете,1
стреляйте,1
мръсните,1
турци,1
поробителите,1
инкриминират,1
сбил,1
синагога,1
цялостно,1
испанския,1
бунт,1
встъпи,1
протестираха,1
овладея,1
разтървал,1
бирали,1
нахлуването,1
побягнах,1
кана,1
ожесточен,1
затискала,1
пращат,1
озовало,1
чуждия,1
завлечено,1
вълчева,1
завлечена,1
нахлула,1
враждуващите,1
гледаха,1
испанските,1
лъгани,1
упойвали,1
кредитни,1
отчитани,1
приход,1
селско,1
интересното,1
функционирала,1
специализираното,1
обезсмислят,1
твърдяха,1
нечестен,1
свързваше,1
туркменистанеца,1
франкивск,1
зия,1
езерче,1
стоматология,1
украински,1
информационни,1
евентуалното,1
туркменистан,1
разпространеното,1
цитирано,1
езеро,1
състуденти,1
украинския,1
езерото,1
лозенеца,1
конфискуван,1
престоял,1
разфасована,1
крадена,1
паяк,1
механични,1
струват,1
грабителят,1
огледал,1
ивано,1
събирания,1
мафиотите,1
звеното,1
застой,1
местинте,1
инициативния,1
притеснявал,1
знаело,1
съмняваха,1
поголовно,1
словесно,1
прераства,1
джелал,1
фаик,1
футболно,1
уважава,1
правозащитни,1
алеста,1
гледана,1
атакували,1
залостил,1
прекъснал,1
метадоновата,1
лекувал,1
наркотична,1
купища,1
пирува,1
залови,1
разкрещя,1
отключа,1
дукова,1
повикано,1
разтървани,1
безотговорните,1
анализът,1
малолетното,1
запознало,1
годишиня,1
заложна,1
солунска,1
щранговете,1
плевнелиева,1
поисканата,1
поскал,1
навъртат,1
костенци,1
оповестиха,1
дългосрочни,1
недоверието,1
харизанова,1
програмен,1
нараства,1
представено,1
анализатор,1
доброволното,1
споделяне,1
плевника,1
пренощували,1
преляла,1
малформация,1
почетна,1
велизар,1
ташева,1
услугите,1
великолепната,1
шесторка,1
консултативните,1
взаимоотношенията,1
дадохме,1
илка,1
изпаднало,1
органа,1
вкуса,1
зарадваха,1
присадиха,1
тополовградското,1
устрем,1
нещастие,1
пастири,1
клипчето,1
унижи,1
жулиета,1
свищовското,1
могила,1
респондента,1
анализаторите,1
досегашната,1
влачила,1
асеновградското,1
ахматово,1
драгоданово,1
бойчиновци,1
панталона,1
носен,1
недостатъчно,1
увили,1
одеало,1
подмамена,1
набита,1
забелязана,1
злонамерени,1
присвояване,1
гривица,1
разчленен,1
тленни,1
трупно,1
трупните,1
пияно,1
серията,1
скандалните,1
кривошиеви,1
байрамов,1
смазване,1
оклеветяване,1
симпатии,1
събличат,1
противоположния,1
контролиращото,1
прибираш,1
ограниченото,1
лора,1
заснема,1
унижението,1
скандалното,1
хвалба,1
заслужен,1
набият,1
очакваха,1
индиректна,1
учудена,1
изобилието,1
образци,1
зрелостта,1
утвърждаване,1
съблече,1
поисканото,1
нахвърлят,1
повалят,1
нараснала,1
нараснал,1
рекордьорите,1
заведох,1
подстрижа,1
правилния,1
заспали,1
смъкна,1
пила,1
митка,1
крайска,1
известната,1
преводачка,1
сценарист,1
драматург,1
преводач,1
хаджимишев,1
сбогуването,1
ритуалната,1
гробища,1
преподавателка,1
хулиганска,1
заблудата,1
глобалното,1
повози,1
кирчев,1
разстрелва,1
пълнителя,1
пенсионирал,1
дежурство,1
подтиснат,1
развързва,1
тежкоболен,1
преровили,1
допуснах,1
превита,1
дишала,1
донко,1
отреже,1
дръпне,1
молила,1
разкажи,1
търкаляше,1
качила,1
излъгах,1
повярвал,1
бранкова,1
столовете,1
ритнато,1
забавянето,1
искренов,1
данко,1
калапиш,1
посрещнах,1
признаците,1
ритнал,1
изритало,1
жестоките,1
престъпниците,1
стъписани,1
минавал,1
безупречен,1
измръзване,1
нахълтват,1
обиденият,1
отмъстят,1
включил,1
прозорецът,1
викнали,1
винят,1
посещаваме,1
получим,1
смолянското,1
киселичево,1
куртово,1
занижено,1
пререже,1
вените,1
динова,1
разкрит,1
болезнена,1
стигаше,1
гонене,1
работни,1
избраници,1
звездните,1
мигове,1
доверителите,1
застигнал,1
превъзпитаването,1
прекият,1
патологична,1
преоцени,1
борави,1
психотестовете,1
пригодност,1
склонен,1
поводи,1
натиснали,1
периодично,1
престрелки,1
психотест,1
забележи,1
побягнала,1
занятията,1
фантазии,1
непроверени,1
провели,1
ритна,1
свикан,1
решетки,1
малолетния,1
обсебващ,1
висше,1
изисквала,1
тухла,1
междусъседска,1
явим,1
цеци,1
бойните,1
пристигне,1
безнаказана,1
контрольори,1
заловените,1
идентичност,1
предвиди,1
есемеси,1
паничарево,1
заснело,1
блудството,1
занимания,1
набедилата,1
пристигали,1
уличаващи,1
важната,1
недисциплинирана,1
разхвърляна,1
повишавала,1
учебните,1
опонента,1
милионери,1
чокови,1
мутри,1
терористичните,1
бръсната,1
побойничките,1
контрольора,1
шкалов,1
македонизма,1
комунистически,1
поместни,1
събор,1
ловешкото,1
оцеля,1
преобърнал,1
капатово,1
шкалови,1
застигат,1
тимов,1
жълта,1
колежките,1
конфликтна,1
притежавал,1
възпроизвел,1
проектилите,1
възпроизвеждането,1
застрашило,1
контрольор,1
проверяващи,1
билети,1
военната,1
пътничките,1
загине,1
тинчев,1
хвърлена,1
ясното,1
играем,1
забавно,1
запозная,1
пипна,1
сваляла,1
мила,1
представляваш,1
влияеш,1
приятна,1
необикновеното,1
разглезено,1
мандатът,1
завършването,1
кръстник,1
съученичките,1
безброй,1
мил,1
племенница,1
саддам,1
хубава,1
атмосфера,1
събираха,1
злонамерен,1
мислеха,1
започнеш,1
италианче,1
запознах,1
различава,1
прогледне,1
командва,1
поръча,1
старшината,1
веселинов,1
призоваван,1
конвоира,1
предприемаме,1
извършваме,1
обявила,1
ремонтирана,1
проходилка,1
наеме,1
президентската,1
наблегнахме,1
зимния,1
удължаване,1
георгиевацентрална,1
банкаiban,1
привилегии,1
спомняме,1
президентския,1
честна,1
дипломат,1
местим,1
дъщерна,1
православните,1
нушев,1
редовното,1
указва,1
неравност,1
шахта,1
сантиметри,1
спъне,1
нищото,1
талашит,1
пластмаса,1
изложба,1
продажби,1
табуретка,1
фотьойли,1
информатика,1
хрумнало,1
механотехникума,1
столичнотo,1
сгъваеми,1
качулки,1
изкъртили,1
пантите,1
портиер,1
противопостави,1
членуват,1
пълнолетния,1
проявяват,1
цветна,1
обозначаване,1
делничните,1
оплакваме,1
търсеше,1
отчайва,1
абдикиралата,1
персонална,1
гарантиран,1
заплатите,1
трудят,1
съмнявах,1
белобрадия,1
старец,1
подкрепена,1
блъснато,1
внесена,1
пребоядисани,1
пешеходката,1
завивал,1
легналия,1
спирането,1
паркирането,1
тунева,1
общежитие,1
надигната,1
обозначена,1
маркировка,1
агресивност,1
бруталност,1
противоправните,1
създало,1
канонично,1
автокефална,1
архиереи,1
създадат,1
канон,1
призане,1
автокефалията,1
правослана,1
поставило,1
посестримата,1
нарушило,1
духовно,1
отделила,1
единение,1
бетонирали,1
югославската,1
светият,1
постъпилото,1
архиереите,1
специалното,1
струмишкият,1
македонски,1
духовник,1
общението,1
подчретават,1
схизма,1
оберат,1
записани,1
проникнали,1
тъп,1
изнасилили,1
трамва,1
несъвместима,1
невъзмутимо,1
самотноживеещата,1
ангажирала,1
пренесат,1
чавдаров,1
намалени,1
обрана,1
македонска,1
бпц,1
охридска,1
исторически,1
поместните,1
обобщават,1
василий,1
българоубиец,1
унищожената,1
цариградската,1
екзархия,1
обособява,1
учех,1
правела,1
допитва,1
възпитавани,1
изпратих,1
разпознах,1
забулена,1
ишара,1
хукнах,1
прегърнах,1
занемях,1
качат,1
запечатали,1
засичане,1
карловски,1
надлез,1
препречил,1
опел,1
столичани,1
опела,1
побързали,1
пътуващите,1
алан,1
добронамерено,1
поддържат,1
търсех,1
преценеше,1
обаждаха,1
протичали,1
прегърнеш,1
безпардонни,1
арогантните,1
демонстрират,1
простотия,1
вкл,1
междуетнически,1
елемент,1
обвинявам,1
изявил,1
върл,1
простак,1
селски,1
бабаит,1
бабаити,1
бабаитизъм,1
почне,1
етническата,1
циганите,1
онази,1
толерантна,1
толерантно,1
феномен,1
бабаитлъка,1
цивилизована,1
нация,1
толериран,1
петручево,1
открих,1
рискувах,1
пътуваш,1
камбурова,1
молеше,1
унизителни,1
ужасът,1
очни,1
занятия,1
цени,1
сензация,1
психиатъра,1
предписани,1
причака,1
обучавала,1
сприхави,1
играчка,1
отличавали,1
черепната,1
прогноза,1
хасковско,1
йордановден,1
смолянския,1
устово,1
своеволията,1
запалима,1
угаси,1
чернопеев,1
повали,1
потресващ,1
ситуационния,1
докторова,1
задействаме,1
консулска,1
консулство,1
докажем,1
наваксват,1
изгубеното,1
проверявала,1
останете,1
първичната,1
оредяват,1
ниското,1
сгрешил,1
забременях,1
седнал,1
двигателите,1
уравновесен,1
миков,1
нападаме,1
допуснало,1
изчерпала,1
представяха,1
класифицирали,1
заявявайки,1
некачествени,1
доближават,1
слоеве,1
километри,1
глезана,1
любезно,1
бюлетина,1
разпореждането,1
вилица,1
лъжица,1
зловещото,1
индивидуално,1
ползвал,1
разсъждение,1
парола,1
скарването,1
криеница,1
родилния,1
библиотека,1
проследен,1
изземане,1
вещта,1
локализиран,1
халите,1
зъбен,1
вземали,1
свършиха,1
меден,1
рудник,1
блокове,1
посетих,1
освободил,1
блог,1
предпоследното,1
някое,1
кацнеш,1
прибереш,1
мухово,1
отдалечена,1
тополница,1
издирваше,1
примирил,1
слред,1
примиряват,1
разстреляната,1
поправили,1
крачка,1
блокирали,1
локализиране,1
йорго,1
произнесена,1
предявен,1
правосъзнание,1
благо,1
довереница,1
арестантът,1
неоснователно,1
каменарска,1
асаньора,1
редуцирано,1
оперативните,1
смили,1
книгата,1
not,1
without,1
daughter,1
влязохме,1
вярвала,1
уречения,1
полудях,1
включвали,1
секретари,1
подаваме,1
непоносими,1
нотариалната,1
паспортно,1
linkedin,1
отговорило,1
whatsapp,1
изведем,1
неочаквани,1
летищните,1
преведен,1
актът,1
хареса,1
харесваше,1
сюжета,1
прането,1
заснеха,1
биологичното,1
пенсионерка,1
серийният,1
кражбите,1
възстановя,1
памукова,1
неточни,1
компроментирано,1
светли,1
тримесечното,1
грижиха,1
защитения,1
докарано,1
нотариусът,1
iспешна,1
докарала,1
охлузване,1
шийни,1
драган,1
кантората,1
влачени,1
удряни,1
контактни,1
спомнят,1
праволинеен,1
натиснал,1
клаксона,1
пчелар,1
сменената,1
есемесите,1
поздравления,1
смартфон,1
консервативен,1
айпад,1
върша,1
латиница,1
есемеса,1
осъществявам,1
ваденето,1
показването,1
буден,1
профилна,1
призовал,1
будни,1
умни,1
нецензурни,1
стимулира,1
преживее,1
катарзис,1
представяше,1
концепцията,1
оплюваше,1
статуквото,1
призоваваше,1
изпращал,1
времевия,1
каки,1
фотев,1
екстрадиран,1
законния,1
системите,1
преводи,1
експлоатацията,1
събирали,1
експлоатираните,1
превеждали,1
екстрадицията,1
нападани,1
техники,1
айкидо,1
гласеше,1
давате,1
забелязвате,1
рискова,1
слабостта,1
подценяват,1
плячка,1
инструментариум,1
семинари,1
признанието,1
есемес,1
препрати,1
споменават,1
представляващ,1
обяснят,1
отстранена,1
извела,1
стригне,1
учлието,1
заличаването,1
паметниците,1
чешмите,1
заличаваме,1
историческо,1
природните,1
дадености,1
минералната,1
заслужената,1
съставят,1
екопътеки,1
пренебрегнат,1
отговаряло,1
пречело,1
мотивирало,1
бобовдолския,1
отблъскват,1
пустата,1
отбихме,1
помогнахме,1
замъкнал,1
спортисти,1
нахълтали,1
десетокласника,1
саморазправил,1
предстоящите,1
опраскана,1
зае,1
консенсусна,1
комуникативен,1
бюджетната,1
нокти,1
подходящият,1
колективни,1
грубост,1
избута,1
школо,1
изтъкнат,1
учебният,1
проявяваща,1
саморазправя,1
закъснявахме,1
крещяха,1
бутаха,1
търсела,1
репликата,1
тупаник,1
меле,1
ужасен,1
охранителя,1
насочвани,1
струпването,1
окървавения,1
колабирала,1
молела,1
уверявала,1
оставяли,1
харчове,1
чернев,1
уличното,1
посягат,1
гръбски,1
вилнеят,1
безнаказани,1
дешлийски,1
улично,1
марката,1
неприключили,1
досъдебната,1
придвижено,1
зашеметил,1
елтаблото,1
публикували,1
изселят,1
гълъбовското,1
медникарово,1
каля,1
споминал,1
канела,1
скокна,1
ляга,1
бисексуалните,1
инстинкт,1
потретваш,1
кормуване,1
сегашните,1
каране,1
насмита,1
намалеят,1
катастрофите,1
авто,1
агресивните,1
инвестират,1
непоправими,1
некомфортно,1
лесбийките,1
сантиметрови,1
привлекат,1
пъй,1
извървят,1
мероприятието,1
сексуалност,1
лбт,1
лесбийки,1
бисексуални,1
fra,1
лгбт,1
раздаде,1
пратили,1
повикало,1
почернена,1
лягай,1
канавката,1
цъкаше,1
слушаше,1
транспортирали,1
любимка,1
перфектно,1
oпита,1
извървяват,1
зла,1
догонва,1
скръбна,1
пазарувахме,1
вратичка,1
оттагава,1
съществуваме,1
изгние,1
гние,1
почерненият,1
петиция,1
смъртното,1
пристанало,1
указана,1
хирургията,1
озовавахме,1
божинова,1
изплашено,1
риалити,1
счупените,1
пълната,1
тъмнина,1
силует,1
саката,1
ревала,1
рева,1
оттука,1
заколям,1
людмила,1
вярвай,1
сървайвър,1
донбас,1
шофирам,1
варварство,1
набиха,1
мма,1
отворените,1
способностите,1
ринг,1
съотношение,1
съветникът,1
герашченко,1
киев,1
желязна,1
благодарности,1
изявленията,1
съобразила,1
лежащо,1
висшестоящ,1
строяща,1
укриваше,1
преследвана,1
изпочупва,1
стъкълце,1
предното,1
плющял,1
шоковата,1
изживя,1
чачева,1
обяснявате,1
настига,1
настигането,1
чупил,1
пищяла,1
обаждала,1
разчитате,1
самоотбранявал,1
бягал,1
препречват,1
знаехме,1
вбесил,1
грабнал,1
подвижни,1
янков,1
самотни,1
очевидната,1
облагодетелствал,1
изненадващо,1
оправдателната,1
прочитането,1
обръщения,1
родните,1
изнесохме,1
уговорки,1
схеми,1
някому,1
законово,1
локум,1
рекламата,1
димитрови,1
карловското,1
каравелово,1
зъболекар,1
пламнал,1
изпепелено,1
вмз,1
церемония,1
розобера,1
опаковката,1
рафтовете,1
педагози,1
дояч,1
пороци,1
симеонови,1
ричи,1
хасанов,1
плячката,1
изчаках,1
отреагираха,1
казаг,1
позвъняване,1
предпочитам,1
мирише,1
разруха,1
циганинът,1
действащо,1
нощите,1
монетника,1
акциз,1
снимам,1
изби,1
стисна,1
лакътя,1
пасивна,1
магазинчето,1
разчистила,1
избутала,1
бутал,1
олга,1
лидол,1
избухливия,1
белоградчик,1
поздравявала,1
лъгала,1
яростта,1
оправдание,1
издъхна,1
неучебен,1
математик,1
използвайте,1
следните,1
рио,1
огласен,1
пазел,1
адови,1
разпореденото,1
освобождава,1
несвоевременно,1
несвоевременна,1
стигадо,1
кризисна,1
влашев,1
задействаха,1
снощните,1
напълни,1
пусни,1
удължена,1
въжаров,1
арабаджиев,1
соло,1
силовия,1
тройно,1
сапунджиеви,1
възпламени,1
мъст,1
гостувал,1
болезнената,1
снабдил,1
пазена,1
драго,1
учуден,1
спалня,1
разсолков,1
възпитано,1
поздравяваме,1
скърцане,1
натъпкал,1
ласкаят,1
реформаторите,1
дърдорковци,1
считайте,1
умрели,1
радан,1
смехотворен,1
въздухообразен,1
настоятелно,1
включваше,1
работодателската,1
повториха,1
свирил,1
бибипкал,1
предизвиквал,1
придобилата,1
помлели,1
избягваше,1
учеха,1
съотборници,1
изключиха,1
инициирал,1
повериха,1
напомниха,1
ангажираността,1
опетняват,1
изопачават,1
очевидците,1
удължи,1
шоуто,1
заварила,1
спекулираше,1
износ,1
ревящи,1
машините,1
криб,1
фантазьор,1
нулев,1
демагог,1
заинтересовани,1
отминалите,1
хвален,1
отличия,1
излизал,1
съмнително,1
пратят,1
лудница,1
уморят,1
пушките,1
спецполицая,1
барета,1
раняването,1
женска,1
подчертае,1
разбивате,1
хващате,1
предавате,1
доникъде,1
щурма,1
разрешителни,1
стопира,1
спецполицаи,1
негодува,1
дисциплинарното,1
срамът,1
джентълменството,1
лицемер,1
ура,1
празнословна,1
властолюбива,1
османска,1
премиери,1
президенти,1
управляваха,1
ухажваха,1
обгрижват,1
мюсюлманското,1
въжеиграч,1
изобличител,1
либералните,1
противоречи,1
изявен,1
прикрит,1
автоматичното,1
осезаем,1
изчислили,1
натрупат,1
съсредоточи,1
патриархалното,1
човешката,1
върхове,1
спадове,1
повтаряш,1
почувствал,1
рецидивистите,1
прегърбена,1
индивидуален,1
ресурсния,1
ресурсният,1
възпитателя,1
николинка,1
попйорданова,1
вичо,1
грънчаров,1
сочено,1
дразнител,1
хипер,1
опитало,1
третокласничка,1
тоалетните,1
приближило,1
пристъпвайки,1
заплашително,1
обяснили,1
четвъртокласничката,1
записвана,1
уплашило,1
цигарена,1
дунавска,1
местна,1
проповедник,1
епикризата,1
излизали,1
гонили,1
неплатеният,1
правнукът,1
хляба,1
сигурният,1
пералня,1
хладилник,1
доработва,1
поверяват,1
домакинската,1
наредени,1
шишенца,1
тревогата,1
утешавам,1
вълканова,1
полита,1
откарва,1
подпряло,1
мантинела,1
върже,1
обувката,1
пропастта,1
километровата,1
обезопасителни,1
мантинели,1
републиканската,1
нерегистрирана,1
якоруда,1
деликатна,1
тръгваме,1
дезинформацията,1
влияния,1
обликът,1
забулен,1
осмислят,1
занимават,1
посочете,1
групировката,1
кокошкарски,1
нередни,1
никаки,1
подкара,1
възприеме,1
накъде,1
съглася,1
целят,1
делегат,1
учредителното,1
възгледите,1
правда,1
наведена,1
съдържащите,1
състава,1
нечий,1
именувал,1
всевишният,1
духовната,1
учен,1
показвал,1
едноженството,1
изключение,1
господи,1
премахне,1
нарисуват,1
нормалното,1
едноженство,1
ислямския,1
свикнало,1
съпругите,1
обедната,1
сексапил,1
делничен,1
кланят,1
намаз,1
забранят,1
създаваме,1
лифаам,1
купени,1
звучат,1
претендират,1
пренебрегването,1
непознаването,1
нелеките,1
пожелава,1
филмова,1
ели,1
моловете,1
претекста,1
топла,1
разсейвали,1
изпуснала,1
панически,1
оглежда,1
свикана,1
смятало,1
идентифицира,1
унгарската,1
посланика,1
посланикът,1
укорителен,1
легални,1
поеха,1
сокол,1
недков,1
замести,1
третирано,1
позове,1
хагската,1
концесионната,1
неохраняема,1
нестопанисвана,1
обичайните,1
лишавала,1
ливан,1
уронват,1
криеше,1
тъмни,1
набила,1
ругала,1
изгонила,1
платило,1
необходимия,1
размисли,1
помолихме,1
присегна,1
издигнала,1
постовете,1
арфа,1
доверила,1
кметица,1
ромското,1
отзовава,1
тихи,1
преглежда,1
пациента,1
разправия,1
изплашен,1
касабова,1
разделяла,1
нудисткия,1
професионалисти,1
предало,1
абитуриентски,1
текстил,1
благотворителен,1
концерт,1
читалище,1
славянска,1
обожаваше,1
благодетел,1
мечтая,1
прилична,1
bgbpbi,1
атрактивни,1
пристигаха,1
търнър,1
автобуси,1
лимузини,1
килимче,1
приказките,1
абитуриент,1
изненадата,1
погледи,1
неописуемо,1
изтръпнах,1
изненади,1
ремонти,1
ръчичка,1
шестгодишно,1
озовала,1
отнесло,1
контактувала,1
кафенето,1
обяснявала,1
защитавало,1
съучастникът,1
поискаме,1
интензитет,1
упражнената,1
безсмислена,1
потресен,1
клони,1
преустановено,1
образували,1
къпят,1
жегите,1
отнесено,1
русенец,1
предположа,1
поздрави,1
подмине,1
кесеева,1
шивачка,1
мебелна,1
честа,1
кино,1
лента,1
нормалност,1
акциите,1
преносим,1
компютър,1
икономов,1
тенис,1
педагожката,1
петокласникът,1
уцели,1
ядосаната,1
избухнах,1
травмиран,1
успокоил,1
прочитане,1
барикадиралия,1
изолирал,1
вероятността,1
годни,1
невредим,1
легалното,1
усложни,1
барикадиралият,1
нсо,1
милицията,1
богомил,1
бонев,1
десетокласничките,1
флаш,1
сексуслуги,1
заработенените,1
теч,1
систематично,1
разклонения,1
конкуренцията,1
златоградското,1
цацаровци,1
снежното,1
бедствие,1
цацарова,1
едногодишния,1
появявала,1
потърсена,1
влезлите,1
нощния,1
скелетът,1
дебитната,1
тегления,1
разтревожили,1
таксиметровия,1
грекова,1
предлагащо,1
еротични,1
танци,1
наетите,1
танцьорки,1
превърнали,1
скубали,1
крещели,1
хулиганството,1
осмо,1
подчертано,1
неучтиви,1
загубени,1
агресивният,1
возел,1
минивана,1
джигити,1
реорганизация,1
пуснатата,1
хулиганите,1
минималното,1
треперещата,1
настимир,1
ефекта,1
доминото,1
въоръжават,1
започваме,1
възприемаме,1
зверове,1
антрополог,1
мания,1
безсмъртен,1
кампаниите,1
пренасочвана,1
операторката,1
казакова,1
пешеходец,1
селище,1
изгонил,1
двуи,1
генка,1
блокчетата,1
пипала,1
мивката,1
работникът,1
суванков,1
йовчева,1
пресичащ,1
закъсняват,1
разпознати,1
задоволяват,1
характерните,1
мигания,1
фаровете,1
клаксони,1
горубляне,1
алея,1
миниванът,1
превъзбудено,1
размахват,1
гонитбата,1
разкрили,1
прехвърляни,1
кинорежисура,1
състояла,1
осмелих,1
целувам,1
принцесата,1
целуна,1
кралски,1
особи,1
краля,1
боливия,1
малевич,1
оженим,1
питаше,1
оженихме,1
кметсвото,1
максимс,1
хубавият,1
спокойния,1
светските,1
буржоазно,1
наследи,1
милиардите,1
посъветваха,1
замине,1
наследството,1
мопасан,1
портиера,1
питието,1
сипала,1
спътница,1
марк,1
сорбоната,1
известното,1
джойс,1
основател,1
царство,1
разберем,1
излишна,1
скромност,1
парижанките,1
нямахме,1
задръжки,1
рийдърс,1
красива,1
дайджест,1
запознахме,1
поканих,1
влюбихме,1
живеехме,1
планове,1
умираме,1
несериозен,1
приятелства,1
принцеса,1
сурая,1
аристокрацията,1
езда,1
инщо,1
риба,1
възкресната,1
неделната,1
лазаруване,1
женят,1
вярвания,1
християнското,1
преплита,1
възраждането,1
трапезата,1
постни,1
утрешната,1
сивриева,1
богослужебната,1
бедност,1
интриги,1
удушат,1
оставало,1
щели,1
повикат,1
подръчни,1
одрин,1
европол,1
europol,1
europa,1
църковна,1
лазаровата,1
фризурата,1
трудните,1
промених,1
боядисах,1
реалити,1
сбъдват,1
атанасови,1
девета,1
домакински,1
улесни,1
спестява,1
актьорско,1
майсторство,1
лазарин,1
тържествен,1
лазаринка,1
откъсват,1
древноеврейски,1
съботата,1
страстната,1
възкресяването,1
лазаре,1
стани,1
лазаровото,1
считало,1
общоцърковен,1
тояга,1
